ags,gen,lon,lat,distance_pck_km,centroid_distance_pck_km,municipality,SPD_2019_pct,SPD_2024_pct,SPD_change_pp,CDU_2019_pct,CDU_2024_pct,CDU_change_pp,Greens_2019_pct,Greens_2024_pct,Greens_change_pp,FDP_2019_pct,FDP_2024_pct,FDP_change_pp,AfD_2019_pct,AfD_2024_pct,AfD_change_pp,Left_2019_pct,Left_2024_pct,Left_change_pp,turnout_2019_pct,turnout_2024_pct,turnout_change_pp,eligible_2019,eligible_2024,valid_2019,valid_2024
12060005,Ahrensfelde,13.580386345655745,52.599541348461045,70.07485651497284,69.66505985498682,Ahrensfelde,23.092868988391377,25.739036275040608,2.6461672866492307,17.136539524599225,13.318895506226314,-3.8176440183729117,8.886124930901051,2.2414726583649163,-6.644652272536135,2.8606965174129355,0.6930157011369789,-2.167680816275957,23.880597014925375,30.828370330265294,6.947773315339919,13.14262023217247,2.5230102869518136,-10.619609945220656,63.22402960667871,78.50862360500507,15.284593998326358,11619,11828,7236,9235
12060012,Althüttendorf,13.81232679978995,52.957707962793634,32.00849903796243,31.414652448000872,Althüttendorf,24.43609022556391,33.44827586206897,9.012185636505059,21.05263157894737,13.448275862068966,-7.604355716878404,6.7669172932330826,1.7241379310344827,-5.0427793621985995,3.3834586466165413,0.3448275862068966,-3.038631060409645,22.18045112781955,28.620689655172413,6.440238527352864,12.030075187969924,2.0689655172413794,-9.961109670728545,47.755834829443444,48.67109634551495,0.915261516071503,557,602,266,290
12060020,Bernau bei Berlin,13.584796823611631,52.68269288143653,62.94205707742333,63.044449801490096,"Bernau bei Berlin, Stadt",19.694977649224295,27.996362054648266,8.30138440542397,10.544307125953194,9.438886472379295,-1.1054206535738995,10.228766763081778,3.894974099410811,-6.333792663670966,2.1877465159084934,0.6168689944244533,-1.5708775214840403,19.321588219826452,25.082051484835304,5.760463265008852,15.73494609518801,4.472300209577287,-11.262645885610723,58.508534396202876,71.92542028658468,13.416885890381806,32867,35452,19015,25289
12060024,Biesenthal,13.637979651050967,52.764259958268724,54.052492727629556,53.520368925942165,"Biesenthal, Stadt",23.101409731696226,26.73101133025598,3.6296015985597556,16.007276034561166,8.812421317666807,-7.194854716894358,10.868576625738973,5.413344523709609,-5.455232102029363,2.546612096407458,0.3776751993285774,-2.168936897078881,22.328331059572534,33.193453629878306,10.865122570305772,11.869031377899045,4.154427192614351,-7.714604185284694,45.28071602929211,47.13639047431608,1.855674445023972,4916,5081,2199,2383
12060034,Breydin,13.831630384121702,52.77588311281495,44.147879738466244,44.96921500137234,Breydin,26.12137203166227,24.146341463414632,-1.975030568247636,13.720316622691293,9.024390243902438,-4.6959263787888545,7.387862796833773,3.658536585365854,-3.7293262114679195,3.1662269129287597,0.24390243902439024,-2.9223244739043697,31.662269129287598,40.48780487804878,8.82553574876118,10.026385224274406,3.4146341463414633,-6.611751077932944,57.271364317841076,58.35694050991501,1.0855761920739369,667,706,379,410
12060036,Britz,13.819362881422387,52.882684917313945,36.19410734198102,36.635531676685524,Britz,28.571428571428573,28.023598820058996,-0.5478297513695765,14.285714285714286,10.22615535889872,-4.059558926815566,5.803571428571429,2.359882005899705,-3.443689422671724,3.3482142857142856,0.8849557522123894,-2.463258533501896,29.017857142857142,37.75811209439528,8.740254951538137,10.379464285714286,4.129793510324483,-6.249670775389803,49.34782608695652,57.06340378197998,7.715577695023455,1840,1798,896,1017
12060045,Chorin,13.875326128914452,52.90607391621976,31.633733256897685,30.289003953563864,Chorin,24.67005076142132,25.44529262086514,0.7752418594438204,18.477157360406093,9.075487701441899,-9.401669658964193,15.634517766497462,5.4283290924512295,-10.206188674046231,3.451776649746193,1.0178117048346056,-2.4339649449115877,21.82741116751269,33.587786259541986,11.760375092029296,9.644670050761421,4.2408821034775235,-5.403787947283898,50.99236641221374,61.70984455958549,10.71747814737175,1965,1930,985,1179
12060052,Eberswalde,13.801260733124497,52.829159274921686,41.08296351147648,42.24348808669406,"Eberswalde, Stadt",26.17154043802765,28.640660237032773,2.469119799005121,12.76764957787838,9.385346192601123,-3.3823033852772575,11.862229291569802,5.306847080274459,-6.555382211295343,3.0772054325217177,1.1179885802024856,-1.9592168523192321,23.3879848280925,28.515906146538075,5.127921318445576,13.452832497247034,7.4276666186843245,-6.025165878562709,49.272293468535636,63.614632817937,14.342339349401364,33530,33049,16346,20841
12060068,Friedrichswalde,13.767795801294623,53.03044811821627,32.156876426934524,31.391372545794333,Friedrichswalde,19.518716577540108,23.19201995012469,3.6733033725845807,33.68983957219251,15.71072319201995,-17.979116380172563,11.229946524064172,3.491271820448878,-7.738674703615294,4.545454545454546,0.7481296758104738,-3.797324869644072,18.449197860962567,37.905236907730675,19.456039046768108,8.02139037433155,3.2418952618453867,-4.779495112486164,53.586497890295355,56.70391061452514,3.117412724229787,711,716,374,401
12060092,Hohenfinow,13.91513475877993,52.8132826124853,37.44533750736607,38.4039473668495,Hohenfinow,22.727272727272727,25.622775800711743,2.8955030734390164,13.636363636363637,7.473309608540926,-6.163054027822711,6.363636363636363,3.202846975088968,-3.1607893885473954,2.727272727272727,0.35587188612099646,-2.3714008411517304,32.72727272727273,41.281138790035584,8.553866062762857,11.363636363636363,1.4234875444839858,-9.940148819152377,51.70068027210884,63.800904977375566,12.100224705266726,441,442,220,281
12060100,Joachimsthal,13.721330841061416,52.966035392104395,37.20677806777451,37.263149614562145,"Joachimsthal, Stadt",25.502008032128515,22.310756972111555,-3.1912510600169597,20.38152610441767,11.155378486055778,-9.226147618361892,7.831325301204819,1.8326693227091633,-5.9986559784956555,2.4096385542168677,1.1155378486055776,-1.29410070561129,29.31726907630522,42.07171314741036,12.754444071105137,8.132530120481928,2.6294820717131473,-5.503048048768781,36.068498037816624,46.573323507737655,10.50482546992103,2803,2714,996,1255
12060128,Liepe,13.97331305924815,52.85650114222491,31.259250927535707,30.88956788626869,Liepe,27.272727272727273,25.838926174496645,-1.433801098230628,20.553359683794465,7.046979865771812,-13.506379818022653,3.1620553359683794,2.0134228187919465,-1.1486325171764329,3.952569169960474,0.33557046979865773,-3.6169987001618162,31.225296442687746,42.281879194630875,11.056582751943129,9.486166007905139,2.0134228187919465,-7.472743189113192,42.88107202680067,52.37258347978911,9.491511452988433,597,569,253,298
12060149,Lunow-Stolzenhagen,14.111632064665939,52.9278512587884,19.693161317964307,19.598767567793818,Lunow-Stolzenhagen,21.987315010570825,22.07792207792208,0.09060706735125379,14.587737843551798,9.74025974025974,-4.847478103292058,7.399577167019028,3.409090909090909,-3.9904862579281186,1.6913319238900635,0.487012987012987,-1.2043189368770766,41.014799154334035,44.642857142857146,3.6280579885231106,9.090909090909092,3.896103896103896,-5.194805194805196,47.11067580803134,62.99292214357937,15.882246335548032,1021,989,473,616
12060154,Marienwerder,13.580292845905214,52.8442876709822,51.815898986818404,51.85814233940788,Marienwerder,25.471698113207548,27.895392278953924,2.423694165746376,14.959568733153638,9.464508094645081,-5.495060638508557,7.008086253369272,3.61145703611457,-3.3966292172547017,3.3692722371967654,0.12453300124533001,-3.2447392359514353,28.16711590296496,39.22789539227895,11.060779489313994,10.512129380053908,1.4943960149439601,-9.017733365109947,50.572390572390574,55.65455791638108,5.0821673439905055,1485,1459,742,803
12060161,Melchow,13.73421838974072,52.77210220561534,48.77718043206471,48.937729487963615,Melchow,25.58139534883721,30.93812375249501,5.356728403657801,12.093023255813954,6.586826347305389,-5.5061969085085645,11.86046511627907,6.387225548902196,-5.473239567376874,2.558139534883721,0.5988023952095808,-1.9593371396741404,19.53488372093023,27.345309381237524,7.810425660307292,10.232558139534884,3.3932135728542914,-6.839344566680593,51.17370892018779,54.55531453362256,3.3816056134347647,852,922,430,501
12060172,Niederfinow,13.920635579137802,52.8435127354456,34.525317968393736,34.17459304205752,Niederfinow,23.10756972111554,23.741007194244606,0.6334374731290673,15.936254980079681,8.992805755395683,-6.943449224683999,10.358565737051793,3.597122302158273,-6.761443434893519,1.9920318725099602,0.3597122302158273,-1.6323196422941328,31.872509960159363,41.726618705035975,9.854108744876612,7.171314741035856,3.9568345323741005,-3.214480208661756,49.23076923076923,56.76767676767677,7.536907536907535,520,495,251,278
12060176,Oderberg,14.024379985322234,52.880511684560105,27.14056736263114,26.711709474265554,"Oderberg, Stadt",27.153284671532848,25.47846889952153,-1.6748157720113177,11.678832116788321,7.894736842105263,-3.7840952746830583,5.401459854014599,2.15311004784689,-3.2483498061677087,3.3576642335766422,0.11961722488038277,-3.2380470086962596,34.89051094890511,43.54066985645933,8.650158907554221,9.343065693430656,3.229665071770335,-6.113400621660322,38.521400778210115,50.23640661938534,11.715005841175227,1799,1692,685,836
12060181,Panketal,13.543074706053007,52.64055730302483,68.28479608012103,68.67833660258688,Panketal,23.85949696444059,29.578270192994996,5.718773228554404,12.810060711188205,12.122944960686205,-0.6871157505020005,12.333044232437121,4.603288062902073,-7.729756169535048,3.217692974848222,0.8720514653323803,-2.3456415095158416,19.627059843885515,23.695496783416726,4.06843693953121,12.59323503902862,3.2380271622587564,-9.355207876769864,67.01054694253934,80.7696726019529,13.75912565941357,17351,17410,11530,13990
12060185,Parsteinsee,14.047557920469446,52.93278244002221,21.4493955254586,21.423913422884052,Parsteinsee,28.63849765258216,29.181494661921707,0.5429970093395475,14.084507042253522,4.98220640569395,-9.102300636559573,11.267605633802816,7.473309608540926,-3.7942960252618905,1.8779342723004695,0.0,-1.8779342723004695,28.63849765258216,39.145907473309606,10.507409820727446,7.981220657276995,1.4234875444839858,-6.557733112793009,50.46296296296296,62.44444444444444,11.981481481481481,432,450,213,281
12060192,Rüdnitz,13.631862404764412,52.717783566712626,57.92645359957622,57.74334099400726,Rüdnitz,20.34739454094293,27.40899357601713,7.061599035074202,12.034739454094293,7.494646680942184,-4.540092773152109,11.042183622828784,3.3190578158458246,-7.723125806982959,2.729528535980149,0.8565310492505354,-1.8729974867296135,22.580645161290324,33.5117773019272,10.931132140636873,14.1439205955335,2.9978586723768736,-11.146061923156626,48.05882352941177,54.195402298850574,6.136578769438806,1700,1740,806,934
12060198,Schorfheide,13.617475415183497,52.89918547321115,46.63596291541589,47.58655481530634,Schorfheide,24.386671548883193,27.514659449706812,3.1279879008236193,15.81838154522153,11.42685310479627,-4.39152844042526,7.37824972537532,2.285370620959254,-5.092879104416066,3.387037715122666,0.6765899864682002,-2.7104477286544655,24.71622116440864,32.341001353179976,7.624780188771336,13.694617356279752,4.059539918809202,-9.63507743747055,62.23392336993054,74.46478092068774,12.230857550757207,8926,9015,5462,6651
12060250,Sydower Fließ,13.709350077257406,52.73112751319071,53.26528662168036,52.9497849356875,Sydower Fließ,22.139303482587064,28.00875273522976,5.869449252642696,17.66169154228856,9.190371991247265,-8.471319551041294,8.955223880597014,2.4070021881838075,-6.548221692413207,2.985074626865672,0.437636761487965,-2.547437865377707,25.37313432835821,35.010940919037196,9.637806590678988,8.706467661691542,1.9693654266958425,-6.7371022349956995,52.910737386804655,56.809815950920246,3.899078564115591,773,815,402,457
12060269,Wandlitz,13.503641736770522,52.7576859724047,61.52709967673098,62.586565582636496,Wandlitz,23.33544705136335,28.075461810559414,4.740014759196065,13.78408370323399,12.649023974846063,-1.135059728387926,11.612238427393786,4.3298834010218785,-7.282355026371907,3.4242232086239697,0.6878029608279838,-2.736420247795986,23.10558021559924,29.588628324380977,6.4830481087817375,11.794546607482562,2.5808987292021484,-9.213647878280414,66.04725382200031,76.05989983636634,10.012646014366027,19427,20167,12616,15266
12060280,Werneuchen,13.742031908494114,52.645338769489776,59.46286732750411,59.4969099880187,"Werneuchen, Stadt",25.56745182012848,24.09129332206255,-1.476158498065928,12.65524625267666,9.839391377852916,-2.815854874823744,7.387580299785867,2.4683009298393914,-4.919279369946476,2.4197002141327624,0.6762468300929839,-1.7434533840397783,27.130620985010708,35.418427726120036,8.287806741109328,10.471092077087794,3.0092983939137787,-7.461793683174015,63.65198995107762,75.63989408649603,11.987904135418411,7563,7931,4670,5915
12060296,Ziethen,13.894213182118362,52.95874723126632,27.15879681400233,27.223897352086322,Ziethen,26.237623762376238,23.045267489711936,-3.192356272664302,12.871287128712872,3.7037037037037037,-9.167583425009168,8.415841584158416,5.349794238683128,-3.0660473454752886,4.9504950495049505,0.411522633744856,-4.538972415760094,28.217821782178216,47.325102880658434,19.107281098480218,11.386138613861386,4.526748971193416,-6.85938964266797,55.67567567567568,66.57681940700809,10.90114373133241,370,371,202,243
12061005,Alt Zauche-Wußwerk,14.021438866758611,51.9114637837239,131.65306232680356,131.60315539817168,Alt Zauche-Wußwerk,20.155038759689923,23.829787234042552,3.6747484743526293,19.37984496124031,9.361702127659575,-10.018142833580734,6.589147286821706,2.5531914893617023,-4.035955797460003,4.263565891472868,0.425531914893617,-3.8380339765792506,32.17054263565891,48.08510638297872,15.91456374731981,10.077519379844961,0.0,-10.077519379844961,59.54545454545455,57.07434052757794,-2.4711140178766087,440,417,258,235
12061017,Bersteland,13.78338154160033,51.943030803778655,131.0053744253823,131.28974514163522,Bersteland,19.914346895074946,24.34988179669031,4.4355349016153625,22.055674518201286,12.056737588652481,-9.998936929548805,2.9978586723768736,1.4184397163120568,-1.5794189560648169,5.139186295503212,0.0,-5.139186295503212,35.54603854389722,41.371158392434985,5.825119848537767,5.353319057815845,0.2364066193853428,-5.116912438430503,63.101604278074866,57.04697986577181,-6.054624412303056,748,745,467,423
12061020,Bestensee,13.64513541681237,52.229155797738635,103.57563831204156,103.58172686099468,Bestensee,24.658227848101266,30.22409500095767,5.565867152856406,13.316455696202532,12.104960735491286,-1.2114949607112457,9.544303797468354,3.811530358168933,-5.732773439299421,2.9873417721518987,0.5937559854434017,-2.393585786708497,24.658227848101266,30.817850986401073,6.159623138299807,11.544303797468354,1.838728212986018,-9.705575584482336,61.948415164698574,73.21552803673299,11.267112872034417,6436,7187,3950,5221
12061061,Byhleguhre-Byhlen,14.188093105765414,51.8942533181642,132.7854972701106,132.88677551625258,Byhleguhre-Byhlen,24.33862433862434,30.591259640102827,6.252635301478488,19.047619047619047,7.969151670951157,-11.078467376667891,4.232804232804233,3.0848329048843186,-1.147971327919914,6.349206349206349,1.2853470437017995,-5.0638593055045495,33.86243386243386,38.04627249357326,4.183838631139402,5.291005291005291,0.7712082262210797,-4.519797064784211,60.06240249609984,62.06896551724138,2.006563021141538,641,638,378,389
12061097,Drahnsdorf,13.578816467069554,51.92529686299237,136.81812348175654,136.98267450480327,Drahnsdorf,26.818181818181817,26.79245283018868,-0.025728987993137054,13.181818181818182,9.056603773584905,-4.125214408233276,9.090909090909092,1.1320754716981132,-7.958833619210979,2.727272727272727,0.0,-2.727272727272727,35.90909090909091,41.886792452830186,5.977701543739279,5.909090909090909,3.018867924528302,-2.890222984562607,47.323340471092074,57.142857142857146,9.819516671765072,467,469,220,265
12061112,Eichwalde,13.624275290345484,52.37205924789839,89.74560445240441,89.67659016652864,Eichwalde,26.230380420324554,34.294793449034465,8.064413028709911,12.928970470869912,11.80640430212662,-1.1225661687432922,18.56876828943868,7.4553898802248835,-11.113378409213796,3.8840117052407557,1.0755316548521143,-2.808480050388641,17.7706836924714,20.655096553409923,2.8844128609385216,12.077680234104815,4.057687606942068,-8.019992627162747,71.05608703807916,78.6463298379409,7.590242799861741,5331,5245,3759,4091
12061164,Golßen,13.619121991050731,51.967653359197975,131.46866689663656,131.32913891089268,"Golßen, Stadt",28.032619775739043,29.43469785575049,1.4020780800114458,12.232415902140673,5.555555555555555,-6.6768603465851175,4.077471967380224,1.267056530214425,-2.810415437165799,3.261977573904179,0.1949317738791423,-3.0670458000250367,40.265035677879716,46.198830409356724,5.933794731477008,5.402650356778797,2.2417153996101367,-3.1609349571686605,47.721822541966425,51.920199501246884,4.198376959280459,2085,2005,981,1026
12061192,Groß Köris,13.713604850750464,52.15607159856457,109.537866093992,109.23174559844516,Groß Köris,27.225130890052355,31.82247403210576,4.597343142053404,14.345549738219896,8.970727101038715,-5.374822637181181,8.06282722513089,1.2275731822474032,-6.835254042883487,5.340314136125654,0.28328611898017,-5.057028017145484,31.308900523560208,43.153918791312556,11.845018267752348,8.06282722513089,1.2275731822474032,-6.835254042883487,48.89224572004028,51.31641933939684,2.4241736193565586,1986,2089,955,1059
12061216,Halbe,13.695759421139176,52.081094212511346,117.83914899087863,117.60049826544355,Halbe,22.74774774774775,25.625625625625627,2.8778778778778786,13.626126126126126,8.408408408408409,-5.217717717717717,7.207207207207207,1.7017017017017018,-5.505505505505505,4.166666666666667,0.4004004004004004,-3.7662662662662667,31.644144144144143,40.94094094094094,9.296796796796798,10.247747747747749,2.9029029029029028,-7.344844844844846,47.946666666666665,55.48317046688382,7.5365038002171545,1875,1842,888,999
12061217,Heidesee,13.755581000927515,52.25127717599399,98.58947305012563,98.72449843549485,Heidesee,23.185341789992954,30.909846281678437,7.724504491685483,13.084331688982852,9.160781055255505,-3.9235506337273467,10.05402865867982,3.759867054424595,-6.294161604255226,3.1947380784590087,0.7478188616535106,-2.4469192168054983,24.289405684754524,32.96634815122559,8.676942466471065,12.23866572703782,2.139592854175322,-10.099072872862497,71.11256758970998,78.14110824742268,7.028540657712696,6103,6208,4257,4814
12061219,Heideblick,13.647949971133226,51.80946314572248,147.72569690840493,149.13356815489348,Heideblick,29.053420805998126,31.51937309534175,2.4659522893436225,15.370196813495783,9.14235959947758,-6.227837214018203,6.654170571696345,2.220287331301698,-4.433883240394647,4.451733833177133,0.43535045711798,-4.016383376059153,29.756326148078724,36.56943839791032,6.813112249831594,7.216494845360825,1.567261645624728,-5.649233199736097,70.89430894308943,78.89002383384405,7.995714890754627,3075,2937,2134,2297
12061224,Jamlitz,14.365090685404786,52.02516317644306,118.49362954213736,118.65043835635966,Jamlitz,21.863799283154123,25.18796992481203,3.3241706416579078,16.129032258064516,7.894736842105263,-8.234295415959252,3.225806451612903,1.5037593984962405,-1.7220470531166625,3.5842293906810037,0.0,-3.5842293906810037,38.70967741935484,38.34586466165413,-0.36381275770070687,8.243727598566307,1.1278195488721805,-7.115908049694127,60.60606060606061,60.08968609865471,-0.5163745074058994,462,446,279,266
12061244,Kasel-Golzig,13.701556641537081,51.93371055930608,133.42189721447886,133.8835038220669,Kasel-Golzig,27.79552715654952,28.82882882882883,1.0333016722793076,16.61341853035144,12.312312312312311,-4.301106218039127,5.111821086261981,2.1021021021021022,-3.0097189841598784,4.792332268370607,0.6006006006006006,-4.191731667770006,31.629392971246006,38.13813813813814,6.508745166892133,5.431309904153355,3.003003003003003,-2.4283069011503517,56.65467625899281,61.67883211678832,5.024155857795513,556,548,313,333
12061260,Königs Wusterhausen,13.690525792963241,52.32166806224158,92.89048041867096,94.01122420607675,"Königs Wusterhausen, Stadt",29.04846814718755,33.990950226244344,4.942482079056795,13.243637542551467,11.411764705882353,-1.8318728366691133,11.44972172691414,3.83710407239819,-7.612617654515949,3.285243421408116,0.9230769230769231,-2.3621664983311925,21.883611606419194,27.29864253393665,5.415030927517456,11.876587237261576,2.5294117647058822,-9.347175472555694,61.79066001255908,72.08872458410352,10.298064571544437,30257,30837,18507,22100
12061265,Krausnick-Groß Wasserburg,13.811032027702797,52.03639305721764,120.4651379341293,120.21183592276857,Krausnick-Groß Wasserburg,20.65573770491803,24.42528735632184,3.769549651403807,18.0327868852459,10.344827586206897,-7.687959299039004,6.229508196721311,2.2988505747126435,-3.9306576220086678,5.245901639344262,0.28735632183908044,-4.958545317505181,37.049180327868854,45.40229885057471,8.353118522705856,6.229508196721311,2.586206896551724,-3.643301300169587,62.955465587044536,68.21705426356588,5.261588676521349,494,516,305,348
12061308,Lieberose,14.270868305626026,52.001133502038904,120.87417270713767,121.46501331375087,"Lieberose, Stadt",23.900293255131963,23.565891472868216,-0.33440178226374684,13.489736070381232,7.596899224806202,-5.89283684557503,3.5190615835777126,0.9302325581395349,-2.588829025438178,2.4926686217008798,0.6201550387596899,-1.8725135829411899,39.002932551319645,49.6124031007752,10.609470549455551,10.703812316715542,2.7906976744186047,-7.913114642296938,57.05980066445183,57.17993079584775,0.12013013139592488,1204,1156,682,645
12061316,Lübben (Spreewald),13.900913083878473,51.94615366345398,129.01641042612343,129.16525274974924,"Lübben (Spreewald), Stadt",28.279386712095402,29.258443465491922,0.9790567533965202,16.226575809199318,11.637298091042585,-4.589277718156733,7.722884724588302,2.1536955457660305,-5.569189178822271,4.202157864849517,0.5261869799314733,-3.6759708849180437,27.001703577512778,34.66715614292707,7.6654525654142915,8.20556501987507,2.129221732745962,-6.0763432871291085,59.88610669123189,70.56764831412718,10.681541622895296,11941,11715,7044,8172
12061320,Luckau,13.78600592210135,51.83145720139404,143.06598227731368,141.67314370419217,"Luckau, Stadt",28.515548601603754,33.01039281310551,4.494844211501757,18.11069822022296,11.238330103928131,-6.87236811629483,6.669274398591825,1.8495684340320593,-4.819705964559766,4.204967729317426,0.9864364981504316,-3.2185312311669945,26.755329552122042,30.86137044213493,4.106040890012888,8.038333659299823,1.9200281838999471,-6.118305475399876,65.21029504080352,74.2278743835972,9.017579342793681,7965,7706,5113,5677
12061328,Märkisch Buchholz,13.77044072543841,52.102222495816186,114.09855715098494,114.22367429316053,"Märkisch Buchholz, Stadt",34.13897280966767,31.444759206798867,-2.6942136028688033,10.27190332326284,6.515580736543909,-3.756322586718931,3.9274924471299095,1.13314447592068,-2.7943479712092296,3.323262839879154,0.56657223796034,-2.756690601918814,27.794561933534744,45.32577903682719,17.531217103292448,9.06344410876133,1.6997167138810199,-7.36372739488031,47.05882352941177,49.929676511954995,2.8708529825432265,714,711,331,353
12061329,Märkische Heide,14.028256486701212,52.047875478268516,116.52747813512637,116.7749020717395,Märkische Heide,27.60372565622354,28.34441980783444,0.7406941516109029,15.834038950042338,10.753880266075388,-5.08015868396695,5.715495342929721,1.1825572801182558,-4.532938062811465,3.9373412362404743,0.7021433850702143,-3.23519785117026,30.31329381879763,37.32446415373245,7.011170334934821,6.054191363251482,1.1456023651145602,-4.9085889981369215,69.56648239743963,82.29794933655006,12.731466939110433,3437,3316,2362,2706
12061332,Mittenwalde,13.567398041524688,52.23743018098561,104.89110236196836,104.26291675207355,"Mittenwalde, Stadt",24.815937635339974,29.60492560287327,4.788987967533295,17.8648765699437,12.074568154609201,-5.790308415334499,9.701169337375488,2.9416794937574826,-6.759489843618005,3.832828064097012,0.9748589020010262,-2.8579691620959857,26.981377219575574,33.384641696596546,6.403264477020972,8.315288003464703,1.8128955019668207,-6.502392501497882,61.21140763997907,74.25580221997981,13.044394580000741,7644,7928,4618,5847
12061344,Münchehofe,13.818622741438027,52.13693250851468,109.49962636812256,108.62209802762204,Münchehofe,34.31372549019608,30.844155844155843,-3.4695696460402345,9.803921568627452,6.4935064935064934,-3.3104150751209582,9.803921568627452,2.5974025974025974,-7.206518971224854,0.49019607843137253,0.0,-0.49019607843137253,26.96078431372549,40.58441558441559,13.623631270690097,7.352941176470588,2.5974025974025974,-4.7555385790679905,49.411764705882355,71.26436781609195,21.852603110209593,425,435,204,308
12061352,Neu Zauche,14.08999391834171,51.934788339671165,128.62751421783352,128.1088061220395,Neu Zauche,30.07246376811594,22.795698924731184,-7.276764843384758,15.942028985507246,8.602150537634408,-7.339878447872838,4.166666666666667,1.2903225806451613,-2.876344086021506,3.9855072463768115,0.43010752688172044,-3.555399719495091,31.159420289855074,45.59139784946237,14.431977559607294,7.427536231884058,1.7204301075268817,-5.707106124357176,59.1728525980912,51.991150442477874,-7.181702155613323,943,904,552,465
12061405,Rietzneuendorf-Staakow,13.683278991693617,52.02316369027003,124.23854323338482,124.32866159740168,Rietzneuendorf-Staakow,25.249169435215947,27.79291553133515,2.5437460961192038,16.943521594684384,8.991825613079019,-7.951695981605365,5.3156146179401995,1.3623978201634876,-3.9532167977767116,6.644518272425249,0.2724795640326976,-6.372038708392552,31.893687707641195,45.776566757493185,13.88287904985199,6.644518272425249,1.0899182561307903,-5.554600016294459,60.3515625,73.558648111332,13.207085611332005,512,503,301,367
12061428,Schlepzig,13.89452092739781,52.02038626279472,120.97854971106887,120.93850626800827,Schlepzig,22.71062271062271,24.398625429553263,1.6880027189305515,18.681318681318682,7.903780068728523,-10.77753861259016,7.326007326007326,1.3745704467353952,-5.951436879271931,4.761904761904762,0.3436426116838488,-4.418262150220913,31.86813186813187,44.67353951890034,12.805407650768473,5.128205128205129,1.7182130584192439,-3.4099920697858845,53.62035225048923,57.76031434184676,4.139962091357525,511,509,273,291
12061433,Schönefeld,13.50618128069977,52.365077576621125,94.35996566642264,94.12937151254255,Schönefeld,22.90287825150069,29.15379130021393,6.250913048713237,21.30213944897645,19.883527454242927,-1.4186119947335243,11.759273510851163,3.24459234608985,-8.514681164761313,4.355856549176543,1.5331590206798194,-2.8226975284967235,22.194859165768815,27.03826955074875,4.843410384979936,6.079729105741111,1.7352032327073925,-4.344525873033719,55.379614967913994,60.80063132218954,5.421016354275544,11999,13939,6497,8414
12061435,Schönwald,13.73582747958096,51.989717890910846,126.78912791064955,126.35859059535609,Schönwald,26.060606060606062,23.707664884135472,-2.3529411764705905,16.363636363636363,10.16042780748663,-6.2032085561497325,8.484848484848484,5.882352941176471,-2.6024955436720134,3.2323232323232323,0.5347593582887701,-2.6975638740344623,30.303030303030305,41.889483065953655,11.58645276292335,5.454545454545454,1.2477718360071302,-4.206773618538324,50.85255767301906,53.72993389990557,2.8773762268865113,997,1059,495,561
12061444,Schulzendorf,13.58486661587213,52.3587007386288,92.31139158336333,92.3642512228954,Schulzendorf,24.80171489817792,33.84403511792047,9.04232021974255,13.39764201500536,12.756068170080908,-0.6415738449244515,13.161843515541264,4.045446720605956,-9.116396794935309,3.987138263665595,0.7918746772249957,-3.1952635864405994,22.443729903536976,25.667068342227576,3.2233384386906003,10.67524115755627,3.012566706834223,-7.662674450722047,68.34709546573953,77.46086495091537,9.113769485175837,6903,7538,4665,5809
12061448,Schwerin,13.6401109913466,52.14661777367204,112.23238165907071,112.10115758246731,Schwerin,18.20580474934037,28.63849765258216,10.43269290324179,13.45646437994723,10.328638497652582,-3.1278258822946476,9.762532981530343,2.5821596244131455,-7.1803733571171975,6.596306068601583,2.347417840375587,-4.248888228225996,35.62005277044855,41.78403755868545,6.163984788236895,10.29023746701847,1.8779342723004695,-8.412303194718,52.689655172413794,58.32205683355886,5.632401661145067,725,739,379,426
12061450,Schwielochsee,14.164042966628767,51.99519939185371,121.61817589866094,122.26426171214925,Schwielochsee,24.603174603174605,28.507462686567163,3.904288083392558,18.650793650793652,10.149253731343284,-8.501539919450368,6.481481481481482,1.9402985074626866,-4.5411829740187954,5.6878306878306875,1.044776119402985,-4.6430545684277025,31.746031746031747,39.55223880597015,7.8062070599384015,6.746031746031746,1.044776119402985,-5.701255626628761,59.30769230769231,52.48062015503876,-6.82707215265355,1300,1290,756,670
12061470,Spreewaldheide,14.125294725918295,51.954200820145815,126.30691210945528,126.68702947241107,Spreewaldheide,28.571428571428573,23.88888888888889,-4.682539682539684,20.77922077922078,7.777777777777778,-13.001443001443,5.194805194805195,2.7777777777777777,-2.417027417027417,2.1645021645021645,0.0,-2.1645021645021645,32.900432900432904,51.111111111111114,18.21067821067821,6.4935064935064934,1.1111111111111112,-5.382395382395382,59.8014888337469,47.506561679790025,-12.294927153956877,403,381,231,180
12061471,Steinreich,13.496961123461585,51.95177060883268,135.98965435458507,136.5620591190685,Steinreich,34.031413612565444,34.55497382198953,0.5235602094240832,10.99476439790576,4.712041884816754,-6.282722513089006,2.6178010471204187,0.5235602094240838,-2.094240837696335,4.18848167539267,1.0471204188481675,-3.141361256544503,27.74869109947644,38.7434554973822,10.994764397905762,9.947643979057592,1.0471204188481675,-8.900523560209423,46.65071770334928,50.91863517060367,4.267917467254392,418,381,191,191
12061476,Straupitz (Spreewald),14.128042331007315,51.901878791717955,132.10580619777386,132.09834442549828,Straupitz,31.403118040089087,25.21551724137931,-6.187600798709777,17.59465478841871,7.758620689655173,-9.836034098763536,5.79064587973274,2.3706896551724137,-3.419956224560326,4.23162583518931,0.43103448275862066,-3.8005913524306894,28.285077951002226,44.39655172413793,16.111473773135703,6.23608017817372,0.8620689655172413,-5.3740112126564785,54.54545454545455,58.45771144278607,3.912256897331524,836,804,449,464
12061492,Teupitz,13.596270733831947,52.11855791122236,116.23116929657546,116.17031439726536,"Teupitz, Stadt",22.676056338028168,25.733333333333334,3.057276995305166,14.929577464788732,7.6,-7.329577464788732,7.746478873239437,2.0,-5.746478873239437,5.070422535211268,0.8,-4.270422535211268,33.38028169014085,44.666666666666664,11.286384976525817,8.591549295774648,3.2,-5.391549295774648,44.679527069072805,49.76988823142669,5.0903611623538865,1607,1521,710,750
12061510,Unterspreewald,13.867003480769169,52.08771425784776,114.03202305568401,113.77304937226101,Unterspreewald,25.714285714285715,22.11764705882353,-3.5966386554621863,11.168831168831169,6.352941176470588,-4.815889992360581,4.675324675324675,0.9411764705882353,-3.7341482047364396,3.6363636363636362,0.7058823529411765,-2.9304812834224596,36.883116883116884,47.76470588235294,10.881588999236058,7.012987012987013,1.411764705882353,-5.60122230710466,57.5,66.46058732612056,8.96058732612056,680,647,385,425
12061540,Wildau,13.616698708417172,52.32330141817048,94.82487513024512,94.89035592204773,"Wildau, Stadt",31.196754563894523,35.58052434456929,4.383769780674768,11.622718052738337,10.470607392932747,-1.1521106598055901,12.494929006085192,4.412962058296694,-8.081966947788498,4.036511156186613,1.1235955056179776,-2.9129156505686353,18.397565922920894,25.289040872822017,6.891474949901124,12.920892494929006,3.1753786028334146,-9.745513892095591,60.11776015380918,72.0157919182536,11.898031764444418,8322,8612,4930,6141
12061572,Zeuthen,13.614148859406939,52.340226439156176,93.21470465309493,92.82926114437952,Zeuthen,25.90069633666364,36.666666666666664,10.765970330003025,14.456554647290343,12.341269841269842,-2.115284806020501,15.75840145322434,5.833333333333333,-9.925068119891009,4.965183166818044,0.7142857142857143,-4.25089745253233,18.58916136845292,21.693121693121693,3.1039603246687726,11.398728428701181,3.6375661375661377,-7.761162291135044,70.190787393275,79.51290895787604,9.322121564601034,9487,9567,6606,7560
12062024,Bad Liebenwerda,13.365956682762574,51.49094223983325,187.3033799047752,186.47603239828047,"Bad Liebenwerda, Stadt",24.561045324622295,26.067827681026582,1.5067823564042868,17.45610453246223,12.043996333638864,-5.412108198823367,4.716210698244181,1.0449129239230064,-3.6712977743211743,7.6153532053899555,1.0632447296058662,-6.552108475784089,29.093507554103716,37.45187901008249,8.358371455978777,8.248264597795018,1.5948670944087993,-6.653397503386218,61.97761194029851,71.28725590955807,9.309643969259561,8040,7784,4898,5455
12062088,Crinitz,13.739142009264297,51.73761331147886,153.95469398500904,153.9458662554569,Crinitz,25.868725868725868,29.695885509838998,3.8271596411131306,26.44787644787645,12.343470483005367,-14.104405964871082,3.861003861003861,1.4311270125223614,-2.4298768484814994,2.5096525096525095,0.0,-2.5096525096525095,25.096525096525095,34.34704830053667,9.250523204011575,11.38996138996139,1.4311270125223614,-9.958834377439029,50.578034682080926,57.60322255790534,7.025187875824415,1038,993,518,559
12062092,Doberlug-Kirchhain,13.484452587045753,51.64804284162384,168.15260376523403,168.0837457080467,"Doberlug-Kirchhain, Stadt",25.905104564875195,29.753038024304196,3.847933459429001,18.32696199685181,11.662093296746374,-6.664868700105437,5.689228693501237,1.3328106624852998,-4.356418031015937,4.429952777153137,0.5684045472363779,-3.8615482299167585,26.51225545311446,33.63386907095257,7.121613617838111,8.432651225545312,1.7836142689141514,-6.649036956631161,62.06327372764787,74.26799365354104,12.204719925893173,7270,6933,4447,5102
12062124,Elsterwerda,13.512918233139079,51.47128640777616,186.4733986796673,187.05901393575792,"Elsterwerda, Stadt",20.842970958622463,24.200913242009133,3.35794228338667,20.07196093549216,12.785388127853881,-7.286572807638279,4.883063479825238,0.91324200913242,-3.969821470692818,4.086353122590594,0.684931506849315,-3.4014216157412784,31.7142122847597,39.337899543378995,7.623687258619295,10.17733230531997,1.7808219178082192,-8.39651038751175,58.572490706319705,68.6499922324064,10.0775015260867,6725,6437,3891,4380
12062128,Falkenberg/Elster,13.22034462803583,51.60001736075397,179.41423320551507,179.77571780613184,"Falkenberg/Elster, Stadt",26.44135188866799,28.272397432319284,1.8310455436512925,20.576540755467196,15.099078984091543,-5.477461771375653,4.605699138502319,1.423388222160201,-3.1823109163421184,4.440026507620941,0.7535584705554005,-3.686468037065541,26.20941020543406,33.184482277421154,6.975072071987093,8.184227965540092,1.6745743790120011,-6.509653586528091,55.87051938551573,69.02485659655832,13.154337211042595,5468,5230,3018,3583
12062134,Fichtwald,13.459323871259777,51.72730022020644,160.32266952140643,160.89384666941797,Fichtwald,29.032258064516128,29.05982905982906,0.0275709953129315,23.75366568914956,14.814814814814815,-8.938850874334745,2.932551319648094,1.7094017094017093,-1.2231496102463846,2.932551319648094,0.8547008547008547,-2.077850464947239,22.873900293255133,33.903133903133906,11.029233609878773,8.504398826979472,1.9943019943019944,-6.510096832677477,63.43692870201097,67.86389413988658,4.426965437875616,547,529,341,351
12062140,Finsterwalde,13.715441053501353,51.58492773887433,170.9010833474724,171.6419019576392,"Finsterwalde, Stadt",28.49090443248783,32.61632514434507,4.125420711857238,17.934921854983347,12.317445941356278,-5.61747591362707,6.5718677940046115,1.8566738367485565,-4.715193957256055,3.535741737125288,0.5434167327068946,-2.9923250044183938,23.815014091724315,28.2916336465527,4.476619554828385,9.684857801691006,2.7284048454658665,-6.95645295622514,57.597789733895596,69.16169982196764,11.56391008807205,13754,12919,7806,8833
12062177,Gorden-Staupitz,13.63339842539894,51.53186478156203,177.8949155811383,177.37486228120338,Gorden-Staupitz,26.695842450765863,25.8,-0.895842450765862,20.13129102844639,14.6,-5.531291028446391,3.719912472647702,0.8,-2.9199124726477024,3.2822757111597376,1.0,-2.2822757111597376,30.196936542669583,37.0,6.803063457330417,8.971553610503282,1.6,-7.371553610503282,56.63824604141291,63.9135959339263,7.27534989251339,821,787,457,500
12062196,Gröden,13.579992941597542,51.41426797901377,191.47673408403094,191.5108970717536,Gröden,16.332378223495702,20.851688693098385,4.519310469602683,29.94269340974212,11.45374449339207,-18.488948916350047,1.7191977077363896,0.14684287812041116,-1.5723548296159784,1.7191977077363896,0.0,-1.7191977077363896,41.54727793696275,53.010279001468426,11.463001064505676,4.584527220630372,0.8810572687224669,-3.7034699519079055,60.61643835616438,61.101243339254,0.4848049830896173,1168,1126,698,681
12062208,Großthiemig,13.673655629132297,51.39910668558286,191.73012030510955,192.48518036181613,Großthiemig,15.543071161048688,19.729206963249517,4.186135802200829,26.40449438202247,15.087040618955513,-11.317453763066958,3.5580524344569286,1.5473887814313345,-2.010663653025594,6.179775280898877,0.5802707930367504,-5.599504487862126,37.453183520599254,46.22823984526112,8.775056324661868,3.5580524344569286,1.7408123791102514,-1.8172400553466772,61.049107142857146,61.02683780630105,-0.022269336556092867,896,857,534,517
12062219,Heideland,13.647871188807501,51.593587530185374,170.98275346564034,170.84039331226083,Heideland,27.68729641693811,37.074829931972786,9.387533515034676,16.938110749185668,4.761904761904762,-12.176205987280905,4.88599348534202,1.7006802721088434,-3.1853132132331767,5.537459283387622,0.6802721088435374,-4.857187174544085,27.035830618892508,31.972789115646258,4.93695849675375,4.5602605863192185,1.0204081632653061,-3.5398524230539126,68.1917211328976,70.91346153846153,2.721740405563935,459,416,307,294
12062224,Herzberg (Elster),13.230929128368873,51.68002343672172,170.92596292398792,172.62271544193354,"Herzberg (Elster), Stadt",26.660621174336885,29.908946951702298,3.2483257773654124,17.116300158694173,11.084718923198734,-6.031581235495439,5.259578326909998,1.3262074425969912,-3.933370884313007,3.468601224212197,0.5146476642913698,-2.9539535599208273,27.703468601224213,33.68962787015044,5.986159268926226,9.884379959192927,2.1773555027711797,-7.707024456421747,58.40649980343336,70.34787410270569,11.941374299272326,7631,7244,4411,5052
12062232,Hirschfeld,13.629280133639291,51.40185799278835,192.06340978813262,192.22469106665346,Hirschfeld,12.191103789126853,13.385826771653543,1.1947229825266898,18.945634266886326,8.503937007874017,-10.44169725901231,3.7891268533772653,0.7874015748031497,-3.0017252785741158,3.2948929159802307,0.9448818897637795,-2.350011026216451,50.57660626029654,61.25984251968504,10.683236259388494,5.601317957166392,0.31496062992125984,-5.286357327245132,57.717492984097284,62.851600387972844,5.134107403875561,1069,1031,607,635
12062237,Hohenbucko,13.497354841687228,51.7567137807354,156.38025108484894,156.48932351402803,Hohenbucko,22.69736842105263,20.858895705521473,-1.8384727155311573,25.0,12.576687116564417,-12.423312883435583,4.934210526315789,0.9202453987730062,-4.013965127542783,2.3026315789473686,0.0,-2.3026315789473686,27.63157894736842,43.558282208588956,15.926703261220535,10.197368421052632,2.4539877300613497,-7.743380690991282,56.227106227106226,61.53846153846154,5.311355311355314,546,533,304,326
12062240,Hohenleipisch,13.551341521084542,51.49737724375008,182.98467821377824,181.5956522014275,Hohenleipisch,23.698781838316723,25.02596053997923,1.3271787016625076,20.819490586932446,10.799584631360332,-10.019905955572113,2.3255813953488373,0.3115264797507788,-2.0140549155980585,3.10077519379845,0.3115264797507788,-2.789248714047671,35.548172757475086,43.30218068535826,7.754007927883173,8.527131782945736,1.2461059190031152,-7.28102586394262,54.50180072028812,61.0062893081761,6.504488587887984,1666,1590,903,963
12062282,Kremitzaue,13.31192880145658,51.70940305700803,165.75495733311286,165.27250583205065,Kremitzaue,32.67813267813268,31.414868105515588,-1.2632645726170892,16.707616707616708,9.59232613908873,-7.115290568527978,5.405405405405405,0.47961630695443647,-4.925789098450969,2.9484029484029484,0.9592326139088729,-1.9891703344940754,24.815724815724817,35.97122302158273,11.155498205857914,9.828009828009828,1.6786570743405276,-8.1493527536693,57.563025210084035,60.492040520984084,2.9290153109000485,714,691,407,417
12062289,Lebusa,13.40327886579442,51.78780742489859,155.3260966317514,155.23149601774324,Lebusa,24.795640326975477,22.57281553398058,-2.2228247929948957,16.348773841961854,10.679611650485437,-5.669162191476417,4.087193460490464,0.970873786407767,-3.1163196740826966,4.359673024523161,0.24271844660194175,-4.116954577921219,33.514986376021795,44.41747572815534,10.902489352133543,7.084468664850136,2.6699029126213594,-4.414565752228777,56.090225563909776,62.70676691729323,6.616541353383454,665,665,367,412
12062293,Lichterfeld-Schacksdorf,13.774310309473908,51.59600151502322,168.8992572206676,168.37732874670505,Lichterfeld-Schacksdorf,24.47257383966245,30.75356415478615,6.280990315123702,19.19831223628692,11.201629327902241,-7.996682908384679,5.69620253164557,2.0366598778004072,-3.6595426538451625,4.430379746835443,0.4073319755600815,-4.023047771275361,29.746835443037973,37.88187372708757,8.1350382840496,7.594936708860759,1.629327902240326,-5.965608806620433,59.65346534653465,63.78865979381443,4.13519444727978,808,776,474,491
12062333,Massen-Niederlausitz,13.792397849163967,51.67436856842993,160.1018267249829,161.1764909614481,Massen-Niederlausitz,24.6900826446281,28.62862862862863,3.9385459840005304,24.070247933884296,14.814814814814815,-9.255433119069481,4.235537190082645,0.9009009009009009,-3.3346362891817436,4.75206611570248,0.2002002002002002,-4.55186591550228,27.68595041322314,36.93693693693694,9.250986523713799,4.338842975206612,2.2022022022022023,-2.1366407730044097,58.0166270783848,61.49144254278728,3.4748154644024822,1684,1636,968,999
12062336,Merzdorf,13.536314374541,51.39966439420069,193.77389517852026,193.54252145202634,Merzdorf,15.458937198067632,15.812917594654788,0.35398039658715597,25.36231884057971,11.804008908685969,-13.558309931893742,1.6908212560386473,0.44543429844098,-1.2453869575976673,3.6231884057971016,0.6681514476614699,-2.9550369581356315,44.44444444444444,54.12026726057906,9.67582281613462,4.106280193236715,1.1135857461024499,-2.992694447134265,60.68376068376068,62.22527472527472,1.5415140415140414,702,728,414,449
12062341,Mühlberg/Elbe,13.218140356437843,51.47020718262174,192.90166432698945,192.98898575106264,"Mühlberg/Elbe, Stadt",27.301756253326236,24.80952380952381,-2.4922324438024255,17.828632251197444,10.380952380952381,-7.447679870245063,3.618946248004258,1.0476190476190477,-2.57132720038521,3.2996274614156467,0.42857142857142855,-2.8710560328442183,33.52847259180415,42.19047619047619,8.662003598672037,6.279936136242682,0.8571428571428571,-5.4227932790998254,57.89633222188542,69.9109204882877,12.014588266402278,3299,3031,1879,2100
12062372,Plessa,13.627546834016412,51.46341941879727,185.40495329555043,184.78708425775258,Plessa,19.241192411924118,21.8568665377176,2.6156741257934826,19.060523938572718,7.156673114119923,-11.903850824452796,2.9810298102981028,0.7736943907156673,-2.2073354195824355,4.787714543812105,0.09671179883945841,-4.691002744972646,39.47606142728094,50.870406189555126,11.394344762274187,7.949412827461608,1.5473887814313345,-6.402024046030274,48.570190641247834,48.578088578088575,0.007897936840741693,2308,2145,1107,1034
12062410,Röderland,13.447667571420512,51.45371189464441,189.58023150030814,189.7437930064835,Röderland,21.02803738317757,21.102426984779925,0.07438960160235553,20.327102803738317,12.957630604689427,-7.369472199048889,3.7383177570093458,0.6170300287947347,-3.121287728214611,4.953271028037383,0.5758946935417524,-4.377376334495631,35.51401869158879,44.63183874948581,9.11782005789702,7.289719626168225,1.192924722336487,-6.0967949038317375,63.22843822843823,76.2542848239327,13.025846595494464,3432,3209,2140,2431
12062417,Rückersdorf,13.566298234173988,51.5685073067648,175.06937187469464,175.25895344952974,Rückersdorf,29.680365296803654,28.1524926686217,-1.527872628181953,17.35159817351598,11.730205278592376,-5.621392894923606,3.1963470319634704,1.1730205278592376,-2.023326504104233,2.8919330289193304,0.4398826979472141,-2.452050330972116,28.767123287671232,37.683284457478,8.91616116980677,7.153729071537291,3.225806451612903,-3.927922619924388,56.29754860524091,59.39655172413793,3.0990031188970164,1183,1160,657,682
12062425,Sallgast,13.85187646472163,51.60965123186296,166.49043991157833,166.55468395521976,Sallgast,19.054878048780488,24.188790560471976,5.133912511691488,19.664634146341463,13.716814159292035,-5.947819987049428,5.945121951219512,2.359882005899705,-3.5852399453198074,3.048780487804878,0.7374631268436578,-2.3113173609612203,33.99390243902439,37.16814159292036,3.174239153895968,8.689024390243903,2.8023598820059,-5.8866645082380025,52.91300877893057,56.43564356435643,3.522634785425865,1253,1212,656,678
12062440,Schilda,13.389902743328804,51.60695574218095,174.54292578401817,174.50345046628803,Schilda,30.952380952380953,26.903553299492387,-4.048827652888566,16.666666666666668,10.152284263959391,-6.514382402707277,1.9047619047619047,0.5076142131979695,-1.3971476915639351,2.380952380952381,1.5228426395939085,-0.8581097413584724,28.571428571428573,42.131979695431475,13.560551124002902,7.142857142857143,0.5076142131979695,-6.6352429296591735,51.3317191283293,51.653944020356235,0.32222489202693794,413,393,210,197
12062445,Schlieben,13.398818075259037,51.724911490934964,161.97911151947318,163.025292733491,"Schlieben, Stadt",27.299703264094955,25.166191832858498,-2.1335114312364567,18.001978239366963,11.585944919278253,-6.41603332008871,3.066271018793274,0.4748338081671415,-2.5914372106261325,3.7586547972304647,0.7597340930674265,-2.998920704163038,30.4648862512364,40.45584045584046,9.990954204604058,8.6053412462908,0.7597340930674265,-7.845607153223374,48.41457643161382,52.72547076313182,4.310894331518,2113,2018,1011,1053
12062453,Schönborn,13.503478564625834,51.58051778504683,174.95557776941524,174.9716676405696,Schönborn,29.04841402337229,27.044025157232703,-2.0043888661395854,18.530884808013354,7.547169811320755,-10.9837149966926,4.674457429048414,0.7861635220125787,-3.8882939070358353,3.5058430717863107,0.7861635220125787,-2.719679549773732,27.21202003338898,39.465408805031444,12.253388771642463,6.67779632721202,1.2578616352201257,-5.4199346919918945,46.91833590138675,50.43478260869565,3.5164467073089014,1298,1265,599,636
12062461,Schönewalde,13.256366749426645,51.799270440651625,158.0876491560999,158.48495638311815,"Schönewalde, Stadt",27.87843366452367,27.630896837739762,-0.24753682678390732,17.358270017533606,11.04199066874028,-6.316279348793326,5.084745762711864,1.3996889580093312,-3.685056804702533,3.09760374050263,0.41472265422498705,-2.6828810862776433,27.703097603740503,35.51062726801452,7.807529664274014,9.877264757451783,2.0736132711249353,-7.803651486326848,66.19502868068834,76.78006329113924,10.585034610450904,2615,2528,1711,1929
12062464,Schraden,13.67992701735418,51.43842415124999,187.35757562753503,187.22848345624453,Schraden,18.076923076923077,19.753086419753085,1.6761633428300087,18.46153846153846,10.699588477366255,-7.761949984172205,2.6923076923076925,0.0,-2.6923076923076925,6.538461538461538,1.2345679012345678,-5.30389363722697,42.30769230769231,47.325102880658434,5.017410572966128,4.615384615384615,1.646090534979424,-2.969294080405191,59.496567505720826,56.71296296296296,-2.783604542757864,437,432,260,243
12062469,Sonnewalde,13.652270663335665,51.69766182207682,159.6683309486379,159.46814219354246,"Sonnewalde, Stadt",19.313725490196077,25.164628410159924,5.850902919963847,24.46078431372549,12.699905926622765,-11.760878387102725,4.117647058823529,1.6462841015992473,-2.4713629572242817,3.5784313725490198,0.4233301975540922,-3.1551011749949276,27.647058823529413,37.441204139228596,9.794145315699183,4.754901960784314,1.7873941674506115,-2.967507793333702,76.13803230543319,81.66982922201139,5.531796916578202,2724,2635,2040,2126
12062492,Tröbitz,13.436603072815217,51.59611298163127,174.66261090221346,174.26194438635133,Tröbitz,28.01418439716312,27.986348122866893,-0.02783627429622726,20.56737588652482,10.238907849829351,-10.32846803669547,5.319148936170213,1.3651877133105803,-3.9539612228596326,3.1914893617021276,1.023890784982935,-2.1675985767191923,22.69503546099291,35.83617747440273,13.141142013409823,8.156028368794326,2.7303754266211606,-5.425652942173166,49.826989619377166,54.862385321100916,5.0353957017237505,578,545,282,293
12062500,Uebigau-Wahrenbrück,13.36485423775556,51.570513973190195,178.94091573056673,179.4127133884562,"Uebigau-Wahrenbrück, Stadt",23.503250085528567,25.045871559633028,1.542621474104461,19.466301744782758,13.914373088685016,-5.551928656097742,3.7974683544303796,1.039755351681957,-2.7577130027484227,8.108108108108109,1.162079510703364,-6.946028597404744,28.806021211084502,33.97553516819572,5.169513957111217,8.894970920287376,2.477064220183486,-6.41790670010389,65.25181438310975,75.38180989286528,10.129995509755531,4547,4387,2923,3270
12063036,Brieselang,12.965823680421167,52.5869950558168,102.21631893892119,101.83767486449587,Brieselang,23.483455882352942,34.01563081503536,10.532174932682416,17.21813725490196,14.774841831038334,-2.4432954238636277,15.28799019607843,5.346731174792209,-9.941259021286221,3.753063725490196,1.104081379481454,-2.648982346008742,20.69546568627451,26.559980151345986,5.864514465071476,7.230392156862745,2.0468924451060664,-5.183499711756679,65.69819152090128,75.75079276254431,10.052601241643032,10119,10722,6528,8061
12063056,Dallgow-Döberitz,13.085313157731017,52.51060616774573,100.8073874455446,101.42572255327269,Dallgow-Döberitz,22.167300380228138,34.66295609152752,12.495655711299381,22.11026615969582,21.413110698824983,-0.6971554608708352,19.486692015209126,6.694495980210266,-12.79219603499886,5.342205323193916,1.0358688930117501,-4.306336430182165,17.490494296577946,20.810142238713667,3.3196479421357203,4.391634980988593,1.7470624613481756,-2.644572519640418,67.18571971135587,77.23007483074,10.044355119384122,7899,8419,5260,6468
12063080,Falkensee,13.09268464552842,52.578573342362574,95.72022272443783,96.63594331230037,"Falkensee, Stadt",23.197825071152458,36.75744836410163,13.55962329294917,18.113079308440593,16.804971668799123,-1.3081076396414701,21.375472579754472,8.111862547980259,-13.263610031774213,5.156960197102927,1.2502284774264303,-3.9067317196764964,17.310224714328193,21.206360811551818,3.896136097223625,6.44407629242598,2.2409065984280754,-4.203169693997905,66.56871799177232,75.50712305454147,8.93840506276915,35733,36431,23541,27355
12063088,Friesack,12.584582111601978,52.75265962320933,117.2659421449841,116.28207877876375,"Friesack, Stadt",28.115015974440894,24.636363636363637,-3.478652338077257,12.673056443024494,7.545454545454546,-5.127601897569948,7.348242811501597,1.6363636363636365,-5.711879175137961,4.15335463258786,1.0909090909090908,-3.062445541678769,32.26837060702876,47.63636363636363,15.367993029334876,9.584664536741213,2.090909090909091,-7.4937554458321225,44.68587623996221,54.20106847984459,9.515192239882374,2117,2059,939,1100
12063094,Gollenberg,12.399039796643814,52.734943129460646,129.76477018740204,129.6759808690947,Gollenberg,31.547619047619047,30.63063063063063,-0.916988416988417,9.523809523809524,7.657657657657658,-1.8661518661518661,8.333333333333334,1.8018018018018018,-6.531531531531532,6.5476190476190474,0.0,-6.5476190476190474,26.19047619047619,39.189189189189186,12.998712998712996,10.714285714285714,2.2522522522522523,-8.46203346203346,48.554913294797686,63.48314606741573,14.928232772618045,346,356,168,222
12063112,Großderschau,12.358493307214859,52.785657287554436,130.73468960693904,131.07472982288783,Großderschau,27.522935779816514,36.48068669527897,8.957750915462455,13.302752293577981,8.583690987124463,-4.7190613064535185,10.091743119266056,1.7167381974248928,-8.375004921841164,3.669724770642202,0.0,-3.669724770642202,27.06422018348624,36.48068669527897,9.41646651179273,13.302752293577981,3.4334763948497855,-9.869275898728196,55.979643765903305,63.58695652173913,7.607312755835828,393,368,218,233
12063134,Havelaue,12.263807085197513,52.73267181647333,138.53845671059108,138.90281261431159,Havelaue,24.047619047619047,31.363636363636363,7.316017316017316,17.857142857142858,8.863636363636363,-8.993506493506494,13.80952380952381,6.363636363636363,-7.445887445887447,8.333333333333334,0.9090909090909091,-7.424242424242425,22.857142857142858,33.63636363636363,10.779220779220775,9.047619047619047,3.1818181818181817,-5.865800865800866,56.19174434087883,59.56873315363882,3.37698881275999,751,742,420,440
12063142,Wiesenaue,12.664619427887425,52.719666992226756,113.48479704429954,113.36461174632801,Wiesenaue,30.205278592375368,34.196891191709845,3.991612599334477,15.542521994134898,10.103626943005182,-5.438895051129716,9.67741935483871,0.5181347150259067,-9.159284639812803,3.5190615835777126,0.5181347150259067,-3.000926868551806,24.633431085043988,33.67875647668394,9.045325391639949,8.211143695014663,1.0362694300518134,-7.174874264962849,54.6875,61.86708860759494,7.179588607594937,640,632,341,386
12063148,Ketzin/Havel,12.841182373407683,52.5061041527207,114.27164940989005,114.67607100479604,"Ketzin/Havel, Stadt",32.410135533294046,36.513400540939266,4.10326500764522,17.58986446670595,12.195721662158839,-5.394142804547112,9.428403064230995,3.147283009589378,-6.281120054641617,5.008839127872717,0.7130563068600935,-4.295782821012623,19.0041249263406,28.10425374969265,9.100128823352048,8.54449027695934,1.64740595033194,-6.8970843266274,61.90646197786505,72.52124645892351,10.614784481058464,5602,5648,3394,4067
12063161,Kleßen-Görne,12.497823201371057,52.719250202543,124.03301121892531,124.12693077814961,Kleßen-Görne,23.463687150837988,21.57894736842105,-1.8847397824169363,15.64245810055866,15.263157894736842,-0.3793002058218171,5.027932960893855,1.0526315789473684,-3.975301381946487,3.910614525139665,0.0,-3.910614525139665,37.98882681564246,42.10526315789474,4.116436342252278,7.82122905027933,3.6842105263157894,-4.13701852396354,59.67213114754098,64.7457627118644,5.073631564323421,305,295,179,190
12063165,Kotzen,12.54200733182168,52.656749763153485,123.83020957000092,124.62492610002664,Kotzen,20.905923344947734,28.307692307692307,7.401768962744573,14.285714285714286,8.0,-6.2857142857142865,10.104529616724738,4.923076923076923,-5.181452693647815,1.7421602787456445,0.0,-1.7421602787456445,37.282229965156795,38.15384615384615,0.8716161886893588,9.40766550522648,3.6923076923076925,-5.715357812918788,59.22920892494929,64.1732283464567,4.944019421507406,493,508,287,325
12063186,Märkisch Luch,12.60160980855089,52.57590767085878,124.09355135737691,124.04623298183623,Märkisch Luch,24.50199203187251,25.559105431309906,1.0571133994373945,18.127490039840637,10.223642172523961,-7.903847867316676,5.9760956175298805,3.0351437699680512,-2.9409518475618293,3.585657370517928,0.4792332268370607,-3.1064241436808677,34.06374501992032,39.61661341853035,5.5528683986100305,8.167330677290837,2.8753993610223643,-5.291931316268473,47.004608294930875,56.433007985803016,9.42839969087214,1085,1127,502,626
12063189,Milower Land,12.2476032538323,52.53434783891456,147.62968481765833,146.02664626456712,Milower Land,28.32691484809585,30.085216746943313,1.7583018988474635,16.944801026957638,12.15264912930715,-4.792151897650488,5.862216516902011,1.2226750648388292,-4.639541452063182,3.7227214377406934,0.5187106335679882,-3.204010804172705,27.642276422764226,36.60615042608374,8.96387400331951,10.312366281557553,1.9266394961096702,-8.385726785447883,65.3625170998632,75.18610421836229,9.823587118499091,3655,3627,2337,2699
12063202,Mühlenberge,12.611734890602701,52.66430924599581,119.17194082010204,119.09154478953911,Mühlenberge,20.606060606060606,28.29268292682927,7.686622320768663,16.060606060606062,9.024390243902438,-7.036215816703624,11.212121212121213,2.926829268292683,-8.285291943828529,2.121212121212121,1.2195121951219512,-0.9016999260901699,31.818181818181817,40.24390243902439,8.425720620842572,9.696969696969697,0.975609756097561,-8.721359940872137,53.4621578099839,64.375,10.9128421900161,621,640,330,410
12063208,Nauen,12.840579974509973,52.612007712763635,107.97552938408143,108.39954008090895,"Nauen, Stadt",28.905405405405407,33.057680380401074,4.152274974995667,13.18918918918919,10.171593963200332,-3.017595225988858,9.094594594594595,3.1217696919578253,-5.97282490263677,3.4864864864864864,0.558197229687823,-2.9282892567986636,27.675675675675677,33.24374612363035,5.568070447954675,8.608108108108109,2.30514781889601,-6.302960289212098,52.175726400667315,65.83800580963319,13.662279408965873,14386,14803,7400,9674
12063212,Nennhausen,12.476811104868728,52.58496761686579,131.17930835539954,129.36107349812207,Nennhausen,24.33414043583535,29.524886877828056,5.1907464419927045,13.922518159806295,10.520361990950226,-3.4021561688560684,7.38498789346247,3.2805429864253393,-4.104444907037131,3.87409200968523,0.7918552036199095,-3.0822368060653207,33.7772397094431,39.366515837104075,5.589276127660973,9.927360774818402,2.1493212669683257,-7.778039507850076,52.65791119449656,57.802340702210664,5.144429507714101,1599,1538,826,884
12063228,Paulinenaue,12.742741636830067,52.65540576433055,111.55763018797637,111.97776388215789,Paulinenaue,33.68983957219251,35.512367491166074,1.822527918973563,11.58645276292335,10.777385159010601,-0.8090676039127498,7.308377896613191,2.2968197879858656,-5.011558108627325,3.0303030303030303,0.0,-3.0303030303030303,27.629233511586452,32.685512367491164,5.056278855904711,8.37789661319073,4.41696113074205,-3.96093548244868,50.581915846016116,54.519505233111325,3.9375893870952083,1117,1051,561,566
12063240,Pessin,12.67573795775565,52.6509029885555,115.85867662663155,116.50507583808847,Pessin,25.291828793774318,26.058631921824105,0.7668031280497871,14.396887159533074,10.423452768729641,-3.9734343908034333,7.003891050583658,1.6286644951140066,-5.375226555469651,1.1673151750972763,0.0,-1.1673151750972763,29.182879377431906,37.13355048859935,7.950671111167441,13.229571984435797,3.583061889250814,-9.646510095184983,47.227191413237925,57.93357933579336,10.706387922555436,559,542,257,307
12063244,Premnitz,12.365952967040677,52.54451704196795,139.91049242509317,139.76024101048975,"Premnitz, Stadt",31.757081132981277,36.87802730074857,5.120946167767293,14.738358137301969,9.247027741083222,-5.491330396218746,5.784925588094095,1.210920299427565,-4.5740052886665294,3.072491598655785,0.5063848524878908,-2.566106746167894,22.083533365338454,31.7261118450022,9.642578479663747,15.14642342774844,2.752091589608102,-12.394331838140339,58.60678531701891,67.18061674008811,8.573831423069201,7192,6810,4166,4542
12063252,Rathenow,12.325287057407964,52.61016123030138,139.35675941823234,139.22353491305088,"Rathenow, Stadt",25.269547884388874,31.39516129032258,6.125613405933706,15.701730542719941,12.693548387096774,-3.0081821556231674,7.121500407719489,1.9838709677419355,-5.1376294399775535,3.497327172238833,0.5161290322580645,-2.9811981399807683,26.35679985503307,31.95967741935484,5.602877564321769,15.284950620639666,3.2661290322580645,-12.018821588381602,54.52192596933294,63.72724027133167,9.205314301998726,20478,19607,11037,12400
12063256,Retzow,12.683267735363938,52.624983929895635,116.66976511946757,116.17877056202511,Retzow,34.44976076555024,28.925619834710744,-5.5241409308394935,8.133971291866029,4.958677685950414,-3.1752936059156154,6.698564593301436,0.8264462809917356,-5.8721183123097,1.4354066985645932,0.4132231404958678,-1.0221835580687255,27.272727272727273,41.32231404958678,14.049586776859506,11.961722488038278,2.8925619834710745,-9.069160504567204,49.88290398126464,56.22119815668203,6.3382941754173885,427,434,209,242
12063260,Rhinow,12.321144341734813,52.75424178569542,134.13197881273757,134.19827983559279,"Rhinow, Stadt",22.22222222222222,23.751891074130107,1.5296688519078856,13.715277777777779,10.741301059001513,-2.9739767187762656,5.381944444444445,0.6051437216338881,-4.776800722810557,4.861111111111111,0.9077155824508321,-3.9533955286602787,33.854166666666664,44.93192133131619,11.077754664649525,12.847222222222221,3.177004538577912,-9.67021768364431,41.961067051189616,49.26253687315634,7.301469821966727,1387,1356,576,661
12063273,Schönwalde-Glien,13.041080639192558,52.639468195757956,94.76683792278935,94.68035782876686,Schönwalde-Glien,22.13157437944801,34.05885959534028,11.927285215892269,22.739107793785802,17.290006131207846,-5.449101662577956,15.379274431522305,5.027590435315757,-10.351683996206548,4.686686339177226,0.9809932556713673,-3.7056930835058584,21.0553723311925,27.084610668301657,6.029238337109156,6.248915118902969,1.6400980993255672,-4.608817019577401,72.61138613861387,77.20268203740737,4.591295898793504,8080,8501,5761,6524
12063274,Seeblick,12.357508739010592,52.682990586133926,134.32741589698747,133.46922069669523,Seeblick,27.07774798927614,29.166666666666668,2.0889186773905273,14.745308310991957,9.635416666666666,-5.109891644325291,12.600536193029491,1.8229166666666667,-10.777619526362825,3.753351206434316,0.2604166666666667,-3.4929345397676497,22.5201072386059,34.114583333333336,11.594476094727437,11.796246648793566,3.90625,-7.889996648793566,48.08673469387755,50.717079530638856,2.630344836761303,784,767,373,384
12063293,Stechow-Ferchesar,12.453928884033894,52.65274615366395,129.48929582439325,130.04393077419078,Stechow-Ferchesar,27.941176470588236,30.434782608695652,2.493606138107417,15.441176470588236,9.782608695652174,-5.658567774936062,4.901960784313726,1.5217391304347827,-3.380221653878943,3.4313725490196076,1.7391304347826086,-1.692242114236999,23.529411764705884,36.52173913043478,12.992327365728897,16.42156862745098,3.6956521739130435,-12.725916453537938,54.1501976284585,60.97240473061761,6.822207102159112,759,761,408,460
12063357,Wustermark,12.954379350057135,52.53985669323208,105.83286744769485,106.12127697906352,Wustermark,22.58347978910369,32.159165035877365,9.575685246773673,16.739894551845342,14.970645792563602,-1.7692487592817407,12.521968365553603,4.4520547945205475,-8.069913571033055,4.108084358523726,1.1904761904761905,-2.9176081680475354,22.627416520210897,27.82126549249837,5.193848972287473,11.818980667838312,2.853881278538813,-8.9650993892995,59.93744298188453,71.23980236699988,11.302359385115352,7673,8703,4552,6132
12064009,Alt Tucheband,14.537269244178344,52.528312910669364,65.40059365874983,64.51040484325993,Alt Tucheband,25.21246458923513,21.761658031088082,-3.450806558147047,11.614730878186968,6.217616580310881,-5.3971142978760875,4.81586402266289,2.0725388601036268,-2.743325162559263,3.1161473087818696,0.0,-3.1161473087818696,35.12747875354108,51.55440414507772,16.426925391536642,11.614730878186968,1.2953367875647668,-10.319394090622202,54.26829268292683,57.88690476190476,3.6186120789779324,656,672,353,386
12064029,Altlandsberg,13.776198931359588,52.59315204015228,63.194579588636124,62.55340750325001,"Altlandsberg, Stadt",26.93069306930693,26.711996114618746,-0.21869695468818406,12.297029702970297,10.830500242836328,-1.4665294601339696,7.801980198019802,1.9265015379634127,-5.875478660056389,3.485148514851485,0.825643516270034,-2.6595049985814514,26.91089108910891,33.26857697911608,6.357685890007165,12.891089108910892,2.7359559656791324,-10.15513314323176,64.30194395354708,76.22205846229427,11.92011450874719,7922,8142,5050,6177
12064044,Bad Freienwalde (Oder),14.065892861959554,52.81574570773739,32.379659505471935,32.55112394491358,"Bad Freienwalde (Oder), Stadt",22.91247944454595,26.993028190360715,4.080548745814763,13.210305134295632,11.185207638678387,-2.0250974956172456,5.7737986479079115,1.6974840860866929,-4.076314561821219,3.5629453681710213,0.4243710215216732,-3.138574346649348,28.375662342408187,35.919975750227344,7.544313407819157,16.937694134843778,2.940284934828736,-13.997409200015042,53.26410922026728,65.60872555762995,12.344616337362673,10401,10177,5473,6598
12064053,Beiersdorf-Freudenberg,13.810949119030287,52.697184087947704,52.07914332110213,52.258389934811134,Beiersdorf-Freudenberg,27.17391304347826,27.217125382262996,0.04321233878473407,18.115942028985508,10.397553516819572,-7.7183885121659355,6.884057971014493,2.7522935779816513,-4.131764393032842,2.536231884057971,1.2232415902140672,-1.312990293843904,27.536231884057973,37.308868501529055,9.772636617471083,9.057971014492754,2.7522935779816513,-6.305677436511102,56.1122244488978,64.07766990291262,7.965445454014819,499,515,276,327
12064057,Bleyen-Genschmar,14.536192008859015,52.61330971553464,56.448996275616615,56.527354630493896,Bleyen-Genschmar,24.083769633507853,28.29268292682927,4.208913293321416,17.801047120418847,6.341463414634147,-11.4595837057847,4.712041884816754,0.0,-4.712041884816754,4.18848167539267,0.0,-4.18848167539267,24.607329842931936,41.951219512195124,17.343889669263188,17.277486910994764,1.4634146341463414,-15.814072276848423,50.38961038961039,56.130790190735695,5.7411798011253055,385,367,191,205
12064061,Bliesdorf,14.146518600121874,52.676533163797764,46.14104917708037,45.489907418794736,Bliesdorf,18.559556786703602,21.899736147757256,3.3401793610536537,14.958448753462603,11.08179419525066,-3.8766545582119427,7.756232686980609,1.3192612137203166,-6.436971473260293,2.21606648199446,0.5277044854881267,-1.6883619965063335,37.119113573407205,48.02110817941953,10.901994606012323,10.803324099722992,2.1108179419525066,-8.692506157770486,47.786458333333336,50.26315789473684,2.4766995614035068,768,760,361,379
12064084,Buckow (Märkische Schweiz),14.05916568541239,52.56297589702544,59.59237142082206,59.247361925590575,"Buckow (Märkische Schweiz), Stadt",27.956989247311828,37.24007561436673,9.283086367054903,18.100358422939067,6.616257088846881,-11.484101334092186,17.025089605734767,10.01890359168242,-7.006186014052346,3.046594982078853,0.1890359168241966,-2.8575590652546565,16.129032258064516,25.141776937618147,9.01274467955363,12.186379928315413,5.482041587901701,-6.704338340413711,44.3921568627451,44.02985074626866,-0.3623061164764394,1275,1206,558,529
12064125,Falkenberg,13.924723745570441,52.784259652332004,39.7790015656768,39.869292176054444,Falkenberg,20.253164556962027,22.140608604407134,1.8874440474451077,11.852704257767549,6.40083945435467,-5.451864803412879,7.710011507479862,2.2035676810073452,-5.506443826472517,3.2220943613348676,1.0493179433368311,-2.1727764179980364,30.49482163406214,44.91080797481637,14.41598634075423,12.543153049482163,1.7838405036726128,-10.75931254580955,46.53255690841715,51.22470713525026,4.692150226833114,1889,1878,869,953
12064128,Falkenhagen (Mark),14.325322147521165,52.43160818738203,73.20858813485313,73.36849289074115,Falkenhagen (Mark),22.99651567944251,22.36024844720497,-0.6362672322375396,17.421602787456447,7.142857142857143,-10.278745644599304,4.181184668989547,1.8633540372670807,-2.3178306317224666,5.923344947735192,0.6211180124223602,-5.302226935312832,28.9198606271777,45.03105590062112,16.111195273443418,10.452961672473867,2.1739130434782608,-8.279048628995607,49.152542372881356,54.898648648648646,5.746106275767289,590,592,287,322
12064130,Fichtenhöhe,14.419729532446095,52.46069130608591,70.80438237506453,71.08482664114744,Fichtenhöhe,22.325581395348838,16.431924882629108,-5.89365651271973,17.209302325581394,6.572769953051643,-10.63653237252975,3.7209302325581395,2.347417840375587,-1.3735123921825525,6.511627906976744,0.4694835680751174,-6.042144338901627,32.55813953488372,49.29577464788732,16.7376351130036,9.767441860465116,4.225352112676056,-5.54208974778906,52.81173594132029,52.4390243902439,-0.3727115510763923,409,410,215,213
12064136,Fredersdorf-Vogelsdorf,13.745498364685186,52.51903283536816,71.43804688679265,71.80167167447398,Fredersdorf-Vogelsdorf,25.114029025570144,28.319611568503273,3.2055825429331293,15.590877677954389,12.307367532193371,-3.283510145761017,11.015894955079474,3.4621068186616,-7.553788136417874,3.5383552176917763,0.8549715009499683,-2.683383716741808,23.93918451969592,29.30124551403842,5.3620609943424995,12.107809260539046,2.7760185771585393,-9.331790683380508,61.93018132519912,77.90583619421285,15.97565486901373,11802,12234,7235,9474
12064153,Garzau-Garzin,14.007074330534435,52.54299767247562,62.55142248046731,63.02032802224533,Garzau-Garzin,24.0,25.87719298245614,1.8771929824561404,12.444444444444445,9.210526315789474,-3.2339181286549703,13.777777777777779,3.9473684210526314,-9.830409356725147,2.2222222222222223,1.3157894736842106,-0.9064327485380117,20.88888888888889,33.771929824561404,12.883040935672515,14.666666666666666,5.701754385964913,-8.964912280701753,47.77070063694268,51.111111111111114,3.3404104741684364,471,450,225,228
12064172,Golzow,14.493912870237622,52.57573981560691,59.48952081872615,59.65458216603616,Golzow,31.384615384615383,28.307692307692307,-3.0769230769230766,14.153846153846153,9.538461538461538,-4.615384615384615,2.1538461538461537,0.3076923076923077,-1.846153846153846,4.3076923076923075,0.3076923076923077,-4.0,26.76923076923077,40.0,13.23076923076923,14.461538461538462,2.769230769230769,-11.692307692307693,47.694524495677236,49.18032786885246,1.485803373175223,694,671,325,325
12064190,Gusow-Platkow,14.340537299676656,52.583687732240044,56.47799142253232,56.46689030726157,Gusow-Platkow,22.988505747126435,22.16117216117216,-0.8273335859542748,13.984674329501916,7.6923076923076925,-6.292366637194223,4.789272030651341,1.465201465201465,-3.324070565449876,2.2988505747126435,0.5494505494505495,-1.749400025262094,36.97318007662835,49.81684981684982,12.843669740221465,11.494252873563218,1.465201465201465,-10.029051408361752,52.14424951267056,54.509415262636274,2.365165749965712,1026,1009,522,546
12064205,Heckelberg-Brunow,13.819299171943056,52.73248783086174,48.517107429856765,48.44084122694874,Heckelberg-Brunow,17.857142857142858,24.836601307189543,6.979458450046685,9.285714285714286,5.882352941176471,-3.4033613445378155,7.5,1.9607843137254901,-5.53921568627451,1.7857142857142858,0.0,-1.7857142857142858,31.785714285714285,47.38562091503268,15.599906629318397,19.642857142857142,0.9803921568627451,-18.662464985994397,48.0,50.90909090909091,2.9090909090909065,600,605,280,306
12064222,Höhenland,13.929726705183796,52.71167020416148,46.681978833970966,46.94286521198665,Höhenland,23.46723044397463,27.239488117001827,3.772257673027198,14.799154334038056,8.775137111517367,-6.024017222520689,7.188160676532769,1.2797074954296161,-5.9084531811031535,4.2283298097251585,0.5484460694698354,-3.679883740255323,30.866807610993657,37.47714808043876,6.610340469445102,10.993657505285412,3.290676416819013,-7.7029810884664,56.705882352941174,61.24031007751938,4.534427724578208,850,903,473,547
12064227,Hoppegarten,13.640844711964391,52.55020551242572,72.07012428286959,74.58335317702507,Hoppegarten,21.75262144232827,29.822299972378236,8.069678530049966,14.466081746201583,11.79449406132032,-2.6715876848812634,12.165632356088166,3.701316637510358,-8.464315718577808,4.269206077466296,0.7734094466439554,-3.4957966308223405,21.420928739567728,26.00128901574441,4.58036027617668,16.006847849347313,3.1765030844305313,-12.83034476491678,63.18421228081872,71.94254085397996,8.758328573161243,14999,15176,9346,10861
12064266,Küstriner Vorland,14.578386954027012,52.566703056690486,62.31461980232392,62.24770469062257,Küstriner Vorland,22.608695652173914,20.510483135824977,-2.098212516348937,14.456521739130435,5.925250683682771,-8.531271055447665,3.369565217391304,0.3646308113035551,-3.004934406087749,2.0652173913043477,0.45578851412944393,-1.6094288771749037,37.93478260869565,49.498632634457614,11.563850025761965,12.608695652173912,1.6408386508659982,-10.967857001307914,44.876660341555976,53.30758087880251,8.430920537246536,2108,2071,920,1097
12064268,Lebus,14.517830629584363,52.439959037082744,74.47351054421314,75.0077348179877,"Lebus, Stadt",26.02006688963211,25.737817433081673,-0.282249456550435,17.525083612040135,10.981468771448181,-6.543614840591953,6.889632107023411,1.6472203157172272,-5.242411791306184,4.615384615384615,0.4118050789293068,-4.203579536455308,28.695652173913043,38.297872340425535,9.602220166512492,8.42809364548495,2.059025394646534,-6.369068250838415,56.464872944693575,55.46376267367631,-1.001110271017268,2676,2663,1495,1457
12064274,Letschin,14.377148941121535,52.67612063641345,46.71925350343018,47.41059367746354,Letschin,28.007889546351084,29.05146746065504,1.043577914303956,16.913214990138066,10.931518502764781,-5.981696487373284,7.741617357001973,2.6371756699276903,-5.104441687074282,2.0710059171597632,0.21267545725223308,-1.85833045990753,25.2465483234714,32.113994045087196,6.867445721615795,11.68639053254438,2.807316035729477,-8.879074496814903,60.381231671554254,73.35394126738794,12.972709595833685,3410,3235,2028,2351
12064288,Lietzen,14.327482050932344,52.47295603758671,68.63754946282315,68.60970020485145,Lietzen,26.122448979591837,21.501706484641637,-4.6207424949502,11.83673469387755,6.143344709897611,-5.69338998397994,4.8979591836734695,0.3412969283276451,-4.556662255345825,2.4489795918367347,0.3412969283276451,-2.1076826635090895,35.10204081632653,48.4641638225256,13.36212300619907,8.979591836734693,1.7064846416382253,-7.273107195096468,47.5,53.34538878842676,5.84538878842676,520,553,245,293
12064290,Lindendorf,14.436573601363412,52.4943737421062,67.332993195771,67.0680926764646,Lindendorf,24.397590361445783,27.62589928057554,3.2283089191297556,12.951807228915662,6.906474820143885,-6.0453324087717775,7.530120481927711,1.1510791366906474,-6.379041345237064,3.1626506024096384,0.28776978417266186,-2.8748808182369765,32.98192771084337,42.73381294964029,9.751885238796916,9.789156626506024,2.8776978417266186,-6.911458784779406,58.095238095238095,60.44905008635578,2.353811991117688,1155,1158,664,695
12064303,Märkische Höhe,14.13307998248184,52.614557386359145,53.094905840937294,53.17633027892668,Märkische Höhe,32.38434163701068,26.402640264026402,-5.981701372984276,12.811387900355871,9.24092409240924,-3.5704638079466307,8.185053380782918,3.9603960396039604,-4.224657341178958,0.7117437722419929,0.0,-0.7117437722419929,28.469750889679716,37.29372937293729,8.823978483257576,9.252669039145907,4.62046204620462,-4.632206992941287,57.17131474103586,60.15625,2.9849352589641427,502,512,281,303
12064317,Müncheberg,14.15882539989565,52.525081054898315,62.80256803033371,64.14693410557037,"Müncheberg, Stadt",24.34248977206312,26.925898752751284,2.583408980688162,13.26709526592636,7.3612130105160185,-5.905882255410341,11.864406779661017,4.0596722915138175,-7.8047344881472,2.074810052600818,0.586940572267058,-1.4878694803337602,26.271186440677965,34.04255319148936,7.771366750811396,12.478082992402104,4.695524578136464,-7.78255841426564,60.63792499123729,72.93537594646945,12.297450955232158,5706,5679,3422,4089
12064336,Neuenhagen bei Berlin,13.702690280926635,52.52299368154084,72.4416038956428,72.1440820846721,Neuenhagen bei Berlin,24.471479856402073,29.44499017681729,4.973510320415215,13.36258476266454,12.14800261951539,-1.2145821431491495,12.963701635420822,5.492796332678455,-7.470905302742367,4.208216992421221,0.9495743287491814,-3.2586426636720396,18.777423214998006,23.92763588736084,5.150212672362834,13.512165935380933,3.069744597249509,-10.442421338131425,64.81600205154507,77.34222613729315,12.526224085748083,15598,15893,10028,12216
12064340,Neuhardenberg,14.240825698214016,52.603920734085435,53.80485378239861,53.13971187056594,Neuhardenberg,23.890063424947147,21.892925430210326,-1.9971379947368213,14.587737843551798,6.9789674952198855,-7.6087703483319125,5.07399577167019,1.0516252390057361,-4.022370532664453,2.536997885835095,0.3824091778202677,-2.154588708014827,29.70401691331924,44.93307839388145,15.229061480562212,15.750528541226215,2.9636711281070744,-12.78685741311914,46.61835748792271,53.33667837431008,6.7183208863873745,2070,1993,946,1046
12064349,Neulewin,14.293828221616328,52.7463054380734,38.15003782322987,37.92388155715639,Neulewin,23.774509803921568,26.609442060085836,2.8349322561642687,18.137254901960784,4.935622317596566,-13.201632584364217,6.127450980392157,1.7167381974248928,-4.4107127829672645,2.9411764705882355,0.2145922746781116,-2.726584195910124,32.35294117647059,50.42918454935622,18.076243372885635,9.068627450980392,1.2875536480686696,-7.781073802911722,52.1356783919598,57.810578105781055,5.6748997138212545,796,813,408,466
12064365,Neutrebbin,14.25123794081873,52.678680271532706,45.496942537118166,45.504973176647255,Neutrebbin,25.0,24.850299401197606,-0.14970059880239361,20.632530120481928,6.736526946107785,-13.896003174374144,4.819277108433735,1.9461077844311376,-2.873169324002598,2.4096385542168677,0.7485029940119761,-1.6611355602048916,28.162650602409638,42.51497005988024,14.352319457470603,7.680722891566265,1.1976047904191616,-6.483118101147103,57.51911639762107,59.3235039028621,1.8043875052410314,1177,1153,664,668
12064370,Oberbarnim,14.015986394501503,52.60117168542259,56.141192596537834,56.281557587709884,Oberbarnim,30.845070422535212,25.813692480359148,-5.031377942176064,12.535211267605634,6.846240179573513,-5.688971088032121,10.56338028169014,4.601571268237935,-5.961809013452205,2.816901408450704,0.6734006734006734,-2.1435007350500306,24.507042253521128,37.82267115600449,13.315628902483361,11.971830985915492,4.601571268237935,-7.370259717677557,50.99290780141844,55.61035758323058,4.617449781812141,1410,1622,710,891
12064371,Oderaue,14.172755837310117,52.77877181046209,34.634091709860655,34.17896460673135,Oderaue,23.70860927152318,26.91292875989446,3.2043194883712793,11.788079470198676,5.013192612137203,-6.774886858061473,7.0198675496688745,2.638522427440633,-4.381345122228241,3.8410596026490067,0.6596306068601583,-3.181428995788848,32.450331125827816,44.5910290237467,12.140697897918884,13.774834437086092,1.9788918205804749,-11.795942616505616,55.44340302811824,56.56639765223771,1.122994624119471,1387,1363,755,758
12064380,Petershagen/Eggersdorf,13.79114980465589,52.53201527968806,68.75717514723668,68.67454083516617,Petershagen/Eggersdorf,24.4693680656054,29.545454545454547,5.076086479849145,14.025566811384467,11.905222437137331,-2.1203443742471357,12.047756874095514,4.090909090909091,-7.956847783186423,4.462132175590931,1.0058027079303675,-3.456329467660563,21.201157742402316,26.827852998065765,5.626695255663449,13.16931982633864,3.1528046421663443,-10.016515184172295,65.38972715190368,80.06764547620878,14.677918324305097,12791,13009,8292,10340
12064388,Podelzig,14.535017012835226,52.47706177996292,70.80580315927838,71.10185208504123,Podelzig,27.548209366391184,25.15991471215352,-2.388294654237665,18.181818181818183,7.249466950959488,-10.932351230858696,4.958677685950414,1.492537313432836,-3.466140372517578,3.8567493112947657,0.0,-3.8567493112947657,26.99724517906336,40.72494669509595,13.727701516032592,11.845730027548209,1.0660980810234542,-10.779631946524754,51.39275766016713,64.1891891891892,12.796431529022065,718,740,363,469
12064393,Prötzel,13.932207360644492,52.65931424612592,51.90241791316938,51.49765965080685,Prötzel,33.25526932084309,18.71101871101871,-14.544250609824381,7.962529274004684,6.652806652806653,-1.3097226211980306,7.259953161592506,4.781704781704781,-2.4782483798877246,2.810304449648712,1.2474012474012475,-1.5629032022474645,25.995316159250585,43.03534303534303,17.040026876092448,14.754098360655737,2.9106029106029108,-11.843495450052826,52.27272727272727,53.591160220994475,1.3184329482672013,836,905,427,481
12064408,Rehfelde,13.945585726812405,52.5098843268083,67.22435659614747,67.34073356375394,Rehfelde,26.673866090712743,26.25,-0.4238660907127425,14.47084233261339,8.839285714285714,-5.631556618327677,8.585313174946004,2.142857142857143,-6.442456032088861,2.2678185745140387,0.8928571428571429,-1.3749614316568959,26.511879049676025,37.67857142857143,11.166692378895405,12.36501079913607,1.8303571428571428,-10.534653656278927,43.394474111910846,50.77755240027045,7.383078288359606,4307,4437,1852,2240
12064417,Reichenow-Möglin,14.066477986700425,52.65338500131058,49.665173788205564,49.57337270603034,Reichenow-Möglin,27.93103448275862,30.100334448160535,2.1692999654019154,12.068965517241379,6.354515050167224,-5.714450467074155,12.068965517241379,4.013377926421405,-8.055587590819975,4.137931034482759,0.33444816053511706,-3.803482873947642,25.517241379310345,37.792642140468224,12.27540076115788,9.310344827586206,5.68561872909699,-3.6247260984892167,59.716599190283404,61.17886178861789,1.4622625983344832,494,492,290,299
12064420,Reitwein,14.594765623725333,52.497756233726754,69.88154787088958,69.77629846918113,Reitwein,27.800829875518673,28.41328413284133,0.612454257322657,12.448132780082988,7.749077490774908,-4.69905528930808,4.564315352697095,2.2140221402214024,-2.350293212475693,2.4896265560165975,0.36900369003690037,-2.1206228659796973,34.439834024896264,40.95940959409594,6.519575569199674,10.78838174273859,1.1070110701107012,-9.681370672627889,61.29032258064516,67.32186732186732,6.031544741222156,403,407,241,271
12064428,Rüdersdorf bei Berlin,13.828351591187221,52.48368841224649,72.6426040422084,72.97084825651778,Rüdersdorf bei Berlin,27.162576687116566,25.90554791380101,-1.2570287733155574,15.874233128834355,10.912425492893169,-4.961807635941186,7.285276073619632,1.8454837230628152,-5.439792350556816,2.6226993865030677,0.7794589637780834,-1.8432404227249841,26.441717791411044,34.68592388812471,8.244206096713668,11.855828220858896,2.728106373223292,-9.127721847635604,50.48426150121065,67.19298245614036,16.708720954929703,13216,13110,6520,8724
12064448,Seelow,14.403439913232674,52.55325884643757,60.47469077654609,60.48602738076351,"Seelow, Stadt",26.256751142501038,28.537414965986393,2.280663823485355,13.793103448275861,9.047619047619047,-4.745484400656814,5.276277523888658,0.9863945578231292,-4.289882966065528,3.157457415870378,0.3741496598639456,-2.7833077560064323,28.126298296634815,34.82993197278912,6.703633676154304,14.997922725384296,3.36734693877551,-11.630575786608786,54.99096657633243,69.22359524364654,14.23262866731411,4428,4289,2407,2940
12064472,Strausberg,13.904728724225052,52.55847500087799,63.00247236486494,62.26117181853903,"Strausberg, Stadt",26.033881415047336,28.386590864536366,2.35270944948903,10.81215744892875,9.253087629876495,-1.5590698190522545,9.059956817804352,3.058223877671045,-6.001732940133307,3.055970768975253,0.7318826373913612,-2.324088131583892,21.325361235675135,28.275501535646605,6.950140299971469,19.971765487460555,5.319218453897928,-14.652547033562627,55.11754068716094,69.0009378768255,13.883397189664564,22120,22391,12042,15303
12064480,Treplin,14.400775560075642,52.39230175827649,78.11934779537856,78.05716646379032,Treplin,23.645320197044335,18.055555555555557,-5.589764641488777,13.300492610837438,9.722222222222221,-3.5782703886152163,4.433497536945813,2.314814814814815,-2.1186827221309983,1.9704433497536946,0.46296296296296297,-1.5074803867907316,33.99014778325123,47.68518518518518,13.695037401933952,10.83743842364532,1.3888888888888888,-9.448549534756431,60.8955223880597,69.23076923076923,8.335246842709523,335,312,203,216
12064482,Vierlinden,14.309001451995941,52.519207050778576,63.40798359135174,63.36199706896949,Vierlinden,26.41509433962264,26.40901771336554,-0.006076626257101481,14.513788098693759,9.500805152979066,-5.012982945714693,8.99854862119013,1.288244766505636,-7.7103038546844935,3.193033381712627,0.0,-3.193033381712627,20.4644412191582,35.42673107890499,14.962289859746793,15.965166908563136,4.3478260869565215,-11.617340821606614,58.7893864013267,52.460383653044204,-6.329002748282498,1206,1199,689,621
12064484,Waldsieversdorf,14.0647368839776,52.53681886559767,62.3738409071909,62.30325907393031,Waldsieversdorf,26.737967914438503,29.620253164556964,2.8822852501184606,21.122994652406415,7.848101265822785,-13.274893386583631,7.219251336898396,4.30379746835443,-2.915453868543966,1.6042780748663101,0.759493670886076,-0.8447844039802341,20.32085561497326,34.177215189873415,13.856359574900154,13.636363636363637,3.5443037974683542,-10.092059838895283,54.01146131805157,56.056338028169016,2.0448767101174425,698,710,374,395
12064512,Wriezen,14.084469932145181,52.72286735938484,41.8687721110985,42.10514288344473,"Wriezen, Stadt",25.47139661233621,27.75169535732916,2.280298744992951,12.879514221796102,8.242044861763171,-4.637469360032931,5.72067753275807,0.8346374543557642,-4.8860400784023055,4.218600191754554,0.99113197704747,-3.227468214707084,33.940556088207096,40.375586854460096,6.435030766253,11.53723234260147,2.0344287949921753,-9.502803547609295,51.49983697424193,65.61546286876907,14.115625894527142,6134,5898,3129,3834
12064538,Zechin,14.456376691675112,52.61100504741302,55.01584455683753,55.00395711092867,Zechin,24.372759856630825,27.92207792207792,3.549318065447096,15.053763440860216,6.1688311688311686,-8.884932272029047,7.168458781362007,2.5974025974025974,-4.57105618395941,2.5089605734767026,0.974025974025974,-1.5349345994507286,30.82437275985663,47.4025974025974,16.57822464274077,13.261648745519713,1.948051948051948,-11.313596797467765,50.26362038664323,55.87703435804702,5.613413971403787,569,553,279,308
12064539,Zeschdorf,14.407698359529928,52.417811815166765,75.38005158649378,75.12223433809746,Zeschdorf,28.163992869875223,24.061433447098977,-4.102559422776245,9.62566844919786,8.532423208191126,-1.0932452410067341,6.238859180035651,1.1945392491467577,-5.044319930888893,1.6042780748663101,0.5119453924914675,-1.0923326823748427,30.303030303030305,38.56655290102389,8.263522597993585,14.616755793226382,2.901023890784983,-11.715731902441398,53.80997177798683,55.83804143126177,2.0280696532749403,1063,1062,561,586
12065036,Birkenwerder,13.31511107745267,52.703402051880055,75.38456743898398,75.98414341468836,Birkenwerder,25.142135186355024,34.79309704954537,9.65096186319035,15.118972415245315,14.065689367229542,-1.053283048015773,18.782901663508106,7.144182594173316,-11.63871906933479,4.5062118340703305,1.2432733345704212,-3.262938499499909,17.730048431248683,20.987196140285768,3.257147709037085,9.475679090334808,2.931898311375023,-6.543780778959785,71.66192117488386,80.83009853687668,9.168177361992818,6673,6698,4749,5389
12065084,Fürstenberg/Havel,13.248260397725197,53.15234305048775,66.64159251172127,69.54685271516298,"Fürstenberg/Havel, Stadt",25.594493116395494,27.091748413156377,1.4972552967608834,19.336670838548184,12.925562608193884,-6.4111082303543,9.449311639549437,3.260242354298904,-6.189069285250533,2.127659574468085,0.51933064050779,-1.608328933960295,26.6270337922403,32.42931332948644,5.8022795372461395,8.16645807259074,3.346797461050202,-4.819660611540537,65.58752997601918,71.66358215093564,6.076052174916455,5004,4863,3196,3466
12065096,Glienicke/Nordbahn,13.332560043779361,52.63300348526601,79.21595109612228,79.39502275169073,Glienicke/Nordbahn,25.662005355548942,35.14558103581551,9.483575680266568,21.347813150847962,21.46354032465859,0.11572717381062958,18.327878607557274,6.4158721978871425,-11.91200640967013,6.605177030645641,1.7778922958000516,-4.827284734845589,15.93275810770604,18.92553465601649,2.9927765483104523,6.129128235644154,2.3447565060551403,-3.7843717295890134,67.003367003367,77.0242214532872,10.020854449920193,10098,10115,6722,7762
12065100,Gransee,13.16318187928409,53.06196918052823,72.07758305223454,71.5668325082555,"Gransee, Stadt",28.586278586278585,30.065359477124183,1.479080890845598,16.83991683991684,9.943977591036415,-6.895939248880424,7.64033264033264,2.4743230625583568,-5.166009577774283,1.8711018711018712,0.7002801120448179,-1.1708217590570533,25.467775467775468,37.908496732026144,12.440721264250676,12.058212058212058,2.380952380952381,-9.677259677259677,40.201521694427306,46.157121566957635,5.955599872530328,4863,4697,1924,2142
12065117,Großwoltersdorf,13.10489338053098,53.089812671896205,75.90274014635455,75.74780630198751,Großwoltersdorf,29.080118694362017,27.5,-1.5801186943620174,9.792284866468842,6.25,-3.542284866468842,13.056379821958457,6.0,-7.056379821958457,1.4836795252225519,1.0,-0.48367952522255186,27.596439169139465,40.75,13.153560830860535,11.572700296735905,2.25,-9.322700296735905,51.06060606060606,62.61538461538461,11.55477855477855,660,650,337,400
12065136,Hennigsdorf,13.205114739528895,52.62980181062632,86.2081588634605,86.49586873107668,"Hennigsdorf, Stadt",32.618355836609126,34.76146853639631,2.1431126997871814,12.467954195863955,11.789162145021493,-0.6787920508424623,11.929584686378396,3.9954900993587485,-7.934094587019647,3.2900358913006325,0.7751391727151011,-2.5148967185855313,22.27824303537857,27.679515185681066,5.401272150302496,9.801743291745002,2.649566626735255,-7.152176665009747,54.58948339483395,67.18105065666042,12.59156726182647,21680,21320,11702,14191
12065144,Hohen Neuendorf,13.32289582705432,52.68438298893381,76.19084687942346,78.56396255125317,"Hohen Neuendorf, Stadt",24.58557882529504,35.37935431519156,10.793775489896522,17.988948768674536,17.353503738480264,-0.6354450301942727,18.882597721536257,6.943719932765316,-11.938877788770942,4.311344566477931,1.3504897698950906,-2.960854796582841,17.027082338495124,20.222569987828205,3.1954876493330815,8.8341633126407,2.156146757085724,-6.678016555554976,68.92433995708555,78.83855137001864,9.914211412933085,21438,22007,14659,17253
12065165,Kremmen,13.052440588493807,52.79770087258691,85.96316691670292,87.98367673741721,"Kremmen, Stadt",26.94286487950176,29.136010090393103,2.1931452108913447,15.082588681288925,13.958377128442296,-1.1242115528466297,8.367181153533712,2.7117931469413494,-5.6553880065923625,3.22231248307609,0.567584612150515,-2.6547278709255746,25.074465204440834,30.481395837712846,5.406930633272012,8.285946385052803,1.9550136640739961,-6.330932720978807,60.118761033541965,76.09039190897597,15.971630875434009,6231,6328,3693,4757
12065180,Leegebruch,13.195417671883526,52.72399872636407,80.96256251154358,81.2483986274591,Leegebruch,24.387588459444746,29.52536063285249,5.137772173407743,18.78062057702776,14.14611447184737,-4.634506105180391,8.410451823625475,2.1405304792926945,-6.269921344332781,3.538377789874796,1.0004653327128896,-2.537912457161906,26.510615133369626,33.364355514192646,6.8537403808230195,9.444746869896571,2.16379711493718,-7.280949754959391,65.37256267409471,75.75651565506385,10.383952980969141,5744,5717,3674,4298
12065193,Liebenwalde,13.381329386510341,52.864704032958834,62.65116273047445,61.874271945020766,"Liebenwalde, Stadt",22.556762092793683,24.51127819548872,1.9545161026950382,19.545903257650544,13.1203007518797,-6.4256025057708435,7.650542941757157,2.218045112781955,-5.432497828975203,4.244817374136229,0.7142857142857143,-3.5305316598505145,25.17275419545903,37.18045112781955,12.00769693236052,11.895360315893386,2.255639097744361,-9.639721218149026,55.61858454889249,71.32606962529897,15.707485076406478,3702,3763,2026,2660
12065198,Löwenberger Land,13.212454675675565,52.87838109294626,72.69240506888073,74.34821433873866,Löwenberger Land,27.19943087502964,29.093221878975104,1.8937910039454628,18.14085843016362,11.593676176630929,-6.547182253532693,8.394593312781598,2.6167544975467925,-5.777838815234806,3.1776144178325825,0.7995638742504089,-2.3780505435821735,24.80436329143941,33.05469743776122,8.250334146321809,9.17714014702395,1.6536434671997093,-7.523496679824241,59.97471199775218,76.81899765290625,16.844285655154067,7118,7243,4217,5503
12065225,Mühlenbecker Land,13.37535519109701,52.68343985344803,73.43128140278174,73.7878752581388,Mühlenbecker Land,24.17557425517398,31.781070456607196,7.6054962014332155,18.842392540368433,16.701945368410442,-2.140447171957991,15.237662042301569,5.311964519705675,-9.925697522595893,3.7411871730725497,1.1389980848704768,-2.602189088202073,18.956106436206504,24.27174679971777,5.3156403635112675,7.948601319081192,2.096562846487249,-5.852038472593943,71.50641025641026,78.74251497005989,7.236104713649624,12480,12692,8794,9921
12065251,Oberkrämer,13.090487349279492,52.68452892871427,89.3013732076471,87.92853937367771,Oberkrämer,26.745123327422213,32.02328966521106,5.278166337788846,19.0230533612768,16.858541749371444,-2.1645116119053576,12.268257294857326,4.459441577345507,-7.808815717511819,4.401096243753023,0.9527590313616514,-3.4483372123913716,21.892632597130422,27.577080852190022,5.6844482550596,6.238916653232307,1.733492126505227,-4.50542452672708,64.74597273853779,77.02922077922078,12.283248040682992,9684,9856,6203,7557
12065256,Oranienburg,13.297608269732153,52.77835768693616,71.97456838323127,72.9785309526641,"Oranienburg, Stadt",26.40686550365785,31.054580110699753,4.647714607041902,14.903395235415495,12.045013012719474,-2.8583822226960205,10.302945038454324,3.672885891279645,-6.630059147174679,3.784468204839617,0.9163886954290532,-2.868079509410564,23.865128493716,29.24746160331366,5.38233310959766,10.659350966047645,2.9214471610278214,-7.737903805019824,57.83313244944422,70.73923555738465,12.906103107940424,37335,38878,21324,27281
12065276,Schönermark,13.10505630869967,53.004887502475256,76.52126584523344,76.127484400762,Schönermark,16.875,19.48051948051948,2.6055194805194795,16.875,7.792207792207792,-9.082792207792208,3.125,3.896103896103896,0.7711038961038961,5.625,0.0,-5.625,39.375,39.61038961038961,0.23538961038961048,11.25,7.792207792207792,-3.457792207792208,45.50561797752809,46.98795180722892,1.4823338297008277,356,332,160,154
12065301,Sonnenberg,13.049436457130671,53.01078183233884,80.14681999409714,78.8526043495686,Sonnenberg,23.756906077348066,24.759615384615383,1.0027093072673168,16.574585635359117,10.336538461538462,-6.2380471738206555,3.867403314917127,0.4807692307692308,-3.386634084147896,2.2099447513812156,0.2403846153846154,-1.9695601359966002,37.29281767955801,43.50961538461539,6.216797705057374,6.629834254143646,2.4038461538461537,-4.225988100297492,50.47879616963064,59.20679886685552,8.72800269722488,731,706,362,416
12065310,Stechlin,13.01949492985378,53.12272522739638,81.68512433874368,81.08469850100506,Stechlin,27.82931354359926,29.739776951672862,1.9104634080736034,16.697588126159555,7.806691449814126,-8.89089667634543,11.688311688311689,4.646840148698884,-7.041471539612805,3.1539888682745825,0.7434944237918215,-2.4104944444827607,21.521335807050093,33.08550185873606,11.564166051685966,12.430426716141001,3.903345724907063,-8.527080991233937,52.86686103012634,54.28286852589641,1.4160074957700743,1029,1004,539,538
12065332,Velten,13.198466623024423,52.68865814256631,82.84737132523574,82.99410126763594,"Velten, Stadt",28.51270553064275,29.974669293554744,1.4619637629119921,12.89237668161435,12.032085561497325,-0.860291120117024,9.13677130044843,2.209400506614129,-6.927370793834301,3.9050822122571,1.0132282578103011,-2.891853954446799,27.765321375186847,34.23867154517309,6.473350169986244,8.071748878923767,2.0264565156206023,-6.045292363303165,53.735774369124194,69.28060336491974,15.544828995795548,10105,10342,5352,7106
12065356,Zehdenick,13.35602578061807,52.99267698386468,60.082437528811305,61.018441217419806,"Zehdenick, Stadt",29.486948694869486,29.563300730128116,0.07635203525862977,16.813681368136812,11.461633833861413,-5.3520475342754,7.4527452745274525,1.598016255682601,-5.854729018844852,2.6102610261026102,0.4821600771456123,-2.1281009489569978,26.534653465346533,35.74872571979611,9.21407225444958,8.712871287128714,1.9424163107866097,-6.770454976342104,48.487206085753805,65.1840627506908,16.696856664936995,11568,11219,5555,7259
12066008,Altdöbern,14.07137624887995,51.65640774713835,159.60089145917405,160.29918444021246,Altdöbern,33.55855855855856,30.473372781065088,-3.0851857774934714,12.95045045045045,9.566074950690336,-3.3843754997601145,4.504504504504505,1.9723865877712032,-2.532117916733301,2.9279279279279278,1.2820512820512822,-1.6458766458766456,29.054054054054053,38.95463510848126,9.90058105442721,9.90990990990991,1.9723865877712032,-7.9375233221387065,43.6319612590799,51.69792194627471,8.06596068719481,2065,1973,888,1014
12066041,Bronkow,13.914247500141597,51.65379199806298,161.00572971231873,160.76637946523903,Bronkow,20.0,29.320987654320987,9.320987654320987,21.311475409836067,11.728395061728396,-9.583080348107671,4.918032786885246,0.6172839506172839,-4.300748836267962,5.573770491803279,1.8518518518518519,-3.7219186399514266,30.491803278688526,36.72839506172839,6.2365917830398665,11.475409836065573,1.2345679012345678,-10.240841934831005,61.75298804780876,70.3225806451613,8.569592597352532,502,465,305,324
12066052,Calau,13.949362134067377,51.759321470940606,149.05027726727067,150.68065599706907,"Calau, Stadt",27.679222357229648,33.1063829787234,5.427160621493755,17.399756986634266,11.085106382978724,-6.314650603655542,6.123936816524909,1.702127659574468,-4.421809156950441,4.155528554070474,0.6595744680851063,-3.495954085985368,24.617253948967193,31.06382978723404,6.446575838266849,12.053462940461726,3.404255319148936,-8.64920762131279,61.80142687277051,72.3885155772755,10.587088704504986,6728,6548,4115,4700
12066064,Frauendorf,13.775021210240398,51.429116831337666,187.16643421610172,186.86444953068016,Frauendorf,22.311827956989248,21.024258760107816,-1.2875691968814316,20.161290322580644,9.433962264150944,-10.7273280584297,2.4193548387096775,0.0,-2.4193548387096775,5.376344086021505,0.2695417789757412,-5.106802307045764,36.82795698924731,48.24797843665768,11.42002144741037,6.182795698924731,0.8086253369272237,-5.374170361997507,63.45177664974619,63.790186125211505,0.33840947546531197,591,591,372,371
12066104,Großkmehlen,13.71047397297419,51.39330027811999,191.8750336149903,192.59725954099167,Großkmehlen,20.610687022900763,21.774193548387096,1.1635065254863335,20.610687022900763,11.290322580645162,-9.3203644422556,4.580152671755725,0.8064516129032258,-3.773701058852499,2.8625954198473282,0.8064516129032258,-2.0561438069441023,44.274809160305345,50.806451612903224,6.531642452597879,3.6259541984732824,1.2096774193548387,-2.4162767791184434,57.06580366774541,55.12679162072767,-1.9390120470177408,927,907,524,496
12066112,Großräschen,13.974297827806248,51.59609684882544,166.8758960800891,167.09454417532416,"Großräschen, Stadt",35.17931202732374,30.706860706860706,-4.472451320463033,11.97853134910954,8.711018711018712,-3.267512638090828,3.5130519638936324,1.1434511434511434,-2.369600820442489,2.683581361307636,0.4573804573804574,-2.226200903927179,29.519394974383996,37.65072765072765,8.131332676343657,9.221761405220786,2.3076923076923075,-6.914069097528478,56.48626597769921,70.05722460658083,13.57095862888162,7354,6990,4099,4810
12066116,Grünewald,13.986849930738236,51.394746010832286,189.07899598360137,188.64855443256886,Grünewald,21.794871794871796,19.032258064516128,-2.7626137303556675,12.179487179487179,11.290322580645162,-0.8891645988420169,1.9230769230769231,0.967741935483871,-0.9553349875930521,8.012820512820513,1.2903225806451613,-6.722497932175352,45.833333333333336,50.96774193548387,5.134408602150536,4.8076923076923075,0.967741935483871,-3.8399503722084365,67.88793103448276,69.73094170403587,1.8430106695531094,464,446,312,310
12066120,Guteborn,13.935158675389548,51.42370054697089,186.2309100732037,186.10781984957092,Guteborn,18.91891891891892,23.954372623574145,5.035453704655225,19.69111969111969,10.26615969581749,-9.424959995302201,4.2471042471042475,1.1406844106463878,-3.1064198364578597,4.2471042471042475,0.7604562737642585,-3.486647973339989,40.15444015444015,44.866920152091254,4.712479997651101,8.494208494208495,1.1406844106463878,-7.353524083562107,56.76855895196506,58.498896247240616,1.7303372952755538,458,453,259,263
12066124,Hermsdorf,13.898673018858041,51.399154532151584,189.23405603348937,189.26199039801486,Hermsdorf,23.097112860892388,19.18465227817746,-3.912460582714928,21.522309711286088,10.071942446043165,-11.450367265242923,2.3622047244094486,0.0,-2.3622047244094486,3.937007874015748,0.23980815347721823,-3.69719972053853,38.32020997375328,52.278177458033575,13.957967484280296,5.774278215223097,1.1990407673860912,-4.575237447837006,57.0162481536189,66.30094043887148,9.284692285252575,677,638,381,417
12066132,Hohenbocka,14.002511816214552,51.431055486966805,184.9610182387698,185.00547993031157,Hohenbocka,17.117117117117118,18.577981651376145,1.4608645342590272,17.34234234234234,9.174311926605505,-8.168030415736837,3.6036036036036037,0.22935779816513763,-3.374245805438466,5.18018018018018,0.9174311926605505,-4.26274898751963,44.81981981981982,54.12844036697248,9.308620547152657,6.081081081081081,0.0,-6.081081081081081,55.24728588661037,53.593179049939096,-1.654106836671275,829,821,444,436
12066168,Kroppen,13.805529556868455,51.39147719319186,190.9624466740961,191.068617183092,Kroppen,14.87603305785124,21.842105263157894,6.966072205306654,32.5068870523416,13.947368421052632,-18.559518631288967,4.40771349862259,0.7894736842105263,-3.618239814412063,6.0606060606060606,1.0526315789473684,-5.007974481658692,30.578512396694215,46.8421052631579,16.263592866463682,3.3057851239669422,0.0,-3.3057851239669422,61.447811447811446,67.01388888888889,5.566077441077439,594,576,363,380
12066176,Lauchhammer,13.727318022316526,51.50378238084732,179.58529642798558,179.2610462804166,"Lauchhammer, Stadt",22.926025756214436,24.14486921529175,1.2188434590773127,17.31057202755316,9.846579476861168,-7.463992550691993,3.3093740640910454,1.0311871227364184,-2.278186941354627,4.25277029050614,0.6161971830985915,-3.6365731074075485,34.63611859838275,41.07142857142857,6.435309973045818,10.392333033842467,2.8043259557344062,-7.5880070781080615,53.490022872466284,68.30656810264253,14.816545230176246,12679,11769,6678,7952
12066188,Lindenau,13.736194830379691,51.40200447901378,190.59984200239316,190.4327426545011,Lindenau,15.277777777777779,15.989159891598916,0.7113821138211378,18.333333333333332,16.802168021680217,-1.5311653116531154,2.5,0.5420054200542005,-1.9579945799457996,3.888888888888889,1.084010840108401,-2.8048780487804876,45.27777777777778,46.883468834688344,1.6056910569105654,6.666666666666667,0.27100271002710025,-6.3956639566395665,57.91139240506329,60.03210272873194,2.1207103236686535,632,623,360,369
12066196,Lübbenau/Spreewald,13.949263177625703,51.83249715736022,140.9850661911124,139.14064880649477,"Lübbenau/Spreewald, Stadt",30.975073313782993,33.76387944708815,2.788806133305158,16.507820136852395,11.137548153183776,-5.370271983668619,4.9853372434017595,1.5748923634715613,-3.410444879930198,4.1544477028347995,0.6798096532970768,-3.474638049537723,26.808406647116325,31.078631316564696,4.270224669448371,9.79960899315738,2.549286199864038,-7.250322793293341,61.37205511927693,70.46820626384056,9.096151144563628,13498,12644,8184,8826
12066202,Luckaitztal,13.986978381095325,51.67657247379724,157.8826046418025,157.7428353884675,Luckaitztal,28.329297820823246,29.698375870069604,1.3690780492463581,18.401937046004843,9.048723897911833,-9.35321314809301,4.842615012106537,0.9280742459396751,-3.914540766166862,3.1476997578692494,0.0,-3.1476997578692494,26.876513317191282,42.69141531322506,15.814901996033775,10.895883777239709,2.5522041763341066,-8.343679600905602,59.770114942528735,67.02453987730061,7.254424934771876,696,652,413,431
12066226,Neu-Seeland,14.133727686017544,51.589552533311114,166.7835880748029,166.48631091591335,Neu-Seeland,25.519287833827892,26.443768996960486,0.9244811631325938,13.353115727002967,10.94224924012158,-2.410866486881387,7.4183976261127595,2.735562310030395,-4.682835316082365,4.154302670623146,0.303951367781155,-3.850351302841991,26.706231454005934,36.170212765957444,9.46398131195151,11.275964391691394,1.8237082066869301,-9.452256185004464,65.45801526717557,66.80161943319838,1.3436041660228142,524,494,337,329
12066228,Neupetershain,14.170432215246725,51.614902561580074,163.87704658684282,163.8778833103311,Neupetershain,19.607843137254903,24.220183486238533,4.612340348983629,17.864923747276688,4.954128440366972,-12.910795306909716,3.485838779956427,1.2844036697247707,-2.2014351102316567,3.7037037037037037,1.1009174311926606,-2.602786272511043,36.81917211328976,46.788990825688074,9.969818712398315,8.278867102396514,1.4678899082568808,-6.8109771941396335,45.02415458937198,53.45666991236612,8.432515322994135,1035,1027,459,545
12066240,Ortrand,13.765618903304416,51.37984921318144,192.67882192564957,192.7130483988644,"Ortrand, Stadt",18.223760092272205,19.217491369390103,0.9937312771178988,26.528258362168398,12.658227848101266,-13.870030514067132,3.4602076124567476,1.0356731875719218,-2.4245344248848255,3.8062283737024223,0.6904487917146145,-3.115779581987808,38.86966551326413,50.51783659378596,11.648171080521827,4.382929642445213,0.9205983889528193,-3.462331253492394,48.963585434173666,51.05263157894737,2.089046144773704,1785,1710,867,869
12066272,Ruhland,13.843440716233625,51.43589476373366,185.68786239380105,185.17643809859382,"Ruhland, Stadt",24.47653429602888,27.56756756756757,3.091033271538688,18.555956678700362,8.571428571428571,-9.98452810727179,4.259927797833935,0.9266409266409267,-3.3332868711930086,5.054151624548736,0.9266409266409267,-4.12751069790781,33.935018050541515,44.55598455598456,10.620966505443043,6.714801444043322,1.38996138996139,-5.324840054081932,44.123192960402264,40.89908833700094,-3.224104623401324,3182,3181,1385,1295
12066285,Schipkau,13.913904793258357,51.531213772497864,174.52728035638359,174.08571916691793,Schipkau,23.86593470095348,25.506585612968593,1.6406509120151114,15.602427044206877,9.549138804457954,-6.053288239748923,3.207165559086969,0.8358662613981763,-2.3712992976887928,3.351632476162959,0.9625126646403243,-2.3891198115226344,36.55013002022537,41.540020263424516,4.989890243199149,10.69055186362323,2.254305977710233,-8.436245885912998,61.26235477718051,71.89530685920577,10.632952082025263,5767,5540,3461,3948
12066292,Schwarzbach,13.927859483806884,51.459505976823856,182.33014988184422,182.30812852608972,Schwarzbach,19.736842105263158,20.155038759689923,0.41819665442676524,21.31578947368421,10.594315245478036,-10.721474228206173,3.1578947368421053,1.0335917312661498,-2.1243030055759555,3.4210526315789473,0.0,-3.4210526315789473,40.526315789473685,50.12919896640827,9.602883176934583,6.052631578947368,1.8087855297157622,-4.243846049231606,66.72384219554031,68.24561403508773,1.5217718395474122,583,570,380,387
12066296,Schwarzheide,13.835729977125384,51.48748169424729,180.09019675715527,180.34180638343585,"Schwarzheide, Stadt",27.24288840262582,27.396393546346093,0.1535051437202739,15.49963530269876,9.99683644416324,-5.50279885853552,3.4281546316557256,1.328693451439418,-2.0994611802163075,4.522246535375638,0.6010756089844985,-3.9211709263911394,32.74981765134938,40.55678582726985,7.806968175920467,9.044493070751276,1.9930401771591268,-7.051452893592149,57.58014477766287,69.02960881780851,11.449464040145635,4835,4627,2742,3161
12066304,Senftenberg,14.017116880698387,51.50152311547479,177.06592551900255,176.09411183186253,"Senftenberg, Stadt",26.66364870982345,30.14100126742712,3.4773525576036732,14.250792213671344,10.060202788339671,-4.190589425331673,5.043005885015845,1.5367553865652726,-3.506250498450572,4.019918515165233,0.594106463878327,-3.425812051286906,29.434133091896786,35.14733840304182,5.713205311145035,11.036668175645088,2.8517110266159698,-8.184957149029119,55.26471750296326,66.57770800627944,11.312990503316179,20248,19110,11045,12624
12066316,Tettau,13.734798356120965,51.44080867492639,186.3708703566573,186.23569107893147,Tettau,20.754716981132077,15.957446808510639,-4.797270172621438,19.137466307277627,13.563829787234043,-5.573636520043584,1.6172506738544474,1.5957446808510638,-0.021505993003383628,7.277628032345014,1.3297872340425532,-5.947840798302461,43.1266846361186,51.59574468085106,8.469060044732466,3.7735849056603774,1.0638297872340425,-2.709755118426335,56.58682634730539,59.345794392523366,2.7589680452179763,668,642,371,376
12066320,Vetschau/Spreewald,14.061385943878735,51.776750487260685,146.30620590349795,147.2029873189242,"Vetschau/Spreewald, Stadt",30.092482807683187,32.053532250987274,1.9610494433040877,15.556082523120702,9.060991663010093,-6.49509086011061,5.596395541854399,1.5138218516893374,-4.082573690165061,3.7941664690538297,0.6362439666520404,-3.157922502401789,29.452217216030352,35.73935936814392,6.287142152113571,8.465733934076358,2.062308029837648,-6.403425904238709,63.484062268346925,73.42779812131826,9.943735852971336,6745,6281,4217,4558
12067024,Bad Saarow,14.063695848183567,52.26682932156728,92.0600038710387,91.1908744330257,Bad Saarow,24.42135096835144,30.004231908590775,5.582880940239335,17.997165800661314,10.749047820567077,-7.2481179800942375,7.841284837033538,2.623783326280152,-5.217501510753387,5.573925366084081,0.7617435463393991,-4.812181819744682,22.579121398205007,34.82860770207363,12.249486303868625,12.990080302314595,2.5814642403724077,-10.408616061942187,44.35450394354504,46.95566502463054,2.6011610810855004,4818,5075,2117,2363
12067036,Beeskow,14.2477387906206,52.18773195269967,100.10097751300471,101.46817534649033,"Beeskow, Stadt",26.383526383526384,28.311362209667294,1.9278358261409103,15.160875160875161,10.88093743460975,-4.279937726265411,7.181467181467181,2.197112366603892,-4.9843548148632895,3.552123552123552,0.5231219920485457,-3.0290015600750064,27.74774774774775,35.92801841389412,8.180270666146374,10.759330759330759,2.7202343586524376,-8.039096400678321,58.34441980783444,70.03777971519906,11.693359907364623,6765,6882,3885,4779
12067040,Berkenbrück,14.167980128217636,52.3508510724435,82.09196764773435,82.35338400848501,Berkenbrück,27.312775330396477,25.0,-2.3127753303964766,11.674008810572687,7.971014492753623,-3.702994317819064,7.2687224669603525,1.4492753623188406,-5.819447104641512,2.643171806167401,0.7246376811594203,-1.9185341250079806,30.837004405286343,44.20289855072464,13.365894145438297,8.810572687224669,0.9057971014492754,-7.904775585775393,52.72938443670151,61.00766703176342,8.27828259506191,861,913,454,552
12067072,Briesen (Mark),14.268675989673833,52.346614281366975,82.4518963288985,82.75582453679715,Briesen (Mark),24.868189806678384,26.58326817826427,1.7150783715858857,15.55360281195079,9.616888193901486,-5.9367146180493044,5.975395430579965,2.580140734949179,-3.3952546956307863,4.393673110720562,0.1563721657544957,-4.237300944966067,30.84358523725835,38.623924941360436,7.7803397041020865,8.523725834797892,1.6419077404222049,-6.881818094375687,48.0,52.357723577235774,4.357723577235774,2400,2460,1138,1279
12067076,Brieskow-Finkenheerd,14.578401000840808,52.26277310146307,94.59136015774916,94.78110188641672,Brieskow-Finkenheerd,23.795761078998073,26.75438596491228,2.958624885914208,15.1252408477842,8.771929824561404,-6.353311023222796,4.431599229287091,1.0526315789473684,-3.378967650339723,3.371868978805395,0.43859649122807015,-2.933272487577325,35.35645472061657,44.473684210526315,9.117229489909747,8.863198458574182,1.3157894736842106,-7.547408984889971,52.286282306163024,57.89738430583501,5.6111019996719875,2012,1988,1038,1140
12067112,Diensdorf-Radlow,14.075798480714134,52.23950667182217,94.97723684729313,95.01407052732814,Diensdorf-Radlow,22.22222222222222,26.04501607717042,3.8227938549481983,16.129032258064516,13.82636655948553,-2.302665698578986,7.168458781362007,2.8938906752411575,-4.274568106120849,4.301075268817204,0.9646302250803859,-3.336445043736818,30.82437275985663,37.62057877813505,6.7962060182784185,10.394265232974911,1.9292604501607717,-8.46500478281414,54.75728155339806,59.847036328871894,5.0897547754738355,515,523,279,311
12067120,Eisenhüttenstadt,14.648656370666602,52.161761958445794,106.6691440499831,107.17255952019156,"Eisenhüttenstadt, Stadt",27.798198860503582,29.817315329626688,2.019116469123105,12.865282117257857,8.474980142970612,-4.390301974287246,4.686638485572505,1.1517077045274027,-3.5349307810451025,3.225510016541077,0.6036536934074662,-2.6218563231336107,30.031244256570485,36.51310563939634,6.481861382825858,11.643080316118361,2.454328832406672,-9.18875148371169,51.48017129026252,64.91933431726805,13.439163027005534,21484,19649,10882,12590
12067124,Erkner,13.76092979540848,52.411692280183075,81.79788321881152,81.65904499838969,"Erkner, Stadt",27.3453787352328,29.387814453977025,2.042435718744226,10.180681028492009,9.975279918569143,-0.20540110992286564,10.059068797776234,3.722553438999564,-6.336515358776671,3.092425295343989,0.7270612185546023,-2.3653640767893864,21.73384294649062,28.893412825359896,7.159569878869277,16.626129256428076,3.8388832339683003,-12.787246022459776,57.504950495049506,70.53262858304534,13.027678087995831,10100,9838,5756,6877
12067137,Friedland,14.333257889360372,52.08788376892495,111.39110398895409,110.81751126646564,"Friedland, Stadt",24.767123287671232,29.19528949950932,4.428166211838089,19.123287671232877,11.678115799803729,-7.445171871429148,5.972602739726027,1.913640824337586,-4.0589619153884415,2.958904109589041,0.3434739941118744,-2.6154301154771664,30.08219178082192,37.43866535819431,7.3564735773723875,8.219178082191782,1.5701668302257115,-6.64901125196607,71.6944552151997,80.04667444574096,8.352219230541266,2579,2571,1825,2038
12067144,Fürstenwalde/Spree,14.064458210359183,52.374818118009784,80.1520883500112,80.27006611494983,"Fürstenwalde/Spree, Stadt",22.50545681322108,26.21974401216576,3.714287198944678,12.870283754287495,9.776961094918262,-3.0933226593692336,8.777673838478329,2.711950323152959,-6.06572351532537,4.108200810726536,0.7286782410340895,-3.3795225696924462,26.75397567820393,33.06298314535547,6.309007467151538,11.638603055815404,3.1998479280192624,-8.438755127796142,50.35106094107607,63.57216947259236,13.221108531516286,25779,25066,12828,15782
12067173,Gosen-Neu Zittau,13.760421842194399,52.37950935547153,85.11769804457958,85.37817416910329,Gosen-Neu Zittau,25.991561181434598,24.802867383512545,-1.1886937979220527,9.70464135021097,6.236559139784946,-3.468082210426024,6.4978902953586495,2.2222222222222223,-4.275668073136427,1.8565400843881856,0.2867383512544803,-1.5698017331337053,30.717299578059073,42.65232974910394,11.935030171044868,10.970464135021096,2.867383512544803,-8.103080622476293,44.74766355140187,50.958408679927665,6.210745128525794,2675,2765,1185,1395
12067180,Groß Lindow,14.51155498243019,52.24138413520434,95.9292775961813,95.93128857253308,Groß Lindow,18.41763942931258,21.35706340378198,2.939423974469399,18.547341115434502,10.456062291434927,-8.091278823999575,5.058365758754864,0.22246941045606228,-4.835896348298801,3.501945525291829,0.44493882091212456,-3.0570067043797042,35.797665369649806,47.1635150166852,11.365849647035397,8.690012970168612,1.0011123470522802,-7.688900623116331,51.83946488294314,60.738255033557046,8.898790150613905,1495,1490,771,899
12067201,Grünheide (Mark),13.897431655224757,52.416870658596864,78.07552447398945,77.96970535652216,Grünheide (Mark),25.745650372825185,28.304875902129908,2.5592255293047224,13.007456503728251,11.019186762893856,-1.9882697408343954,9.859154929577464,3.837352578771343,-6.021802350806121,4.142502071251036,0.6688963210702341,-3.4736057501808015,22.700911350455677,28.65692659743003,5.956015246974353,12.510356255178127,3.274071466291146,-9.236284788886982,67.47666117517848,77.12515155597467,9.64849038079619,7284,7423,4828,5681
12067205,Grunow-Dammendorf,14.452279077169155,52.11486964525956,109.17014089275607,107.4340287095597,Grunow-Dammendorf,21.53846153846154,30.855018587360593,9.316557048899053,21.153846153846153,7.806691449814126,-13.347154704032027,4.230769230769231,1.486988847583643,-2.743780383185588,3.4615384615384617,0.0,-3.4615384615384617,31.153846153846153,38.28996282527881,7.13611667143266,8.461538461538462,0.7434944237918215,-7.71804403774664,60.585585585585584,64.81481481481481,4.229229229229226,444,432,260,269
12067237,Jacobsdorf,14.365077502550676,52.350661004440106,82.42290619318904,82.5675743428312,Jacobsdorf,21.352313167259787,24.145534729878722,2.7932215626189354,15.183867141162516,10.143329658213892,-5.040537482948624,6.405693950177936,1.6538037486218302,-4.7518902015561055,4.389086595492289,0.2205071664829107,-4.1685794290093785,34.400948991696325,41.89636163175303,7.495412640056706,9.608540925266905,2.535832414553473,-7.072708510713431,52.17391304347826,56.54060756354619,4.366694520067931,1633,1613,843,907
12067288,Langewahl,14.11477429831953,52.327729091471525,84.9371019250289,84.63892625472084,Langewahl,23.87706855791962,23.142250530785564,-0.7348180271340574,14.893617021276595,8.067940552016985,-6.82567646925961,3.5460992907801416,0.8492569002123143,-2.696842390567827,4.491725768321513,0.21231422505307856,-4.279411543268434,34.04255319148936,47.77070063694268,13.728147445453317,7.5650118203309695,1.910828025477707,-5.654183794853262,56.42384105960265,62.63297872340426,6.209137663801606,755,752,423,471
12067292,Lawitz,14.644098664092754,52.11144417924495,112.00984576878702,111.78715162119325,Lawitz,24.013157894736842,25.0814332247557,1.0682753300188566,10.526315789473685,6.188925081433225,-4.33739070804046,4.605263157894737,0.9771986970684039,-3.6280644608263333,2.6315789473684212,0.0,-2.6315789473684212,35.85526315789474,44.95114006514658,9.095876907251842,9.539473684210526,0.6514657980456026,-8.888007886164923,62.19512195121951,65.12605042016807,2.930928468948558,492,476,304,307
12067324,Mixdorf,14.406989140560588,52.195916869852674,99.84376740125627,100.08524858098878,Mixdorf,17.14876033057851,26.600985221674875,9.452224891096364,20.041322314049587,9.605911330049262,-10.435410984000326,5.371900826446281,0.24630541871921183,-5.12559540772707,6.404958677685951,0.24630541871921183,-6.158653258966739,30.578512396694215,39.40886699507389,8.830354598379678,10.330578512396695,1.7241379310344827,-8.606440581362213,60.674157303370784,51.64556962025316,-9.028587683117621,801,790,484,406
12067336,Müllrose,14.404451107790177,52.25541300361921,93.25077793774162,93.24807201461036,"Müllrose, Stadt",24.57537154989384,27.40336967294351,2.8279981230496674,16.985138004246284,10.059464816650149,-6.925673187596136,6.475583864118896,0.8919722497522299,-5.583611614366666,5.095541401273885,0.6442021803766105,-4.451339220897275,27.494692144373673,38.89990089197225,11.405208747598579,10.562632696390658,2.576808721506442,-7.985823974884216,47.27815063385533,50.39721946375372,3.1190688298983886,4023,4028,1884,2018
12067338,Neißemünde,14.708523961429643,52.049861548312094,119.7537158728276,119.15569057909335,Neißemünde,26.741293532338307,27.686915887850468,0.9456223555121603,14.676616915422885,9.345794392523365,-5.3308225228995205,5.472636815920398,1.7523364485981308,-3.7203003673222677,3.9800995024875623,0.4672897196261682,-3.5128097828613942,30.597014925373134,39.48598130841121,8.888966383038078,8.08457711442786,1.2850467289719627,-6.799530385455897,58.992805755395686,65.37878787878788,6.385982123392189,1390,1320,804,856
12067357,Neuzelle,14.5727800206764,52.06494934932053,115.99278364224222,116.31450153631887,Neuzelle,24.311023622047244,26.53985507246377,2.228831450416525,18.700787401574804,8.740942028985508,-9.959845372589296,4.478346456692913,1.358695652173913,-3.119650804519,4.429133858267717,0.8152173913043478,-3.613916466963369,31.791338582677167,42.255434782608695,10.464096199931529,6.200787401574803,1.3134057971014492,-4.887381604473354,57.14683755920869,63.40425531914894,6.257417759940246,3589,3525,2032,2208
12067397,Ragow-Merz,14.320715212123703,52.22073518891097,96.58932654789301,96.89110583347497,Ragow-Merz,25.78125,26.73992673992674,0.9586767399267409,16.796875,7.6923076923076925,-9.104567307692307,3.515625,1.098901098901099,-2.416723901098901,5.078125,0.0,-5.078125,28.90625,41.391941391941394,12.485691391941394,12.109375,1.8315018315018314,-10.277873168498168,58.690744920993225,64.77541371158392,6.0846687905906975,443,423,256,273
12067408,Rauen,14.029450206750901,52.323058530859896,86.20791420727218,86.02248635865978,Rauen,25.220264317180618,30.323846908734055,5.103582591553437,13.54625550660793,8.930323846908735,-4.615931659699195,9.251101321585903,2.649656526005888,-6.601444795580015,5.506607929515418,0.5888125613346418,-4.9177953681807764,26.431718061674008,35.328753680078506,8.897035618404498,7.048458149779735,1.9627085377821394,-5.085749611997596,53.679906542056074,59.40938042848871,5.729473886432636,1712,1727,908,1019
12067413,Reichenwalde,13.99533238954413,52.26265098090177,93.2233230974006,92.91545963419767,Reichenwalde,26.185567010309278,29.68460111317254,3.4990341028632628,16.90721649484536,8.16326530612245,-8.743951188722912,9.484536082474227,3.7105751391465676,-5.773960943327659,4.742268041237113,0.9276437847866419,-3.8146242564504718,23.298969072164947,33.580705009276436,10.281735937111488,9.484536082474227,2.968460111317254,-6.5160759711569725,48.56860809476802,52.06532180595581,3.4967137111877946,1013,1041,485,539
12067426,Rietz-Neuendorf,14.182375891650956,52.244765750398415,93.8309846387999,93.74697592581768,Rietz-Neuendorf,23.80330722367276,23.77251854468386,-0.030788678988901808,14.53437771975631,9.678558813140233,-4.8558189066160775,7.397737162750218,2.225362062875309,-5.172375099874909,4.351610095735422,0.28258565877781705,-4.069024436957605,29.329852045256747,39.38537619215825,10.0555241469015,10.052219321148826,2.1547156481808547,-7.8975036729679715,65.62942008486563,79.77120535714286,14.141785272277232,3535,3584,2298,2831
12067438,Schlaubetal,14.51685831754739,52.129581873723346,108.22427299079358,107.23116538072698,Schlaubetal,20.950323974082075,24.091381100726895,3.141057126644821,16.52267818574514,8.307372793354102,-8.215305392391038,3.9956803455723544,0.6230529595015576,-3.3726273860707967,4.211663066954643,0.3115264797507788,-3.9001365872038645,37.365010799136066,47.559709241952234,10.194698442816168,7.4514038876889845,1.7653167185877465,-5.6860871691012385,59.177215189873415,62.22791293213828,3.050697742264866,1580,1562,926,963
12067440,Schöneiche bei Berlin,13.705014123102938,52.47960970447021,76.59825236323682,76.59212210169748,Schöneiche bei Berlin,23.245675713683028,30.45277219529495,7.207096481611924,11.784559133736465,13.772313512235488,1.987754378499023,14.540852200815637,5.591677503250975,-8.949174697564661,3.487554493038954,0.9930251802813571,-2.4945293127575967,17.76121501898467,24.281830003546517,6.5206149845618455,13.809590774855858,4.303109114552548,-9.50648166030331,66.62331630283326,78.36525245120498,11.741936148371721,10765,10913,7111,8459
12067458,Siehdichum,14.523378521245709,52.19723434774399,100.90399648949972,100.99670616646779,Siehdichum,24.78527607361963,25.53956834532374,0.7542922717041094,20.245398773006134,10.191846522781775,-10.053552250224358,6.257668711656442,1.6786570743405276,-4.579011637315914,3.1901840490797544,0.8393285371702638,-2.3508555119094905,29.079754601226995,39.68824940047961,10.608494799252618,8.83435582822086,3.357314148681055,-5.477041679539804,62.151993980436416,66.11764705882354,3.9656530783871204,1329,1275,815,834
12067469,Spreenhagen,13.873669973341443,52.33838362343254,86.90370836650165,86.63865126833399,Spreenhagen,26.026443980514962,25.73485302939412,-0.2915909511208419,11.760612386917188,10.197960407918416,-1.5626519789987725,6.8893528183716075,1.5596880623875224,-5.329664755984085,2.2964509394572024,0.7198560287942412,-1.576594910662961,30.967292971468336,40.73185362927415,9.764560657805813,10.647181628392484,1.799640071985603,-8.847541556406881,49.48805460750853,56.68016194331984,7.192107335811308,2930,2964,1437,1667
12067473,Steinhöfel,14.134489161754107,52.43119460846148,73.35243606801222,73.02809052943925,Steinhöfel,23.47299343765775,21.838584376348727,-1.6344090613090216,12.821807168096921,8.588692274492878,-4.233114893604043,8.026249369005553,1.7695295640914976,-6.256719804914056,2.92781423523473,0.561070349589987,-2.366743885644743,32.30691569914185,44.195079844626676,11.88816414548483,10.095911155981828,2.8053517479499352,-7.290559408031893,53.51851851851852,62.87777480609789,9.35925628757937,3780,3739,1981,2317
12067481,Storkow (Mark),13.91861307002281,52.21307841680484,99.65350178722848,100.67304511442453,"Storkow (Mark), Stadt",29.802118728762743,30.793991416309012,0.9918726875462696,12.692384569258445,8.94134477825465,-3.7510397910037963,6.895862482510494,2.1280400572246068,-4.767822425285887,3.497901259244453,0.6258941344778255,-2.8720071247666277,24.725164901059365,33.208154506437765,8.4829896053784,9.974015590645612,2.5929899856938485,-7.3810256049517635,66.6536305566419,72.75064267352185,6.097012116879952,7671,7780,5003,5592
12067493,Tauche,14.113271904728567,52.130038445221714,106.85168699076475,107.31378186388604,Tauche,26.004842615012105,26.382113821138212,0.37727120612610676,15.351089588377723,10.0,-5.351089588377723,5.5690072639225185,1.6260162601626016,-3.942991003759917,4.019370460048426,0.44715447154471544,-3.572215988503711,30.072639225181597,39.51219512195122,9.439555896769626,9.249394673123486,2.6016260162601625,-6.647768656863324,64.3010752688172,78.32759160663953,14.02651633782233,3255,3193,2065,2460
12067508,Vogelsang,14.660569761890232,52.18274777738617,104.63290496137992,104.5194697423737,Vogelsang,23.29113924050633,21.875,-1.416139240506329,18.481012658227847,9.375,-9.106012658227847,2.278481012658228,0.2403846153846154,-2.0380963972736126,3.7974683544303796,0.0,-3.7974683544303796,35.44303797468354,47.59615384615385,12.153115871470305,6.075949367088608,0.7211538461538461,-5.354795520934762,62.67496111975117,66.14173228346456,3.466771163713396,643,635,395,416
12067520,Wendisch Rietz,13.995944856557971,52.20335670221276,99.71745650969493,100.38839893455652,Wendisch Rietz,22.67080745341615,24.723756906077348,2.052949452661199,16.614906832298136,12.569060773480663,-4.045846058817473,8.540372670807454,1.7955801104972375,-6.744792560310216,3.1055900621118013,0.5524861878453039,-2.5531038742664975,27.63975155279503,35.49723756906077,7.857486016265742,12.267080745341614,1.9337016574585635,-10.333379087883051,46.81003584229391,51.1482254697286,4.338189627434694,1395,1437,644,724
12067528,Wiesenau,14.594995144130968,52.24054629869155,97.26495544866819,97.4921435725119,Wiesenau,20.983606557377048,24.35483870967742,3.3712321523003723,18.852459016393443,10.64516129032258,-8.207297726070863,4.098360655737705,1.1290322580645162,-2.9693283976731886,4.262295081967213,0.16129032258064516,-4.101004759386568,36.557377049180324,45.16129032258065,8.603913273400323,7.868852459016393,1.4516129032258065,-6.417239555790587,56.36856368563686,58.69767441860465,2.3291107329677914,1107,1075,610,620
12067544,Woltersdorf,13.75542482829185,52.44850009327303,78.19936146554944,77.94964997091299,Woltersdorf,23.89816003423192,29.574660633484164,5.676500599252243,13.371844244758236,13.285067873303168,-0.086776371455068,14.206247325631152,5.158371040723982,-9.047876284907169,3.70132648694908,0.7782805429864253,-2.923045943962655,20.239623448866066,26.67873303167421,6.439109582808143,13.58579375267437,3.583710407239819,-10.002083345434551,68.43251088534107,79.65665236051503,11.224141475173951,6890,6990,4674,5525
12067552,Ziltendorf,14.670951687005525,52.225706604353384,100.24382069697346,100.32224749380725,Ziltendorf,18.497109826589597,24.675324675324674,6.178214848735077,20.3757225433526,8.831168831168831,-11.54455371218377,4.624277456647399,0.9090909090909091,-3.71518654755649,3.61271676300578,0.5194805194805194,-3.0932362435252605,37.861271676300575,43.37662337662338,5.515351700322803,5.635838150289017,1.6883116883116882,-3.947526461977329,54.369682907965974,61.34387351778656,6.974190609820589,1293,1265,692,770
12068052,Breddin,12.249298879893917,52.84759052747914,136.23352885423213,138.4789652682112,Breddin,30.225988700564972,35.47557840616967,5.249589705604695,19.774011299435028,10.796915167095115,-8.977096132339913,14.689265536723164,5.3984575835475574,-9.290807953175607,3.1073446327683616,0.5141388174807198,-2.593205815287642,16.10169491525424,31.105398457583547,15.003703542329308,11.581920903954803,1.5424164524421593,-10.039504451512643,49.65986394557823,53.83561643835616,4.1757524927779315,735,730,354,389
12068072,Dabergotz,12.720860440915171,52.90147597687292,103.93224560856812,103.6390969749701,Dabergotz,23.741007194244606,27.728613569321535,3.987606375076929,22.66187050359712,14.15929203539823,-8.502578468198891,7.553956834532374,1.7699115044247788,-5.784045330107595,3.237410071942446,0.0,-3.237410071942446,27.697841726618705,37.16814159292036,9.470299866301652,8.273381294964029,4.129793510324483,-4.1435877846395455,53.65384615384615,64.76190476190476,11.108058608058606,520,525,278,339
12068109,Dreetz,12.468936282098412,52.787039526752714,123.53024474918108,123.46225577687756,Dreetz,34.04761904761905,28.994082840236686,-5.053536207382365,17.38095238095238,11.834319526627219,-5.546632854325161,5.238095238095238,1.3806706114398422,-3.857424626655396,3.5714285714285716,0.591715976331361,-2.9797125950972108,19.761904761904763,32.34714003944773,12.585235277542967,13.095238095238095,2.9585798816568047,-10.13665821358129,42.583249243188696,51.88199389623601,9.298744653047315,991,983,420,507
12068117,Fehrbellin,12.792472716474723,52.77282243588379,103.30172779058918,102.57987231194205,Fehrbellin,29.214015151515152,29.363847944142748,0.14983279262759552,19.223484848484848,12.78122575640031,-6.442259092084537,9.872159090909092,3.1031807602792862,-6.768978330629805,3.125,0.6012412723041117,-2.5237587276958884,21.141098484848484,31.186966640806826,10.045868155958342,10.227272727272727,2.773467804499612,-7.453804922773115,57.74232470840595,70.5315975047464,12.789272796340448,7459,7374,4224,5156
12068181,Heiligengrabe,12.390312201972558,53.12091490544328,123.78153346394689,124.11519405049918,Heiligengrabe,25.34562211981567,25.529457065845207,0.18383494602953832,19.400921658986174,14.824797843665769,-4.576123815320406,6.313364055299539,1.2706969580284944,-5.042667097271044,2.71889400921659,0.346553715825953,-2.372340293390637,28.018433179723502,39.08355795148248,11.065124771758981,10.046082949308756,2.2333461686561416,-7.812736780652615,58.65667647845866,70.21333333333334,11.556656854874682,3737,3750,2170,2597
12068188,Herzberg (Mark),12.966121795665584,52.88235224798611,88.40216868525098,87.39242340349914,Herzberg (Mark),26.666666666666668,20.440251572327043,-6.226415094339625,22.352941176470587,11.320754716981131,-11.032186459489456,9.411764705882353,3.459119496855346,-5.952645209027008,5.098039215686274,0.6289308176100629,-4.469108398076211,20.0,37.735849056603776,17.735849056603776,10.196078431372548,1.8867924528301887,-8.30928597854236,48.21092278719397,55.3448275862069,7.1339047990129245,531,580,255,318
12068264,Kyritz,12.387183189268367,52.975152486409364,124.7736527523674,124.36937983956211,"Kyritz, Stadt",31.075216972034717,31.980715146645238,0.9054981746105213,17.116682738669237,14.363198071514665,-2.753484667154572,8.437801350048217,2.450783447167537,-5.987017902880679,2.4108003857280615,0.5423865006026517,-1.8684138851254097,22.97492767598843,31.599035757332263,8.624108081343834,12.07810993249759,2.812374447569305,-9.265735484928285,53.705362856777164,67.25521669341894,13.54985383664178,7813,7476,4148,4978
12068280,Lindow (Mark),12.983955868070122,52.99446625825953,84.73184984655353,85.12106482830177,"Lindow (Mark), Stadt",26.628895184135978,28.39607201309329,1.7671768289573109,17.28045325779037,11.620294599018003,-5.660158658772367,10.19830028328612,1.800327332242226,-8.397972951043894,5.193578847969783,0.32733224222585927,-4.866246605743924,26.44003777148253,38.54337152209493,12.1033337506124,7.648725212464589,1.800327332242226,-5.848397880222363,41.60216718266254,48.04839968774395,6.4462325050814115,2584,2562,1059,1222
12068306,Märkisch Linden,12.718483785862073,52.933738449814555,103.39697626171693,104.54497094598628,Märkisch Linden,25.048169556840076,26.283987915407856,1.23581835856778,18.11175337186898,13.141993957703928,-4.9697594141650505,8.863198458574182,2.8700906344410875,-5.993107824133094,3.0828516377649327,0.6042296072507553,-2.4786220305141775,31.021194605009633,37.61329305135952,6.592098446349887,7.707129094412331,1.661631419939577,-6.045497674472754,51.210067763794775,64.25818882466281,13.048121060868034,1033,1038,519,662
12068320,Neuruppin,12.84922372193019,52.94570067660226,94.51133985911625,95.25183276259442,"Neuruppin, Stadt",28.396836808051763,33.12535450935905,4.728517701307286,16.520488856937455,12.85309132161089,-3.6673975353265647,14.17685118619698,4.6454906409529215,-9.531360545244059,3.177570093457944,0.6125921724333523,-2.5649779210245915,20.136592379583035,25.870674985819626,5.734082606236591,11.121495327102803,3.823028927963698,-7.298466399139105,53.50674007974179,67.70642900670323,14.199688926961443,26335,26256,13910,17630
12068324,Neustadt (Dosse),12.432744238163307,52.85400641815464,124.01165437340809,126.7956091739493,"Neustadt (Dosse), Stadt",29.503916449086162,28.809869375907112,-0.6940470731790498,18.102697998259355,10.957910014513788,-7.144787983745568,9.573542210617928,3.410740203193033,-6.1628020074248955,3.4812880765883376,0.7982583454281568,-2.6830297311601807,22.541340295909485,37.735849056603776,15.19450876069429,11.14012184508268,2.1044992743105952,-9.035622570772084,40.534907954150746,49.821173104434905,9.286265150284159,2879,2796,1149,1378
12068353,Rheinsberg,12.82838926862327,53.10621524946015,94.42884688759403,93.60707243820406,"Rheinsberg, Stadt",28.89714993804213,29.047521086196255,0.15037114815412522,13.977695167286246,11.993416992388397,-1.9842781748978489,8.0545229244114,2.160049372557087,-5.894473551854313,3.420074349442379,0.5554412672289653,-2.864633082213414,25.923172242874845,32.48302818350134,6.559855940626495,9.690210656753408,2.63320304464102,-7.057007612112388,59.9529550132314,73.60276442307692,13.649809409845517,6802,6656,4035,4861
12068372,Rüthnick,13.004420127938014,52.87420727624189,86.17310425136436,86.32949444919441,Rüthnick,25.925925925925927,32.89473684210526,6.968810916179333,11.522633744855968,11.403508771929825,-0.11912497292614255,18.51851851851852,4.824561403508772,-13.693957115009747,4.526748971193416,0.43859649122807015,-4.088152479965346,20.987654320987655,29.385964912280702,8.398310591293047,9.465020576131687,3.9473684210526314,-5.517652155079055,59.27710843373494,57.711442786069654,-1.5656656476652842,415,402,243,228
12068409,Sieversdorf-Hohenofen,12.384511108549434,52.821344546829486,128.01913666732978,128.54385169230846,Sieversdorf-Hohenofen,29.571984435797667,32.05128205128205,2.479297615484384,13.618677042801556,10.256410256410257,-3.3622667863912987,11.284046692607005,2.2435897435897436,-9.040456949017262,1.1673151750972763,0.9615384615384616,-0.20577671355881477,28.79377431906615,35.8974358974359,7.103661578369749,10.116731517509727,1.2820512820512822,-8.834680235458444,42.716857610474634,52.951096121416526,10.234238510941893,611,593,257,312
12068413,Storbeck-Frankendorf,12.737892146278288,52.99507218175574,101.12177179479416,101.38657871247267,Storbeck-Frankendorf,20.346320346320347,21.73913043478261,1.3928100884622623,13.852813852813853,9.881422924901186,-3.971390927912667,9.090909090909092,2.3715415019762847,-6.719367588932807,5.194805194805195,0.0,-5.194805194805195,35.497835497835496,41.50197628458498,6.004140786749481,10.38961038961039,2.3715415019762847,-8.018068887634104,56.76328502415459,63.86138613861386,7.0981011144592685,414,404,231,253
12068417,Stüdenitz-Schönermark,12.291735204520922,52.89452809229885,132.42309984615537,132.20223915347052,Stüdenitz-Schönermark,31.59722222222222,31.0580204778157,-0.5392017444065225,18.40277777777778,11.262798634812286,-7.139979142965492,7.638888888888889,3.0716723549488054,-4.567216533940083,6.944444444444445,0.6825938566552902,-6.261850587789154,24.65277777777778,36.51877133105802,11.86599355328024,5.555555555555555,1.3651877133105803,-4.190367842244975,56.6147859922179,60.4887983706721,3.8740123784542035,514,491,288,293
12068425,Temnitzquell,12.61183091503184,53.0068802578881,109.40472603349471,108.85685504084026,Temnitzquell,30.18867924528302,28.019323671497585,-2.1693555737854346,21.38364779874214,11.83574879227053,-9.547899006471608,9.433962264150944,3.864734299516908,-5.569227964634036,2.20125786163522,0.7246376811594203,-1.4766201804757997,22.641509433962263,35.265700483091784,12.624191049129522,9.748427672955975,3.140096618357488,-6.608331054598487,49.69135802469136,64.2638036809816,14.572445656290235,648,652,318,414
12068426,Temnitztal,12.620632895702363,52.856446105795314,111.6361799602541,110.2211927305337,Temnitztal,29.421487603305785,29.508196721311474,0.08670911800568959,15.702479338842975,10.655737704918034,-5.046741633924942,10.743801652892563,3.0054644808743167,-7.738337172018246,2.644628099173554,0.9562841530054644,-1.6883439461680894,24.628099173553718,32.377049180327866,7.748950006774148,11.074380165289256,4.098360655737705,-6.976019509551551,49.87814784727863,61.12026359143328,11.242115744154646,1231,1214,605,732
12068437,Vielitzsee,13.022763753651617,52.94002521071701,83.18109464097175,83.04943925522964,Vielitzsee,24.669603524229075,28.634361233480178,3.964757709251103,15.859030837004406,14.977973568281937,-0.8810572687224685,10.13215859030837,0.8810572687224669,-9.251101321585903,4.845814977973569,0.0,-4.845814977973569,27.312775330396477,36.12334801762115,8.81057268722467,10.572687224669604,1.7621145374449338,-8.81057268722467,57.46268656716418,59.894459102902374,2.4317725357381974,402,379,227,227
12068452,Walsleben,12.644559845807178,52.94647327456348,108.06222953724009,108.59591895965801,Walsleben,29.37062937062937,26.26865671641791,-3.1019726542114583,15.034965034965035,8.955223880597014,-6.079741154368021,9.090909090909092,1.791044776119403,-7.299864314789689,3.8461538461538463,0.29850746268656714,-3.547646383467279,29.72027972027972,36.417910447761194,6.697630727481474,10.13986013986014,4.477611940298507,-5.662248199561633,43.909774436090224,49.926578560939795,6.016804124849571,665,681,286,335
12068468,Wittstock/Dosse,12.57059652897922,53.176223425602906,112.01610185613214,113.86346118368171,"Wittstock/Dosse, Stadt",26.701653944020357,25.623496645144954,-1.0781572988754036,19.974554707379134,17.7617419926573,-2.212812714721835,6.552162849872774,1.4938599822762375,-5.058302867596536,2.1151399491094147,0.253196607165464,-1.8619433419439506,26.017811704834607,36.71350803899228,10.695696334157674,11.80025445292621,2.5319660716546397,-9.268288381271569,51.59349593495935,66.9609079445145,15.367412009555153,12300,11895,6288,7899
12068477,Wusterhausen/Dosse,12.520576506128942,52.90237880576895,117.1206592532981,116.33430073300917,Wusterhausen/Dosse,28.471967753755955,30.242424242424242,1.7704564886682874,18.871381458409672,13.0,-5.871381458409672,6.192744595089777,2.1818181818181817,-4.010926413271595,3.8475632099670207,0.5151515151515151,-3.3324116948155056,24.770978380359107,32.15151515151515,7.3805367711560415,11.39611579333089,2.303030303030303,-9.093085490300588,56.13428280773143,71.38573570357678,15.251452895845354,4915,4669,2729,3300
12068501,Zernitz-Lohm,12.335480090084681,52.86519667392832,130.14900009874748,130.26312757397227,Zernitz-Lohm,24.345549738219894,27.613941018766756,3.2683912805468616,21.727748691099478,14.20911528150134,-7.518633409598138,7.853403141361256,2.680965147453083,-5.172437993908173,2.356020942408377,0.0,-2.356020942408377,26.43979057591623,35.924932975871315,9.485142399955084,11.518324607329843,2.4128686327077746,-9.105455974622068,51.75202156334232,49.733333333333334,-2.0186882300089835,742,750,382,373
12069017,Beelitz,12.975746720009251,52.2242420310186,128.5185928232389,129.54106846570573,"Beelitz, Stadt",28.167961745367602,33.39615973612911,5.228197990761505,16.43753735803945,13.617622805984215,-2.8199145520552342,10.98326359832636,5.242077983272471,-5.741185615053889,4.318589360430365,1.0955353987513252,-3.2230539616790397,19.485953377166766,23.80728000942396,4.321326632257193,9.2498505678422,2.2970903522205206,-6.95276021562168,65.09325129782734,77.59528130671507,12.50203000888773,10402,11020,6692,8489
12069018,Beetzsee,12.549968275172686,52.478333489595364,132.51925091517202,132.62592681302806,Beetzsee,26.070763500931097,29.52720785013381,3.4564443492027124,20.297951582867785,12.667261373773417,-7.630690209094368,11.824953445065177,3.389830508474576,-8.4351229365906,4.934823091247672,0.8028545941123997,-4.131968497135272,20.949720670391063,31.222123104371097,10.272402433980034,8.938547486033519,2.4977698483496877,-6.440777637683832,49.38384299406663,50.991884580703335,1.608041586636702,2191,2218,1074,1121
12069019,Beetzseeheide,12.615034021504034,52.51081342935718,126.86698496888957,127.48949415237338,Beetzseeheide,30.529595015576323,34.523809523809526,3.9942145082332026,17.133956386292834,15.476190476190476,-1.6577659101023574,14.018691588785046,3.5714285714285716,-10.447263017356475,3.426791277258567,0.0,-3.426791277258567,15.88785046728972,26.19047619047619,10.30262572318647,8.09968847352025,1.7857142857142858,-6.313974187805964,56.91768826619965,60.97122302158273,4.053534755383083,571,556,321,336
12069020,Bad Belzig,12.568350193561605,52.17058686430159,152.2578029818807,151.6584825246575,"Bad Belzig, Stadt",32.84620737647877,34.61359042139636,1.7673830449175867,13.743910925539318,10.869227180842794,-2.874683744696524,12.421711899791232,6.142124086456228,-6.279587813335004,4.036186499652053,0.6686362929559944,-3.3675502066960585,18.806541405706334,23.277872803607526,4.471331397901192,10.82115518441197,2.783392940444721,-8.037762243967249,64.2534435261708,72.99212598425197,8.738682458081172,9075,8890,5748,6431
12069028,Bensdorf,12.335814203111008,52.420818420972736,148.29237066115442,148.37916699893498,Bensdorf,24.90842490842491,25.0,0.09157509157509125,14.468864468864469,9.121621621621621,-5.347242847242848,6.95970695970696,1.5202702702702702,-5.43943668943669,4.029304029304029,0.5067567567567568,-3.522547272547272,26.55677655677656,41.722972972972975,15.166196416196417,10.622710622710622,2.7027027027027026,-7.92000792000792,51.20593692022263,55.61797752808989,4.4120406078672545,1078,1068,546,592
12069052,Borkheide,12.866862911673909,52.22824593909011,133.20441150970555,133.77268771692624,Borkheide,30.889423076923077,35.67383918459796,4.784416107674883,11.177884615384615,10.419026047565119,-0.7588585678194963,11.177884615384615,6.22876557191393,-4.949119043470685,4.326923076923077,0.7927519818799547,-3.534171095043122,22.235576923076923,28.765571913929787,6.529994990852863,8.052884615384615,1.245753114382786,-6.8071315010018285,48.611111111111114,49.302844394868934,0.6917332837578201,1728,1793,832,883
12069056,Borkwalde,12.817529888897864,52.261489005566965,132.9414793959909,132.69888857985777,Borkwalde,23.4472049689441,27.75842044134727,4.31121547240317,9.472049689440993,7.549361207897793,-1.9226884815432,14.285714285714286,7.200929152148665,-7.084785133565622,2.950310559006211,1.1614401858304297,-1.7888703731757813,25.62111801242236,31.475029036004646,5.853911023582285,9.782608695652174,3.252032520325203,-6.530576175326971,51.811023622047244,53.23960880195599,1.428585179908744,1270,1636,644,861
12069076,Brück,12.762750553903896,52.19779193092837,140.59128907979814,140.80863628516917,"Brück, Stadt",30.539772727272727,33.81191672648959,3.2721439992168655,15.340909090909092,10.839913854989232,-4.500995235919859,8.664772727272727,4.235463029432879,-4.429309697839848,4.545454545454546,0.8614501076812635,-3.6840044377732823,23.011363636363637,28.14070351758794,5.129339881224304,8.806818181818182,2.3689877961234744,-6.437830385694707,46.25806451612903,42.76155717761557,-3.49650733851346,3100,3288,1408,1393
12069089,Buckautal,12.339073288672521,52.23342730598697,159.78632014065454,160.9580112651538,Buckautal,23.121387283236995,18.627450980392158,-4.493936302844837,15.606936416184972,12.254901960784315,-3.3520344554006574,2.8901734104046244,0.49019607843137253,-2.399977331973252,5.780346820809249,0.49019607843137253,-5.290150742377876,39.30635838150289,48.03921568627451,8.73285730477162,7.514450867052023,1.9607843137254901,-5.553666553326533,46.173469387755105,52.84974093264249,6.676271544887385,392,386,173,204
12069216,Golzow,12.56968535392819,52.278531487714304,144.30881933970514,143.20401969678363,Golzow,36.19210977701544,34.775374376039935,-1.4167354009755044,15.780445969125214,11.314475873544094,-4.46597009558112,6.689536878216123,1.497504159733777,-5.192032718482347,2.9159519725557463,0.49916805324459235,-2.416783919311154,24.1852487135506,28.452579034941763,4.267330321391164,5.4888507718696395,1.8302828618968385,-3.658567909972801,51.270815074496056,53.23426573426573,1.963450659769677,1141,1144,583,601
12069224,Görzke,12.327577937309893,52.171370481835844,164.66715335827246,164.5036375259267,Görzke,27.944111776447105,24.299065420560748,-3.6450463558863575,15.568862275449101,10.841121495327103,-4.727740780121998,5.389221556886228,1.1214953271028036,-4.267726229783424,5.9880239520958085,0.7476635514018691,-5.240360400693939,30.93812375249501,44.85981308411215,13.921689331617138,6.187624750499002,0.9345794392523364,-5.253045311246666,48.57142857142857,55.0,6.428571428571431,1050,1000,501,535
12069232,Gräben,12.426372741656373,52.2301919647405,155.30188719045722,157.2355444244133,Gräben,32.58426966292135,26.589595375722542,-5.994674287198809,19.10112359550562,14.45086705202312,-4.650256543482499,5.056179775280899,0.5780346820809249,-4.4781450931999744,1.1235955056179776,0.0,-1.1235955056179776,26.40449438202247,43.93063583815029,17.526141456127817,6.179775280898877,1.1560693641618498,-5.023705916737027,39.19491525423729,38.1578947368421,-1.0370205173951845,472,456,178,173
12069249,Groß Kreutz (Havel),12.770111706717534,52.41742900924517,124.00575043310043,124.12021939827368,Groß Kreutz (Havel),25.803591221458657,29.727337110481585,3.9237458890229284,21.569496785635113,13.91643059490085,-7.653066190734263,9.798270893371757,3.9128895184135977,-5.885381374958159,3.7463976945244957,0.9737960339943342,-2.7726016605301615,21.569496785635113,28.94830028328612,7.378803497651006,9.000221680336955,2.54957507082153,-6.450646609515425,64.55855603749825,77.83406352683461,13.275507489336363,7147,7304,4511,5648
12069270,Havelsee,12.474543296928376,52.48751354043234,136.4031028987874,135.30188876101843,"Havelsee, Stadt",24.125624553890077,30.0,5.874375446109923,16.916488222698074,11.208053691275168,-5.708434531422906,8.137044967880085,1.4093959731543624,-6.7276489947257225,4.782298358315489,0.87248322147651,-3.9098151368389793,27.765881513204853,35.57046979865772,7.804588285452866,9.064953604568165,1.8120805369127517,-7.252873067655414,50.03531073446328,55.55555555555556,5.520244821092277,2832,2709,1401,1490
12069304,Kleinmachnow,13.208290386666969,52.40619805521221,102.85466981527905,102.6979682708936,Kleinmachnow,25.87547079092876,39.315663372267146,13.440192581338387,18.591233271896787,20.49266247379455,1.9014292018977628,26.893180543312766,14.210841569332135,-12.682338973980631,8.830835804150974,2.21623240491165,-6.614603399239323,9.191441621924834,11.545372866127583,2.353931244202748,5.681544995592596,2.18628331835879,-3.4952616772338057,78.56784864052123,84.42669350273601,5.858844862214781,15962,15899,12479,13356
12069306,Kloster Lehnin,12.725182626056748,52.31816852418683,133.34071828191415,134.5090162161849,Kloster Lehnin,31.204925241864554,30.81787521079258,-0.38705003107197555,16.464379947229553,15.570545250140528,-0.8938346970890247,8.408091468777485,2.5576166385609893,-5.850474830216496,3.6939313984168867,0.5761663856098932,-3.1177650128069936,22.058047493403695,29.187745924676786,7.129698431273091,9.815303430079156,1.897133220910624,-7.918170209168532,61.858216970998924,75.72969543147208,13.871478460473156,9310,9456,5685,7116
12069345,Linthe,12.785651654984322,52.15511092659581,142.93581337267074,140.14204806087304,Linthe,30.612244897959183,28.37528604118993,-2.2369588567692524,21.31519274376417,15.789473684210526,-5.525719059553646,6.122448979591836,2.9748283752860414,-3.147620604305795,3.854875283446712,0.4576659038901602,-3.397209379556552,26.53061224489796,31.80778032036613,5.277168075468172,5.895691609977324,1.6018306636155606,-4.293860946361764,60.733695652173914,60.32831737346101,-0.40537827871290233,736,731,441,437
12069397,Michendorf,13.065350319736613,52.28684316743463,119.24876418750877,119.0243421335522,Michendorf,26.978647231811788,34.0591663917299,7.080519159918115,15.215445595192431,14.670625756076102,-0.5448198391163288,18.667689553765502,8.98493346530298,-9.682756088462522,4.769211098325022,1.4956559991202023,-3.27355509920482,18.079529471934535,21.07115363466403,2.9916241627294937,7.543792353918936,3.068294292312768,-4.475498061606167,76.37840975043528,82.97640653357531,6.597996783140033,10338,11020,7821,9093
12069402,Mühlenfließ,12.808749033077826,52.12930156090755,143.9960075803594,145.43427495388778,Mühlenfließ,28.846153846153847,32.696390658174096,3.850236812020249,17.94871794871795,12.101910828025478,-5.846807120692471,5.982905982905983,2.9723991507430996,-3.0105068321628834,6.6239316239316235,0.6369426751592356,-5.986988948772388,24.358974358974358,33.333333333333336,8.974358974358978,5.769230769230769,1.2738853503184713,-4.495345418912298,62.59842519685039,62.51638269986894,-0.08204249698145105,762,763,468,471
12069448,Niemegk,12.702768636238721,52.069410768926005,153.80393136017156,154.00739769656855,"Niemegk, Stadt",41.38381201044386,38.28775267538644,-3.0960593350574186,18.01566579634465,10.70154577883472,-7.314120017509929,5.7441253263707575,1.6646848989298455,-4.079440427440912,3.3942558746736293,0.23781212841854935,-3.15644374625508,16.710182767624023,28.53745541022592,11.827272642601898,6.788511749347259,2.2592152199762188,-4.52929652937104,45.91416813639036,50.775656324582336,4.861488188191977,1701,1676,766,841
12069454,Nuthetal,13.129426282850483,52.30598519739057,114.78183613702001,114.20866110346611,Nuthetal,27.34128376008418,35.530349478847334,8.189065718763153,15.02981410031568,13.902513795217658,-1.1273003050980215,15.327955103472465,7.832618025751073,-7.495337077721392,4.998246229393195,1.0576333537706928,-3.9406128756225023,17.23956506488951,18.838136112814226,1.5985710479247146,11.680112241318836,3.740036787247088,-7.940075454071748,76.21005171727887,83.6222278868213,7.412176169542434,7541,7846,5702,6524
12069460,Päwesin,12.684933430096086,52.517393723899346,122.43597409289784,121.63357982102535,Päwesin,39.473684210526315,32.56578947368421,-6.907894736842103,10.526315789473685,11.842105263157896,1.3157894736842106,6.390977443609023,2.960526315789474,-3.430451127819549,3.007518796992481,0.6578947368421053,-2.3496240601503757,19.548872180451127,32.23684210526316,12.68796992481203,9.398496240601503,2.960526315789474,-6.437969924812029,56.666666666666664,65.53191489361703,8.865248226950364,480,470,266,304
12069470,Planebruch,12.663277436347515,52.258810143655616,140.8620757830127,139.28952579011892,Planebruch,35.767790262172284,29.166666666666668,-6.601123595505616,19.850187265917604,15.45138888888889,-4.398798377028715,6.741573033707865,2.7777777777777777,-3.963795255930087,3.183520599250936,0.5208333333333334,-2.6626872659176026,19.288389513108616,30.729166666666668,11.440777153558052,4.307116104868914,1.5625,-2.744616104868914,61.47727272727273,67.93981481481481,6.462542087542083,880,864,534,576
12069474,Planetal,12.662744940072947,52.11574376487132,151.90329696027194,151.97089430004658,Planetal,33.826247689463955,39.66244725738397,5.836199567920012,18.299445471349355,13.924050632911392,-4.375394838437963,10.905730129390019,5.274261603375527,-5.631468526014491,5.175600739371534,1.4767932489451476,-3.698807490426386,16.635859519408502,19.40928270042194,2.773423181013438,6.469500924214418,1.6877637130801688,-4.781737211134249,68.375,63.64846870838881,-4.726531291611188,800,751,541,474
12069485,Rabenstein/Fläming,12.632480423288795,52.033320641700634,160.0156901242977,161.14920374949278,Rabenstein/Fläming,36.69064748201439,33.10657596371882,-3.5840715182955734,21.58273381294964,19.27437641723356,-2.3083573957160795,4.796163069544365,1.5873015873015872,-3.208861482242778,3.8369304556354917,0.9070294784580499,-2.929900977177442,16.546762589928058,24.94331065759637,8.396548067668313,8.872901678657074,0.9070294784580499,-7.9658722001990245,60.285714285714285,65.33923303834808,5.053518752633799,700,678,417,441
12069537,Rosenau,12.360018650691654,52.34034570059156,151.69511886458724,152.9287922510492,Rosenau,28.266666666666666,25.355450236966824,-2.9112164296998415,14.4,8.293838862559241,-6.106161137440759,6.4,0.9478672985781991,-5.452132701421801,2.6666666666666665,0.47393364928909953,-2.192733017377567,25.066666666666666,44.07582938388626,19.009162717219592,10.133333333333333,2.3696682464454977,-7.763665086887835,52.16216216216216,58.60655737704918,6.444395214887017,740,732,375,422
12069541,Roskow,12.67986899960965,52.47079398970642,125.53298711492472,125.08751521898981,Roskow,22.515212981744423,25.045372050816695,2.5301590690722726,15.415821501014198,12.704174228675136,-2.7116472723390626,7.505070993914807,1.4519056261343013,-6.053165367780506,3.2454361054766734,0.7259528130671506,-2.5194832924095225,22.718052738336713,37.20508166969147,14.487028931354754,8.113590263691684,2.3593466424682394,-5.754243621223445,49.60552268244576,56.40243902439025,6.796916341944488,1014,984,493,551
12069590,Schwielowsee,12.981399713671614,52.33402864314685,119.31935128207344,122.03181386882703,Schwielowsee,24.92922302610884,35.74091976246375,10.811696736354907,15.256369927650205,13.616903742576993,-1.6394661850732124,17.474048442906575,7.996133130783041,-9.477915312123535,5.536332179930795,1.436265709156194,-4.1000664707746015,16.21579112928594,18.89241817428532,2.676627044999382,10.459263919471532,3.300649081618561,-7.158614837852971,71.54671434957532,80.20913593835994,8.66242158878461,8948,9085,6358,7241
12069596,Seddiner See,12.986921660452829,52.28073235273107,123.33575595497972,122.96685596090803,Seddiner See,29.740791268758528,31.325301204819276,1.5845099360607477,13.597089586175535,13.179992698064988,-0.4170968881105477,10.050022737608003,2.9937933552391383,-7.0562293823688655,3.1832651205093225,0.6206644760861628,-2.56260064442316,21.282401091405184,24.16940489229646,2.887003800891275,11.323328785811732,3.3953997809419496,-7.927929004869783,61.02578167855184,76.17996135799062,15.154179679438784,3646,3623,2199,2739
12069604,Stahnsdorf,13.193134983931156,52.36001550322464,107.39121547549365,106.93846716981805,Stahnsdorf,24.472917880023296,36.12682926829268,11.653911388269385,16.831683168316832,17.04390243902439,0.21221927070755697,18.54397204426325,7.160975609756098,-11.382996434507152,7.1636575422248105,1.775609756097561,-5.38804778612725,15.969714618520676,19.35609756097561,3.386382942454933,6.895748398369249,2.2829268292682925,-4.612821569100957,70.71615434924787,80.25239541949054,9.536241070242667,12232,12837,8585,10250
12069616,Teltow,13.27649417234795,52.383301759519,101.75874889126479,101.73646098110665,"Teltow, Stadt",28.216450864456252,37.29285262492093,9.07640176046468,14.841703465309482,16.729917773561038,1.8882143082515555,18.80847241972906,7.805186590765339,-11.003285828963723,7.821270862959359,2.232764073371284,-5.588506789588076,14.572262555197964,18.001265022137886,3.429002466939922,6.384252675697927,2.4731182795698925,-3.9111343961280345,63.97264827389714,73.5140627164827,9.541414442585555,21059,21653,13361,15810
12069632,Treuenbrietzen,12.875780636932253,52.084083444592636,144.8547371660803,146.75324285812388,"Treuenbrietzen, Stadt",32.52489149859586,34.32770344373766,1.8028119451417979,16.54327291294358,11.581487168238649,-4.96178574470493,9.139647689558336,3.531476200921255,-5.6081714886370815,3.7273423538422263,0.5483658697082694,-3.178976484133957,19.555782486596886,26.12415003290195,6.5683675463050655,9.777891243298443,2.4128098267163853,-7.365081416582058,61.97469145446024,72.99270072992701,11.018009275466767,6401,6302,3917,4559
12069648,Wenzlow,12.427290024396035,52.29839869294708,150.63312004457447,149.86451358029348,Wenzlow,22.31404958677686,22.317596566523605,0.0035469797467442277,19.421487603305785,13.304721030042918,-6.116766573262867,6.198347107438017,0.4291845493562232,-5.769162558081794,2.479338842975207,0.4291845493562232,-2.0501542936189834,36.36363636363637,43.347639484978544,6.984003121342177,7.024793388429752,0.8583690987124464,-6.166424289717305,53.62637362637363,54.17607223476298,0.5496986083893489,455,443,242,233
12069656,Werder (Havel),12.880100891965723,52.37957306640899,120.88789686908949,120.37807820871504,"Werder (Havel), Stadt",24.826862539349424,32.626244770490835,7.799382231141411,19.349422875131165,14.75458134464675,-4.594841530484414,14.249737670514167,6.97071474868894,-7.279022921825226,4.603008044770899,1.107772081786577,-3.4952359629843217,18.88072752710738,23.139473219020683,4.258745691913305,9.632738719832108,2.8990631076542335,-6.7336756121778745,66.40139840839045,77.59349297950652,11.192094571116073,21739,22007,14295,16971
12069665,Wiesenburg/Mark,12.410662225112816,52.087942009988524,166.4297123131692,165.33521234890338,Wiesenburg/Mark,32.6278659611993,33.0,0.37213403880070217,12.433862433862434,10.615384615384615,-1.8184778184778185,8.421516754850089,3.6538461538461537,-4.767670601003935,5.158730158730159,0.5384615384615384,-4.620268620268621,21.38447971781305,27.192307692307693,5.807827974494643,13.095238095238095,3.8076923076923075,-9.287545787545788,62.55422993492408,75.3220727168623,12.767842781938214,3688,3493,2268,2600
12069680,Wollin,12.48357136244709,52.2853969422621,148.43705290060967,149.04214969302978,Wollin,31.486880466472304,27.466666666666665,-4.020213799805639,18.950437317784257,13.866666666666667,-5.0837706511175895,6.41399416909621,1.0666666666666667,-5.347327502429543,3.7900874635568513,0.26666666666666666,-3.5234207968901847,24.198250728862973,34.666666666666664,10.468415937803691,7.580174927113703,2.1333333333333333,-5.44684159378037,50.28901734104046,57.164404223227756,6.875386882187293,692,663,343,375
12069688,Wusterwitz,12.37409962853976,52.37089722987029,149.01772766383567,149.71696073360482,Wusterwitz,27.68729641693811,31.183673469387756,3.4963770524496454,20.684039087947884,11.83673469387755,-8.847304394070333,8.876221498371336,1.7959183673469388,-7.080303131024397,4.234527687296417,0.32653061224489793,-3.907997075051519,21.009771986970684,36.0,14.990228013029316,9.283387622149837,2.122448979591837,-7.1609386425579995,47.89494013132484,48.6624704956727,0.7675303643478628,2589,2542,1228,1225
12069696,Ziesar,12.296345007892713,52.26879331305409,159.80203236296185,157.69882393772457,"Ziesar, Stadt",28.026315789473685,26.600441501103752,-1.4258742883699327,15.789473684210526,13.245033112582782,-2.544440571627744,5.7894736842105265,1.434878587196468,-4.354595097014059,5.921052631578948,0.7726269315673289,-5.148425700011619,29.473684210526315,39.624724061810156,10.15103985128384,7.368421052631579,2.3178807947019866,-5.050540257929592,36.476190476190474,44.59128732256485,8.115096846374378,2100,2043,760,906
12070008,Bad Wilsnack,11.922283065135437,52.96962631369661,155.8960420580911,155.23654414137155,"Bad Wilsnack, Stadt",31.281533804238144,30.15267175572519,-1.1288620485129535,18.062563067608476,9.732824427480915,-8.32973864012756,6.15539858728557,2.00381679389313,-4.15158179339244,4.339051463168516,0.2862595419847328,-4.0527919211837835,23.41069626639758,38.454198473282446,15.043502206884867,7.769929364278506,1.6221374045801527,-6.1477919596983535,44.83985765124555,48.25396825396825,3.414110602722701,2248,2205,991,1048
12070028,Berge,11.861705741335117,53.24600978151514,159.87104153560483,159.58054395181713,Berge,29.838709677419356,31.85595567867036,2.017246001251003,18.817204301075268,9.141274238227147,-9.67593006284812,6.720430107526882,0.554016620498615,-6.166413487028267,2.956989247311828,0.0,-2.956989247311828,28.49462365591398,38.50415512465374,10.009531468739763,9.946236559139784,1.9390581717451523,-8.007178387394632,58.34633385335413,60.59602649006622,2.2496926367120906,641,604,372,361
12070052,Breese,11.820802073760982,52.99994733310664,162.3874375768301,162.256501401343,Breese,34.355828220858896,29.329608938547487,-5.026219282311409,18.25153374233129,12.011173184357542,-6.240360557973748,7.208588957055214,2.2346368715083798,-4.973952085546834,2.914110429447853,0.27932960893854747,-2.6347808205093055,22.392638036809817,37.29050279329609,14.897864756486275,6.901840490797546,1.675977653631285,-5.225862837166261,51.808176100628934,57.3587907716786,5.550614671049665,1272,1257,652,716
12070060,Cumlosen,11.662485876609257,53.02928139773148,172.77611340124756,172.1909491266966,Cumlosen,41.35338345864662,32.323232323232325,-9.030151135414293,18.546365914786968,14.646464646464647,-3.8999012683223206,3.7593984962406015,1.5151515151515151,-2.2442469810890864,2.506265664160401,0.25252525252525254,-2.2537404116351483,24.31077694235589,36.61616161616162,12.30538467380573,5.513784461152882,1.5151515151515151,-3.998632946001367,62.83048211508554,64.63022508038586,1.799742965300318,643,622,399,396
12070096,Gerdshagen,12.21497226795146,53.238631575515406,136.32288389227188,135.96703116985472,Gerdshagen,40.41450777202073,30.555555555555557,-9.85895221646517,12.953367875647668,4.166666666666667,-8.786701208981,4.1450777202072535,0.46296296296296297,-3.6821147572442907,1.0362694300518134,0.0,-1.0362694300518134,26.424870466321245,43.51851851851852,17.093648052197274,7.772020725388601,0.9259259259259259,-6.8460947994626755,44.44444444444444,54.61346633416459,10.169021889720149,441,401,193,216
12070125,Groß Pankow (Prignitz),12.03313121114202,53.10766187286889,147.6861959811432,145.22806059525362,Groß Pankow (Prignitz),31.451612903225808,29.551337359792925,-1.9002755434328833,16.985887096774192,12.424503882657463,-4.561383214116729,7.963709677419355,3.106125970664366,-4.857583706754989,4.38508064516129,0.6471095772217429,-3.7379710679395473,21.370967741935484,31.92407247627265,10.553104734337165,10.383064516129032,2.804141501294219,-7.578923014834813,62.41046402989723,73.10688688064818,10.696422850750949,3211,3209,1984,2318
12070145,Gülitz-Reetz,11.928162311947737,53.18585394806391,154.94630532173653,155.54363377522284,Gülitz-Reetz,33.944954128440365,24.390243902439025,-9.55471022600134,15.596330275229358,12.195121951219512,-3.401208324009845,4.587155963302752,1.6260162601626016,-2.9611397031401507,3.669724770642202,0.0,-3.669724770642202,27.06422018348624,41.05691056910569,13.99269038561945,7.798165137614679,1.6260162601626016,-6.172148877452077,53.94088669950739,63.3587786259542,9.417891926446813,406,393,218,246
12070149,Gumtow,12.242217959093287,52.997174769662294,134.21302263295658,134.68625764779856,Gumtow,28.67324561403509,27.85571142284569,-0.8175341911893987,19.407894736842106,14.32865731462926,-5.079237422212847,9.484649122807017,3.6072144288577155,-5.877434693949302,2.412280701754386,0.501002004008016,-1.9112786977463703,22.42324561403509,33.61723446893787,11.193988854902784,9.100877192982455,2.1543086172344688,-6.946568575747987,63.777624309392266,73.84615384615384,10.068529536761574,2896,2730,1824,1996
12070153,Halenbeck-Rohlsdorf,12.307412295424344,53.2376986488169,130.17806773859263,131.37162614457665,Halenbeck-Rohlsdorf,31.336405529953918,27.0042194092827,-4.332186120671217,18.433179723502302,8.438818565400844,-9.994361158101459,5.0691244239631335,1.2658227848101267,-3.803301639153007,1.8433179723502304,0.0,-1.8433179723502304,23.963133640552996,45.14767932489451,21.184545684341515,11.981566820276498,2.9535864978902953,-9.027980322386203,48.78587196467991,53.52422907488987,4.738357110209954,453,454,217,237
12070173,Karstädt,11.734451578968748,53.158813100290516,167.764237551566,169.89129526767644,Karstädt,28.304278922345482,26.188418323249785,-2.115860599095697,25.54675118858954,16.16248919619706,-9.384261992392478,5.958795562599049,1.8726591760299625,-4.086136386569087,3.0427892234548337,0.34572169403630076,-2.697067529418533,22.979397781299525,35.03313166234515,12.053733881045623,8.621236133122029,2.794583693460098,-5.826652439661931,64.64221286831028,73.5117195602572,8.869506691946924,4989,4821,3155,3471
12070222,Kümmernitztal,12.162118852554222,53.24002850100417,139.84792449007162,139.71586459514256,Kümmernitztal,28.977272727272727,29.37853107344633,0.4012583461736021,14.204545454545455,10.169491525423728,-4.035053929121727,14.772727272727273,2.2598870056497176,-12.512840267077555,4.545454545454546,0.5649717514124294,-3.9804827940421164,14.772727272727273,35.59322033898305,20.82049306625578,11.363636363636363,2.2598870056497176,-9.103749357986645,58.032786885245905,58.52090032154341,0.48811343629750326,305,311,176,177
12070236,Lanz,11.590826194557389,53.07651908166126,177.3662415071103,176.23171956868194,Lanz,22.52252252252252,19.09090909090909,-3.4316134316134317,20.72072072072072,12.727272727272727,-7.993447993447994,5.405405405405405,1.2121212121212122,-4.193284193284193,3.003003003003003,0.6060606060606061,-2.396942396942397,35.13513513513514,44.54545454545455,9.41031941031941,7.207207207207207,2.121212121212121,-5.085995085995086,55.016181229773466,54.93421052631579,-0.08197070345767798,618,608,333,330
12070241,Legde/Quitzöbel,11.989918188185833,52.91010343850014,152.19507583009062,152.64330670606086,Legde/Quitzöbel,31.1046511627907,24.316109422492403,-6.788541740298296,17.151162790697676,13.98176291793313,-3.1693998727645454,3.488372093023256,0.0,-3.488372093023256,4.3604651162790695,0.303951367781155,-4.056513748497914,29.069767441860463,48.328267477203646,19.258500035343182,5.232558139534884,1.8237082066869301,-3.408849932847954,63.405797101449274,65.42239685658153,2.0165997551322548,552,509,344,329
12070244,Lenzen (Elbe),11.457854491295004,53.107642884195954,186.21925262302744,184.09100000500203,"Lenzen (Elbe), Stadt",33.42657342657343,26.048284625158832,-7.378288801414595,17.622377622377623,13.595933926302415,-4.026443696075209,5.174825174825175,1.5247776365946633,-3.6500475382305115,2.797202797202797,0.3811944091486658,-2.416008388054131,20.83916083916084,35.45108005082592,14.611919211665082,9.79020979020979,3.9390088945362134,-5.851200895673577,38.822894168466526,44.75014037057833,5.927246202111803,1852,1781,715,787
12070246,Lenzerwische,11.353223888890955,53.09003304914494,193.25513021571484,194.03256319120638,Lenzerwische,20.975609756097562,25.76419213973799,4.788582383640428,28.29268292682927,17.03056768558952,-11.262115241239748,10.24390243902439,2.6200873362445414,-7.623815102779849,4.878048780487805,0.4366812227074236,-4.4413675577803815,25.365853658536587,37.11790393013101,11.75205027159442,5.365853658536586,0.4366812227074236,-4.929172435829162,51.8796992481203,61.03896103896104,9.159261790840738,399,385,205,229
12070266,Marienfließ,12.138184746560412,53.321407647895796,142.67498905293155,142.9912896709157,Marienfließ,34.00576368876081,33.15926892950392,-0.8464947592568919,15.27377521613833,9.921671018276763,-5.352104197861566,6.628242074927954,3.91644908616188,-2.711792988766074,3.7463976945244957,0.26109660574412535,-3.4853010887803704,22.76657060518732,33.68146214099217,10.914891535804848,9.798270893371757,1.566579634464752,-8.231691258907006,55.92948717948718,67.42556917688266,11.496081997395478,624,571,347,383
12070280,Meyenburg,12.260132058895747,53.309994250360276,134.44965378962198,134.5115390530248,"Meyenburg, Stadt",30.939226519337016,30.975609756097562,0.03638323676054611,18.646408839779006,10.365853658536585,-8.280555181242422,6.2154696132596685,1.3414634146341464,-4.874006198625522,2.4861878453038675,0.24390243902439024,-2.2422854062794775,28.03867403314917,42.80487804878049,14.766204015631317,6.767955801104972,1.0975609756097562,-5.670394825495216,41.571753986332574,49.49374627754616,7.921992291213584,1756,1679,724,820
12070296,Perleberg,11.823905229659323,53.07451934592571,161.75301487762857,160.25808473056426,"Perleberg, Stadt",26.806526806526808,29.115517784073024,2.308990977546216,17.231486462255692,13.015423355366698,-4.216063106888994,7.441276672045903,1.4479068303430909,-5.993369841702812,3.8192576654115116,0.48788164935473716,-3.3313760160567742,22.35969159046082,31.948378973874725,9.588687383413905,13.26878249955173,5.335221907459868,-7.933560592091862,58.07609475951185,68.6703096539162,10.59421489440436,9751,9333,5577,6354
12070300,Pirow,11.903301773445685,53.215366133165816,156.81601110464626,156.85388439098773,Pirow,24.378109452736318,24.170616113744074,-0.20749333899224354,17.412935323383085,14.218009478672986,-3.1949258447100988,6.467661691542289,0.9478672985781991,-5.51979439296409,4.477611940298507,0.47393364928909953,-4.0036782910094075,29.35323383084577,47.39336492890995,18.040131098064183,10.447761194029852,2.843601895734597,-7.604159298295254,55.0408719346049,60.906515580736546,5.865643646131645,367,353,201,211
12070302,Plattenburg,12.051640403733469,52.9800221758614,147.13373825166283,147.46573077527572,Plattenburg,28.08921036769138,28.88888888888889,0.7996785211975102,15.12959614225437,12.093023255813954,-3.036572886440416,8.981314044605185,2.5322997416020674,-6.449014303003118,4.641350210970464,0.36175710594315247,-4.2795931050273115,23.387582881253767,32.55813953488372,9.170556653629955,9.041591320072333,3.4108527131782944,-5.630738606894039,59.7153024911032,72.15049797122833,12.435195480125131,2810,2711,1659,1935
12070316,Pritzwalk,12.216081332090331,53.15304139824755,135.53936928273444,136.26373312633888,"Pritzwalk, Stadt",32.5675427311156,32.754342431761785,0.18679970064618345,15.732402131961036,12.003722084367245,-3.728680047593791,6.248851314096673,1.163151364764268,-5.0856999493324055,4.024995405256386,0.6978908188585607,-3.3271045863978257,21.540158059180296,32.14950372208437,10.609345662904072,10.93548979966918,2.2332506203473947,-8.702239179321785,53.48113574484636,66.29247882436984,12.811343079523475,10284,9799,5441,6448
12070325,Putlitz,12.028068709461014,53.25119698115011,148.8786590923892,148.72576087246458,"Putlitz, Stadt",30.65279091769158,31.484641638225256,0.8318507205336765,15.2317880794702,11.433447098976108,-3.798340980494091,7.28476821192053,1.7064846416382253,-5.578283570282304,4.068117313150426,0.25597269624573377,-3.8121446169046918,23.273415326395458,35.580204778157,12.306789451761539,11.447492904446547,2.218430034129693,-9.229062870316854,46.06401384083045,53.2701849345963,7.206171093765853,2312,2217,1057,1172
12070348,Rühstädt,11.869103873685406,52.922586706053345,160.05328238200786,159.2819556019406,Rühstädt,27.23404255319149,29.957805907172997,2.723763353981507,21.27659574468085,12.658227848101266,-8.618367896579585,9.361702127659575,1.6877637130801688,-7.673938414579406,4.25531914893617,0.0,-4.25531914893617,20.0,32.48945147679325,12.48945147679325,11.48936170212766,2.5316455696202533,-8.957716132507407,59.25925925925926,59.600997506234414,0.3417382469751544,405,401,235,237
12070393,Triglitz,12.117571490566519,53.23562964472349,142.7555826629825,143.04314091558058,Triglitz,24.675324675324674,27.586206896551722,2.910882221227048,21.645021645021647,13.409961685823754,-8.235059959197892,4.761904761904762,3.0651340996168583,-1.6967706622879035,4.329004329004329,0.7662835249042146,-3.562720804100114,28.138528138528137,38.31417624521073,10.175648106682594,6.4935064935064934,1.9157088122605364,-4.577797681245957,56.563245823389025,61.48491879350348,4.921672970114457,419,431,231,261
12070416,Weisen,11.779007097327442,53.039581215832044,164.90848573923734,164.9369989071795,Weisen,34.024896265560166,31.352459016393443,-2.672437249166723,20.12448132780083,10.245901639344263,-9.878579688456567,3.319502074688797,0.6147540983606558,-2.7047479763281412,2.6970954356846475,0.20491803278688525,-2.492177402897762,26.970954356846473,40.368852459016395,13.397898102169922,7.468879668049793,1.639344262295082,-5.829535405754711,57.863849765258216,58.76777251184834,0.9039227465901263,852,844,482,488
12070424,Wittenberge,11.73756912398077,53.01018752921104,167.878078803376,167.21490540562363,"Wittenberge, Stadt",38.0802929253302,37.093449381584975,-0.9868435437452234,14.620112462403556,11.051305542830967,-3.568806919572589,6.237740290309925,1.8896014658726523,-4.348138824437273,2.811560088923761,0.3550160329821347,-2.456544055941626,22.008630835621812,30.313788364635823,8.30515752901401,10.160847391133778,2.4393037104901514,-7.721543680643627,52.965696323629906,63.49091957336408,10.525223249734175,14634,13876,7647,8732
12071028,Briesen,14.237540428148952,51.82190070428851,140.78910449720337,141.19814396009735,Briesen,27.15736040609137,33.756345177664976,6.598984771573605,17.00507614213198,11.421319796954315,-5.583756345177665,5.583756345177665,1.015228426395939,-4.568527918781726,7.868020304568528,0.0,-7.868020304568528,29.18781725888325,36.54822335025381,7.360406091370557,5.32994923857868,0.7614213197969543,-4.568527918781726,61.46788990825688,60.15151515151515,-1.3163747567417303,654,660,394,394
12071032,Burg (Spreewald),14.129399368019314,51.84028117220873,138.94189251222056,138.58438115874662,Burg (Spreewald),26.837060702875398,28.25278810408922,1.4157274012138217,16.187433439829604,9.187466808284652,-6.999966631544952,5.378061767838125,1.009028146574615,-4.36903362126351,6.17678381256656,0.7966011683483802,-5.38018264421818,33.919062832800854,42.06054168879448,8.141478855993626,5.271565495207668,1.699415825809878,-3.5721496693977897,51.00725221595488,51.717557251908396,0.7103050359535175,3723,3668,1878,1883
12071041,Dissen-Striesow,14.27428975066842,51.833338537360845,139.53836128800492,139.8659986894778,Dissen-Striesow,19.342359767891683,29.591836734693878,10.249476966802195,21.8568665377176,11.904761904761905,-9.952104632955695,7.350096711798839,3.061224489795918,-4.2888722220029205,5.996131528046422,0.5102040816326531,-5.485927446413768,31.528046421663444,37.585034013605444,6.056987591942001,5.996131528046422,0.6802721088435374,-5.3158594192028845,64.46078431372548,71.84115523465704,7.380370920931554,816,831,517,588
12071044,Döbern,14.60786625392599,51.61133852222373,166.1254254529797,166.19079494667267,"Döbern, Stadt",32.4768022840828,25.72062084257206,-6.756181441510741,13.418986438258386,7.760532150776053,-5.658454287482333,2.355460385438972,0.4434589800443459,-1.9120014053946264,3.7830121341898644,0.4434589800443459,-3.3395531541455186,36.11705924339757,47.080561714708054,10.963502471310484,5.8529621698786585,1.1086474501108647,-4.744314719767794,50.46066619418852,50.29498525073746,-0.16568094345105777,2822,2712,1401,1353
12071052,Drachhausen,14.302408645375497,51.89673859850399,132.53685049416663,132.3645949465333,Drachhausen,24.22680412371134,26.184538653366584,1.9577345296552444,12.11340206185567,6.982543640897756,-5.130858420957914,2.8350515463917527,1.9950124688279303,-0.8400390775638225,4.381443298969073,0.0,-4.381443298969073,41.49484536082474,45.38653366583541,3.8916883050106676,7.989690721649485,2.2443890274314215,-5.745301694218063,56.95461200585652,64.6129541864139,7.6583421805573835,683,633,388,401
12071057,Drebkau,14.2107957726855,51.65418153148841,159.45414230218051,158.21092133020753,"Drebkau, Stadt",27.614533965244867,30.377306527127512,2.7627725618826453,17.061611374407583,10.60313963095566,-6.458471743451923,4.360189573459715,0.8537592949600661,-3.506430278499649,4.107424960505529,0.7160561828697328,-3.3913687776357966,29.00473933649289,36.79427155053704,7.789532214044151,10.742496050552923,1.7625998347562655,-8.979896215796657,66.94317710493571,77.2421052631579,10.298928158222182,4822,4750,3165,3631
12071060,Drehnow,14.349132520949203,51.87150033438886,135.48171772362832,135.76184958498752,Drehnow,21.35593220338983,20.43010752688172,-0.9258246765081104,20.677966101694917,13.978494623655914,-6.699471478039003,2.3728813559322033,1.7921146953405018,-0.5807666605917015,6.101694915254237,0.35842293906810035,-5.743271976186136,40.33898305084746,48.38709677419355,8.048113723346091,4.067796610169491,1.075268817204301,-2.9925277929651903,66.96629213483146,64.75972540045767,-2.2065667343737942,445,437,295,279
12071074,Felixsee,14.53556921981963,51.61156446127042,165.42610579957255,166.38076873389812,Felixsee,25.10593220338983,24.487704918032787,-0.6182272853570439,12.60593220338983,8.709016393442623,-3.896915809947208,2.1186440677966103,0.9221311475409836,-1.1965129202556266,5.296610169491525,0.7172131147540983,-4.579397054737427,40.57203389830509,46.31147540983606,5.739441511530977,7.627118644067797,1.4344262295081966,-6.1926924145596,56.275780789628755,62.2236260265319,5.947845236903149,1697,1583,944,976
12071076,Forst (Lausitz),14.607926555692224,51.73763522243229,152.25090563345378,151.79343848117662,"Forst (Lausitz), Stadt",32.21597300337458,32.47269116186693,0.2567181584923546,11.214848143982003,8.341608738828203,-2.8732394051538,4.049493813273341,0.9731876861966237,-3.0763061270767174,4.3644544431946,0.8639523336643495,-3.5005021095302506,32.71091113610799,39.215491559086395,6.504580422978407,8.650168728908886,2.11519364448858,-6.5349750844203065,58.506493506493506,69.98897919823668,11.482485691743172,15400,14518,8890,10070
12071153,Groß Schacksdorf-Simmersdorf,14.635843752630958,51.68335888002449,158.5232648008729,158.2103768637146,Groß Schacksdorf-Simmersdorf,32.92978208232446,33.164556962025316,0.23477487970085775,5.5690072639225185,4.30379746835443,-1.2652097955680883,2.6634382566585955,0.759493670886076,-1.9039445857725195,5.326876513317191,0.25316455696202533,-5.073711956355165,38.983050847457626,47.59493670886076,8.611885861403131,6.779661016949152,1.518987341772152,-5.260673675177,52.88944723618091,61.86046511627907,8.971017880098167,796,645,413,395
12071160,Guben,14.685386242280208,51.95672617720375,129.39934167459998,129.26455427415928,"Guben, Stadt",27.618570892253786,30.319212056485107,2.700641164231321,12.401451633087223,9.69502788655512,-2.706423746532103,5.2809410586910275,1.1985285392191765,-4.082412519471851,4.880490551870855,0.6526640560104426,-4.227826495860413,32.937054185959205,36.786519520588584,3.849465334629379,9.648354398698537,2.491990032039872,-7.156364366658664,57.998142459098375,66.996699669967,8.998557210868626,13997,12726,7991,8427
12071164,Guhrow,14.218807567198917,51.82305237222346,140.66724424386084,140.70895969273164,Guhrow,24.113475177304963,29.739776951672862,5.626301774367899,20.56737588652482,10.408921933085502,-10.15845395343932,4.964539007092198,2.2304832713754648,-2.7340557357167334,3.1914893617021276,0.0,-3.1914893617021276,30.49645390070922,37.9182156133829,7.421761712673678,9.21985815602837,1.858736059479554,-7.361122096548815,63.82022471910113,62.61467889908257,-1.205545820018557,445,436,282,269
12071176,Heinersbrück,14.524181341162118,51.81616353971557,142.7551925856263,142.8107559115721,Heinersbrück,19.322033898305083,15.100671140939598,-4.221362757365485,10.847457627118644,8.724832214765101,-2.1226254123535426,3.389830508474576,0.33557046979865773,-3.054260038675918,4.406779661016949,0.33557046979865773,-4.0712091912182915,50.50847457627118,58.053691275167786,7.545216698896603,3.7288135593220337,1.342281879194631,-2.386531680127403,60.08064516129032,60.851926977687626,0.7712818163973054,496,493,295,298
12071189,Jämlitz-Klein Düben,14.677314924565454,51.58430082286702,169.86832781238263,170.15967856397035,Jämlitz-Klein Düben,23.25581395348837,18.803418803418804,-4.452395150069567,9.30232558139535,3.4188034188034186,-5.88352216259193,1.550387596899225,0.42735042735042733,-1.1230371695487975,3.10077519379845,0.42735042735042733,-2.6734247664480226,46.89922480620155,60.256410256410255,13.357185450208704,8.527131782945736,2.1367521367521367,-6.390379646193599,66.16161616161617,60.9375,-5.224116161616166,396,384,258,234
12071193,Jänschwalde,14.52282380880045,51.88641104158336,135.00363643115855,136.32566470945102,Jänschwalde,20.50632911392405,22.16867469879518,1.6623455848711295,10.886075949367088,6.867469879518072,-4.018606069849016,6.329113924050633,1.0843373493975903,-5.244776574653042,4.050632911392405,0.6024096385542169,-3.4482232728381885,43.164556962025316,47.95180722891566,4.7872502668903465,9.240506329113924,1.927710843373494,-7.31279548574043,60.55806938159879,66.11764705882354,5.559577677224745,1326,1275,790,830
12071244,Kolkwitz,14.191137630918632,51.754056799474434,148.36958236442592,148.34066885305748,Kolkwitz,25.329679739681453,29.33374460209747,4.004064862416019,17.931152594622368,12.739049969154843,-5.192102625467525,4.949477650282582,1.5576804441702652,-3.391797206112317,6.028429525603699,0.879086983343615,-5.149342542260085,29.970885425586573,35.7649599012955,5.794074475708925,8.049323514300394,1.5422578655151142,-6.50706564878528,75.08919469928644,82.61254425897825,7.523349559691809,7848,7908,5839,6484
12071294,Neiße-Malxetal,14.685332845761373,51.6301744370831,164.94572489107057,164.04188934895166,Neiße-Malxetal,25.281602002503128,22.11652794292509,-3.165074059578039,13.76720901126408,7.253269916765755,-6.513939094498325,3.0037546933667083,0.23781212841854935,-2.765942564948159,4.380475594493117,0.5945303210463734,-3.7859452734467434,42.803504380475594,53.5077288941736,10.704224513698009,5.632040050062578,1.070154577883472,-4.561885472179106,58.03443328550932,63.47305389221557,5.438620606706245,1394,1336,799,841
12071301,Neuhausen/Spree,14.453965867499189,51.70049113856628,154.98851293487354,156.20431895642457,Neuhausen/Spree,25.70806100217865,29.477292202227936,3.769231200049287,15.250544662309368,9.540131391031133,-5.7104132712782345,6.286959228135698,1.8851756640959725,-4.401783564039726,5.259881730469965,0.5141388174807198,-4.745742912989246,33.11546840958606,37.075121393887464,3.9596529843014068,7.905384375972611,1.7423593259068837,-6.163025050065727,75.61542034370646,83.41209829867675,7.796677954970292,4306,4232,3213,3501
12071304,Peitz,14.421544472770524,51.85747560918049,137.3972739676924,137.13669912781438,"Peitz, Stadt",25.0,23.655913978494624,-1.344086021505376,11.80232558139535,8.26259196378042,-3.53973361761493,3.372093023255814,0.9620826259196378,-2.410010397336176,5.988372093023256,0.8488964346349746,-5.139475658388282,37.96511627906977,48.44368986983588,10.47857359076611,6.744186046511628,1.9807583474816073,-4.7634276990300215,46.61855118952152,48.64425162689805,2.0257004373765284,3741,3688,1720,1767
12071337,Schenkendöbern,14.602211623104653,51.95804985476053,128.04928980974802,126.65464652646523,Schenkendöbern,24.73821989528796,24.033264033264032,-0.704955862023926,15.270506108202444,9.688149688149688,-5.582356420052756,7.547993019197207,1.9126819126819128,-5.635311106515294,5.279232111692845,0.2910602910602911,-4.988171820632553,33.289703315881326,40.45738045738046,7.167677141499134,6.282722513089006,2.6195426195426195,-3.663179893546386,75.232,81.56480859637341,6.332808596373411,3125,2978,2292,2405
12071341,Schmogrow-Fehrow,14.243538931791274,51.87457395855889,134.9310496475823,135.74855044628663,Schmogrow-Fehrow,21.16788321167883,25.641025641025642,4.473142429346812,16.30170316301703,9.82905982905983,-6.472643333957201,3.8929440389294405,1.7094017094017093,-2.1835423295277314,4.622871046228711,0.42735042735042733,-4.195520618878283,38.68613138686131,42.73504273504273,4.04891134818142,4.866180048661801,2.1367521367521367,-2.729427911909664,61.01449275362319,70.07407407407408,9.059581320450889,690,675,411,468
12071372,Spremberg,14.375814113214576,51.57922577492702,168.04072027921805,167.10777705977088,"Spremberg, Stadt",23.496101764464505,25.386296826712897,1.8901950622483916,16.58596635207222,10.688173663978292,-5.8977926880939275,3.504308576118178,1.1306248586718928,-2.3736837174462853,4.735330324169061,0.6557624180296977,-4.0795679061393635,36.4136233073451,41.48639481420065,5.072771506855553,8.674599917931884,2.2989372126328482,-6.375662705299035,64.34270219533816,73.20822847138636,8.8655262760482,19177,18278,12185,13267
12071384,Tauer,14.458976089362157,51.9242581894922,130.26856132750942,130.60810935882765,Tauer,22.79202279202279,20.845921450151057,-1.946101341871735,14.245014245014245,7.854984894259819,-6.390029350754426,4.843304843304844,4.229607250755287,-0.6136975925495562,4.273504273504273,1.5105740181268883,-2.762930255377385,36.18233618233618,45.9214501510574,9.73911396872122,7.977207977207978,2.719033232628399,-5.258174744579579,58.62068965517241,59.823008849557525,1.2023191943851117,609,565,351,331
12071386,Teichland,14.435680823914065,51.82606405193411,140.96544304727902,141.01416678336344,Teichland,23.217247097844112,24.56140350877193,1.3441564109278197,15.422885572139304,7.814992025518341,-7.6078935466209625,4.477611940298507,1.2759170653907497,-3.2016948749077576,6.135986733001658,0.4784688995215311,-5.657517833480127,35.65505804311775,44.81658692185008,9.161528878732334,8.12603648424544,1.2759170653907497,-6.85011941885469,62.5,66.52763295099062,4.027632950990622,976,959,603,627
12071392,Tschernitz,14.61141356574673,51.58345759040145,169.2283769039048,169.27237026059802,Tschernitz,21.98952879581152,16.216216216216218,-5.773312579595302,13.089005235602095,7.094594594594595,-5.9944106410075,3.4904013961605584,0.8445945945945946,-2.6458068015659637,5.7591623036649215,0.5067567567567568,-5.2524055469081645,43.280977312390924,57.263513513513516,13.982536201122592,6.980802792321117,2.364864864864865,-4.615937927456252,54.647887323943664,60.140562248995984,5.49267492505232,1065,996,573,592
12071401,Turnow-Preilack,14.388725148170868,51.89645833117101,132.88960749423794,132.43692402760914,Turnow-Preilack,21.630615640599,22.727272727272727,1.0966570866737264,13.477537437603994,9.577922077922079,-3.899615359681915,2.4958402662229617,0.487012987012987,-2.008827279209975,4.825291181364393,0.974025974025974,-3.851265207338419,42.42928452579035,46.42857142857143,3.99928690278108,4.492512479201331,1.1363636363636365,-3.356148842837694,62.61491317671093,66.45367412140575,3.838760944694826,979,939,601,616
12071408,Welzow,14.208803001012711,51.55980833111394,169.95117376521134,169.87986778472478,"Welzow, Stadt",32.392710170487945,29.95169082125604,-2.4410193492319046,14.109347442680775,8.427267847557703,-5.6820795951230725,6.466784244562023,1.7713365539452497,-4.695447690616773,3.9976484420928866,0.5904455179817498,-3.407202924111137,28.4538506760729,38.969404186795494,10.515553510722594,6.466784244562023,1.1808910359634996,-5.285893208598523,57.89825970548862,68.10282404055033,10.204564335061711,2988,2762,1701,1863
12071412,Werben,14.17604808300059,51.817657433360026,141.32439547993226,141.75343824694784,Werben,24.482758620689655,31.82819383259912,7.345435211909464,18.850574712643677,10.90308370044053,-7.947491012203148,4.942528735632184,1.6519823788546255,-3.2905463567775586,5.747126436781609,0.44052863436123346,-5.3065978024203755,35.05747126436781,38.32599118942731,3.2685199250595005,4.827586206896552,1.3215859030837005,-3.506000303812851,59.86440677966102,61.719274680993955,1.8548679013329377,1475,1489,870,908
12071414,Wiesengrund,14.541711016200953,51.7151883535217,154.04674647415092,154.79512449799816,Wiesengrund,29.86111111111111,28.17258883248731,-1.6885222786238003,10.694444444444445,4.314720812182741,-6.379723632261704,2.7777777777777777,1.015228426395939,-1.7625493513818387,2.7777777777777777,0.6345177664974619,-2.143260011280316,41.94444444444444,50.50761421319797,8.563169768753525,5.833333333333333,1.2690355329949239,-4.564297800338409,61.9813717188823,68.12714776632302,6.1457760474407195,1181,1164,720,788
12072002,Am Mellensee,13.381129958663612,52.150412016013064,119.3118570744856,119.95063230200232,Am Mellensee,25.006854949273375,29.066265060240966,4.05941011096759,15.300246778173841,11.553356282271945,-3.746890495901896,7.81464217164793,2.8399311531841653,-4.974711018463765,3.838771593090211,0.5163511187607573,-3.3224204743294536,28.16013161502605,35.047332185886404,6.8872005708603545,9.487249794351522,2.0008605851979344,-7.486389209153588,63.3658286300667,76.73275438309028,13.36692575302358,5847,6103,3647,4648
12072014,Baruth/Mark,13.526431028103124,52.03598260692615,126.53977375454296,127.76216378130407,"Baruth/Mark, Stadt",28.622862286228624,30.666666666666668,2.0438043804380435,13.636363636363637,10.81904761904762,-2.817316017316017,9.045904590459045,2.4761904761904763,-6.569714114268569,2.9252925292529253,0.45714285714285713,-2.468149672110068,27.272727272727273,33.40952380952381,6.136796536796538,9.450945094509452,2.552380952380952,-6.8985641421284996,63.441466854724965,75.27065527065527,11.829188415930304,3545,3510,2222,2625
12072017,Blankenfelde-Mahlow,13.427506176714541,52.33264506773715,100.26272435910145,101.07085168576448,Blankenfelde-Mahlow,23.550642905481617,30.58438012015292,7.033737214671305,16.21926460636138,15.965774622246496,-0.25348998411488566,14.091285059026994,4.120395655076157,-9.970889403950837,3.812316715542522,1.3532374537289884,-2.4590792618135335,20.72336265884653,25.15929364645913,4.4359309876126005,8.068275810211293,2.0389586746768615,-6.029317135534432,60.26646466446841,72.26865151910856,12.00218685464015,22442,22974,13299,16479
12072053,Dahme/Mark,13.442249489293884,51.88364593389477,144.42017990171576,145.12607784324098,"Dahme/Mark, Stadt",33.644400785854614,34.15741675075681,0.5130159649021948,14.538310412573674,8.526740665993945,-6.011569746579729,6.43418467583497,1.6649848637739657,-4.769199812061005,3.2416502946954813,0.5549949545913219,-2.6866553401041595,22.789783889980352,35.1664984863774,12.376714596397047,10.166994106090373,2.4722502522704337,-7.694743853819939,48.46063454759107,49.08424908424909,0.6236145366580175,4255,4095,2036,1982
12072055,Dahmetal,13.49033157016926,51.90559775700272,140.94503308042454,140.6821326525071,Dahmetal,34.32835820895522,40.32921810699588,6.000859898040659,23.507462686567163,11.522633744855968,-11.984828941711195,4.477611940298507,2.4691358024691357,-2.0084761378293714,2.2388059701492535,0.0,-2.2388059701492535,16.044776119402986,28.395061728395063,12.350285608992078,10.82089552238806,0.823045267489712,-9.997850254898347,67.32673267326733,63.37662337662338,-3.9501092966439515,404,385,268,243
12072120,Großbeeren,13.327318323072292,52.36400130154955,101.30931018603295,101.43024619214289,Großbeeren,26.72289156626506,33.48306195021524,6.760170383950179,21.42168674698795,22.702601534718323,1.2809147877303708,14.650602409638553,4.360845966685383,-10.28975644295317,5.807228915662651,1.5534344001497287,-4.253794515512922,17.783132530120483,22.028822758749765,4.245690228629282,4.602409638554217,1.6470147857009172,-2.9553948528533,62.227495180186864,76.23987494671024,14.012379766523381,6743,7037,4150,5343
12072157,Ihlow,13.351899230310716,51.86383057801324,148.84571892583378,148.38514638250112,Ihlow,24.691358024691358,25.5,0.8086419753086425,13.82716049382716,7.25,-6.57716049382716,3.7037037037037037,0.75,-2.9537037037037037,2.4691358024691357,0.75,-1.7191358024691357,37.53086419753087,49.5,11.969135802469133,12.098765432098766,2.75,-9.348765432098766,68.80269814502529,73.502722323049,4.70002417802371,593,551,405,400
12072169,Jüterbog,13.083469224610255,52.025227823780725,141.75770654566975,141.55900874915957,"Jüterbog, Stadt",33.056526806526804,34.05979323833473,1.0032664318079227,12.733100233100233,9.332215702710254,-3.4008845303899786,6.6142191142191145,1.7742386141380273,-4.839980500081087,3.248834498834499,0.6007264599050014,-2.6481080389294975,25.844988344988344,32.6487845766974,6.8037962317090575,9.003496503496503,3.2131880413523333,-5.79030846214417,66.78428380698074,70.37288135593221,3.588597548951469,10486,10325,6864,7158
12072232,Luckenwalde,13.168427814832766,52.081053291267175,133.38130425145155,133.20594342046965,"Luckenwalde, Stadt",29.15192452021014,32.68189742178181,3.5299729015716714,12.780100782673957,9.68896229011836,-3.091138492555597,7.81601801222258,2.651619414625195,-5.164398597597385,3.22718987884636,0.7248371410221122,-2.502352737824248,25.86040527500804,30.975318836590514,5.114913561582473,12.683606733140346,3.7159372419488026,-8.967669491191543,55.71824998523942,66.47186408000964,10.75361409477022,16937,16598,9327,10899
12072240,Ludwigsfelde,13.252487463374406,52.292842998310334,110.70306298669354,110.37309445956899,"Ludwigsfelde, Stadt",31.37509115954947,36.221320826467235,4.846229666917765,13.750911595494692,12.39067055393586,-1.3602410415588313,10.73656915971153,3.904170363797693,-6.8323987959138375,3.9218863949436837,1.0077322854607682,-2.9141541094829155,19.244793776841423,23.10812523767271,3.8633314608312865,9.98298355076574,2.6365825833438965,-7.346400967421843,58.36646863451373,70.82665241403883,12.460183779525103,21377,22452,12341,15778
12072297,Niedergörsdorf,12.987292231317848,51.94983504003781,152.393363414551,152.1524646799038,Niedergörsdorf,32.960893854748605,33.74604088684135,0.7851470320927447,13.309234308248438,9.559458681255398,-3.7497756269930402,7.854091357213276,1.5260581629714944,-6.328033194241781,2.4646730200460074,0.43190325367117766,-2.03276976637483,24.613867893526127,33.77483443708609,9.160966543559965,9.332895169240881,2.591419522027066,-6.741475647213815,61.17179741807349,71.70582226762002,10.534024849546533,5035,4895,3043,3473
12072298,Niederer Fläming,13.206128920252622,51.904998092321726,149.04737418061842,148.16651054436522,Niederer Fläming,34.505640345056406,34.5075016307893,0.0018612857328932364,15.593895155938952,10.110893672537507,-5.483001483401445,4.844061048440611,1.761252446183953,-3.082808602256658,3.11877903118779,0.32615786040443573,-2.792621170783354,25.613802256138023,33.85518590998043,8.241383653842405,8.95819508958195,2.0221787345075017,-6.9360163550744485,58.01063022019742,62.05800556217719,4.047375341979773,2634,2517,1507,1533
12072312,Nuthe-Urstromtal,13.255449922365075,52.09495290556838,128.93880414648,130.25450849908182,Nuthe-Urstromtal,24.748010610079575,30.561478322672354,5.813467712592779,17.188328912466844,11.963989575929874,-5.2243393365369695,7.453580901856764,2.487562189054726,-4.966018712802038,4.482758620689655,0.7107320540156361,-3.7720265666740187,26.419098143236074,30.514096185737976,4.094998042501903,9.893899204244033,2.203269367448472,-7.69062983679556,69.65328467153284,78.74074074074075,9.087456069207903,5480,5400,3770,4221
12072340,Rangsdorf,13.438433388365725,52.28871369173161,104.01872188209785,103.9441801821884,Rangsdorf,25.794392523364486,34.99465526456441,9.200262741199921,16.339563862928348,15.43292357028327,-0.9066402926450774,13.69158878504673,5.1309460181721,-8.56064276687463,8.06853582554517,1.215927311598076,-6.852608513947095,18.411214953271028,22.100481026189204,3.6892660729181763,8.177570093457945,2.739176910742918,-5.438393182715027,71.65163844292941,79.60088691796008,7.949248475030672,9094,9471,6420,7484
12072426,Trebbin,13.20889814153464,52.211852848296814,119.74805224464836,119.0095124642156,"Trebbin, Stadt",25.7979797979798,32.293577981651374,6.495598183671575,18.12121212121212,13.678065054211844,-4.443147067000277,10.98989898989899,3.8365304420350292,-7.153368547863961,3.5757575757575757,0.8006672226855713,-2.775090353072004,22.2020202020202,29.074228523769808,6.872208321749607,8.303030303030303,2.4353628023352796,-5.867667500695023,63.07788944723618,75.56832375718211,12.490434309945933,7960,8006,4950,5995
12072477,Zossen,13.49334027840286,52.18749001787092,112.09924570407432,112.38158303076082,"Zossen, Stadt",23.866323907455012,28.68335734870317,4.817033441248157,15.568123393316196,12.869236311239193,-2.698887082077002,9.820051413881748,2.998919308357349,-6.8211321055243985,5.367609254498714,0.8555475504322767,-4.512061704066438,25.953727506426734,31.79935158501441,5.845624078587676,9.244215938303341,2.0353025936599423,-7.208913344643399,63.76951243014068,69.42461672149463,5.65510429135395,15567,16111,9725,11104
12073008,Angermünde,13.973491349082488,53.04528648649578,18.346697938313312,18.632730591632427,"Angermünde, Stadt",26.013618074899412,29.901589704769115,3.8879716298697033,16.511915815536984,10.50971486247792,-6.002200953059063,8.882698854843701,2.9018420388594497,-5.980856815984252,2.6307644692045806,0.47943477163764825,-2.1513296975669323,25.96719281956051,33.19454958364875,7.227356764088242,10.87898483441659,3.0658591975775926,-7.813125636838997,55.051737191890304,68.99793032080028,13.946193128909975,11887,11596,6462,7926
12073069,Boitzenburger Land,13.549826803427512,53.2703789142764,50.297536817651725,49.38947435142948,Boitzenburger Land,24.109931292941912,25.392670157068064,1.2827388641261521,16.80199875078076,11.727748691099476,-5.074250059681285,11.742660836976889,5.026178010471204,-6.716482826505684,2.061211742660837,0.5759162303664922,-1.4852955122943448,24.359775140537163,31.780104712041886,7.420329571504723,12.054965646470956,2.722513089005236,-9.33245255746572,60.11838697743248,73.67624810892588,13.557861131493397,2703,2644,1601,1910
12073085,Brüssow,14.16089830424799,53.38172763978426,33.12629404097954,33.66574696603172,"Brüssow, Stadt",27.84,24.78753541076487,-3.0524645892351288,16.96,12.606232294617564,-4.353767705382436,8.48,2.8328611898016995,-5.647138810198301,5.12,0.42492917847025496,-4.695070821529745,27.04,41.359773371104815,14.319773371104816,9.28,2.691218130311615,-6.588781869688384,43.333333333333336,50.3149055283415,6.981572195008162,1470,1429,625,706
12073093,Carmzow-Wallmow,14.061579955294857,53.36726374980139,33.27120688047131,32.77980689642062,Carmzow-Wallmow,20.754716981132077,22.66187050359712,1.9071535224650447,11.69811320754717,3.9568345323741005,-7.741278675173069,23.0188679245283,14.028776978417266,-8.990090946111035,0.7547169811320755,0.0,-0.7547169811320755,22.641509433962263,35.97122302158273,13.329713587620468,10.943396226415095,4.676258992805756,-6.267137233609339,52.03883495145631,55.6,3.5611650485436925,515,500,265,278
12073097,Casekow,14.166143859491692,53.215331953660076,15.004198680470166,15.530445299662338,Casekow,28.720238095238095,23.25581395348837,-5.464424141749724,16.81547619047619,9.30232558139535,-7.51315060908084,2.0833333333333335,0.6459948320413437,-1.4373385012919897,2.232142857142857,0.12919896640826872,-2.1029438907345885,34.375,44.57364341085271,10.19864341085271,7.886904761904762,1.421188630490956,-6.465716131413806,46.83458134785568,55.72139303482587,8.88681168697019,1469,1407,672,774
12073157,Flieth-Stegelitz,13.862323041682247,53.136557141338265,25.738837134004996,27.72781003654769,Flieth-Stegelitz,25.90909090909091,26.582278481012658,0.6731875719217477,16.363636363636363,4.641350210970464,-11.722286152665898,12.272727272727273,4.641350210970464,-7.631377061756809,2.272727272727273,1.2658227848101267,-1.0069044879171463,23.181818181818183,35.86497890295359,12.683160721135405,11.363636363636363,4.641350210970464,-6.722286152665899,49.12663755458515,53.4675615212528,4.340923966667646,458,447,220,237
12073189,Gartz (Oder),14.347396997477341,53.19650015681786,14.15023145333361,16.322212511796938,"Gartz (Oder), Stadt",26.163522012578618,24.32126696832579,-1.842255044252827,18.49056603773585,7.579185520361991,-10.911380517373859,4.40251572327044,1.3574660633484164,-3.045049659922024,1.8867924528301887,0.22624434389140272,-1.660548108938786,34.339622641509436,48.98190045248869,14.642277810979252,7.421383647798742,1.4705882352941178,-5.9507954125046245,42.91064740502943,50.139275766016716,7.228628360987287,1869,1795,795,884
12073201,Gerswalde,13.70660776136577,53.16031349293376,36.478274003493,33.69027229289151,Gerswalde,23.140495867768596,25.25697503671072,2.1164791689421243,18.016528925619834,9.104258443465492,-8.912270482154343,10.578512396694215,4.845814977973569,-5.7326974187206465,2.644628099173554,0.44052863436123346,-2.2040994648123204,26.115702479338843,36.8575624082232,10.74185992888436,10.082644628099173,3.3773861967694567,-6.705258431329716,46.550416982562545,54.95207667731629,8.401659694753747,1319,1252,605,681
12073216,Göritz,13.92455816959718,53.40238782215587,40.79665030385779,41.05130485123851,Göritz,23.154362416107382,24.860335195530727,1.7059727794233446,23.825503355704697,11.731843575418994,-12.093659780285703,4.026845637583893,0.5586592178770949,-3.468186419706798,2.0134228187919465,0.5586592178770949,-1.4547636009148515,24.83221476510067,36.59217877094972,11.759964005849053,9.395973154362416,3.35195530726257,-6.0440178470998465,44.08759124087591,54.68277945619335,10.595188215317442,685,662,298,358
12073225,Gramzow,13.993954064866685,53.20405562025415,20.84691653451237,20.034140161077868,Gramzow,22.763157894736842,25.369738339021616,2.6065804442847735,24.605263157894736,13.765642775881684,-10.839620382013052,5.657894736842105,1.023890784982935,-4.63400395185917,1.8421052631578947,0.22753128555176336,-1.6145739776061314,29.736842105263158,38.111490329920365,8.374648224657207,8.157894736842104,1.9340159271899886,-6.223878809652116,49.39374601148692,58.81578947368421,9.422043462197294,1567,1520,760,879
12073261,Grünow,13.975489536480676,53.3102147751596,30.35176018240645,30.01984814040328,Grünow,23.239436619718308,21.8503937007874,-1.3890429189309081,20.892018779342724,10.236220472440944,-10.65579830690178,5.633802816901408,2.952755905511811,-2.681046911389597,1.6431924882629108,0.3937007874015748,-1.249491700861336,26.995305164319248,41.732283464566926,14.736978300247678,10.328638497652582,1.5748031496062993,-8.753835348046282,55.49872122762148,63.288009888751546,7.789288661130065,782,809,426,508
12073309,Hohenselchow-Groß Pinnow,14.287483207748513,53.19021226904821,11.884486804105734,11.947799738227188,Hohenselchow-Groß Pinnow,32.52595155709343,25.76271186440678,-6.76323969268665,23.875432525951556,15.254237288135593,-8.621195237815963,4.498269896193771,0.3389830508474576,-4.159286845346314,2.0761245674740483,0.0,-2.0761245674740483,25.951557093425606,39.32203389830509,13.37047680487948,5.882352941176471,1.0169491525423728,-4.865403788634098,49.331103678929765,55.535055350553506,6.2039516716237415,598,542,289,295
12073384,Lychen,13.337723492612232,53.196027090248826,61.42868002962513,62.674849547708476,"Lychen, Stadt",21.98625858838226,28.601472134595163,6.615213546212903,16.677076826983136,11.882229232386962,-4.794847594596174,14.178638351030607,3.732912723449001,-10.445725627581606,2.998126171143036,0.36803364879074657,-2.6300925223522893,25.04684572142411,27.86540483701367,2.8185591155895615,11.18051217988757,3.5751840168243953,-7.605328163063175,59.86044803525523,71.8294051627385,11.968957127483264,2723,2673,1601,1902
12073393,Mescherin,14.405161108982462,53.281502160990684,24.289286590987004,24.74181292538391,Mescherin,25.60553633217993,24.521072796934867,-1.0844635352450638,16.262975778546714,5.363984674329502,-10.898991104217213,5.536332179930795,0.7662835249042146,-4.770048655026581,1.7301038062283738,0.7662835249042146,-0.9638202813241592,35.6401384083045,49.808429118773944,14.168290710469442,9.342560553633218,1.1494252873563218,-8.193135266276897,57.52895752895753,55.932203389830505,-1.5967541391270217,518,472,289,261
12073396,Milmersdorf,13.631109847727801,53.10271391460365,40.684354150769735,39.19311503809556,Milmersdorf,29.9781181619256,29.607843137254903,-0.37027502467069695,16.849015317286653,8.627450980392156,-8.221564336894497,4.814004376367615,1.9607843137254901,-2.8532200626421247,1.0940919037199124,0.5882352941176471,-0.5058566096022653,25.38293216630197,38.8235294117647,13.440597245462733,14.660831509846828,2.549019607843137,-12.11181190200369,37.389911929543636,42.42424242424242,5.034330494698786,1249,1221,457,510
12073404,Mittenwalde,13.68299980785758,53.18912432136753,38.817144585597894,39.30664215137146,Mittenwalde,27.06766917293233,31.3953488372093,4.327679664276971,12.781954887218046,9.883720930232558,-2.8982339569854876,9.022556390977444,2.3255813953488373,-6.696974995628606,6.015037593984962,0.5813953488372093,-5.433642245147753,24.81203007518797,39.53488372093023,14.722853645742262,13.533834586466165,2.3255813953488373,-11.208253191117327,40.42553191489362,54.375,13.949468085106382,329,320,133,172
12073429,Nordwestuckermark,13.686321701107726,53.316958104102845,44.83099674744308,45.11719177826334,Nordwestuckermark,21.97851387645479,23.73887240356083,1.760358527106039,22.24709042076992,13.09347181008902,-9.153618610680898,9.17636526410027,2.9673590504451037,-6.209006213655165,2.5067144136078783,0.14836795252225518,-2.358346461085623,25.559534467323186,37.27744807121662,11.717913603893432,9.758281110116384,2.707715133531157,-7.050565976585227,61.77753544165758,75.91036414565826,14.132828704000687,3668,3570,2234,2696
12073430,Oberuckersee,13.90382428628215,53.194241462778514,25.31529320136761,26.74359478887343,Oberuckersee,25.405405405405407,23.234916559691914,-2.1704888457134928,15.54054054054054,7.573812580231065,-7.966727960309475,7.297297297297297,2.310654685494223,-4.986642611803074,4.324324324324325,0.25673940949935814,-4.067584914824966,26.35135135135135,41.33504492939666,14.983693578045308,12.162162162162161,2.1822849807445444,-9.979877181417617,52.083333333333336,56.60242683797288,4.519093504639542,1440,1401,740,779
12073440,Pinnow,14.098722997621058,53.06028434109226,9.820946189539232,10.214840581124829,mitverwaltete Gemeinde Pinnow,25.072046109510087,25.508317929759706,0.43627182024961897,13.256484149855908,8.687615526802219,-4.568868623053689,6.916426512968299,1.8484288354898337,-5.067997677478465,1.7291066282420748,0.18484288354898337,-1.5442637446930916,32.27665706051873,37.707948243992604,5.431291183473874,12.39193083573487,2.2181146025878005,-10.17381623314707,46.83377308707124,75.44827586206897,28.614502774997725,758,725,347,541
12073452,Prenzlau,13.843056150426921,53.32155737694422,37.06582566002976,37.09819344219786,"Prenzlau, Stadt",25.41371158392435,25.58668458596092,0.17297300203657073,18.89939584975046,12.178228057479583,-6.721167792270876,5.397951142631993,1.0854957097074331,-4.31245543292456,2.666141318623588,0.6616354802026259,-2.004505838420962,28.2374573154715,37.72356042592784,9.486103110456344,11.846598371421067,2.7395844102139977,-9.10701396120707,48.22712775936464,63.147693500452256,14.920565741087614,15991,15478,7614,9673
12073458,Randowtal,14.085066328675074,53.302739136942314,26.028020237426848,26.705289103370646,Randowtal,17.22488038277512,21.559633027522935,4.334752644747816,19.138755980861244,12.155963302752294,-6.98279267810895,5.741626794258373,2.0642201834862384,-3.6774066107721346,2.6315789473684212,0.45871559633027525,-2.172863351038146,39.23444976076555,44.95412844036697,5.719678679601422,9.808612440191387,2.293577981651376,-7.515034458540011,55.2665799739922,61.43250688705234,6.16592691306014,769,726,418,436
12073490,Schenkenberg,13.960929371143406,53.35799810653515,35.32012494025218,34.945376807331826,Schenkenberg,22.535211267605632,21.32867132867133,-1.2065399389343021,19.366197183098592,13.986013986013987,-5.380183197084605,4.929577464788732,1.3986013986013985,-3.5309760661873337,3.8732394366197185,1.7482517482517483,-2.12498768836797,27.816901408450704,37.41258741258741,9.59568600413671,10.56338028169014,3.1468531468531467,-7.416527134836993,56.666666666666664,58.266129032258064,1.5994623655913998,510,496,284,286
12073520,Schönfeld,14.007729444321857,53.40387098015429,38.39872784318854,38.821466019914745,Schönfeld,26.027397260273972,28.136882129277566,2.1094848690035946,10.95890410958904,11.02661596958175,0.06771185999270912,5.47945205479452,1.1406844106463878,-4.338767644148133,5.0228310502283104,0.38022813688212925,-4.642602913346181,25.570776255707763,38.40304182509506,12.832265569387296,16.438356164383563,3.802281368821293,-12.636074795562271,47.73218142548596,59.63718820861678,11.905006783130816,463,441,219,263
12073532,Schwedt/Oder,14.232371074432143,53.08030687728751,0.8970775609097297,2.28516040012809,"Schwedt/Oder, Stadt",36.02581219403649,31.68453455047235,-4.3412776435641405,12.839341344014242,9.71765205392209,-3.121689290092153,5.711318795430945,1.2312917949262285,-4.480027000504716,3.1078475003708648,0.5466510986094895,-2.561196401761375,24.402907580477674,33.122810741959455,8.719903161481781,10.52514463729417,2.0273856278526696,-8.4977590094415,52.46847123961858,66.59072587711611,14.122254637497534,26008,28531,13482,18842
12073565,Tantow,14.326059483956366,53.268718045995286,20.98986633621065,21.359316671397455,Tantow,30.036630036630036,26.373626373626372,-3.663003663003664,22.71062271062271,13.186813186813186,-9.523809523809526,3.663003663003663,2.5641025641025643,-1.0989010989010985,2.197802197802198,0.7326007326007326,-1.4652014652014653,30.4029304029304,36.99633699633699,6.593406593406591,4.761904761904762,1.8315018315018314,-2.9304029304029307,53.179190751445084,54.474708171206224,1.2955174197611399,519,514,273,273
12073569,Temmen-Ringenwalde,13.721374552808827,53.05728578405446,34.786612488572366,34.87574815887809,Temmen-Ringenwalde,25.19685039370079,30.3886925795053,5.191842185804511,14.960629921259843,14.487632508833922,-0.4729974124259204,14.960629921259843,7.420494699646643,-7.540135221613199,3.543307086614173,0.35335689045936397,-3.1899501961548093,21.25984251968504,28.62190812720848,7.362065607523441,12.992125984251969,4.240282685512367,-8.751843298739601,56.63716814159292,66.3594470046083,9.722278863015376,452,434,254,283
12073572,Templin,13.450400240006854,53.10177144168551,52.775797724899356,49.588596789796384,"Templin, Stadt",24.30482686253935,27.146961796317974,2.842134933778624,17.536726128016788,11.684580185165478,-5.85214594285131,10.086568730325288,3.7458763435138875,-6.3406923868114005,2.492130115424974,0.5959348728317548,-1.8961952425932191,23.88509968520462,30.350111737788655,6.465012052584036,13.221406086044071,3.0328828349473236,-10.188523251096747,56.65491405905685,70.95761381475667,14.30269975569982,13614,13377,7624,9397
12073578,Uckerfelde,13.966420066624213,53.25254052432067,25.81938630426442,25.81908659934745,Uckerfelde,21.06382978723404,28.42323651452282,7.359406727288778,25.106382978723403,12.655601659751037,-12.450781318972366,4.25531914893617,0.6224066390041494,-3.6329125099320208,2.127659574468085,1.2448132780082988,-0.8828462964597863,33.61702127659574,39.211618257261414,5.594596980665671,5.1063829787234045,1.8672199170124482,-3.2391630617109564,59.028642590286424,62.83870967741935,3.8100670871329285,803,775,470,482
12073579,Uckerland,13.785839256421307,53.47244994531894,52.371159169557735,50.39790116965095,Uckerland,18.729903536977492,19.80742778541953,1.0775242484420389,18.810289389067524,13.342503438789546,-5.467785950277978,5.385852090032154,1.9257221458046767,-3.4601299442274773,1.8488745980707395,0.4814305364511692,-1.3674440616195702,23.874598070739548,41.60935350756534,17.73475543682579,9.72668810289389,2.751031636863824,-6.975656466030066,56.61896243291592,70.36859741503112,13.749634982115197,2236,2089,1244,1454
12073645,Zichow,14.027161911588834,53.166614455464085,16.630155986084365,16.056565704675812,Zichow,20.948616600790515,23.91304347826087,2.9644268774703555,17.391304347826086,9.057971014492754,-8.333333333333332,4.3478260869565215,1.8115942028985508,-2.5362318840579707,2.766798418972332,0.0,-2.766798418972332,34.387351778656125,42.7536231884058,8.366271409749672,13.043478260869565,1.8115942028985508,-11.231884057971014,55.223880597014926,63.38672768878718,8.162847091772257,469,437,253,276
