ags,matched_precincts_only,SPD_2017_pct,SPD_2022_pct,SPD_change_pp,CDU_2017_pct,CDU_2022_pct,CDU_change_pp,Greens_2017_pct,Greens_2022_pct,Greens_change_pp,FDP_2017_pct,FDP_2022_pct,FDP_change_pp,AfD_2017_pct,AfD_2022_pct,AfD_change_pp,Left_2017_pct,Left_2022_pct,Left_change_pp,turnout_2017_pct,turnout_2022_pct,turnout_change_pp,eligible_2017_matched,eligible_2022_matched
01001000,true,25.503048,12.844700,-12.658349,22.613683,27.393405,4.779722,14.268501,24.133734,9.865233,8.925946,4.952265,-3.973681,5.371473,4.279031,-1.092442,6.961949,3.408010,-3.553939,58.552402,37.564833,-20.987569,71553,70566
01002000,true,27.525257,14.628314,-12.896943,21.946765,26.122159,4.175395,19.123271,35.052083,15.928812,10.167621,6.335227,-3.832394,5.466238,2.975852,-2.490386,8.053806,3.697917,-4.355890,50.437409,38.921986,-11.515424,105279,109108
01003000,true,31.138323,19.684722,-11.453601,26.025468,34.707879,8.682411,14.818307,24.203895,9.385588,9.454409,5.159221,-4.295188,6.746334,4.920461,-1.825872,5.947770,2.587521,-3.360248,55.935143,44.885527,-11.049617,159120,156106
01004000,true,28.814923,17.693068,-11.121855,29.169522,45.019329,15.849807,12.992044,14.654320,1.662276,11.642182,5.951632,-5.690551,7.676033,6.850670,-0.825363,3.584731,1.658725,-1.926006,56.298482,37.118056,-19.180426,60332,60480
01051001,true,25.584594,14.781173,-10.803422,37.414030,49.545830,12.131800,8.115543,10.569777,2.454234,15.061898,6.440958,-8.620940,5.433287,7.018993,1.585705,3.026135,1.403799,-1.622336,52.206406,42.587413,-9.618993,2810,2860
01051002,true,25.000000,2.362205,-22.637795,41.379310,57.480315,16.101005,10.344828,11.023622,0.678794,10.344828,8.661417,-1.683410,5.172414,9.448819,4.276405,1.724138,0.787402,-0.936736,67.836257,53.556485,-14.279772,171,239
01051003,true,29.965157,17.647059,-12.318098,35.191638,49.019608,13.827970,8.710801,2.941176,-5.769625,9.059233,6.862745,-2.196488,7.665505,9.803922,2.138416,1.393728,0.490196,-0.903532,57.370518,41.379310,-15.991208,502,493
01051004,true,24.822695,13.281250,-11.541445,47.281324,54.687500,7.406176,3.782506,9.114583,5.332077,9.929078,9.114583,-0.814495,5.200946,5.208333,0.007388,3.782506,0.520833,-3.261673,56.423841,49.613402,-6.810439,755,776
01051005,true,21.739130,12.371134,-9.367996,37.391304,52.577320,15.186015,13.043478,6.185567,-6.857911,6.956522,6.185567,-0.770955,10.434783,7.216495,-3.218288,2.608696,4.123711,1.515016,80.555556,66.225166,-14.330390,144,151
01051006,true,26.027397,14.367816,-11.659581,38.904110,52.873563,13.969454,5.753425,9.195402,3.441978,15.890411,9.195402,-6.695009,5.479452,6.609195,1.129743,2.739726,1.149425,-1.590301,61.754967,56.360709,-5.394258,604,621
01051008,true,5.000000,5.263158,0.263158,45.000000,78.947368,33.947368,0.000000,5.263158,5.263158,30.000000,5.263158,-24.736842,10.000000,0.000000,-10.000000,0.000000,0.000000,0.000000,75.000000,61.290323,-13.709677,28,31
01051010,true,14.285714,14.492754,0.207039,55.102041,62.318841,7.216800,5.102041,8.695652,3.593611,6.122449,2.898551,-3.223898,9.183673,7.246377,-1.937297,5.102041,0.000000,-5.102041,55.307263,40.462428,-14.844835,179,173
01051011,true,30.541440,17.050998,-13.490443,29.998248,46.252772,16.254524,8.585947,9.578714,0.992767,16.032942,10.421286,-5.611656,7.131593,7.294900,0.163307,2.873664,1.396896,-1.476768,54.768237,45.192593,-9.575644,10528,10099
01051012,true,23.564356,14.180929,-9.383427,42.178218,52.322738,10.144521,4.950495,6.112469,1.161974,14.455446,11.246944,-3.208502,6.138614,7.334963,1.196349,1.782178,0.244499,-1.537679,62.348668,48.524203,-13.824465,826,847
01051013,true,29.967121,15.237467,-14.729654,38.139972,53.298153,15.158181,6.106153,10.620053,4.513900,13.151714,7.058047,-6.093667,6.200094,4.287599,-1.912495,2.019728,0.923483,-1.096245,51.675443,36.760125,-14.915318,4178,4173
01051014,true,29.050279,19.230769,-9.819510,30.167598,48.076923,17.909325,12.290503,9.615385,-2.675118,20.111732,8.974359,-11.137373,2.234637,2.564103,0.329466,2.234637,3.205128,0.970491,56.172840,50.632911,-5.539928,324,316
01051015,true,19.021739,13.650794,-5.370945,47.010870,49.523810,2.512940,10.326087,10.158730,-0.167357,8.967391,7.619048,-1.348344,5.434783,1.904762,-3.530021,2.989130,0.634921,-2.354210,56.901840,48.710167,-8.191674,652,659
01051016,true,25.646026,14.620298,-11.025728,37.493905,49.325763,11.831858,8.629937,9.794180,1.164244,13.505607,9.226402,-4.279205,7.020965,7.594038,0.573073,2.486592,1.632363,-0.854229,59.355391,39.960740,-19.394650,3506,3566
01051017,true,28.947368,13.114754,-15.832614,34.210526,51.639344,17.428818,8.552632,8.196721,-0.355910,13.815789,9.836066,-3.979724,7.236842,5.737705,-1.499137,3.289474,0.819672,-2.469802,66.233766,48.221344,-18.012422,231,253
01051019,true,14.730878,4.729730,-10.001148,56.373938,60.472973,4.099035,7.082153,8.783784,1.701631,9.348442,10.810811,1.462369,5.665722,6.756757,1.091034,2.266289,1.351351,-0.914938,58.196721,48.148148,-10.048573,610,621
01051020,true,25.561798,10.951009,-14.610789,38.483146,49.567723,11.084577,12.921348,12.103746,-0.817602,10.393258,11.527378,1.134119,3.651685,6.340058,2.688372,2.247191,2.017291,-0.229900,59.733777,52.798790,-6.934987,601,661
01051021,true,33.898305,19.105691,-14.792614,32.203390,50.000000,17.796610,5.084746,9.756098,4.671352,8.813559,8.943089,0.129530,9.491525,3.658537,-5.832989,3.728814,1.219512,-2.509301,50.943396,43.402778,-7.540618,583,576
01051022,true,39.884393,23.247232,-16.637161,28.034682,42.804428,14.769746,3.468208,8.118081,4.649873,11.271676,10.701107,-0.570569,10.404624,5.535055,-4.869569,3.179191,0.738007,-2.441183,66.666667,51.016636,-15.650031,525,541
01051023,true,19.629630,11.004785,-8.624845,49.629630,55.502392,5.872763,4.814815,7.655502,2.840688,10.370370,7.655502,-2.714868,8.148148,9.569378,1.421230,0.740741,1.435407,0.694666,55.421687,39.813084,-15.608603,498,535
01051024,true,24.293785,10.457516,-13.836269,40.395480,54.248366,13.852886,4.661017,6.318083,1.657066,12.994350,8.932462,-4.061888,8.615819,9.586057,0.970237,2.401130,0.653595,-1.747535,63.386525,41.109155,-22.277370,1128,1136
01051026,true,25.170068,11.314985,-13.855083,40.136054,55.351682,15.215628,7.936508,7.951070,0.014562,9.977324,6.727829,-3.249496,6.349206,7.033639,0.684433,1.587302,1.223242,-0.364060,67.371601,49.549550,-17.822052,662,666
01051027,true,25.355450,13.091922,-12.263528,44.312796,53.760446,9.447649,7.819905,8.635097,0.815192,7.109005,8.635097,1.526093,6.635071,5.849582,-0.785489,3.791469,0.835655,-2.955815,58.734525,50.206897,-8.527629,727,725
01051028,true,30.726257,17.525773,-13.200484,36.033520,41.924399,5.890879,5.586592,7.903780,2.317188,13.966480,11.340206,-2.626274,4.189944,7.216495,3.026551,3.072626,0.687285,-2.385340,58.054226,48.292683,-9.761544,627,615
01051030,true,19.230769,11.206897,-8.023873,44.615385,58.620690,14.005305,7.692308,8.620690,0.928382,13.846154,9.482759,-4.363395,5.384615,6.896552,1.511936,0.000000,0.000000,0.000000,55.508475,49.152542,-6.355932,236,236
01051032,true,21.028037,9.815951,-11.212086,49.532710,55.214724,5.682014,6.542056,8.588957,2.046901,12.616822,11.656442,-0.960381,3.271028,4.294479,1.023450,3.271028,1.226994,-2.044034,72.818792,54.605263,-18.213529,298,304
01051033,true,26.923077,13.636364,-13.286713,30.769231,31.818182,1.048951,26.923077,36.363636,9.440559,11.538462,0.000000,-11.538462,3.846154,13.636364,9.790210,0.000000,0.000000,0.000000,65.853659,53.658537,-12.195122,41,41
01051034,true,17.279412,16.743649,-0.535763,41.360294,51.270208,9.909914,4.963235,6.581986,1.618751,16.911765,8.083141,-8.828624,7.904412,8.429561,0.525149,3.125000,1.501155,-1.623845,54.099951,42.367150,-11.732802,2061,2070
01051035,true,15.625000,21.212121,5.587121,45.833333,54.545455,8.712121,4.166667,3.030303,-1.136364,12.500000,3.030303,-9.469697,7.291667,4.545455,-2.746212,4.166667,3.030303,-1.136364,62.820513,45.205479,-17.615033,156,146
01051036,true,13.333333,5.660377,-7.672956,40.000000,37.735849,-2.264151,9.333333,9.433962,0.100629,17.333333,37.735849,20.402516,12.000000,1.886792,-10.113208,4.000000,0.000000,-4.000000,73.786408,60.000000,-13.786408,103,90
01051037,true,21.724138,12.935323,-8.788815,38.620690,52.238806,13.618116,11.724138,10.447761,-1.276377,11.379310,8.457711,-2.921599,4.827586,3.482587,-1.344999,4.137931,2.487562,-1.650369,71.078431,52.307692,-18.770739,408,390
01051038,true,29.411765,28.000000,-1.411765,35.294118,56.000000,20.705882,11.764706,8.000000,-3.764706,14.705882,4.000000,-10.705882,5.882353,0.000000,-5.882353,2.941176,0.000000,-2.941176,44.303797,36.764706,-7.539092,79,68
01051039,true,26.315789,21.111111,-5.204678,43.062201,47.777778,4.715577,5.263158,8.888889,3.625731,7.177033,7.777778,0.600744,5.263158,3.888889,-1.374269,5.263158,1.111111,-4.152047,66.772152,57.053292,-9.718860,316,319
01051043,true,34.020619,12.500000,-21.520619,39.175258,57.291667,18.116409,11.340206,11.458333,0.118127,5.154639,10.416667,5.262027,4.123711,0.000000,-4.123711,1.030928,0.000000,-1.030928,61.250000,59.146341,-2.103659,160,164
01051044,true,28.604311,16.225166,-12.379145,31.554719,42.821192,11.266473,9.458046,13.443709,3.985663,13.224524,8.821192,-4.403332,6.654112,6.238411,-0.415701,4.080352,2.675497,-1.404855,55.674555,44.402377,-11.272179,17367,17168
01051045,true,16.091954,8.750000,-7.341954,41.379310,46.250000,4.870690,17.241379,20.000000,2.758621,14.942529,10.000000,-4.942529,4.597701,7.500000,2.902299,4.597701,0.000000,-4.597701,66.165414,59.558824,-6.606590,133,136
01051046,true,31.215470,18.633540,-12.581929,31.215470,46.894410,15.678940,7.458564,8.074534,0.615971,15.193370,12.111801,-3.081569,6.353591,5.279503,-1.074088,2.762431,0.310559,-2.451872,51.536313,46.704871,-4.831442,716,698
01051047,true,22.641509,10.457516,-12.183993,41.509434,56.862745,15.353311,11.792453,13.071895,1.279443,7.547170,9.150327,1.603157,6.132075,3.267974,-2.864102,4.716981,0.000000,-4.716981,54.936709,40.944882,-13.991827,395,381
01051048,true,32.456140,18.692543,-13.763597,35.486443,48.008172,12.521728,6.220096,6.026558,-0.193538,11.004785,9.499489,-1.505295,4.385965,6.741573,2.355608,3.189793,1.327886,-1.861907,54.222032,41.961620,-12.260411,2333,2345
01051049,true,24.618992,12.039660,-12.579332,37.866354,41.218130,3.351776,6.447831,10.906516,4.458684,18.053927,20.113314,2.059387,4.689332,7.648725,2.959393,3.048066,0.991501,-2.056564,52.789700,40.700344,-12.089355,1631,1742
01051050,true,15.151515,7.692308,-7.459207,63.636364,69.230769,5.594406,12.121212,11.538462,-0.582751,3.030303,3.846154,0.815851,0.000000,0.000000,0.000000,0.000000,0.000000,0.000000,56.896552,48.148148,-8.748404,58,54
01051051,true,25.287356,13.615023,-11.672333,34.975369,48.591549,13.616180,9.688013,7.511737,-2.176276,10.837438,8.450704,-2.386734,7.717570,10.563380,2.845810,3.940887,2.816901,-1.123985,61.386139,43.718080,-17.668059,1010,979
01051052,true,14.705882,4.000000,-10.705882,58.823529,40.000000,-18.823529,8.823529,4.000000,-4.823529,5.882353,44.000000,38.117647,5.882353,4.000000,-1.882353,0.000000,0.000000,0.000000,68.000000,50.000000,-18.000000,50,50
01051053,true,25.806452,13.008130,-12.798322,43.870968,49.593496,5.722528,7.741935,11.382114,3.640178,11.612903,9.756098,-1.856806,4.516129,9.756098,5.239969,5.161290,0.000000,-5.161290,59.541985,47.148289,-12.393696,262,263
01051054,true,22.033898,8.510638,-13.523260,45.762712,61.702128,15.939416,10.169492,4.255319,-5.914172,16.949153,17.021277,0.072124,0.000000,2.127660,2.127660,1.694915,0.000000,-1.694915,67.816092,52.808989,-15.007103,87,89
01051057,true,29.192547,16.326531,-12.866016,42.236025,44.217687,1.981662,9.316770,9.523810,0.207039,12.422360,12.925170,0.502810,2.484472,6.122449,3.637977,0.621118,2.040816,1.419698,58.571429,53.790614,-4.780815,280,277
01051058,true,17.142857,6.060606,-11.082251,31.428571,60.606061,29.177489,15.714286,4.545455,-11.168831,22.857143,15.151515,-7.705628,5.714286,4.545455,-1.168831,2.857143,0.000000,-2.857143,60.869565,56.896552,-3.973013,115,116
01051060,true,23.423423,9.947644,-13.475779,38.738739,57.068063,18.329324,5.855856,6.806283,0.950427,11.711712,7.853403,-3.858309,6.756757,4.712042,-2.044715,1.351351,0.523560,-0.827791,61.432507,54.857143,-6.575364,363,350
01051061,true,42.140468,26.431718,-15.708750,25.752508,38.766520,13.014011,6.354515,8.810573,2.456058,7.357860,9.691630,2.333770,7.023411,6.167401,-0.856010,3.344482,0.881057,-2.463424,57.884615,44.252874,-13.631742,520,522
01051062,true,25.500000,18.446602,-7.053398,35.000000,44.336570,9.336570,8.500000,7.766990,-0.733010,13.500000,9.708738,-3.791262,6.750000,7.766990,1.016990,4.500000,1.294498,-3.205502,58.479532,45.307918,-13.171614,684,682
01051063,true,25.390625,12.601626,-12.788999,34.765625,48.373984,13.608359,12.109375,12.195122,0.085747,13.671875,10.975610,-2.696265,5.468750,6.504065,1.035315,3.515625,1.219512,-2.296113,60.046729,57.209302,-2.837427,428,430
01051064,true,23.032070,14.176245,-8.855825,37.317784,49.808429,12.490645,9.329446,8.812261,-0.517186,13.411079,8.045977,-5.365102,9.037901,6.130268,-2.907633,2.332362,1.532567,-0.799794,67.652860,51.757812,-15.895047,507,512
01051065,true,31.465517,18.298969,-13.166548,32.758621,43.556701,10.798080,6.681034,9.020619,2.339584,11.853448,4.639175,-7.214273,5.387931,5.154639,-0.233292,2.370690,1.546392,-0.824298,52.227171,43.060109,-9.167062,898,915
01051067,true,29.648241,8.771930,-20.876311,44.221106,57.894737,13.673631,2.010050,8.187135,6.177084,8.542714,8.771930,0.229216,6.030151,7.017544,0.987393,2.010050,1.169591,-0.840460,57.142857,51.319648,-5.823209,350,341
01051068,true,20.689655,8.841463,-11.848192,47.290640,52.134146,4.843506,5.911330,10.060976,4.149646,15.517241,12.195122,-3.322119,3.694581,9.146341,5.451760,3.201970,1.219512,-1.982458,58.073654,46.175243,-11.898411,706,719
01051069,true,32.014719,15.340254,-16.674466,35.050598,48.558247,13.507649,8.831647,14.532872,5.701225,11.223551,8.765859,-2.457692,5.335787,4.382930,-0.952857,3.311868,1.384083,-1.927784,62.082626,50.085763,-11.996863,1767,1749
01051071,true,35.336976,23.249300,-12.087677,28.961749,44.257703,15.295954,8.014572,11.484594,3.470022,10.200364,1.680672,-8.519692,6.557377,6.442577,-0.114800,2.003643,1.120448,-0.883195,41.791045,27.354936,-14.436109,1340,1327
01051072,true,29.000884,17.362995,-11.637889,32.670203,46.608790,13.938587,6.940760,8.898535,1.957775,14.677277,12.262615,-2.414661,5.658709,5.968530,0.309820,4.951370,1.627781,-3.323590,48.078942,38.957505,-9.121437,4763,4777
01051073,true,27.083333,15.107914,-11.975420,33.333333,46.043165,12.709832,6.250000,11.510791,5.260791,11.111111,9.352518,-1.758593,9.027778,7.194245,-1.833533,7.638889,3.597122,-4.041767,45.625000,43.437500,-2.187500,320,320
01051074,true,29.900332,17.444396,-12.455936,29.933555,41.997383,12.063829,12.259136,16.354121,4.094985,12.292359,6.716092,-5.576266,5.049834,5.756651,0.706817,5.116279,2.224160,-2.892119,51.226067,39.129701,-12.096365,5954,5929
01051075,true,32.101617,15.492958,-16.608659,33.718245,47.605634,13.887389,8.083141,10.140845,2.057704,9.468822,7.042254,-2.426569,8.314088,9.295775,0.981687,1.385681,1.126761,-0.258921,55.207026,45.454545,-9.752481,797,792
01051076,true,29.739777,13.725490,-16.014287,37.546468,55.294118,17.747649,6.319703,10.196078,3.876376,15.985130,9.803922,-6.181209,3.717472,4.313725,0.596253,2.602230,0.392157,-2.210074,56.666667,52.429150,-4.237517,480,494
01051077,true,8.333333,2.380952,-5.952381,51.388889,64.285714,12.896825,6.944444,4.761905,-2.182540,26.388889,13.095238,-13.293651,4.166667,7.142857,2.976190,1.388889,0.000000,-1.388889,73.737374,78.504673,4.767299,99,107
01051078,true,25.993377,14.912281,-11.081097,35.099338,46.491228,11.391890,11.092715,13.377193,2.284478,14.238411,8.333333,-5.905077,5.960265,5.921053,-0.039212,1.986755,1.315789,-0.670965,63.874346,48.936170,-14.938175,955,940
01051079,true,35.714286,14.117647,-21.596639,29.120879,52.352941,23.232062,9.340659,12.941176,3.600517,13.186813,6.470588,-6.716225,4.945055,5.882353,0.937298,2.197802,1.176471,-1.021332,53.665689,49.854227,-3.811462,341,343
01051080,true,30.263158,12.727273,-17.535885,40.789474,61.818182,21.028708,7.894737,10.909091,3.014354,15.789474,7.272727,-8.516746,2.631579,5.454545,2.822967,0.000000,0.000000,0.000000,66.101695,49.137931,-16.963764,118,116
01051081,true,13.846154,10.989011,-2.857143,52.307692,54.945055,2.637363,6.153846,5.494505,-0.659341,17.692308,16.483516,-1.208791,5.384615,4.395604,-0.989011,2.307692,1.098901,-1.208791,57.894737,45.320197,-12.574540,228,203
01051082,true,25.515661,15.391705,-10.123956,37.280367,49.677419,12.397053,9.320092,11.705069,2.384977,12.910619,6.728111,-6.182508,5.500382,5.990783,0.490401,3.590527,1.658986,-1.931541,60.769936,47.695652,-13.074284,2182,2300
01051083,true,26.923077,17.307692,-9.615385,40.659341,47.435897,6.776557,7.142857,5.769231,-1.373626,8.241758,9.615385,1.373626,6.593407,10.897436,4.304029,2.197802,1.282051,-0.915751,64.436620,57.720588,-6.716031,284,272
01051084,true,27.350427,9.803922,-17.546506,39.316239,65.686275,26.370035,4.273504,7.843137,3.569633,14.529915,6.862745,-7.667169,6.837607,0.980392,-5.857215,5.128205,0.000000,-5.128205,58.793970,52.577320,-6.216650,199,194
01051085,true,9.655172,7.913669,-1.741503,53.103448,51.079137,-2.024312,11.034483,12.949640,1.915158,14.482759,8.633094,-5.849665,2.068966,6.474820,4.405855,4.827586,0.719424,-4.108162,64.192140,65.277778,1.085638,229,216
01051086,true,22.705314,18.181818,-4.523496,41.545894,55.151515,13.605621,10.144928,11.515152,1.370224,9.661836,4.848485,-4.813351,4.347826,4.242424,-0.105402,5.314010,0.606061,-4.707949,61.807580,46.910112,-14.897468,343,356
01051087,true,26.363636,13.602015,-12.761621,32.272727,52.896725,20.623998,9.545455,7.808564,-1.736890,12.500000,8.060453,-4.439547,9.318182,8.060453,-1.257728,2.727273,1.511335,-1.215938,55.000000,51.612903,-3.387097,800,775
01051088,true,22.243346,8.899297,-13.344049,46.007605,55.971897,9.964292,5.893536,7.259953,1.366417,11.406844,8.899297,-2.507547,6.273764,6.557377,0.283613,1.901141,0.936768,-0.964373,54.752066,43.832824,-10.919242,968,981
01051089,true,25.438596,12.500000,-12.938596,32.456140,38.750000,6.293860,12.280702,8.750000,-3.530702,12.280702,11.250000,-1.030702,6.140351,12.500000,6.359649,2.631579,1.250000,-1.381579,68.639053,52.564103,-16.074951,169,156
01051090,true,16.883117,10.937500,-5.945617,49.350649,54.687500,5.336851,9.090909,1.562500,-7.528409,9.090909,9.375000,0.284091,9.090909,12.500000,3.409091,1.298701,1.562500,0.263799,58.646617,51.562500,-7.084117,133,128
01051092,true,31.627907,16.744186,-14.883721,38.139535,42.790698,4.651163,8.372093,7.906977,-0.465116,9.302326,7.906977,-1.395349,4.186047,9.767442,5.581395,1.395349,3.720930,2.325581,50.585480,47.356828,-3.228652,427,454
01051093,true,28.773585,18.452381,-10.321204,34.905660,44.642857,9.737197,10.849057,8.928571,-1.920485,16.981132,11.904762,-5.076370,1.415094,5.357143,3.942049,1.415094,0.595238,-0.819856,61.739130,51.057402,-10.681729,345,331
01051096,true,17.159763,13.013699,-4.146065,45.562130,48.630137,3.068007,8.875740,13.698630,4.822890,11.834320,8.904110,-2.930210,4.142012,4.109589,-0.032423,0.591716,0.000000,-0.591716,61.678832,56.153846,-5.524986,274,260
01051097,true,25.271584,13.368056,-11.903528,40.880503,54.687500,13.806997,6.174957,8.767361,2.592404,11.263579,6.250000,-5.013579,7.432819,7.291667,-0.141152,2.458548,0.781250,-1.677298,60.595686,39.478143,-21.117543,2921,2951
01051098,true,30.508475,18.456376,-12.052099,35.310734,48.993289,13.682554,10.451977,11.073826,0.621848,10.169492,6.711409,-3.458082,5.649718,6.040268,0.390551,3.672316,0.671141,-3.001175,59.669421,48.631240,-11.038182,605,621
01051099,true,21.087315,12.121212,-8.966103,41.350906,52.020202,10.669296,6.754530,8.417508,1.662978,14.662273,8.080808,-6.581465,5.601318,7.575758,1.974440,2.471170,1.010101,-1.461069,56.330275,54.041780,-2.288495,1090,1101
01051100,true,17.948718,11.836735,-6.111983,48.717949,56.326531,7.608582,7.326007,9.795918,2.469911,10.256410,8.571429,-1.684982,6.959707,4.489796,-2.469911,2.197802,0.408163,-1.789639,54.274354,48.249027,-6.025327,503,514
01051102,true,22.522523,10.989011,-11.533512,36.036036,59.340659,23.304623,3.603604,3.296703,-0.306900,20.720721,10.989011,-9.731710,6.306306,6.593407,0.287100,2.702703,1.098901,-1.603802,57.435897,47.150259,-10.285638,195,193
01051103,true,27.450980,10.752688,-16.698292,42.156863,60.215054,18.058191,2.941176,9.677419,6.736243,12.745098,9.677419,-3.067679,1.960784,4.301075,2.340291,2.941176,0.000000,-2.941176,67.549669,65.540541,-2.009128,151,148
01051105,true,30.150754,17.791411,-12.359343,30.653266,44.171779,13.518513,7.035176,12.269939,5.234763,12.060302,7.975460,-4.084841,7.035176,7.975460,0.940284,4.522613,1.226994,-3.295619,58.139535,50.464396,-7.675139,344,323
01051107,true,27.500000,12.000000,-15.500000,40.000000,52.000000,12.000000,5.000000,8.666667,3.666667,11.875000,9.333333,-2.541667,3.125000,8.666667,5.541667,3.750000,1.333333,-2.416667,44.383562,39.175258,-5.208304,365,388
01051108,true,32.692308,10.169492,-22.522816,25.000000,47.457627,22.457627,5.769231,15.254237,9.485007,17.307692,10.169492,-7.138201,1.923077,1.694915,-0.228162,1.923077,0.000000,-1.923077,65.060241,67.816092,2.755851,83,87
01051109,true,31.132075,13.772455,-17.359620,26.886792,50.299401,23.412609,13.207547,16.766467,3.558920,10.377358,7.185629,-3.191730,6.603774,4.191617,-2.412157,4.716981,2.395210,-2.321772,55.154639,45.454545,-9.700094,388,374
01051110,true,20.187793,12.759644,-7.428150,50.938967,59.940653,9.001686,6.807512,4.154303,-2.653209,8.685446,8.011869,-0.673577,6.572770,6.231454,-0.341316,3.286385,1.186944,-2.099441,65.197568,54.080000,-11.117568,658,625
01051113,true,28.546410,14.074074,-14.472336,38.528897,52.592593,14.063696,8.756567,7.654321,-1.102246,12.084063,8.888889,-3.195174,5.429072,6.419753,0.990681,1.751313,1.481481,-0.269832,57.257257,43.418259,-13.838998,999,942
01051114,true,22.969647,12.845011,-10.124637,44.790812,54.352442,9.561629,7.383101,8.811040,1.427939,11.566858,8.386412,-3.180446,5.660377,4.883227,-0.777150,1.804758,0.424628,-1.380130,57.189239,43.233424,-13.955815,2156,2202
01051117,true,23.376623,13.043478,-10.333145,45.454545,50.724638,5.270092,3.896104,8.695652,4.799548,11.688312,10.144928,-1.543384,9.090909,4.347826,-4.743083,1.298701,0.000000,-1.298701,57.037037,51.449275,-5.587762,135,138
01051118,true,25.925926,16.037736,-9.888190,33.333333,51.886792,18.553459,8.888889,13.207547,4.318658,14.814815,11.320755,-3.494060,11.851852,2.830189,-9.021663,0.740741,0.000000,-0.740741,61.085973,53.233831,-7.852142,221,201
01051119,true,24.836601,9.701493,-15.135109,29.411765,46.268657,16.856892,7.843137,11.194030,3.350893,24.183007,9.701493,-14.481514,5.228758,8.208955,2.980197,4.575163,0.746269,-3.828895,55.234657,48.754448,-6.480209,277,281
01051120,true,13.636364,17.391304,3.754941,31.818182,26.086957,-5.731225,40.909091,30.434783,-10.474308,4.545455,8.695652,4.150198,0.000000,0.000000,0.000000,4.545455,0.000000,-4.545455,70.967742,75.000000,4.032258,31,32
01051121,true,20.967742,17.241379,-3.726363,36.290323,49.425287,13.134965,12.903226,10.344828,-2.558398,12.903226,5.747126,-7.156099,10.483871,10.344828,-0.139043,1.612903,1.149425,-0.463478,55.309735,40.271493,-15.038241,226,221
01051122,true,27.504726,13.180169,-14.324557,38.090737,51.995163,13.904426,8.884688,12.454655,3.569967,13.421550,9.915357,-3.506193,4.347826,3.748489,-0.599338,2.173913,1.451028,-0.722885,54.920144,43.191268,-11.728876,1941,1924
01051125,true,18.274112,10.738255,-7.535857,35.532995,48.322148,12.789153,10.152284,11.409396,1.257112,17.258883,11.409396,-5.849487,5.076142,6.040268,0.964126,4.060914,2.013423,-2.047491,57.306590,44.186047,-13.120544,349,344
01051126,true,23.636364,14.634146,-9.002217,43.636364,36.585366,-7.050998,7.272727,9.756098,2.483370,18.181818,12.195122,-5.986696,0.000000,14.634146,14.634146,0.000000,7.317073,7.317073,70.512821,57.534247,-12.978574,78,73
01051127,true,31.228669,17.090069,-14.138600,33.959044,50.230947,16.271903,7.081911,6.928406,-0.153505,10.580205,10.161663,-0.418542,8.361775,5.658199,-2.703576,2.474403,0.577367,-1.897036,47.919192,36.870805,-11.048387,2475,2384
01051128,true,21.875000,13.725490,-8.149510,40.625000,45.098039,4.473039,10.937500,21.568627,10.631127,9.375000,1.960784,-7.414216,6.250000,5.882353,-0.367647,6.250000,0.000000,-6.250000,65.306122,50.000000,-15.306122,98,102
01051129,true,19.736842,16.901408,-2.835434,32.894737,45.070423,12.175686,6.578947,9.859155,3.280208,18.421053,9.859155,-8.561898,1.315789,2.816901,1.501112,10.526316,2.816901,-7.709414,56.716418,48.000000,-8.716418,134,150
01051130,true,28.000000,16.578483,-11.421517,35.111111,48.677249,13.566138,12.740741,11.992945,-0.747795,12.296296,8.994709,-3.301587,5.629630,5.820106,0.190476,1.333333,1.058201,-0.275132,57.480981,49.178911,-8.302070,1183,1157
01051131,true,6.896552,8.333333,1.436782,51.724138,61.666667,9.942529,10.344828,10.000000,-0.344828,22.413793,11.666667,-10.747126,1.724138,1.666667,-0.057471,3.448276,0.000000,-3.448276,73.417722,61.224490,-12.193232,79,98
01051132,true,28.682171,17.125382,-11.556788,31.266150,50.458716,19.192566,10.077519,6.727829,-3.349691,18.346253,9.174312,-9.171941,8.268734,4.892966,-3.375767,0.516796,0.611621,0.094825,55.367232,45.095368,-10.271864,708,734
01051133,true,14.851485,7.042254,-7.809232,55.445545,53.521127,-1.924418,4.950495,8.450704,3.500209,11.881188,9.859155,-2.022033,5.940594,9.859155,3.918561,0.000000,0.000000,0.000000,72.661871,54.477612,-18.184259,139,134
01051134,true,19.312169,10.625000,-8.687169,43.915344,53.437500,9.522156,9.523810,10.312500,0.788690,12.962963,7.500000,-5.462963,6.084656,8.437500,2.352844,3.703704,1.250000,-2.453704,58.192956,49.462366,-8.730590,653,651
01051135,true,13.661202,9.039548,-4.621654,40.983607,42.937853,1.954247,13.114754,14.124294,1.009540,14.754098,19.774011,5.019913,7.103825,6.779661,-0.324164,2.732240,1.129944,-1.602297,66.546763,64.259928,-2.286835,278,277
01051136,true,17.886179,6.927711,-10.958468,52.032520,62.048193,10.015672,5.962060,6.024096,0.062037,15.718157,10.240964,-5.477193,2.710027,6.626506,3.916479,2.168022,0.301205,-1.866817,62.731872,54.220779,-8.511093,593,616
01051137,true,21.724138,8.835341,-12.888797,46.896552,55.421687,8.525135,7.931034,10.441767,2.510733,12.068966,9.638554,-2.430411,5.172414,5.622490,0.450076,2.413793,0.401606,-2.012187,58.400000,51.546392,-6.853608,500,485
01051138,true,20.845921,9.779180,-11.066742,42.900302,50.157729,7.257427,8.157100,9.463722,1.306623,14.199396,14.511041,0.311645,3.927492,2.523659,-1.403833,4.229607,1.261830,-2.967778,62.337662,56.684492,-5.653170,539,561
01051139,true,10.638298,6.000000,-4.638298,56.914894,64.666667,7.751773,6.914894,6.666667,-0.248227,15.957447,9.333333,-6.624113,0.531915,2.666667,2.134752,1.595745,0.666667,-0.929078,66.666667,53.900709,-12.765957,285,282
01051140,true,17.322835,12.037037,-5.285798,29.133858,42.592593,13.458734,14.173228,10.185185,-3.988043,11.811024,12.037037,0.226013,12.598425,10.185185,-2.413240,1.574803,0.000000,-1.574803,59.259259,50.000000,-9.259259,216,218
01051141,true,18.283582,12.019231,-6.264351,45.522388,50.000000,4.477612,7.835821,11.538462,3.702641,11.194030,10.576923,-0.617107,6.343284,6.730769,0.387486,4.850746,0.480769,-4.369977,57.815846,47.392290,-10.423556,467,441
01053001,true,28.571429,6.666667,-21.904762,30.952381,51.111111,20.158730,14.285714,28.888889,14.603175,9.523810,6.666667,-2.857143,4.761905,0.000000,-4.761905,7.142857,2.222222,-4.920635,68.852459,71.428571,2.576112,61,63
01053002,true,22.621564,15.727700,-6.893865,43.340381,47.417840,4.077460,9.725159,12.441315,2.716156,9.725159,8.450704,-1.274454,8.879493,7.746479,-1.133014,1.479915,1.877934,0.398019,67.609618,65.950920,-1.658698,707,652
01053003,true,19.806243,11.446119,-8.360124,35.683531,45.505304,9.821774,14.747040,24.399777,9.652737,19.429494,8.431044,-10.998450,5.812702,3.350084,-2.462618,2.421959,1.675042,-0.746917,74.939952,70.731707,-4.208245,2498,2542
01053004,true,21.396396,10.982659,-10.413737,43.918919,51.156069,7.237150,8.108108,16.473988,8.365880,14.189189,10.404624,-3.784565,4.729730,4.046243,-0.683487,4.054054,0.578035,-3.476019,62.605042,48.132780,-14.472262,714,723
01053005,true,20.000000,11.818182,-8.181818,40.000000,54.545455,14.545455,9.230769,11.818182,2.587413,18.461538,6.363636,-12.097902,5.384615,7.272727,1.888112,2.307692,0.909091,-1.398601,67.525773,58.730159,-8.795614,194,189
01053006,true,27.002967,15.178571,-11.824396,22.848665,34.375000,11.526335,9.792285,15.625000,5.832715,10.979228,8.035714,-2.943514,19.584570,12.946429,-6.638141,2.373887,1.339286,-1.034602,60.530973,40.425532,-20.105442,565,564
01053007,true,27.450980,11.042945,-16.408036,34.313725,44.171779,9.858054,12.745098,22.699387,9.954288,14.215686,10.429448,-3.786238,2.450980,3.680982,1.230001,2.450980,0.000000,-2.450980,58.238636,50.152905,-8.085731,352,327
01053008,true,17.142857,13.270142,-3.872715,42.857143,40.758294,-2.098849,14.761905,28.909953,14.148048,14.285714,6.161137,-8.124577,5.238095,3.317536,-1.920560,2.380952,0.947867,-1.433085,66.771160,63.173653,-3.597507,319,334
01053009,true,32.319820,19.856115,-12.463705,31.981982,45.323741,13.341759,10.360360,15.107914,4.747553,10.135135,6.618705,-3.516430,6.306306,5.467626,-0.838680,3.378378,1.294964,-2.083414,53.556485,40.068886,-13.487599,1673,1742
01053010,true,13.333333,5.769231,-7.564103,65.000000,67.307692,2.307692,6.666667,3.846154,-2.820513,3.333333,11.538462,8.205128,1.666667,9.615385,7.948718,1.666667,0.000000,-1.666667,89.855072,71.621622,-18.233451,69,74
01053011,true,30.838323,15.827338,-15.010985,20.059880,38.129496,18.069616,24.850299,21.582734,-3.267566,7.485030,7.194245,-0.290785,4.191617,3.597122,-0.594494,6.886228,2.158273,-4.727954,66.535433,54.580897,-11.954536,508,513
01053012,true,34.503684,20.364465,-14.139220,29.475509,41.275626,11.800117,12.267013,19.453303,7.186290,11.876896,6.059226,-5.817671,5.678370,4.738041,-0.940329,2.990897,1.594533,-1.396364,63.753779,59.886241,-3.867538,3639,3692
01053013,true,21.875000,8.994709,-12.880291,38.020833,52.380952,14.360119,15.104167,16.931217,1.827050,8.333333,7.936508,-0.396825,8.854167,5.820106,-3.034061,1.562500,1.587302,0.024802,73.384030,70.370370,-3.013660,263,270
01053014,true,29.373246,18.493804,-10.879442,33.863424,46.329838,12.466414,10.009355,11.534795,1.525441,13.657624,8.198284,-5.459340,6.828812,7.054337,0.225525,2.525725,1.239276,-1.286449,68.268015,64.447159,-3.820856,1582,1637
01053015,true,27.205882,9.600000,-17.605882,33.088235,36.800000,3.711765,11.029412,24.800000,13.770588,8.823529,9.600000,0.776471,11.029412,11.200000,0.170588,4.411765,1.600000,-2.811765,56.097561,47.368421,-8.729140,246,266
01053016,true,43.373494,19.444444,-23.929050,26.506024,40.277778,13.771754,10.843373,8.333333,-2.510040,6.024096,6.944444,0.920348,8.433735,1.388889,-7.044846,2.409639,2.777778,0.368139,58.741259,54.477612,-4.263647,143,134
01053017,true,26.618705,18.636364,-7.982341,37.410072,44.545455,7.135383,9.712230,10.454545,0.742315,8.273381,8.181818,-0.091563,7.913669,6.363636,-1.550033,2.158273,1.818182,-0.340092,51.743119,38.062284,-13.680836,545,578
01053018,true,23.809524,7.971014,-15.838509,31.292517,27.536232,-3.756285,27.891156,44.202899,16.311742,10.884354,10.144928,-0.739426,1.360544,1.449275,0.088731,2.721088,0.000000,-2.721088,76.410256,71.134021,-5.276236,195,194
01053019,true,32.407407,26.086957,-6.320451,32.407407,39.130435,6.723027,6.481481,11.594203,5.112721,10.185185,7.246377,-2.938808,12.037037,10.144928,-1.892110,0.925926,1.449275,0.523349,73.648649,52.272727,-21.375921,148,132
01053020,true,32.563791,18.541346,-14.022445,32.138518,41.756549,9.618031,9.902795,16.538264,6.635469,7.533414,5.136107,-2.397308,8.383961,7.395994,-0.987967,2.794654,2.311248,-0.483406,51.301685,38.621638,-12.680047,3265,5093
01053021,true,17.808219,4.597701,-13.210518,57.534247,59.770115,2.235868,6.849315,14.942529,8.093214,10.958904,6.896552,-4.062352,2.739726,8.045977,5.306251,0.000000,1.149425,1.149425,58.730159,68.461538,9.731380,126,130
01053022,true,27.227723,9.027778,-18.199945,35.643564,43.055556,7.411991,6.435644,6.944444,0.508801,7.425743,3.472222,-3.953520,12.871287,12.500000,-0.371287,0.990099,2.083333,1.093234,71.331058,49.659864,-21.671194,293,294
01053023,true,29.132231,16.358543,-12.773688,33.057851,46.386555,13.328703,10.330579,17.254902,6.924323,15.805785,7.170868,-8.634917,5.578512,4.425770,-1.152742,2.014463,1.568627,-0.445835,71.769457,65.391621,-6.377836,2724,2745
01053024,true,34.146341,21.875000,-12.271341,36.585366,51.562500,14.977134,3.658537,10.937500,7.278963,10.975610,9.375000,-1.600610,4.878049,3.125000,-1.753049,6.097561,0.000000,-6.097561,60.294118,50.387597,-9.906521,136,129
01053025,true,22.397476,13.559322,-8.838154,38.801262,45.084746,6.283484,10.725552,15.593220,4.867668,18.296530,9.152542,-9.143988,2.839117,9.152542,6.313426,2.839117,1.355932,-1.483185,68.950749,65.707965,-3.242785,467,452
01053026,true,22.959184,17.582418,-5.376766,35.204082,39.010989,3.806907,13.775510,26.923077,13.147567,10.714286,3.846154,-6.868132,9.693878,3.846154,-5.847724,2.551020,1.648352,-0.902669,60.550459,54.790419,-5.760040,327,334
01053027,true,28.496042,17.132867,-11.363175,34.564644,48.251748,13.687104,10.554090,11.188811,0.634721,11.345646,7.692308,-3.653339,8.970976,4.545455,-4.425522,2.374670,2.447552,0.072882,56.929955,45.773525,-11.156431,671,627
01053028,true,30.108758,18.269231,-11.839527,30.852891,40.564904,9.712013,12.936463,20.853365,7.916903,10.875787,6.550481,-4.325306,7.269605,5.108173,-2.161432,4.006869,1.862981,-2.143888,65.173945,59.678571,-5.495374,2702,2800
01053029,true,31.351351,17.857143,-13.494208,28.648649,47.023810,18.375161,17.297297,17.261905,-0.035393,3.783784,4.761905,0.978121,11.351351,5.952381,-5.398970,4.324324,2.380952,-1.943372,66.666667,56.105611,-10.561056,282,303
01053030,true,10.344828,12.878788,2.533960,10.344828,51.136364,40.791536,65.517241,12.878788,-52.638454,3.448276,6.818182,3.369906,0.000000,7.196970,7.196970,3.448276,1.893939,-1.554336,85.294118,52.755906,-32.538212,34,508
01053031,true,28.961749,12.041885,-16.919864,36.065574,52.356021,16.290447,13.114754,19.371728,6.256974,9.836066,5.759162,-4.076903,4.918033,3.664921,-1.253111,1.639344,0.000000,-1.639344,63.698630,63.576159,-0.122471,292,302
01053032,true,34.657010,19.759264,-14.897746,27.252014,42.209900,14.957886,10.244934,16.148228,5.903294,10.293759,5.396267,-4.897491,8.479128,6.856911,-1.622217,4.866140,2.163917,-2.702224,53.227468,32.160110,-21.067357,23300,23184
01053033,true,20.547945,17.241379,-3.306566,31.506849,48.275862,16.769013,13.698630,13.793103,0.094473,9.589041,12.068966,2.479924,10.958904,5.172414,-5.786490,4.109589,0.000000,-4.109589,60.655738,50.434783,-10.220955,122,115
01053034,true,16.541353,9.482759,-7.058595,51.879699,62.068966,10.189266,9.774436,6.896552,-2.877884,9.774436,11.206897,1.432460,7.518797,2.586207,-4.932590,2.255639,0.862069,-1.393570,69.270833,61.256545,-8.014289,192,191
01053035,true,27.906977,12.820513,-15.086464,23.255814,28.205128,4.949314,18.604651,28.205128,9.600477,11.627907,0.000000,-11.627907,9.302326,12.820513,3.518187,2.325581,2.564103,0.238521,78.181818,74.074074,-4.107744,55,54
01053036,true,15.697674,9.868421,-5.829253,47.093023,53.947368,6.854345,12.209302,17.763158,5.553856,8.720930,8.552632,-0.168299,6.976744,0.657895,-6.318849,1.162791,1.973684,0.810894,60.563380,53.333333,-7.230047,284,285
01053037,true,27.931034,18.707483,-9.223551,31.724138,45.918367,14.194229,12.758621,13.945578,1.186958,14.482759,9.863946,-4.618813,6.551724,5.442177,-1.109547,2.413793,0.340136,-2.073657,75.578406,71.223022,-4.355385,389,417
01053038,true,25.694444,16.058394,-9.636050,36.111111,46.715328,10.604217,12.500000,13.868613,1.368613,7.638889,7.299270,-0.339619,9.027778,6.569343,-2.458435,4.166667,0.729927,-3.436740,52.363636,52.290076,-0.073560,275,262
01053039,true,26.016260,16.528926,-9.487335,43.902439,41.322314,-2.580125,10.569106,19.834711,9.265605,7.317073,2.479339,-4.837734,4.878049,5.785124,0.907075,3.252033,2.479339,-0.772694,72.093023,70.760234,-1.332789,172,171
01053040,true,16.000000,5.000000,-11.000000,54.000000,65.000000,11.000000,6.000000,12.500000,6.500000,14.000000,5.000000,-9.000000,6.000000,7.500000,1.500000,2.000000,0.000000,-2.000000,66.666667,56.944444,-9.722222,75,72
01053041,true,25.849335,17.813268,-8.036067,37.173806,45.884521,8.710715,12.801576,20.085995,7.284420,10.536681,6.265356,-4.271325,6.696209,4.729730,-1.966479,3.151157,1.105651,-2.045506,66.127467,53.851218,-12.276249,3091,3038
01053042,true,25.316456,7.407407,-17.909048,44.303797,64.197531,19.893733,6.329114,6.172840,-0.156274,8.860759,9.876543,1.015784,8.860759,1.234568,-7.626192,3.797468,0.000000,-3.797468,62.992126,64.566929,1.574803,127,127
01053043,true,23.717949,13.776722,-9.941227,37.606838,43.467933,5.861096,13.247863,18.764846,5.516982,12.820513,8.313539,-4.506974,4.914530,7.125891,2.211361,3.846154,1.187648,-2.658505,62.982690,54.102564,-8.880126,751,780
01053044,true,31.498471,17.006803,-14.491668,28.746177,37.414966,8.668789,17.737003,21.768707,4.031704,7.645260,5.782313,-1.862947,8.256881,5.102041,-3.154840,1.834862,1.020408,-0.814454,73.273942,64.847162,-8.426781,449,458
01053045,true,24.031008,13.953488,-10.077519,38.759690,44.186047,5.426357,6.201550,15.503876,9.302326,12.403101,6.201550,-6.201550,8.527132,10.077519,1.550388,3.100775,1.550388,-1.550388,64.676617,57.268722,-7.407894,201,227
01053046,true,27.260982,13.771518,-13.489464,40.568475,54.773083,14.204607,6.976744,11.737089,4.760345,10.465116,5.633803,-4.831313,6.718346,6.729264,0.010918,1.550388,0.938967,-0.611420,57.456140,44.193989,-13.262151,1368,1464
01053047,true,32.053422,18.441065,-13.612358,32.721202,49.049430,16.328228,8.681135,9.885932,1.204796,11.853088,6.844106,-5.008982,8.681135,7.224335,-1.456801,2.504174,1.140684,-1.363489,57.509506,50.666667,-6.842839,1052,1050
01053048,true,31.723027,15.714286,-16.008742,31.078905,47.959184,16.880279,10.144928,15.714286,5.569358,12.399356,7.551020,-4.848335,6.280193,3.469388,-2.810805,2.737520,0.816327,-1.921194,57.273559,44.524237,-12.749322,1093,1114
01053049,true,23.853211,16.355140,-7.498071,34.403670,43.925234,9.521564,15.137615,21.028037,5.890423,12.385321,9.813084,-2.572237,8.715596,4.672897,-4.042699,1.376147,0.467290,-0.908857,55.445545,54.477612,-0.967933,404,402
01053050,true,32.848233,16.407982,-16.440251,38.253638,54.545455,16.291816,4.365904,10.199557,5.833652,8.108108,5.099778,-3.008330,6.860707,5.543237,-1.317470,3.326403,0.665188,-2.661215,70.614035,66.131387,-4.482648,684,685
01053051,true,24.691358,13.013699,-11.677659,48.148148,58.904110,10.755961,6.172840,10.273973,4.101133,8.024691,4.794521,-3.230171,4.320988,5.479452,1.158464,0.000000,0.000000,0.000000,64.822134,59.109312,-5.712823,253,247
01053052,true,21.590909,16.455696,-5.135213,48.863636,58.227848,9.364212,10.227273,7.594937,-2.632336,6.818182,7.594937,0.776755,4.545455,5.063291,0.517837,3.409091,0.000000,-3.409091,58.064516,55.633803,-2.430713,155,142
01053053,true,24.920128,13.103448,-11.816680,36.102236,50.689655,14.587419,9.265176,14.482759,5.217583,14.057508,5.862069,-8.195439,9.265176,7.241379,-2.023796,3.194888,1.724138,-1.470750,77.450980,69.358670,-8.092311,408,421
01053054,true,28.037383,23.626374,-4.411010,33.644860,37.912088,4.267228,13.551402,15.934066,2.382664,10.280374,7.142857,-3.137517,6.074766,6.593407,0.518640,5.140187,1.648352,-3.491835,60.277778,46.446701,-13.831077,360,394
01053056,true,14.678899,23.364486,8.685587,24.770642,38.317757,13.547115,22.935780,15.887850,-7.047929,11.009174,8.411215,-2.597959,12.844037,6.542056,-6.301981,3.669725,0.000000,-3.669725,64.705882,62.209302,-2.496580,170,172
01053057,true,23.577236,19.090909,-4.486327,47.967480,50.909091,2.941611,10.569106,10.909091,0.339985,8.943089,4.545455,-4.397635,3.252033,0.909091,-2.342942,2.439024,4.545455,2.106430,64.285714,51.886792,-12.398922,196,212
01053058,true,25.000000,16.883117,-8.116883,34.375000,45.454545,11.079545,5.208333,7.792208,2.583874,15.625000,9.090909,-6.534091,10.416667,10.389610,-0.027056,5.208333,0.000000,-5.208333,69.503546,50.993377,-18.510169,141,151
01053059,true,22.656250,12.380952,-10.275298,32.812500,44.761905,11.949405,20.312500,18.095238,-2.217262,7.031250,0.952381,-6.078869,10.156250,4.761905,-5.394345,0.000000,0.952381,0.952381,77.058824,58.988764,-18.070059,170,178
01053060,true,20.945946,11.981567,-8.964379,44.594595,57.142857,12.548263,9.459459,13.824885,4.365425,12.500000,7.834101,-4.665899,5.743243,4.608295,-1.134948,4.054054,0.460829,-3.593225,60.772358,45.341615,-15.430743,492,483
01053061,true,33.206107,20.657277,-12.548830,28.435115,40.610329,12.175214,8.015267,13.849765,5.834498,12.022901,8.450704,-3.572197,9.160305,6.103286,-3.057019,3.244275,1.643192,-1.601082,58.043478,45.358650,-12.684828,920,948
01053062,true,31.617647,21.186441,-10.431206,42.647059,40.677966,-1.969093,6.617647,9.322034,2.704387,8.088235,13.559322,5.471087,4.411765,10.169492,5.757727,3.676471,1.694915,-1.981555,66.028708,55.251142,-10.777567,209,219
01053064,true,27.796610,17.472119,-10.324491,33.559322,43.866171,10.306849,11.186441,15.985130,4.798689,9.830508,5.204461,-4.626048,10.847458,8.178439,-2.669019,2.372881,1.486989,-0.885893,57.751938,50.275229,-7.476709,516,545
01053066,true,22.962963,13.445378,-9.517585,35.555556,41.176471,5.620915,9.629630,21.848739,12.219110,15.555556,10.924370,-4.631186,7.407407,8.403361,0.995954,4.444444,1.680672,-2.763772,65.853659,57.692308,-8.161351,205,208
01053067,true,25.382263,15.867159,-9.515104,34.556575,43.542435,8.985861,14.984709,19.557196,4.572486,10.091743,7.749077,-2.342666,3.975535,4.428044,0.452509,4.892966,1.845018,-3.047948,65.537849,53.228963,-12.308886,502,511
01053068,true,30.769231,20.249221,-10.520010,29.487179,39.875389,10.388210,11.217949,16.510903,5.292955,7.692308,7.476636,-0.215672,8.333333,4.984424,-3.348910,4.166667,4.672897,0.506231,67.602592,66.804979,-0.797613,463,482
01053069,true,22.062350,13.541667,-8.520683,30.455635,49.479167,19.023531,13.669065,17.187500,3.518435,12.470024,5.208333,-7.261691,10.071942,6.250000,-3.821942,3.836930,1.041667,-2.795264,64.580153,57.698057,-6.882096,655,669
01053070,true,26.174497,20.000000,-6.174497,26.845638,27.692308,0.846670,21.476510,30.000000,8.523490,9.395973,3.846154,-5.549819,10.067114,4.615385,-5.451729,1.342282,1.538462,0.196180,64.957265,52.800000,-12.157265,234,250
01053071,true,24.062500,18.677043,-5.385457,29.375000,43.190661,13.815661,18.750000,20.233463,1.483463,8.750000,5.447471,-3.302529,9.375000,2.334630,-7.040370,1.875000,1.556420,-0.318580,64.859438,52.409639,-12.449799,498,498
01053072,true,25.423729,14.992928,-10.430801,38.418079,49.787836,11.369757,8.474576,13.861386,5.386810,12.853107,6.789250,-6.063857,6.638418,5.516266,-1.122152,3.672316,1.980198,-1.692118,69.126214,67.582938,-1.543275,1030,1055
01053073,true,28.571429,13.548387,-15.023041,35.944700,46.451613,10.506912,5.529954,6.451613,0.921659,10.599078,12.258065,1.658986,11.059908,11.612903,0.552995,3.686636,0.645161,-3.041475,71.661238,53.793103,-17.868134,307,290
01053074,true,20.909091,8.536585,-12.372506,48.181818,46.341463,-1.840355,5.454545,21.951220,16.496674,8.181818,6.097561,-2.084257,7.272727,12.195122,4.922395,5.454545,2.439024,-3.015521,80.434783,59.420290,-21.014493,138,138
01053075,true,28.922717,18.103448,-10.819268,34.777518,40.948276,6.170758,14.285714,22.413793,8.128079,8.196721,6.609195,-1.587526,4.332553,3.304598,-1.027955,4.332553,0.431034,-3.901518,62.582057,51.893096,-10.688961,1371,1347
01053076,true,20.741990,11.111111,-9.630879,44.519393,49.512671,4.993278,10.455312,19.493177,9.037865,13.490725,9.746589,-3.744136,5.396290,2.144250,-3.252041,3.035413,0.389864,-2.645550,53.356890,42.868988,-10.487902,1132,1206
01053077,true,31.683168,22.346369,-9.336800,30.693069,41.899441,11.206372,12.376238,12.849162,0.472924,10.396040,12.849162,2.453122,8.415842,3.910615,-4.505227,2.970297,1.675978,-1.294319,67.105263,61.433447,-5.671816,304,293
01053078,true,17.391304,6.818182,-10.573123,32.173913,42.045455,9.871542,14.782609,18.181818,3.399209,16.521739,12.500000,-4.021739,7.826087,7.954545,0.128458,1.739130,3.409091,1.669960,64.971751,54.320988,-10.650764,177,162
01053079,true,28.769841,21.576763,-7.193078,32.539683,38.174274,5.634591,9.920635,19.502075,9.581440,10.119048,9.128631,-0.990417,9.325397,4.771784,-4.553613,3.769841,1.452282,-2.317559,72.895863,65.006729,-7.889134,701,743
01053080,true,17.910448,6.349206,-11.561241,37.313433,49.206349,11.892916,8.955224,20.634921,11.679697,11.940299,7.936508,-4.003791,16.417910,7.936508,-8.481403,2.985075,0.000000,-2.985075,51.908397,48.484848,-3.423548,131,132
01053081,true,21.673004,13.709677,-7.963326,42.205323,47.983871,5.778548,8.365019,18.145161,9.780142,12.927757,8.064516,-4.863241,7.604563,4.838710,-2.765853,2.281369,0.403226,-1.878143,69.816273,65.091864,-4.724409,381,381
01053082,true,27.428571,11.864407,-15.564165,38.285714,50.847458,12.561743,4.571429,8.474576,3.903148,10.857143,10.169492,-0.687651,13.714286,12.711864,-1.002421,2.285714,0.847458,-1.438257,73.140496,51.082251,-22.058245,242,231
01053083,true,34.219574,21.632079,-12.587495,28.077011,42.595849,14.518838,9.443044,13.014421,3.571378,9.993124,4.150545,-5.842579,9.488884,8.125220,-1.363664,3.896402,2.638058,-1.258343,49.960349,33.260039,-16.700310,8827,8641
01053084,true,25.096525,14.498141,-10.598384,35.135135,42.379182,7.244047,10.424710,17.100372,6.675661,11.583012,6.691450,-4.891562,9.652510,7.434944,-2.217565,3.474903,1.486989,-1.987915,64.864865,56.107660,-8.757204,407,483
01053085,true,25.434439,14.516129,-10.918310,43.443918,55.645161,12.201243,9.952607,12.419355,2.466748,11.532385,7.580645,-3.951740,4.107425,3.548387,-0.559038,2.053712,1.129032,-0.924680,65.471311,64.205128,-1.266183,976,975
01053086,true,20.567376,17.692308,-2.875068,32.624113,49.230769,16.606656,6.382979,8.461538,2.078560,17.021277,7.692308,-9.328969,12.765957,8.461538,-4.304419,4.964539,0.769231,-4.195308,61.471861,54.132231,-7.339630,231,242
01053087,true,26.595745,13.953488,-12.642256,41.755319,51.495017,9.739697,6.117021,11.960133,5.843112,10.638298,8.637874,-2.000424,5.585106,5.647841,0.062734,4.255319,0.664452,-3.590867,66.608084,53.310105,-13.297980,569,574
01053088,true,26.136364,16.470588,-9.665775,38.636364,47.058824,8.422460,14.772727,23.529412,8.756684,4.545455,2.352941,-2.192513,10.227273,4.705882,-5.521390,1.136364,1.176471,0.040107,83.018868,77.981651,-5.037217,106,109
01053089,true,29.588015,12.000000,-17.588015,35.955056,52.888889,16.933833,9.363296,12.444444,3.081149,5.617978,4.444444,-1.173533,7.865169,6.666667,-1.198502,4.868914,0.444444,-4.424469,57.569296,54.265403,-3.303894,469,422
01053090,true,28.408312,17.432581,-10.975731,33.032656,46.807925,13.775269,11.977620,16.758393,4.780772,10.607445,5.820033,-4.787412,8.049783,4.279031,-3.770752,3.653802,1.609796,-2.044006,58.364680,47.711095,-10.653585,15153,15313
01053091,true,19.753086,15.384615,-4.368471,37.037037,51.648352,14.611315,3.703704,5.494505,1.790802,14.814815,8.791209,-6.023606,17.283951,12.087912,-5.196039,1.234568,0.000000,-1.234568,53.642384,61.744966,8.102582,151,149
01053092,true,22.743682,9.725159,-13.018524,35.740072,44.397463,8.657391,11.010830,19.450317,8.439487,9.025271,7.399577,-1.625694,10.469314,7.188161,-3.281153,3.429603,1.268499,-2.161104,63.615561,50.052687,-13.562874,874,949
01053093,true,20.867209,11.589404,-9.277805,37.940379,50.662252,12.721872,13.008130,16.556291,3.548161,14.092141,6.291391,-7.800750,6.233062,4.635762,-1.597301,4.336043,0.662252,-3.673792,60.848287,50.082102,-10.766185,613,609
01053094,true,17.346939,14.814815,-2.532124,37.755102,45.679012,7.923910,5.102041,14.814815,9.712774,19.387755,8.641975,-10.745780,7.142857,3.703704,-3.439153,4.081633,2.469136,-1.612497,61.635220,50.310559,-11.324661,159,161
01053095,true,24.438903,18.206522,-6.232381,29.426434,40.217391,10.790957,15.211970,20.108696,4.896726,11.471322,5.706522,-5.764800,8.229426,6.250000,-1.979426,2.244389,1.358696,-0.885693,73.056058,67.518248,-5.537810,553,548
01053096,true,28.239845,15.337423,-12.902422,28.820116,42.331288,13.511172,11.605416,13.905930,2.300515,16.634429,15.132924,-1.501505,7.736944,4.089980,-3.646964,2.321083,1.840491,-0.480592,61.950059,53.736264,-8.213796,841,910
01053097,true,26.111111,18.791946,-7.319165,29.166667,41.275168,12.108501,13.611111,14.429530,0.818419,14.722222,6.375839,-8.346383,8.611111,7.046980,-1.564131,3.888889,1.342282,-2.546607,65.350090,55.762082,-9.588008,557,538
01053098,true,22.368421,13.725490,-8.642931,41.666667,49.019608,7.352941,14.035088,20.588235,6.553148,10.526316,3.431373,-7.094943,5.701754,3.921569,-1.780186,2.192982,1.470588,-0.722394,64.145658,53.664921,-10.480737,357,382
01053099,true,25.480769,19.576720,-5.904050,31.730769,40.211640,8.480871,14.423077,18.518519,4.095442,11.538462,6.878307,-4.660155,7.211538,4.232804,-2.978734,3.365385,3.174603,-0.190781,70.198675,62.706271,-7.492405,302,303
01053100,true,25.693110,15.367347,-10.325763,32.981060,45.387755,12.406696,12.489706,18.571429,6.081722,12.393632,6.571429,-5.822203,7.164425,5.265306,-1.899119,4.048861,1.428571,-2.620289,61.331101,42.329131,-19.001970,11945,11661
01053101,true,21.965318,12.883436,-9.081882,30.635838,36.809816,6.173978,12.716763,22.085890,9.369127,17.919075,11.042945,-6.876130,10.404624,7.361963,-3.042661,2.890173,1.226994,-1.663180,69.019608,64.705882,-4.313725,255,255
01053102,true,15.384615,22.222222,6.837607,51.282051,66.666667,15.384615,7.692308,5.555556,-2.136752,12.820513,0.000000,-12.820513,2.564103,0.000000,-2.564103,0.000000,0.000000,0.000000,70.909091,41.860465,-29.048626,55,43
01053103,true,24.213075,17.628205,-6.584870,32.203390,41.025641,8.822251,16.222760,17.628205,1.405445,11.864407,8.333333,-3.531073,6.295400,4.487179,-1.808220,4.842615,0.000000,-4.842615,62.704309,48.452012,-14.252297,673,646
01053104,true,32.876712,21.686747,-11.189965,32.876712,39.759036,6.882324,6.849315,16.465863,9.616548,6.506849,6.024096,-0.482753,13.356164,5.220884,-8.135281,3.082192,0.803213,-2.278979,65.324385,55.875831,-9.448553,447,451
01053106,true,22.885572,7.772021,-15.113551,38.308458,61.139896,22.831439,9.950249,16.580311,6.630062,9.452736,6.217617,-3.235120,8.457711,2.072539,-6.385173,1.492537,0.518135,-0.974403,64.536741,55.459770,-9.076971,313,348
01053107,true,21.498371,14.462810,-7.035561,37.459283,41.735537,4.276254,15.635179,18.595041,2.959862,9.771987,8.677686,-1.094301,5.537459,3.305785,-2.231674,3.908795,1.652893,-2.255902,62.124248,48.804781,-13.319468,499,502
01053108,true,28.295820,13.605442,-14.690378,32.154341,47.732426,15.578085,10.932476,16.439909,5.507433,11.361200,8.163265,-3.197935,9.003215,4.648526,-4.354689,3.001072,0.680272,-2.320800,65.130674,59.488560,-5.642114,1454,1486
01053109,true,23.602484,14.873418,-8.729067,36.024845,47.784810,11.759965,7.453416,15.506329,8.052913,12.111801,6.012658,-6.099143,10.248447,5.063291,-5.185156,4.968944,0.949367,-4.019577,64.031621,57.818182,-6.213439,506,550
01053111,true,28.143713,16.000000,-12.143713,30.738523,48.923077,18.184554,12.175649,12.307692,0.132044,11.576846,7.384615,-4.192231,9.181637,7.384615,-1.797021,3.193613,0.307692,-2.885920,70.406732,45.290859,-25.115873,713,722
01053112,true,25.511596,13.139696,-12.371900,40.109141,49.654219,9.545078,8.321965,12.586445,4.264481,10.504775,7.468880,-3.035895,7.503411,5.670816,-1.832595,3.819918,2.351314,-1.468604,67.213115,62.435233,-4.777882,1098,1158
01053113,true,34.615385,20.973783,-13.641602,31.089744,44.194757,13.105013,11.538462,14.232210,2.693748,8.653846,5.243446,-3.410400,8.012821,8.614232,0.601412,1.602564,0.000000,-1.602564,70.975057,62.037037,-8.938020,441,432
01053114,true,19.491525,25.233645,5.742119,33.050847,38.317757,5.266910,19.491525,16.822430,-2.669096,8.474576,10.280374,1.805798,7.627119,5.607477,-2.019642,4.237288,0.934579,-3.302709,83.216783,74.825175,-8.391608,143,143
01053115,true,17.803030,10.000000,-7.803030,45.075758,50.000000,4.924242,8.712121,17.000000,8.287879,12.878788,7.500000,-5.378788,9.090909,10.500000,1.409091,3.030303,0.500000,-2.530303,69.920844,55.616438,-14.304406,379,365
01053116,true,30.599325,17.337898,-13.261427,29.656725,44.059605,14.402880,9.214969,16.612968,7.397999,11.803602,5.739025,-6.064576,8.975802,6.826420,-2.149382,3.714125,1.792187,-1.921938,58.822566,41.297716,-17.524850,12213,12129
01053117,true,22.500000,17.372881,-5.127119,48.928571,55.508475,6.579903,5.000000,13.135593,8.135593,13.928571,7.203390,-6.725182,5.000000,2.118644,-2.881356,2.500000,0.423729,-2.076271,65.366972,52.783964,-12.583008,436,449
01053118,true,37.175793,23.636364,-13.539429,31.988473,37.575758,5.587285,10.086455,14.545455,4.458999,4.610951,10.303030,5.692079,6.628242,4.545455,-2.082788,3.458213,0.606061,-2.852153,68.700787,67.272727,-1.428060,508,495
01053119,true,29.921260,18.803419,-11.117841,27.559055,42.735043,15.175988,17.322835,17.948718,0.625883,5.511811,6.837607,1.325796,12.598425,5.982906,-6.615519,1.574803,0.000000,-1.574803,61.792453,55.348837,-6.443616,212,215
01053120,true,25.490196,11.940299,-13.549898,36.601307,48.507463,11.906155,9.150327,13.432836,4.282509,5.882353,7.462687,1.580334,12.418301,8.208955,-4.209345,5.228758,0.746269,-4.482490,53.082192,45.423729,-7.658463,292,295
01053121,true,24.064171,18.125000,-5.939171,28.877005,40.000000,11.122995,13.903743,25.000000,11.096257,9.090909,6.875000,-2.215909,12.834225,4.375000,-8.459225,6.417112,2.500000,-3.917112,72.480620,62.548263,-9.932358,258,259
01053122,true,37.500000,17.288136,-20.211864,32.012195,44.406780,12.394585,8.536585,14.915254,6.378669,10.060976,7.796610,-2.264365,4.268293,5.084746,0.816453,2.439024,1.016949,-1.422075,68.972746,63.034188,-5.938558,477,468
01053123,true,23.684211,16.486486,-7.197724,42.105263,47.567568,5.462304,11.961722,16.486486,4.524764,9.090909,6.216216,-2.874693,5.502392,2.162162,-3.340230,2.392344,1.621622,-0.770723,54.884319,48.825065,-6.059253,778,766
01053124,true,24.770642,18.660287,-6.110355,30.275229,44.976077,14.700847,13.761468,15.311005,1.549537,11.926606,6.698565,-5.228041,8.256881,5.741627,-2.515254,5.963303,0.478469,-5.484834,66.066066,65.030675,-1.035391,333,326
01053125,true,24.342105,17.021277,-7.320829,32.565789,45.744681,13.178891,10.526316,13.829787,3.303471,11.513158,6.737589,-4.775569,12.828947,7.446809,-5.382139,1.973684,2.127660,0.153975,70.251716,64.383562,-5.868155,437,438
01053126,true,28.292683,11.445783,-16.846900,42.439024,48.795181,6.356156,7.317073,13.855422,6.538349,8.292683,8.433735,0.141052,4.878049,7.228916,2.350867,0.975610,1.204819,0.229210,68.666667,57.288136,-11.378531,300,295
01053127,true,22.764228,13.043478,-9.720749,30.081301,39.130435,9.049134,15.447154,18.260870,2.813715,13.821138,10.434783,-3.386356,13.821138,8.695652,-5.125486,0.813008,0.000000,-0.813008,73.809524,72.222222,-1.587302,168,162
01053128,true,24.603175,12.745098,-11.858077,37.301587,42.156863,4.855275,10.317460,11.764706,1.447246,14.285714,13.725490,-0.560224,5.555556,6.862745,1.307190,3.174603,0.000000,-3.174603,73.410405,60.233918,-13.176486,173,171
01053129,true,26.152623,17.734139,-8.418484,30.858506,43.202417,12.343911,14.801272,21.767372,6.966100,15.834658,7.054381,-8.780278,5.643879,3.655589,-1.988290,2.972973,1.510574,-1.462399,63.311721,62.927199,-0.384522,10025,10563
01053130,true,27.586207,21.243523,-6.342684,27.093596,39.896373,12.802777,17.980296,17.616580,-0.363715,13.054187,8.031088,-5.023099,2.709360,2.331606,-0.377753,4.433498,3.108808,-1.324689,64.788732,63.344051,-1.444681,639,622
01053131,true,15.652174,14.563107,-1.089067,38.260870,49.514563,11.253694,8.695652,18.446602,9.750950,20.000000,11.650485,-8.349515,11.304348,2.912621,-8.391726,3.478261,0.970874,-2.507387,73.248408,65.625000,-7.623408,157,160
01053132,true,24.040921,16.138329,-7.902592,40.409207,53.314121,12.904914,7.672634,13.256484,5.583850,6.393862,4.322767,-2.071095,10.485934,4.034582,-6.451351,2.557545,0.000000,-2.557545,54.183813,45.253576,-8.930237,729,769
01053133,true,19.913106,12.337662,-7.575444,33.743664,45.310245,11.566581,14.844316,22.438672,7.594357,19.623461,10.461760,-9.161701,5.720492,2.453102,-3.267390,3.330920,0.865801,-2.465119,72.155844,71.767130,-0.388714,1925,1941
01053134,true,25.490196,12.269939,-13.220257,32.679739,49.079755,16.400016,5.882353,8.588957,2.706604,16.993464,12.269939,-4.723525,9.803922,10.429448,0.625526,3.921569,1.226994,-2.694575,64.197531,59.352518,-4.845013,243,278
01053135,true,10.101010,8.421053,-1.679957,62.626263,71.578947,8.952685,5.050505,5.263158,0.212653,13.131313,8.421053,-4.710260,2.020202,4.210526,2.190324,1.010101,1.052632,0.042531,71.942446,69.064748,-2.877698,139,139
01053136,true,22.813688,8.801956,-14.011732,41.444867,55.745721,14.300854,10.836502,14.180929,3.344427,11.406844,8.557457,-2.849387,6.653992,3.422983,-3.231010,3.041825,0.733496,-2.308329,62.677725,45.264317,-17.413408,844,908
01054001,true,21.039290,10.761155,-10.278135,35.614702,46.062992,10.448290,12.927757,11.942257,-0.985499,6.844106,5.643045,-1.201062,3.802281,3.149606,-0.652675,2.027883,0.524934,-1.502949,66.170389,61.828388,-4.342001,1209,1247
01054002,true,22.419929,6.530612,-15.889317,42.704626,58.775510,16.070884,12.811388,9.795918,-3.015470,7.473310,4.897959,-2.575350,3.914591,6.122449,2.207858,0.711744,0.000000,-0.711744,64.318182,56.912442,-7.405739,440,434
01054003,true,19.762846,6.800000,-12.962846,43.083004,55.200000,12.116996,10.276680,18.800000,8.523320,10.276680,4.000000,-6.276680,2.371542,2.400000,0.028458,3.557312,0.400000,-3.157312,60.663507,58.198614,-2.464893,422,433
01054004,true,25.190840,11.711712,-13.479128,41.221374,64.864865,23.643491,11.450382,6.306306,-5.144075,12.213740,5.405405,-6.808335,1.526718,1.801802,0.275084,1.526718,0.000000,-1.526718,71.739130,60.540541,-11.198590,184,185
01054005,true,15.075377,10.322581,-4.752796,49.748744,62.580645,12.831901,11.055276,11.612903,0.557627,10.552764,6.451613,-4.101151,2.010050,1.935484,-0.074566,0.502513,1.290323,0.787810,61.094225,50.482315,-10.611910,329,311
01054006,true,21.031746,9.502262,-11.529484,46.428571,51.583710,5.155139,13.492063,10.859729,-2.632335,3.571429,4.977376,1.405947,2.777778,3.619910,0.842132,1.587302,0.452489,-1.134813,56.732892,49.668874,-7.064018,453,453
01054007,true,18.947368,8.074534,-10.872834,45.789474,61.490683,15.701210,12.631579,6.211180,-6.420399,8.421053,8.074534,-0.346518,4.736842,3.726708,-1.010134,2.631579,0.000000,-2.631579,65.517241,56.643357,-8.873885,290,286
01054009,true,19.455253,12.033195,-7.422058,26.459144,34.439834,7.980690,12.840467,20.746888,7.906421,7.003891,3.734440,-3.269451,5.836576,4.979253,-0.857323,1.167315,1.659751,0.492436,72.500000,68.271955,-4.228045,360,353
01054010,true,21.276596,11.036789,-10.239806,46.200608,53.177258,6.976650,7.598784,12.040134,4.441350,8.206687,6.688963,-1.517724,3.951368,2.006689,-1.944679,1.519757,0.000000,-1.519757,67.469880,57.115750,-10.354130,498,527
01054011,true,20.454545,9.163347,-11.291199,50.000000,63.745020,13.745020,7.467532,7.171315,-0.296218,10.714286,7.569721,-3.144565,2.922078,3.187251,0.265173,1.298701,0.398406,-0.900295,67.467249,56.696429,-10.770820,458,448
01054012,true,20.308483,11.178248,-9.130236,39.331620,47.734139,8.402519,15.938303,17.522659,1.584355,6.940874,5.135952,-1.804922,4.370180,3.927492,-0.442688,1.799486,0.906344,-0.893141,62.619808,51.950078,-10.669730,626,641
01054013,true,17.441860,6.451613,-10.990248,60.465116,54.838710,-5.626407,2.325581,3.225806,0.900225,10.465116,6.451613,-4.013503,3.488372,3.225806,-0.262566,0.000000,3.225806,3.225806,60.563380,67.142857,6.579477,142,140
01054014,true,23.892100,11.722488,-12.169612,36.030829,46.172249,10.141420,12.813102,14.114833,1.301730,8.574181,6.339713,-2.234468,2.986513,3.827751,0.841239,2.601156,0.837321,-1.763835,63.104478,49.881657,-13.222821,1675,1690
01054015,true,14.361702,6.369427,-7.992275,48.404255,63.057325,14.653070,12.765957,9.554140,-3.211817,11.170213,5.732484,-5.437729,2.127660,1.273885,-0.853774,3.191489,0.000000,-3.191489,68.840580,58.736059,-10.104520,276,269
01054016,true,24.218750,10.526316,-13.692434,33.593750,43.609023,10.015273,19.531250,21.052632,1.521382,8.593750,6.015038,-2.578712,3.125000,0.751880,-2.373120,0.000000,4.511278,4.511278,75.882353,72.677596,-3.204757,170,183
01054017,true,22.580645,8.146067,-14.434578,30.376344,41.573034,11.196690,16.666667,19.382022,2.715356,9.139785,5.617978,-3.521807,6.451613,4.494382,-1.957231,2.150538,1.123596,-1.026942,68.852459,64.620939,-4.231520,549,554
01054018,true,9.909910,16.521739,6.611829,31.531532,43.478261,11.946729,11.711712,9.565217,-2.146494,9.009009,1.739130,-7.269879,1.801802,1.739130,-0.062671,7.207207,1.739130,-5.468077,66.091954,66.666667,0.574713,174,174
01054019,true,29.000000,16.733871,-12.266129,31.190476,40.927419,9.736943,12.238095,14.112903,1.874808,8.761905,4.368280,-4.393625,4.380952,4.166667,-0.214286,2.380952,1.948925,-0.432028,49.709099,34.357923,-15.351176,4297,4392
01054020,true,26.577778,15.083799,-11.493979,35.733333,48.603352,12.870019,16.088889,13.407821,-2.681068,8.622222,5.810056,-2.812166,2.311111,3.351955,1.040844,2.044444,0.223464,-1.820981,59.528796,47.830688,-11.698108,1910,1890
01054022,true,25.451264,16.257089,-9.194175,34.296029,41.020794,6.724765,15.523466,15.122873,-0.400592,9.025271,4.536862,-4.488409,5.054152,7.939509,2.885357,2.346570,1.701323,-0.645247,72.857143,68.582375,-4.274767,770,783
01054023,true,23.178808,12.267658,-10.911150,31.788079,44.981413,13.193333,10.596026,11.524164,0.928137,13.245033,4.832714,-8.412319,6.953642,3.717472,-3.236170,2.317881,0.743494,-1.574386,58.157390,51.214953,-6.942436,521,535
01054024,true,21.717990,11.753731,-9.964259,37.115073,50.373134,13.258061,16.207455,13.619403,-2.588052,9.724473,6.529851,-3.194623,2.917342,1.865672,-1.051670,2.593193,1.119403,-1.473790,60.564752,51.240458,-9.324294,1027,1048
01054025,true,10.714286,3.921569,-6.792717,64.285714,64.705882,0.420168,12.500000,7.843137,-4.656863,7.142857,3.921569,-3.221289,1.785714,5.882353,4.096639,0.000000,1.960784,1.960784,83.582090,77.272727,-6.309362,67,66
01054026,true,14.814815,6.250000,-8.564815,62.962963,65.625000,2.662037,3.703704,12.500000,8.796296,11.111111,0.000000,-11.111111,0.000000,6.250000,6.250000,0.000000,3.125000,3.125000,73.684211,64.000000,-9.684211,38,50
01054027,true,17.460317,7.692308,-9.768010,28.571429,46.153846,17.582418,23.809524,13.461538,-10.347985,14.285714,9.615385,-4.670330,3.174603,3.846154,0.671551,1.587302,3.846154,2.258852,74.418605,62.650602,-11.768002,86,83
01054032,true,18.181818,12.500000,-5.681818,32.727273,35.714286,2.987013,10.909091,17.857143,6.948052,16.363636,8.928571,-7.435065,5.454545,3.571429,-1.883117,3.636364,1.785714,-1.850649,67.073171,72.727273,5.654102,82,77
01054033,true,28.321678,17.997465,-10.324213,28.234266,38.656527,10.422262,7.954545,12.040558,4.086012,10.052448,5.323194,-4.729254,4.283217,4.435995,0.152778,3.671329,1.140684,-2.530644,57.270030,38.651794,-18.618235,2022,2062
01054034,true,23.148148,9.259259,-13.888889,42.592593,61.111111,18.518519,15.740741,16.666667,0.925926,10.185185,2.777778,-7.407407,0.000000,1.851852,1.851852,2.777778,0.000000,-2.777778,75.694444,79.562044,3.867599,144,137
01054035,true,14.438503,7.978723,-6.459779,36.363636,42.553191,6.189555,13.368984,19.148936,5.779952,14.973262,9.574468,-5.398794,6.417112,2.127660,-4.289453,1.069519,1.063830,-0.005689,64.930556,63.851351,-1.079204,288,296
01054036,true,26.397059,13.382900,-13.014159,34.117647,46.220570,12.102923,9.705882,13.630731,3.924849,11.470588,6.939281,-4.531307,3.970588,2.354399,-1.616189,3.308824,1.363073,-1.945750,64.275734,36.388140,-27.887593,2147,2226
01054037,true,20.105820,17.241379,-2.864441,42.857143,43.678161,0.821018,7.936508,8.620690,0.684182,11.111111,4.022989,-7.088123,3.703704,6.896552,3.192848,1.058201,0.574713,-0.483488,67.741935,60.068259,-7.673676,279,293
01054038,true,14.485981,13.265306,-1.220675,43.457944,45.408163,1.950219,11.214953,12.244898,1.029945,10.747664,9.183673,-1.563990,8.411215,4.081633,-4.329582,1.869159,1.020408,-0.848751,65.269461,56.321839,-8.947622,334,348
01054040,true,40.000000,25.000000,-15.000000,13.333333,25.000000,11.666667,6.666667,25.000000,18.333333,33.333333,12.500000,-20.833333,0.000000,6.250000,6.250000,0.000000,0.000000,0.000000,93.750000,90.000000,-3.750000,16,20
01054041,true,25.316456,13.397129,-11.919327,44.092827,53.349282,9.256455,10.337553,10.765550,0.427997,7.805907,6.937799,-0.868108,1.265823,0.956938,-0.308885,2.953586,0.956938,-1.996649,63.978495,54.973822,-9.004673,744,764
01054042,true,30.236220,17.826087,-12.410134,34.173228,45.000000,10.826772,11.417323,11.304348,-0.112975,7.559055,3.478261,-4.080794,3.228346,3.695652,0.467306,2.440945,0.869565,-1.571380,61.619048,42.553191,-19.065856,2100,1081
01054043,true,11.920530,2.631579,-9.288951,40.397351,56.140351,15.743000,14.569536,17.543860,2.974323,15.894040,6.140351,-9.753689,0.662252,2.631579,1.969327,4.635762,2.631579,-2.004183,65.236052,51.818182,-13.417870,233,220
01054045,true,11.946903,8.695652,-3.251250,51.769912,50.000000,-1.769912,11.504425,11.413043,-0.091381,4.867257,3.260870,-1.606387,5.309735,3.804348,-1.505387,2.212389,1.630435,-0.581955,63.661202,51.104972,-12.556230,366,362
01054046,true,24.213836,11.790393,-12.423443,32.389937,45.414847,13.024910,8.490566,14.410480,5.919914,13.522013,5.676856,-7.845157,5.660377,3.493450,-2.166928,1.572327,1.746725,0.174398,45.506419,33.189033,-12.317386,701,693
01054048,true,12.962963,6.250000,-6.712963,61.111111,54.166667,-6.944444,9.259259,8.333333,-0.925926,9.259259,6.250000,-3.009259,1.851852,8.333333,6.481481,0.000000,2.083333,2.083333,78.260870,66.216216,-12.044653,69,74
01054050,true,29.729730,14.285714,-15.444015,41.891892,36.507937,-5.383955,10.810811,20.634921,9.824110,5.405405,0.000000,-5.405405,0.000000,0.000000,0.000000,6.756757,4.761905,-1.994852,84.269663,76.829268,-7.440395,89,82
01054052,true,28.606965,10.077519,-18.529446,42.288557,53.746770,11.458213,9.701493,12.144703,2.443210,6.218905,5.167959,-1.050947,4.228856,4.134367,-0.094489,1.243781,1.550388,0.306607,63.622047,58.672700,-4.949347,635,663
01054054,true,26.666667,11.250000,-15.416667,34.444444,48.750000,14.305556,16.666667,20.000000,3.333333,6.666667,3.750000,-2.916667,6.666667,6.250000,-0.416667,2.222222,1.250000,-0.972222,65.217391,51.923077,-13.294314,138,156
01054055,true,25.423729,13.589744,-11.833985,32.445521,41.794872,9.349351,8.958838,12.820513,3.861675,8.232446,4.615385,-3.617061,6.053269,4.615385,-1.437884,2.905569,1.025641,-1.879928,69.192751,62.798092,-6.394659,607,629
01054056,true,27.422018,15.116703,-12.305314,29.437831,40.335522,10.897690,13.441654,18.298687,4.857033,11.460596,5.762217,-5.698379,4.353115,3.464624,-0.888491,4.335737,1.613786,-2.721952,61.986995,58.784036,-3.202959,18762,18767
01054057,true,17.994100,9.966777,-8.027323,49.262537,57.807309,8.544772,7.374631,4.651163,-2.723468,9.734513,8.305648,-1.428865,3.834808,2.657807,-1.177001,2.064897,0.996678,-1.068219,66.023166,56.133829,-9.889337,518,538
01054059,true,23.173804,13.813814,-9.359990,37.531486,49.849850,12.318364,11.838791,11.711712,-0.127079,9.319899,3.003003,-6.316896,3.778338,3.603604,-0.174734,3.274559,0.600601,-2.673959,69.363167,54.397394,-14.965773,581,614
01054061,true,12.432432,8.730159,-3.702274,46.486486,62.698413,16.211926,17.297297,8.730159,-8.567139,11.891892,7.142857,-4.749035,3.243243,1.587302,-1.655942,3.243243,0.793651,-2.449592,45.762712,30.361446,-15.401266,413,415
01054062,true,27.343750,11.864407,-15.479343,28.906250,43.220339,14.314089,13.281250,16.101695,2.820445,15.625000,5.084746,-10.540254,1.562500,3.389831,1.827331,2.343750,0.847458,-1.496292,71.508380,65.745856,-5.762524,179,181
01054063,true,29.824561,9.821429,-20.003133,35.964912,42.857143,6.892231,7.017544,17.857143,10.839599,11.403509,10.714286,-0.689223,2.631579,2.678571,0.046992,2.631579,0.892857,-1.738722,76.315789,77.397260,1.081471,152,146
01054065,true,27.637131,15.610860,-12.026271,31.434599,42.986425,11.551826,11.181435,13.348416,2.166982,10.759494,6.561086,-4.198408,4.430380,5.656109,1.225729,2.953586,1.357466,-1.596120,60.325407,56.172840,-4.152567,799,810
01054068,true,21.083172,9.161793,-11.921379,36.170213,41.910331,5.740119,15.860735,18.908382,3.047647,6.769826,4.873294,-1.896532,4.255319,4.093567,-0.161752,2.707930,1.169591,-1.538340,70.093458,62.846803,-7.246655,749,829
01054070,true,28.662420,11.138614,-17.523807,36.093418,50.495050,14.401631,9.554140,16.584158,7.030018,9.978769,5.198020,-4.780749,1.910828,2.722772,0.811944,0.849257,0.000000,-0.849257,62.222222,53.764861,-8.457361,765,757
01054071,true,2.941176,3.448276,0.507099,70.588235,62.068966,-8.519270,0.000000,0.000000,0.000000,2.941176,17.241379,14.300203,11.764706,3.448276,-8.316430,5.882353,0.000000,-5.882353,75.555556,61.702128,-13.853428,45,47
01054072,true,40.441176,19.047619,-21.393557,30.147059,47.619048,17.471989,8.823529,14.285714,5.462185,9.558824,4.761905,-4.796919,2.941176,0.952381,-1.988796,1.470588,0.952381,-0.518207,76.836158,68.152866,-8.683292,177,157
01054073,true,22.176871,11.065574,-11.111297,38.911565,50.956284,12.044720,8.843537,11.065574,2.222036,8.027211,5.464481,-2.562730,4.489796,4.098361,-0.391435,2.585034,0.956284,-1.628750,67.545455,64.428945,-3.116509,1100,1147
01054074,true,21.348315,14.423077,-6.925238,34.831461,39.423077,4.591616,22.471910,25.961538,3.489628,6.741573,5.769231,-0.972342,2.247191,1.923077,-0.324114,1.123596,1.923077,0.799481,83.333333,80.916031,-2.417303,108,131
01054075,true,23.928343,11.544715,-12.383627,39.027511,47.642276,8.614765,10.812540,13.008130,2.195590,9.085093,5.691057,-3.394036,3.134997,3.658537,0.523540,2.431222,0.813008,-1.618214,60.758040,44.693141,-16.064899,2612,2770
01054076,true,25.047183,13.051643,-11.995539,33.620922,46.040689,12.419766,9.840927,12.644757,2.803830,8.870315,4.976526,-3.893790,5.014829,4.131455,-0.883373,2.615260,1.439750,-1.175511,59.484815,52.488171,-6.996644,6289,6129
01054077,true,3.125000,2.857143,-0.267857,56.250000,62.857143,6.607143,9.375000,22.857143,13.482143,12.500000,2.857143,-9.642857,3.125000,0.000000,-3.125000,6.250000,0.000000,-6.250000,71.111111,79.545455,8.434343,45,44
01054078,true,17.673378,15.273775,-2.399603,42.281879,42.363112,0.081233,10.514541,16.138329,5.623787,9.843400,6.051873,-3.791527,3.355705,3.746398,0.390693,2.013423,0.576369,-1.437054,41.322314,33.524904,-7.797410,1089,1044
01054079,true,19.753086,12.084592,-7.668494,50.370370,58.912387,8.542016,10.370370,14.501511,4.131140,9.629630,3.625378,-6.004252,2.469136,1.812689,-0.656447,1.975309,0.906344,-1.068964,75.046211,57.142857,-17.903354,541,581
01054080,true,25.130890,10.227273,-14.903617,40.314136,44.886364,4.572228,12.565445,15.909091,3.343646,6.282723,4.545455,-1.737268,5.759162,4.545455,-1.213708,1.047120,1.704545,0.657425,73.664122,63.898917,-9.765205,262,277
01054083,true,16.444444,7.236842,-9.207602,47.111111,62.500000,15.388889,12.000000,12.500000,0.500000,6.222222,5.921053,-0.301170,1.777778,1.315789,-0.461988,2.222222,0.657895,-1.564327,63.305322,47.678019,-15.627304,357,323
01054084,true,32.004090,17.418900,-14.585190,33.793456,44.358251,10.564795,10.940695,13.610719,2.670024,11.145194,8.039492,-3.105702,3.680982,4.583921,0.902939,1.226994,0.282087,-0.944906,61.788618,43.360681,-18.427937,3198,3291
01054085,true,24.879227,11.884058,-12.995169,35.990338,47.536232,11.545894,13.285024,24.057971,10.772947,12.318841,4.637681,-7.681159,2.657005,2.318841,-0.338164,3.140097,0.869565,-2.270531,55.126498,43.852978,-11.273520,751,789
01054086,true,22.525597,12.676056,-9.849541,32.423208,44.466801,12.043593,12.457338,12.676056,0.218718,8.532423,5.231388,-3.301035,3.242321,3.822938,0.580617,1.877133,0.603622,-1.273511,64.239130,54.764513,-9.474618,920,913
01054087,true,12.014134,8.620690,-3.393445,50.883392,61.637931,10.754539,12.367491,13.793103,1.425612,12.720848,6.465517,-6.255331,3.533569,0.862069,-2.671500,1.060071,1.293103,0.233033,63.274336,50.323974,-12.950362,452,463
01054088,true,26.323348,15.170789,-11.152559,32.396389,42.897527,10.501137,11.551087,15.712603,4.161516,10.771440,5.159011,-5.612430,3.857201,3.816254,-0.040947,2.954452,1.224971,-1.729482,63.019302,54.595284,-8.424018,7823,7845
01054089,true,22.522523,9.134615,-13.387907,39.189189,48.557692,9.368503,12.162162,20.673077,8.510915,18.018018,9.134615,-8.883403,1.801802,0.480769,-1.321033,1.801802,2.403846,0.602044,50.446429,47.309417,-3.137012,448,446
01054090,true,13.888889,3.333333,-10.555556,27.777778,63.333333,35.555556,5.555556,3.333333,-2.222222,44.444444,10.000000,-34.444444,0.000000,16.666667,16.666667,0.000000,0.000000,0.000000,90.000000,100.000000,10.000000,40,30
01054091,true,30.701754,15.782828,-14.918926,38.421053,51.767677,13.346624,8.771930,10.984848,2.212919,11.140351,6.818182,-4.322169,3.684211,3.661616,-0.022594,1.842105,0.631313,-1.210792,61.501851,41.237113,-20.264737,1891,1940
01054092,true,27.522936,12.716763,-14.806173,37.614679,45.086705,7.472026,12.844037,16.184971,3.340934,7.798165,8.092486,0.294320,3.669725,3.468208,-0.201517,0.458716,0.578035,0.119319,65.178571,51.906158,-13.272413,336,341
01054093,true,17.894737,12.925170,-4.969567,40.000000,48.299320,8.299320,8.947368,11.564626,2.617257,11.052632,6.802721,-4.249910,1.578947,2.040816,0.461869,6.315789,1.360544,-4.955245,68.458781,58.565737,-9.893044,279,251
01054094,true,17.647059,12.871287,-4.775772,47.058824,59.900990,12.842167,9.313725,11.386139,2.072413,10.784314,5.940594,-4.843720,2.450980,1.980198,-0.470782,2.450980,0.990099,-1.460881,57.541899,76.515152,18.973252,358,264
01054095,true,28.918919,17.867435,-11.051484,31.621622,45.244957,13.623335,9.324324,10.086455,0.762131,14.054054,6.916427,-7.137628,2.702703,3.602305,0.899603,2.567568,1.729107,-0.838461,69.237918,65.107577,-4.130341,1076,1069
01054096,true,23.404255,13.793103,-9.611152,43.161094,54.022989,10.861894,5.775076,6.513410,0.738334,13.069909,7.662835,-5.407074,5.471125,2.298851,-3.172274,1.823708,1.149425,-0.674283,57.820738,44.691781,-13.128957,569,584
01054097,true,23.206751,10.500000,-12.706751,39.240506,56.000000,16.759494,13.080169,9.000000,-4.080169,11.392405,6.000000,-5.392405,2.953586,2.000000,-0.953586,0.421941,0.500000,0.078059,68.587896,58.171745,-10.416151,347,361
01054098,true,11.934156,11.210762,-0.723394,51.028807,61.434978,10.406171,6.995885,10.313901,3.318017,11.934156,4.484305,-7.449851,5.761317,1.793722,-3.967595,0.823045,1.345291,0.522246,59.188544,50.566893,-8.621651,419,441
01054099,true,21.118881,12.207358,-8.911523,43.216783,50.000000,6.783217,12.027972,14.882943,2.854971,9.790210,6.856187,-2.934022,3.076923,4.180602,1.103679,3.076923,0.501672,-2.575251,57.494052,45.454545,-12.039507,1261,1320
01054100,true,9.160305,9.448819,0.288514,44.274809,46.456693,2.181884,20.610687,12.598425,-8.012262,9.923664,16.535433,6.611769,6.106870,3.149606,-2.957264,0.763359,1.574803,0.811444,67.512690,67.015707,-0.496984,197,191
01054101,true,24.742268,15.498155,-9.244113,40.206186,50.184502,9.978316,9.621993,11.439114,1.817121,7.560137,6.642066,-0.918071,4.467354,5.166052,0.698698,3.092784,1.476015,-1.616769,59.677419,49.907919,-9.769500,496,543
01054103,true,27.187079,14.795244,-12.391835,41.722746,47.820343,6.097598,12.113055,20.475561,8.362506,8.882907,4.227213,-4.655694,2.288022,1.585205,-0.702817,1.884253,2.509908,0.625655,76.530612,73.481196,-3.049416,980,1037
01054104,true,17.006803,11.764706,-5.242097,25.850340,35.294118,9.443778,17.006803,19.852941,2.846138,20.408163,13.235294,-7.172869,4.761905,3.676471,-1.085434,4.081633,1.470588,-2.611044,77.604167,70.466321,-7.137845,192,193
01054105,true,25.229358,19.905213,-5.324145,44.495413,47.867299,3.371886,8.256881,6.161137,-2.095743,6.880734,4.265403,-2.615331,2.293578,4.265403,1.971825,2.752294,1.421801,-1.330493,61.538462,55.789474,-5.748988,364,380
01054106,true,28.815490,11.312217,-17.503273,35.193622,52.941176,17.747555,10.364465,9.049774,-1.314691,11.161731,5.279035,-5.882697,4.214123,6.485671,2.271548,2.391800,0.754148,-1.637652,59.541470,42.692308,-16.849162,1483,1560
01054108,true,15.028902,6.474820,-8.554082,36.994220,51.798561,14.804341,17.919075,11.510791,-6.408284,20.809249,16.546763,-4.262486,0.578035,0.719424,0.141390,1.156069,1.438849,0.282780,66.159696,52.631579,-13.528117,263,266
01054109,true,27.234831,12.827849,-14.406982,33.441408,46.590367,13.148959,12.366836,11.826419,-0.540418,9.634090,5.627086,-4.007004,2.315887,3.147353,0.831466,1.852710,1.382928,-0.469782,68.818552,64.979944,-3.838608,3191,3241
01054110,true,20.171674,9.606987,-10.564687,30.472103,37.117904,6.645801,16.309013,22.270742,5.961729,12.017167,6.113537,-5.903630,5.150215,2.183406,-2.966808,3.433476,2.183406,-1.250070,65.915493,64.971751,-0.943742,355,354
01054113,true,22.327342,13.515901,-8.811440,36.754967,46.554770,9.799803,10.737938,20.053004,9.315066,17.407758,7.067138,-10.340620,2.980132,3.180212,0.200080,2.696310,0.795053,-1.901257,68.964401,38.232340,-30.732061,3090,2987
01054116,true,28.455285,15.109344,-13.345941,36.260163,45.526839,9.266676,11.056911,12.922465,1.865555,8.455285,5.964215,-2.491070,3.252033,4.970179,1.718146,2.601626,2.186879,-0.414747,55.882353,45.244444,-10.637908,1122,1125
01054118,true,25.595238,12.771084,-12.824154,37.301587,43.132530,5.830943,12.103175,15.662651,3.559476,8.730159,5.301205,-3.428954,3.571429,2.650602,-0.920826,2.976190,1.445783,-1.530407,66.062176,52.518892,-13.543284,772,794
01054119,true,30.534351,13.008130,-17.526221,31.679389,46.747967,15.068578,7.251908,13.008130,5.756222,12.595420,4.471545,-8.123875,5.343511,2.439024,-2.904487,1.526718,0.406504,-1.120213,58.628319,48.616601,-10.011718,452,506
01054120,true,23.498695,10.344828,-13.153867,41.775457,47.586207,5.810750,8.355091,15.517241,7.162150,12.793734,6.896552,-5.897182,4.177546,4.827586,0.650041,1.827676,0.344828,-1.482849,56.932153,42.815249,-14.116904,678,682
01054121,true,24.087591,11.570248,-12.517343,29.197080,53.719008,24.521928,15.328467,13.223140,-2.105327,12.408759,6.611570,-5.797189,5.839416,1.652893,-4.186523,0.729927,0.000000,-0.729927,63.636364,55.760369,-7.875995,220,217
01054123,true,20.689655,7.246377,-13.443278,52.873563,58.695652,5.822089,10.919540,12.318841,1.399300,6.896552,5.797101,-1.099450,1.149425,3.623188,2.473763,3.448276,2.173913,-1.274363,71.255061,59.148936,-12.106125,247,235
01054124,true,20.588235,9.395973,-11.192262,30.147059,48.322148,18.175089,19.117647,18.791946,-0.325701,8.823529,5.369128,-3.454402,2.205882,4.026846,1.820963,2.205882,2.013423,-0.192460,69.346734,72.115385,2.768651,199,208
01054125,true,20.074349,10.093897,-9.980453,36.802974,54.225352,17.422378,11.338290,10.093897,-1.244393,10.594796,3.990610,-6.604185,4.460967,3.521127,-0.939840,4.275093,0.704225,-3.570868,69.348659,58.400000,-10.948659,783,750
01054126,true,24.657534,15.319149,-9.338385,38.943249,50.425532,11.482283,9.784736,11.489362,1.704626,10.176125,6.382979,-3.793147,1.956947,3.191489,1.234542,2.935421,0.000000,-2.935421,69.148936,64.754098,-4.394838,752,732
01054128,true,32.031250,15.443038,-16.588212,27.148438,43.544304,16.395866,14.257812,13.670886,-0.586926,10.937500,6.329114,-4.608386,1.562500,3.291139,1.728639,2.734375,0.759494,-1.974881,63.680982,47.889023,-15.791959,815,829
01054129,true,13.636364,7.216495,-6.419869,50.000000,59.793814,9.793814,8.181818,11.340206,3.158388,10.000000,10.309278,0.309278,1.818182,3.092784,1.274602,2.727273,0.000000,-2.727273,73.333333,62.580645,-10.752688,150,155
01054130,true,23.076923,27.272727,4.195804,38.461538,36.363636,-2.097902,7.692308,9.090909,1.398601,7.692308,0.000000,-7.692308,0.000000,0.000000,0.000000,0.000000,9.090909,9.090909,68.421053,57.894737,-10.526316,19,19
01054131,true,25.652174,13.780919,-11.871255,30.347826,46.554770,16.206944,10.956522,9.893993,-1.062529,9.043478,4.946996,-4.096482,4.695652,3.533569,-1.162083,2.347826,0.795053,-1.552773,62.841823,57.764289,-5.077534,1865,1977
01054132,true,19.587629,6.944444,-12.643184,50.515464,51.388889,0.873425,7.216495,13.888889,6.672394,9.278351,5.555556,-3.722795,1.030928,6.944444,5.913517,1.030928,0.000000,-1.030928,72.388060,60.330579,-12.057481,134,121
01054134,true,22.616822,11.952191,-10.664631,37.383178,49.800797,12.417619,11.775701,14.741036,2.965335,16.074766,9.362550,-6.712217,3.551402,2.988048,-0.563354,1.121495,0.996016,-0.125479,68.176101,66.534914,-1.641186,795,759
01054135,true,20.478723,10.106383,-10.372340,36.436170,47.074468,10.638298,19.680851,22.074468,2.393617,10.372340,6.914894,-3.457447,2.925532,2.393617,-0.531915,2.393617,1.063830,-1.329787,71.563089,69.613260,-1.949829,531,543
01054136,true,16.296296,5.217391,-11.078905,40.740741,51.304348,10.563607,13.333333,19.130435,5.797101,6.666667,3.478261,-3.188406,3.703704,6.086957,2.383253,3.703704,0.000000,-3.703704,69.191919,63.535912,-5.656008,198,181
01054138,true,30.431278,17.828947,-12.602330,24.949617,38.486842,13.537225,10.237807,12.697368,2.459561,9.995969,4.802632,-5.193338,5.038291,6.118421,1.080130,2.418380,1.381579,-1.036801,64.267418,40.115213,-24.152205,3904,3819
01054140,true,27.027027,6.349206,-20.677821,39.189189,63.492063,24.302874,9.459459,6.349206,-3.110253,14.864865,6.349206,-8.515659,2.702703,6.349206,3.646504,1.351351,1.587302,0.235950,74.000000,69.230769,-4.769231,100,91
01054141,true,21.192053,9.756098,-11.435955,33.112583,42.276423,9.163840,6.622517,13.821138,7.198622,17.218543,8.130081,-9.088462,6.622517,8.130081,1.507565,3.973510,3.252033,-0.721477,66.523605,52.083333,-14.440272,233,240
01054142,true,27.477477,15.384615,-12.092862,30.630631,42.564103,11.933472,11.711712,15.897436,4.185724,6.756757,3.076923,-3.679834,3.603604,4.615385,1.011781,0.450450,2.051282,1.600832,72.580645,66.326531,-6.254115,310,294
01054143,true,13.366337,7.096774,-6.269562,52.475248,65.161290,12.686043,9.900990,12.258065,2.357074,12.376238,4.516129,-7.860109,1.980198,1.935484,-0.044714,1.485149,0.000000,-1.485149,61.144578,48.902821,-12.241757,332,319
01054144,true,24.563017,13.304721,-11.258296,41.214351,50.429185,9.214833,11.591536,13.948498,2.356962,10.119595,5.472103,-4.647492,3.035879,3.218884,0.183006,2.667893,0.751073,-1.916820,61.715247,52.077562,-9.637684,1784,1805
01054145,true,16.260163,10.294118,-5.966045,42.276423,57.352941,15.076518,14.634146,13.235294,-1.398852,15.447154,3.676471,-11.770684,1.626016,2.941176,1.315160,2.439024,1.470588,-0.968436,69.780220,74.863388,5.083168,182,183
01054146,true,16.822430,9.411765,-7.410665,32.710280,41.176471,8.466190,28.037383,20.000000,-8.037383,8.411215,4.705882,-3.705333,0.000000,3.529412,3.529412,1.869159,7.058824,5.189665,72.972973,58.620690,-14.352283,148,145
01054148,true,17.931034,11.194030,-6.737005,38.620690,55.223881,16.603191,13.103448,12.686567,-0.416881,13.103448,6.716418,-6.387030,4.827586,2.238806,-2.588780,2.758621,1.492537,-1.266083,76.719577,80.239521,3.519944,189,167
01054149,true,14.377682,10.882353,-3.495329,39.055794,41.764706,2.708912,11.158798,19.117647,7.958849,14.163090,6.470588,-7.692502,5.364807,3.235294,-2.129513,3.004292,1.764706,-1.239586,42.058563,30.026339,-12.032224,1127,1139
01054150,true,21.917808,16.129032,-5.788776,43.835616,33.870968,-9.964649,6.849315,16.129032,9.279717,15.068493,16.129032,1.060539,4.109589,6.451613,2.342024,1.369863,1.612903,0.243040,79.569892,70.454545,-9.115347,93,88
01054152,true,22.886598,10.687023,-12.199575,41.237113,54.707379,13.470266,10.927835,10.432570,-0.495265,13.195876,7.633588,-5.562289,1.443299,2.798982,1.355683,3.298969,1.272265,-2.026704,59.489051,47.268409,-12.220643,822,842
01054154,true,13.402062,7.738095,-5.663967,45.876289,55.952381,10.076092,13.402062,8.928571,-4.473490,4.639175,1.785714,-2.853461,3.092784,1.785714,-1.307069,3.092784,1.190476,-1.902307,67.118644,59.233449,-7.885195,295,287
01054156,true,19.770774,11.551155,-8.219619,33.810888,46.864686,13.053798,10.315186,7.260726,-3.054460,11.747851,8.250825,-3.497026,9.169054,11.551155,2.382101,3.438395,1.320132,-2.118263,58.569052,50.668896,-7.900155,601,598
01054157,true,40.000000,12.195122,-27.804878,21.818182,39.024390,17.206208,10.909091,9.756098,-1.152993,5.454545,4.878049,-0.576497,7.272727,12.195122,4.922395,1.818182,0.000000,-1.818182,61.111111,45.555556,-15.555556,90,90
01054158,true,4.347826,0.000000,-4.347826,60.869565,41.176471,-19.693095,4.347826,5.882353,1.534527,13.043478,47.058824,34.015345,4.347826,5.882353,1.534527,0.000000,0.000000,0.000000,52.272727,48.648649,-3.624079,44,37
01054159,true,21.739130,10.645161,-11.093969,49.104859,59.032258,9.927399,8.184143,9.032258,0.848115,9.718670,1.935484,-7.783186,2.301790,5.483871,3.182081,3.069054,1.290323,-1.778731,60.397554,45.994065,-14.403488,654,674
01054160,true,30.711610,16.528926,-14.182685,32.209738,40.082645,7.872907,10.861423,20.661157,9.799734,8.239700,6.611570,-1.628130,2.996255,2.892562,-0.103693,2.996255,0.413223,-2.583032,41.784038,37.442219,-4.341819,639,649
01054161,true,23.382046,16.711590,-6.670456,30.688935,45.552561,14.863625,13.987474,14.285714,0.298240,12.108559,5.929919,-6.178640,3.757829,3.773585,0.015756,5.219207,1.617251,-3.601956,57.396450,43.728019,-13.668431,845,853
01054162,true,30.708661,22.972973,-7.735688,29.527559,34.684685,5.157126,16.535433,18.468468,1.933035,9.055118,7.657658,-1.397460,4.724409,3.153153,-1.571256,3.149606,1.801802,-1.347804,68.364611,56.852792,-11.511819,373,394
01054163,true,22.027972,12.857143,-9.170829,33.216783,47.619048,14.402264,14.685315,20.000000,5.314685,13.636364,3.809524,-9.826840,2.097902,0.952381,-1.145521,0.699301,0.952381,0.253080,55.576923,44.421053,-11.155870,520,475
01054164,true,23.601399,13.098039,-10.503359,31.701632,43.294118,11.592486,17.074592,21.882353,4.807761,10.606061,5.254902,-5.351159,3.379953,2.745098,-0.634855,3.321678,1.019608,-2.302070,50.582072,36.330430,-14.251642,3436,3559
01054165,true,18.258427,12.166172,-6.092255,28.089888,35.311573,7.221685,24.157303,24.629080,0.471777,13.764045,7.418398,-6.345647,2.247191,2.373887,0.126696,3.370787,1.483680,-1.887107,72.857143,70.103093,-2.754050,490,485
01054166,true,25.531915,9.425287,-16.106628,27.852998,45.977011,18.124013,13.152805,17.471264,4.318460,10.638298,4.827586,-5.810712,4.255319,4.827586,0.572267,1.934236,1.609195,-0.325041,68.000000,59.809264,-8.190736,775,734
01054167,true,16.317365,11.624204,-4.693161,41.467066,43.789809,2.322743,10.479042,11.305732,0.826691,8.682635,5.254777,-3.427858,6.137725,5.732484,-0.405240,3.892216,1.433121,-2.459095,73.333333,66.314678,-7.018655,915,947
01054168,true,21.030682,13.451412,-7.579270,37.354781,44.710388,7.355607,10.425976,16.132121,5.706145,13.300566,7.898516,-5.402050,4.125707,3.135472,-0.990236,1.787310,1.029201,-0.758110,58.064240,36.749519,-21.314721,11675,11426
01055001,true,28.234160,17.534381,-10.699779,35.099976,49.607073,14.507097,9.539870,10.805501,1.265631,12.454830,6.434185,-6.020645,6.215370,5.820236,-0.395134,2.794507,1.252456,-1.542052,63.050338,60.435679,-2.614660,6655,6794
01055002,true,30.693069,17.831325,-12.861744,42.574257,51.807229,9.232971,8.118812,11.807229,3.688417,8.910891,5.783133,-3.127759,2.772277,4.096386,1.324108,2.178218,1.445783,-0.732435,55.459459,44.126984,-11.332475,925,945
01055004,true,28.827273,17.434256,-11.393016,34.581818,46.166690,11.584872,11.781818,17.921247,6.139429,12.018182,6.316961,-5.701221,6.163636,4.855990,-1.307646,2.954545,1.015723,-1.938823,64.760793,42.819399,-21.941395,17140,17032
01055006,true,31.782946,13.364055,-18.418890,31.782946,43.317972,11.535027,16.279070,25.345622,9.066552,8.139535,3.225806,-4.913728,4.651163,5.529954,0.878791,1.937984,1.382488,-0.555496,61.124122,49.886621,-11.237500,427,441
01055010,true,26.916221,15.144231,-11.771990,37.789661,54.326923,16.537262,6.595365,11.778846,5.183481,14.081996,5.528846,-8.553150,7.843137,6.250000,-1.593137,2.139037,1.923077,-0.215961,51.366120,40.802348,-10.563772,1098,1022
01055011,true,35.483871,22.962963,-12.520908,29.325513,41.481481,12.155968,10.850440,15.925926,5.075486,8.504399,5.555556,-2.948843,4.985337,5.185185,0.199848,4.398827,1.481481,-2.917345,65.464896,50.370370,-15.094525,527,540
01055012,true,28.091118,15.244596,-12.846522,33.577921,49.336367,15.758446,13.525353,18.278347,4.752993,11.773081,5.252181,-6.520900,4.895411,3.697383,-1.198028,3.329318,1.422071,-1.907247,64.957806,37.154205,-27.803601,14220,14351
01055014,true,34.879032,22.538860,-12.340172,26.209677,41.968912,15.759234,12.903226,14.766839,1.863614,10.483871,7.253886,-3.229985,4.233871,4.145078,-0.088793,4.838710,2.331606,-2.507103,54.574812,42.190889,-12.383922,929,922
01055015,true,25.558659,13.701068,-11.857592,45.670391,57.117438,11.447047,6.843575,8.718861,1.875286,7.821229,4.982206,-2.839023,6.564246,8.362989,1.798744,2.234637,0.711744,-1.522893,59.850993,45.557351,-14.293643,1208,1238
01055016,true,24.961871,14.105671,-10.856200,41.433655,54.677654,13.243999,6.710727,11.585070,4.874343,15.251652,6.543868,-8.707784,7.015760,6.834707,-0.181053,1.728521,0.872516,-0.856005,46.409482,35.283147,-11.126335,4303,5898
01055017,true,28.542094,17.489987,-11.052108,36.755647,49.666222,12.910575,10.574949,12.683578,2.108629,10.266940,5.607477,-4.659464,5.852156,5.607477,-0.244679,4.312115,2.002670,-2.309445,51.455301,38.645621,-12.809680,1924,1964
01055018,true,22.626263,15.468410,-7.157853,44.646465,57.080610,12.434145,9.898990,10.893246,0.994256,8.282828,3.267974,-5.014854,6.666667,8.278867,1.612200,3.434343,0.871460,-2.562884,59.298246,53.440367,-5.857879,855,872
01055020,true,28.482972,17.441860,-11.041112,35.603715,49.612403,14.008688,7.739938,9.302326,1.562388,9.597523,4.651163,-4.946360,5.572755,3.875969,-1.696786,3.715170,2.325581,-1.389589,59.306569,47.810219,-11.496350,548,548
01055021,true,37.556561,18.546245,-19.010316,28.461538,50.374306,21.912767,8.981900,13.692345,4.710444,12.104072,4.974644,-7.129429,6.493213,4.902198,-1.591015,2.828054,1.255735,-1.572319,55.767790,51.556107,-4.211684,8010,8065
01055022,true,34.386617,17.730496,-16.656121,35.687732,50.591017,14.903284,13.940520,16.548463,2.607943,6.133829,4.728132,-1.405697,5.390335,3.309693,-2.080642,1.858736,2.364066,0.505330,57.700422,45.925926,-11.774496,948,945
01055023,true,29.824561,25.324675,-4.499886,45.175439,48.051948,2.876509,10.526316,12.337662,1.811347,5.263158,5.844156,0.580998,4.385965,5.194805,0.808840,2.192982,1.298701,-0.894281,63.788301,43.016760,-20.771541,359,358
01055024,true,29.451138,16.925734,-12.525404,34.404284,48.704663,14.300379,12.985274,13.989637,1.004363,10.709505,6.390328,-4.319177,5.622490,5.699482,0.076992,3.480589,2.245250,-1.235339,63.993174,47.740345,-16.252829,1172,1217
01055025,true,30.625000,13.624679,-17.000321,35.208333,56.298201,21.089867,7.916667,16.195373,8.278706,13.333333,4.370180,-8.963153,5.625000,3.598972,-2.026028,2.708333,0.514139,-2.194195,52.262931,39.595960,-12.666971,928,990
01055027,true,32.210835,17.827997,-14.382837,34.114202,49.654739,15.540537,10.151293,12.303829,2.152536,10.102489,5.524168,-4.578321,4.734017,5.273070,0.539053,4.197169,2.008788,-2.188381,50.859951,38.474414,-12.385537,4070,4182
01055028,true,27.489956,13.357336,-14.132620,33.072531,52.313231,19.240700,12.137873,14.095410,1.957537,13.195179,6.642664,-6.552514,6.195813,5.220522,-0.975291,2.643265,0.918092,-1.725173,52.553941,61.572292,9.018351,9084,9095
01055029,true,28.140704,19.018405,-9.122299,39.698492,44.785276,5.086784,12.060302,9.815951,-2.244351,7.537688,5.521472,-2.016216,3.517588,9.815951,6.298363,4.522613,2.453988,-2.068625,64.308682,51.419558,-12.889123,311,317
01055031,true,30.799220,19.306931,-11.492290,38.401559,47.277228,8.875668,10.136452,13.861386,3.724934,6.432749,3.960396,-2.472352,7.212476,6.188119,-1.024357,2.144250,1.732673,-0.411576,50.788955,40.099010,-10.689945,1014,1010
01055032,true,29.118329,17.280111,-11.838219,31.283836,46.258856,14.975020,12.838360,17.280111,4.441750,12.296984,5.391395,-6.905589,6.593194,4.682910,-1.910284,3.441609,1.848972,-1.592637,66.336759,44.620326,-21.716434,7881,13077
01055033,true,31.928319,21.458333,-10.469986,33.240787,44.553571,11.312784,10.095911,14.136905,4.040994,11.029783,5.476190,-5.553592,6.108026,6.071429,-0.036598,2.978294,1.488095,-1.490199,63.023622,42.084416,-20.939206,6350,8079
01055035,true,29.800768,17.425743,-12.375026,31.721075,46.897690,15.176614,11.521843,15.165017,3.643173,11.797888,6.072607,-5.725280,6.793087,5.940594,-0.852493,3.024484,1.089109,-1.935375,65.820114,49.086519,-16.733595,12797,12425
01055036,true,26.272912,16.666667,-9.606246,37.678208,46.268657,8.590449,8.553971,12.686567,4.132596,10.386965,6.965174,-3.421791,4.073320,5.970149,1.896829,3.054990,0.746269,-2.308721,60.194175,48.387097,-11.807078,824,837
01055037,true,29.733728,18.878249,-10.855479,33.579882,46.785226,13.205344,12.869822,12.585499,-0.284323,10.502959,6.292750,-4.210209,5.473373,7.113543,1.640170,2.366864,1.367989,-0.998875,50.294551,42.636103,-7.658448,1358,1745
01055038,true,26.045627,16.143498,-9.902130,40.019011,51.457399,11.438388,8.269962,9.192825,0.922863,11.977186,6.726457,-5.250729,5.038023,8.071749,3.033726,3.612167,1.569507,-2.042661,50.282752,42.561205,-7.721547,2122,2124
01055039,true,29.400000,17.878193,-11.521807,36.200000,49.901768,13.701768,10.000000,16.110020,6.110020,15.000000,3.732809,-11.267191,4.200000,3.732809,-0.467191,2.600000,0.785855,-1.814145,46.883721,38.358209,-8.525512,1075,1340
01055040,true,25.139798,16.298343,-8.841455,36.692445,47.790055,11.097610,11.992861,16.850829,4.857967,12.421178,6.583794,-5.837384,6.234384,4.803560,-1.430824,2.712671,0.782689,-1.929982,69.394113,46.902844,-22.491269,12197,14029
01055041,true,31.979510,18.208374,-13.771136,31.869740,47.370983,15.501243,12.147823,14.605648,2.457825,10.611050,5.696203,-4.914848,5.012806,6.085686,1.072880,2.744237,0.925024,-1.819213,68.767123,48.397661,-20.369462,4015,4275
01055042,true,21.188699,12.708018,-8.480681,37.473348,54.704992,17.231645,11.247335,14.190620,2.943286,18.150320,8.199697,-9.950622,6.343284,4.599092,-1.744191,2.265458,0.786687,-1.478772,52.728285,71.904041,19.175756,7184,4627
01055043,true,31.187123,19.466976,-11.720147,32.897384,42.989571,10.092187,11.368209,13.209733,1.841524,8.752515,6.373117,-2.379398,7.645875,6.604867,-1.041009,2.917505,1.042874,-1.874631,56.390135,47.208672,-9.181462,1784,1845
01055044,true,24.483357,15.748373,-8.734984,35.037072,48.004338,12.967266,11.232056,15.509761,4.277706,15.948888,8.069414,-7.879474,6.515223,5.336226,-1.178998,2.303202,0.694143,-1.609059,66.393102,46.228201,-20.164901,9626,10035
01055046,true,33.623667,19.178525,-14.445142,31.911698,48.965071,17.053373,10.542123,14.100906,3.558782,10.406968,5.304010,-5.102958,6.232167,4.349935,-1.882232,3.258748,1.309832,-1.948916,62.884007,56.874319,-6.009688,10742,11012
01056001,true,27.331487,14.677804,-12.653682,37.626962,46.957041,9.330078,9.879963,17.004773,7.124810,12.603878,7.517900,-5.085978,5.216990,5.608592,0.391602,2.400739,1.431981,-0.968758,55.708812,43.289710,-12.419102,3915,3897
01056002,true,29.604475,17.135499,-12.468975,32.081502,45.978605,13.897103,12.025569,17.313788,5.288218,10.807032,5.289223,-5.517808,5.673192,4.635499,-1.037693,3.555733,1.386688,-2.169045,63.048383,62.620281,-0.428102,7978,8106
01056003,true,19.895288,7.027027,-12.868261,48.691099,58.108108,9.417009,12.041885,12.162162,0.120277,10.209424,8.378378,-1.831046,2.094241,4.594595,2.500354,2.879581,1.081081,-1.798500,75.245580,74.348697,-0.896882,509,499
01056004,true,18.201285,14.018692,-4.182593,57.601713,56.074766,-1.526947,5.353319,7.476636,2.123316,3.854390,3.504673,-0.349717,9.207709,7.009346,-2.198363,2.141328,0.934579,-1.206748,73.684211,67.812500,-5.871711,646,640
01056005,true,28.181418,15.483017,-12.698401,33.421400,47.507719,14.086319,11.096433,19.011910,7.915477,14.971378,5.910895,-9.060483,5.636284,4.278783,-1.357501,2.774108,1.455668,-1.318440,66.049740,64.917285,-1.132455,3458,3506
01056006,true,20.107239,10.893855,-9.213384,38.873995,43.016760,4.142765,15.013405,23.184358,8.170953,11.528150,7.262570,-4.265580,4.289544,5.027933,0.738389,2.412869,0.000000,-2.412869,73.529412,69.632495,-3.896917,510,517
01056008,true,21.673004,12.188729,-9.484275,35.994930,48.754915,12.759985,11.533587,14.678899,3.145312,12.674271,9.829620,-2.844651,6.970849,3.931848,-3.039001,4.942966,1.441678,-3.501288,79.420579,71.601490,-7.819090,1001,1074
01056009,true,28.610919,15.778894,-12.832025,35.107118,48.341709,13.234590,12.024879,18.190955,6.166076,12.232205,6.030151,-6.202054,5.114029,4.924623,-0.189406,2.349689,0.804020,-1.545669,75.245478,50.452261,-24.793217,1935,1990
01056010,true,27.171492,11.343612,-15.827880,38.307350,51.541850,13.234501,10.579065,12.114537,1.535473,8.797327,6.167401,-2.629927,5.011136,6.387665,1.376529,3.563474,1.541850,-2.021624,68.873668,66.862601,-2.011067,1314,1361
01056011,true,23.829787,14.937759,-8.892028,37.872340,46.887967,9.015626,11.914894,9.543568,-2.371325,13.191489,7.883817,-5.307672,3.404255,7.468880,4.064624,4.255319,4.149378,-0.105942,80.756014,76.025237,-4.730777,291,317
01056013,true,23.986486,14.407335,-9.579152,34.248311,45.514080,11.265769,10.853041,21.152587,10.299546,19.383446,9.561231,-9.822215,5.827703,3.732809,-2.094893,2.111486,0.392927,-1.718559,71.299910,46.318648,-24.981262,3331,3314
01056014,true,21.342926,11.411765,-9.931161,43.764988,56.117647,12.352659,10.311751,13.529412,3.217661,10.671463,5.411765,-5.259698,5.755396,4.941176,-0.814219,2.398082,0.470588,-1.927493,70.484950,71.098266,0.613316,1196,1211
01056015,true,32.585455,18.671043,-13.914413,27.263134,40.779044,13.515910,12.989218,19.005450,6.016232,10.291351,5.864503,-4.426848,6.763019,5.016101,-1.746918,4.776325,2.347040,-2.429285,57.968837,43.578942,-14.389895,37929,37268
01056016,true,32.844575,14.332248,-18.512327,33.137830,43.322476,10.184646,8.504399,15.309446,6.805047,9.970674,7.491857,-2.478818,4.398827,6.188925,1.790098,2.932551,1.628664,-1.303887,54.704944,48.432602,-6.272342,627,638
01056017,true,17.460317,9.259259,-8.201058,42.857143,46.296296,3.439153,11.111111,12.500000,1.388889,14.285714,6.018519,-8.267196,6.878307,12.500000,5.621693,3.174603,1.388889,-1.785714,58.682635,59.945504,1.262869,334,367
01056018,true,29.141516,17.033933,-12.107583,29.789850,40.921995,11.132145,13.335569,23.793430,10.457861,13.570311,6.083547,-7.486763,6.360385,4.069217,-2.291167,3.342276,1.460051,-1.882225,65.348262,55.785993,-9.562269,13754,13308
01056019,true,21.936759,12.860892,-9.075867,47.035573,54.068241,7.032668,10.276680,14.960630,4.683950,8.893281,5.774278,-3.119002,6.324111,5.249344,-1.074767,1.778656,1.574803,-0.203853,57.770270,42.320442,-15.449828,888,905
01056020,true,23.905325,12.143928,-11.761397,43.550296,53.223388,9.673092,9.704142,14.092954,4.388812,10.177515,5.397301,-4.780213,5.088757,5.097451,0.008694,2.248521,0.749625,-1.498896,58.214042,46.028513,-12.185529,1467,1473
01056021,true,32.131823,17.598769,-14.533054,32.749743,45.202668,12.452926,9.011329,19.343253,10.331924,12.976313,7.029246,-5.947067,6.127703,3.745511,-2.382193,2.317199,0.872242,-1.444957,67.471542,66.115981,-1.355561,2899,2966
01056022,true,21.939954,8.735632,-13.204322,50.346420,61.609195,11.262775,5.542725,9.195402,3.652677,8.775982,6.896552,-1.879430,6.004619,4.137931,-1.866688,0.923788,0.689655,-0.234132,72.470978,68.445840,-4.025139,603,637
01056023,true,32.567050,17.433888,-15.133161,35.632184,46.033301,10.401117,11.954023,16.944172,4.990149,10.191571,8.423115,-1.768456,3.984674,3.917728,-0.066947,1.992337,1.469148,-0.523189,62.096774,47.142857,-14.953917,2108,2170
01056024,true,29.017517,16.166505,-12.851012,37.090632,48.305905,11.215273,10.434120,16.747338,6.313218,10.129474,6.001936,-4.127538,4.341203,4.065828,-0.275376,2.513328,0.871249,-1.642079,56.223539,44.359302,-11.864238,2362,2349
01056025,true,37.315436,16.616314,-20.699122,29.395973,43.504532,14.108559,7.919463,15.709970,7.790507,9.932886,5.438066,-4.494819,1.879195,2.114804,0.235609,2.953020,1.510574,-1.442446,65.907099,59.589652,-6.317447,1141,1121
01056026,true,27.227227,16.349047,-10.878180,39.539540,50.551655,11.012115,9.409409,13.640923,4.231513,10.610611,5.215647,-5.394964,5.605606,4.413240,-1.192366,1.901902,1.003009,-0.898893,73.884418,72.503618,-1.380800,1367,1382
01056027,true,30.208333,19.458545,-10.749788,39.583333,46.023689,6.440355,12.202381,19.120135,6.917754,8.333333,6.091371,-2.241963,3.869048,4.906937,1.037890,2.380952,1.184433,-1.196519,59.982332,50.854701,-9.127631,1132,1170
01056028,true,26.416337,13.899324,-12.517013,41.765481,49.361382,7.595902,10.408432,18.782870,8.374438,11.198946,5.634861,-5.564085,4.743083,4.958678,0.215595,2.305665,0.450789,-1.854876,59.610895,50.338346,-9.272549,2570,2660
01056029,true,27.298524,16.026588,-11.271937,35.584563,46.750369,11.165806,13.166856,19.202363,6.035508,12.542565,6.129985,-6.412580,4.256527,3.766617,-0.489909,2.213394,1.403250,-0.810144,65.713224,48.938467,-16.774757,2692,2779
01056030,true,27.964960,13.535685,-14.429275,37.938005,50.123052,12.185046,9.164420,14.273995,5.109575,10.983827,7.136998,-3.846830,5.188679,4.593929,-0.594750,2.897574,0.902379,-1.995195,61.528977,48.746518,-12.782458,2433,2513
01056031,true,32.709114,17.096536,-15.612577,32.833958,46.868091,14.034134,12.421973,18.865144,6.443171,9.862672,5.600590,-4.262082,4.369538,3.095063,-1.274475,3.121099,1.326455,-1.794643,63.819692,51.107773,-12.711918,2529,2663
01056032,true,29.435163,15.764706,-13.670457,35.322196,46.470588,11.148393,9.387430,18.941176,9.553746,11.614956,4.705882,-6.909074,7.478123,5.529412,-1.948711,2.625298,0.705882,-1.919416,73.748545,48.027057,-25.721487,1718,1774
01056033,true,26.909091,15.319149,-11.589942,41.090909,47.446809,6.355899,8.909091,17.234043,8.324952,11.818182,7.234043,-4.584139,3.454545,3.191489,-0.263056,3.818182,0.212766,-3.605416,68.525403,57.194680,-11.330723,807,827
01056034,true,21.428571,13.496933,-7.931639,48.511905,52.453988,3.942083,8.928571,9.509202,0.580631,7.738095,4.907975,-2.830120,4.166667,7.361963,3.195297,2.083333,0.920245,-1.163088,72.340426,69.491525,-2.848900,470,472
01056035,true,23.395445,11.324786,-12.070659,39.337474,48.931624,9.594150,12.836439,15.384615,2.548176,10.351967,8.119658,-2.232309,5.175983,5.769231,0.593247,1.863354,0.427350,-1.436004,74.807988,70.977444,-3.830544,651,665
01056036,true,27.024291,16.091245,-10.933046,36.184211,48.951911,12.767701,11.184211,15.659679,4.475469,9.665992,5.178792,-4.487200,6.224696,5.610358,-0.614339,3.593117,1.233046,-2.360072,55.964075,44.575020,-11.389055,3563,3659
01056037,true,26.470588,15.289256,-11.181332,43.014706,54.132231,11.117526,11.764706,14.049587,2.284881,11.397059,4.958678,-6.438381,2.573529,3.719008,1.145479,1.838235,0.413223,-1.425012,63.133641,57.894737,-5.238904,434,418
01056038,true,21.363636,12.796209,-8.567428,40.000000,51.658768,11.658768,10.909091,15.639810,4.730720,13.181818,6.161137,-7.020681,9.545455,8.056872,-1.488583,0.909091,0.473934,-0.435157,69.062500,65.432099,-3.630401,320,324
01056039,true,30.948736,18.477585,-12.471150,28.894990,40.250052,11.355062,13.790191,21.482351,7.692161,10.823082,5.567452,-5.255630,7.201309,4.987221,-2.214088,3.590096,1.885750,-1.704346,59.403998,46.955515,-12.448483,32114,31089
01056040,true,27.739464,13.631022,-14.108441,34.252874,45.240893,10.988020,13.563218,22.914219,9.351000,11.111111,5.287897,-5.823215,5.977011,3.290247,-2.686765,2.835249,0.822562,-2.012687,71.127901,47.926009,-23.201892,1853,1784
01056041,true,26.946338,15.595317,-11.351021,32.850149,46.233709,13.383560,9.887684,15.352330,5.464647,15.829893,11.497681,-4.332213,6.738984,4.185995,-2.552989,3.100701,1.115529,-1.985172,62.710141,52.957894,-9.752247,16715,17242
01056042,true,26.206897,14.814815,-11.392082,38.275862,44.032922,5.757060,14.827586,18.518519,3.690932,9.310345,11.522634,2.212289,6.896552,3.703704,-3.192848,2.068966,1.646091,-0.422875,63.362069,56.221198,-7.140871,464,434
01056043,true,26.967458,14.708972,-12.258485,36.496824,48.497584,12.000760,10.968495,19.226728,8.258234,13.522624,7.186384,-6.336240,5.834306,4.097499,-1.736806,2.191106,1.176718,-1.014388,66.692453,41.493416,-25.199037,11634,11544
01056044,true,33.167005,20.239608,-12.927397,27.506627,39.734979,12.228352,11.429908,19.567980,8.138072,12.474661,6.897804,-5.576857,6.939030,5.772372,-1.166658,3.898332,1.797059,-2.101272,59.217415,37.355160,-21.862255,10887,14844
01056045,true,39.148073,21.654501,-17.493572,27.991886,42.822384,14.830498,12.170385,18.004866,5.834481,8.519270,4.379562,-4.139708,4.868154,5.352798,0.484644,3.651116,1.216545,-2.434571,65.954606,55.720054,-10.234552,749,743
01056046,true,27.601810,12.661499,-14.940311,36.877828,50.645995,13.768167,10.859729,16.537468,5.677739,11.990950,3.617571,-8.373379,6.787330,9.560724,2.773393,1.131222,1.033592,-0.097630,64.774381,53.142077,-11.632305,687,732
01056047,true,23.673126,12.305854,-11.367271,35.888795,45.997611,10.108815,11.710194,19.832736,8.122542,17.438922,8.243728,-9.195194,5.728728,4.540024,-1.188704,2.021904,1.672640,-0.349264,69.661610,48.137536,-21.524074,1714,1745
01056048,true,29.800674,16.130895,-13.669779,30.362156,43.869105,13.506949,12.900056,19.865255,6.965199,12.535093,6.429259,-6.105834,6.007861,4.889317,-1.118544,3.425042,1.366699,-2.058343,65.580504,46.986437,-18.594067,10956,11133
01056049,true,32.218479,18.748850,-13.469629,30.654475,45.114995,14.460520,10.996150,16.559338,5.563187,11.465351,5.446182,-6.019169,7.013956,5.979761,-1.034195,2.887392,1.159154,-1.728238,59.195199,40.137046,-19.058153,14165,13718
01056050,true,31.402381,18.075844,-13.326537,26.443440,40.828956,14.385516,13.896492,23.429517,9.533025,12.362340,5.871771,-6.490569,5.563690,3.446787,-2.116903,5.111719,2.165935,-2.945784,61.734118,54.461886,-7.272232,25673,25673
01056051,true,24.832215,12.482468,-12.349746,40.000000,50.911641,10.911641,11.677852,14.305750,2.627898,8.456376,5.890603,-2.565773,4.295302,5.610098,1.314796,3.758389,1.542777,-2.215612,69.685767,66.049954,-3.635813,1082,1081
01057001,true,26.277372,17.079646,-9.197726,31.532847,43.628319,12.095472,12.700730,15.575221,2.874491,14.160584,7.433628,-6.726956,6.496350,4.601770,-1.894580,4.087591,1.150442,-2.937149,55.702281,45.342357,-10.359924,2499,2512
01057002,true,8.333333,5.747126,-2.586207,42.708333,55.172414,12.464080,16.666667,21.839080,5.172414,11.458333,6.896552,-4.561782,8.333333,1.149425,-7.183908,7.291667,2.298851,-4.992816,68.085106,60.839161,-7.245946,141,143
01057003,true,23.123123,16.417910,-6.705213,35.135135,47.388060,12.252925,16.216216,13.432836,-2.783380,9.609610,8.582090,-1.027520,5.705706,3.358209,-2.347497,1.801802,0.373134,-1.428667,69.421488,55.349794,-14.071693,484,486
01057004,true,31.626506,19.444444,-12.182062,39.156627,51.984127,12.827500,10.542169,13.888889,3.346720,10.542169,3.968254,-6.573915,2.710843,3.174603,0.463760,2.409639,1.190476,-1.219162,64.299424,47.947761,-16.351663,521,536
01057005,true,20.540541,8.917197,-11.623343,42.162162,51.592357,9.430195,12.972973,15.923567,2.950594,13.513514,9.554140,-3.959373,8.648649,2.547771,-6.100878,1.081081,1.273885,0.192804,62.207358,48.606811,-13.600547,299,323
01057006,true,31.200000,20.792079,-10.407921,33.600000,38.613861,5.013861,11.200000,19.801980,8.601980,8.000000,6.930693,-1.069307,5.600000,0.990099,-4.609901,3.200000,0.990099,-2.209901,69.444444,62.345679,-7.098765,180,162
01057007,true,26.354082,14.404145,-11.949937,35.327405,50.984456,15.657051,11.721908,13.471503,1.749595,13.257882,6.994819,-6.263063,5.173808,4.663212,-0.510595,2.950687,1.139896,-1.810791,57.782910,44.315068,-13.467841,4330,4380
01057008,true,22.773838,10.391061,-12.382776,35.697400,51.731844,16.034444,14.893617,17.877095,2.983478,12.529551,5.921788,-6.607763,6.461781,6.033520,-0.428261,2.364066,1.340782,-1.023284,73.742047,53.041937,-20.700110,1729,1693
01057009,true,25.040388,14.227642,-10.812745,38.772213,52.642276,13.870063,12.762520,14.430894,1.668374,12.116317,6.300813,-5.815504,4.361874,3.861789,-0.500085,1.292407,1.016260,-0.276147,55.803571,43.911111,-11.892460,1120,1125
01057010,true,25.939850,19.196429,-6.743421,35.338346,40.178571,4.840226,16.165414,22.321429,6.156015,5.639098,4.910714,-0.728383,5.263158,5.357143,0.093985,5.639098,0.446429,-5.192669,70.418848,54.721550,-15.697299,382,413
01057011,true,19.879518,10.447761,-9.431757,49.397590,56.716418,7.318828,12.650602,12.686567,0.035965,10.240964,8.955224,-1.285740,3.012048,5.970149,2.958101,0.602410,0.000000,-0.602410,74.449339,62.211982,-12.237358,227,217
01057012,true,24.553571,15.846995,-8.706577,30.803571,45.355191,14.551620,19.642857,22.950820,3.307963,5.803571,4.371585,-1.431987,5.357143,4.918033,-0.439110,2.232143,1.092896,-1.139247,69.325153,57.366771,-11.958382,326,319
01057013,true,26.625387,15.671642,-10.953745,36.532508,38.805970,2.273462,21.671827,19.029851,-2.641976,5.572755,6.716418,1.143662,5.572755,5.223881,-0.348875,0.928793,3.358209,2.429416,65.991903,54.527163,-11.464740,494,497
01057015,true,25.979381,12.559242,-13.420140,38.350515,46.682464,8.331949,11.958763,14.928910,2.970147,11.134021,8.293839,-2.840182,5.360825,4.976303,-0.384521,3.917526,1.421801,-2.495725,66.350068,55.266580,-11.083488,737,769
01057016,true,25.611746,15.611814,-9.999931,38.662316,41.983122,3.320806,14.355628,18.565401,4.209773,7.340946,7.172996,-0.167950,6.199021,4.852321,-1.346701,1.794454,1.476793,-0.317660,65.955176,51.508621,-14.446555,937,928
01057017,true,20.634921,9.734513,-10.900407,35.714286,47.787611,12.073325,23.809524,19.469027,-4.340497,14.285714,16.814159,2.528445,1.587302,0.000000,-1.587302,0.000000,0.000000,0.000000,54.935622,52.293578,-2.642044,233,218
01057018,true,15.909091,12.500000,-3.409091,35.227273,36.111111,0.883838,19.318182,31.944444,12.626263,5.681818,6.944444,1.262626,7.954545,0.000000,-7.954545,7.954545,2.777778,-5.176768,76.068376,62.931034,-13.137342,117,116
01057020,true,26.479751,18.959108,-7.520643,32.087227,37.546468,5.459241,15.264798,20.817844,5.553046,9.657321,2.602230,-7.055090,6.542056,4.089219,-2.452837,3.426791,1.115242,-2.311550,70.322581,57.234043,-13.088538,465,470
01057021,true,26.436782,16.458333,-9.978448,40.038314,51.250000,11.211686,12.068966,12.916667,0.847701,9.195402,4.791667,-4.403736,4.214559,3.958333,-0.256226,4.789272,1.250000,-3.539272,59.977195,54.269663,-5.707532,877,890
01057022,true,21.774194,12.627291,-9.146902,35.483871,42.566191,7.082320,14.919355,19.959267,5.039912,13.709677,6.517312,-7.192366,5.040323,5.498982,0.458659,2.419355,2.036660,-0.382695,62.781955,58.591885,-4.190069,798,838
01057023,true,25.773196,13.725490,-12.047706,30.927835,34.313725,3.385890,20.618557,35.294118,14.675561,7.216495,1.960784,-5.255711,4.123711,5.882353,1.758642,4.123711,2.941176,-1.182535,59.756098,57.142857,-2.613240,164,182
01057024,true,19.801980,10.566038,-9.235942,39.273927,53.962264,14.688337,12.871287,12.830189,-0.041098,9.900990,9.433962,-0.467028,9.570957,3.773585,-5.797372,0.990099,0.377358,-0.612741,68.764045,62.884161,-5.879884,445,423
01057025,true,20.099210,13.344739,-6.754471,34.319309,41.431423,7.112114,19.198971,25.092672,5.893701,13.926144,7.784431,-6.141713,6.007716,4.134588,-1.873128,2.921183,1.055033,-1.866150,79.717941,49.501614,-30.216327,6878,7123
01057026,true,30.939227,15.972222,-14.967004,33.149171,50.694444,17.545273,12.154696,13.194444,1.039748,12.154696,9.027778,-3.126918,2.209945,2.777778,0.567833,2.209945,2.083333,-0.126611,69.083969,53.731343,-15.352626,262,268
01057027,true,34.536082,20.625000,-13.911082,35.567010,51.250000,15.682990,11.340206,10.625000,-0.715206,6.185567,6.875000,0.689433,7.216495,6.250000,-0.966495,2.061856,0.000000,-2.061856,55.524079,46.022727,-9.501352,353,352
01057028,true,26.605505,15.306122,-11.299382,38.073394,52.551020,14.477626,13.302752,11.224490,-2.078262,11.467890,7.142857,-4.325033,4.128440,5.102041,0.973600,2.752294,0.510204,-2.242089,68.000000,54.143646,-13.856354,325,362
01057029,true,34.393638,25.515464,-8.878174,30.616302,43.298969,12.682667,13.320080,11.855670,-1.464409,9.343936,5.412371,-3.931565,4.572565,3.865979,-0.706585,2.783300,0.257732,-2.525568,55.351351,43.959732,-11.391620,925,894
01057030,true,23.015873,15.172414,-7.843459,38.359788,43.793103,5.433315,11.375661,19.310345,7.934683,15.343915,9.655172,-5.688743,5.555556,3.448276,-2.107280,3.968254,1.724138,-2.244116,53.685675,41.773963,-11.911712,719,699
01057031,true,19.230769,15.656566,-3.574204,31.153846,34.343434,3.189588,21.153846,21.717172,0.563326,9.230769,2.525253,-6.705517,8.076923,5.555556,-2.521368,3.461538,2.525253,-0.936286,69.230769,54.054054,-15.176715,377,370
01057032,true,22.742475,9.090909,-13.651566,47.491639,53.030303,5.538664,8.695652,14.393939,5.698287,9.364548,7.575758,-1.788791,4.682274,6.439394,1.757120,2.006689,1.136364,-0.870325,62.370062,55.416667,-6.953396,481,480
01057033,true,20.689655,12.295082,-8.394573,34.482759,42.076503,7.593744,18.160920,23.770492,5.609572,11.264368,6.830601,-4.433767,4.827586,2.185792,-2.641794,3.678161,3.825137,0.146976,68.012422,55.722892,-12.289531,644,664
01057034,true,28.000000,12.359551,-15.640449,40.000000,46.067416,6.067416,11.000000,19.101124,8.101124,6.000000,4.494382,-1.505618,6.000000,7.865169,1.865169,1.000000,1.123596,0.123596,63.750000,58.441558,-5.308442,160,154
01057035,true,33.908046,24.067797,-9.840249,35.632184,48.474576,12.842392,10.632184,9.830508,-0.801675,5.459770,3.050847,-2.408923,5.459770,2.033898,-3.425872,3.735632,1.694915,-2.040717,59.698997,52.733686,-6.965311,598,567
01057037,true,12.080537,11.188811,-0.891726,52.348993,48.251748,-4.097245,14.765101,19.580420,4.815319,8.724832,9.090909,0.366077,4.697987,3.496503,-1.201483,2.013423,2.797203,0.783780,69.124424,64.414414,-4.710010,217,222
01057038,true,28.888889,12.195122,-16.693767,33.333333,41.463415,8.130081,13.333333,26.829268,13.495935,8.888889,0.000000,-8.888889,6.666667,12.195122,5.528455,4.444444,4.878049,0.433604,64.285714,53.947368,-10.338346,70,76
01057039,true,22.247191,12.228261,-10.018930,35.056180,47.282609,12.226429,15.280899,20.108696,4.827797,10.337079,4.076087,-6.260992,7.640449,5.163043,-2.477406,3.595506,1.902174,-1.693332,67.410714,54.948301,-12.462413,672,677
01057040,true,32.242991,16.129032,-16.113958,25.700935,38.172043,12.471108,15.420561,16.666667,1.246106,10.280374,6.989247,-3.291127,5.140187,5.913978,0.773792,3.738318,0.537634,-3.200683,59.833795,52.380952,-7.452843,361,357
01057041,true,22.727273,15.469613,-7.257659,40.404040,50.276243,9.872203,12.626263,12.707182,0.080920,11.111111,4.419890,-6.691222,6.565657,6.629834,0.064178,2.020202,2.209945,0.189743,60.790274,54.518072,-6.272201,329,332
01057042,true,25.401929,13.865546,-11.536383,32.797428,38.655462,5.858035,14.469453,18.487395,4.017942,7.717042,4.621849,-3.095193,8.681672,8.823529,0.141857,4.501608,2.100840,-2.400767,59.168242,45.961538,-13.206704,529,520
01057043,true,26.677511,16.400798,-10.276714,30.662871,42.871386,12.208515,16.307442,19.192423,2.884981,12.769418,7.328016,-5.441403,6.628711,5.633101,-0.995610,3.416023,0.847458,-2.568565,64.167955,43.978261,-20.189694,3882,4600
01057044,true,29.457364,23.076923,-6.380441,14.728682,21.153846,6.425164,24.806202,24.038462,-0.767740,9.302326,3.846154,-5.456172,3.875969,3.846154,-0.029815,4.651163,3.846154,-0.805009,59.817352,48.165138,-11.652214,219,218
01057045,true,34.463277,21.554770,-12.908507,29.378531,34.982332,5.603801,16.384181,20.494700,4.110519,6.214689,3.886926,-2.327763,2.824859,4.240283,1.415424,4.802260,0.706714,-4.095546,70.775348,59.213251,-11.562097,503,483
01057046,true,26.458037,14.051095,-12.406942,35.846373,49.270073,13.423700,15.078236,14.233577,-0.844659,8.108108,6.934307,-1.173802,5.405405,3.467153,-1.938252,3.271693,1.277372,-1.994320,64.363636,51.765799,-12.597837,1100,1076
01057047,true,20.945946,7.563025,-13.382921,45.270270,52.941176,7.670906,10.810811,15.966387,5.155576,10.135135,4.201681,-5.933454,7.432432,4.201681,-3.230752,2.702703,1.680672,-1.022030,63.223140,50.423729,-12.799412,242,236
01057048,true,31.510791,18.815546,-12.695245,34.244604,45.280691,11.036087,10.935252,12.769895,1.834643,7.817746,6.107341,-1.710405,4.796163,5.552128,0.755965,5.275779,2.652684,-2.623096,48.541906,37.608995,-10.932911,4355,4358
01057049,true,34.358974,16.167665,-18.191310,29.230769,39.520958,10.290189,17.435897,22.754491,5.318594,5.641026,7.784431,2.143405,6.666667,2.994012,-3.672655,2.051282,0.598802,-1.452480,67.576792,59.154930,-8.421862,293,284
01057050,true,24.579832,12.373737,-12.206095,34.033613,48.232323,14.198710,14.285714,16.919192,2.633478,10.504202,5.050505,-5.453697,8.613445,5.555556,-3.057890,2.731092,1.767677,-0.963416,60.325407,50.817610,-9.507797,799,795
01057051,true,24.254473,17.117684,-7.136789,31.133201,40.906230,9.773030,19.165010,20.956576,1.791567,11.769384,8.873505,-2.895878,5.566600,3.209566,-2.357035,2.783300,1.573317,-1.209984,76.599579,47.270581,-29.328998,3329,3389
01057052,true,23.776224,12.403101,-11.373123,43.706294,46.899225,3.192931,10.489510,15.503876,5.014365,10.489510,6.589147,-3.900363,4.895105,3.488372,-1.406733,2.797203,1.550388,-1.246815,60.123967,52.716298,-7.407669,484,497
01057053,true,18.750000,12.403101,-6.346899,32.638889,36.434109,3.795220,18.750000,26.356589,7.606589,18.750000,9.302326,-9.447674,2.777778,3.100775,0.322997,2.777778,0.775194,-2.002584,62.660944,53.061224,-9.599720,233,245
01057054,true,27.027027,11.413043,-15.613984,38.738739,40.760870,2.022131,11.711712,19.021739,7.310027,9.909910,7.065217,-2.844693,6.306306,7.065217,0.758911,2.702703,1.086957,-1.615746,65.497076,54.651163,-10.845913,342,344
01057055,true,30.855540,16.521739,-14.333801,35.063114,48.695652,13.632539,11.500701,12.869565,1.368864,8.134642,5.913043,-2.221599,4.628331,5.391304,0.762973,4.067321,1.913043,-2.154278,59.623260,48.702929,-10.920331,1221,1195
01057056,true,19.354839,12.643678,-6.711161,44.086022,38.505747,-5.580274,14.516129,28.735632,14.219503,11.290323,8.045977,-3.244346,4.838710,2.298851,-2.539859,2.688172,0.000000,-2.688172,71.923077,61.188811,-10.734266,260,286
01057057,true,25.561215,13.986784,-11.574431,32.956046,43.777533,10.821487,14.544426,19.768722,5.224297,14.035088,6.360132,-7.674956,5.131107,4.983480,-0.147627,3.640822,2.009912,-1.630911,71.284367,49.809368,-21.474999,7529,7344
01057058,true,20.982143,12.429379,-8.552764,37.946429,40.677966,2.731538,17.857143,22.598870,4.741727,8.928571,4.519774,-4.408797,8.482143,5.084746,-3.397397,1.785714,1.129944,-0.655771,59.473684,52.835821,-6.637863,380,335
01057059,true,21.632653,11.518325,-10.114328,33.061224,36.125654,3.064430,21.632653,26.701571,5.068918,5.714286,7.853403,2.139117,5.714286,6.282723,0.568437,6.530612,1.570681,-4.959932,66.576819,52.043597,-14.533223,371,367
01057060,true,28.691983,11.940299,-16.751685,31.223629,39.800995,8.577366,20.675105,22.388060,1.712954,10.126582,6.467662,-3.658921,3.375527,6.467662,3.092134,2.109705,1.990050,-0.119655,63.563830,55.890411,-7.673419,376,365
01057062,true,28.996667,16.274432,-12.722235,29.973566,38.392501,8.418935,17.515228,21.479856,3.964628,9.619584,6.342242,-3.277342,5.539593,5.983247,0.443654,3.367429,2.293578,-1.073851,65.655738,38.259554,-27.396184,13420,13215
01057063,true,25.892040,15.536105,-10.355935,36.962489,49.343545,12.381056,13.906679,15.864333,1.957654,9.149131,6.345733,-2.803398,4.940531,4.266958,-0.673572,3.842635,1.312910,-2.529725,65.173836,50.537634,-14.636202,1697,1860
01057065,true,32.758621,21.951220,-10.807401,29.885057,34.959350,5.074292,8.620690,13.821138,5.200449,10.919540,12.195122,1.275582,6.896552,3.252033,-3.644519,5.747126,3.252033,-2.495094,63.503650,43.356643,-20.147006,274,286
01057066,true,22.198276,10.893855,-11.304421,31.896552,44.134078,12.237526,18.534483,23.184358,4.649875,9.698276,6.703911,-2.994365,7.327586,3.910615,-3.416972,3.879310,0.837989,-3.041322,66.381766,53.709199,-12.672568,702,674
01057067,true,20.195440,13.253012,-6.942428,42.996743,48.995984,5.999241,16.612378,17.269076,0.656698,11.400651,6.425703,-4.974949,3.908795,3.614458,-0.294337,0.651466,1.204819,0.553353,74.576271,61.940299,-12.635973,413,402
01057068,true,13.495575,6.490385,-7.005191,52.433628,61.057692,8.624064,10.398230,10.336538,-0.061692,11.283186,8.894231,-2.388955,1.548673,3.605769,2.057097,1.769912,0.721154,-1.048758,71.317829,64.307692,-7.010137,645,650
01057069,true,22.764228,9.859155,-12.905073,37.398374,54.929577,17.531203,13.211382,13.380282,0.168900,10.162602,5.164319,-4.998282,6.097561,5.633803,-0.463758,4.065041,1.173709,-2.891332,62.737643,53.482587,-9.255056,789,804
01057070,true,23.573201,15.332198,-8.241003,33.995037,38.671210,4.676172,17.866005,24.872232,7.006227,9.429280,5.621806,-3.807475,5.210918,2.896082,-2.314836,2.729529,1.192504,-1.537024,62.519201,46.572104,-15.947097,651,1269
01057071,true,18.763326,10.389610,-8.373716,48.187633,51.168831,2.981198,10.874200,14.545455,3.671254,9.168443,8.831169,-0.337275,4.904051,5.194805,0.290754,2.132196,0.519481,-1.612716,65.883978,53.159341,-12.724637,724,728
01057072,true,31.939163,24.686192,-7.252971,33.079848,41.004184,7.924336,13.688213,14.225941,0.537728,5.703422,5.439331,-0.264092,5.323194,4.602510,-0.720683,5.323194,0.000000,-5.323194,58.241758,50.524109,-7.717649,455,477
01057073,true,29.400535,16.539440,-12.861094,33.676976,46.361323,12.684347,14.623902,17.404580,2.780678,8.934708,5.241730,-3.692978,5.421917,4.580153,-0.841764,2.863688,1.170483,-1.693205,51.081081,38.451087,-12.629994,5180,5152
01057074,true,29.188482,18.123345,-11.065137,29.921466,42.905789,12.984323,16.308901,18.236852,1.927952,10.863874,6.469921,-4.393954,5.104712,4.313280,-0.791432,3.193717,1.210745,-1.982972,71.072549,48.941606,-22.130944,5417,5480
01057076,true,35.433071,20.512821,-14.920250,31.496063,43.589744,12.093681,14.435696,16.346154,1.910458,5.249344,7.692308,2.442964,4.724409,2.884615,-1.839794,1.837270,0.641026,-1.196245,61.269841,47.655068,-13.614773,630,661
01057077,true,29.503106,15.761821,-13.741284,31.677019,42.907180,11.230162,13.819876,15.761821,1.941946,9.627329,9.281961,-0.345368,6.521739,4.728546,-1.793193,3.571429,2.451839,-1.119590,59.835316,43.617021,-16.218294,1093,1316
01057078,true,24.827586,14.830508,-9.997078,39.310345,52.118644,12.808299,16.206897,11.440678,-4.766219,8.620690,5.508475,-3.112215,3.793103,4.237288,0.444185,4.137931,2.542373,-1.595558,74.430380,61.025641,-13.404739,395,390
01057079,true,22.172949,12.707182,-9.465767,41.906874,51.933702,10.026828,12.860310,18.232044,5.371734,11.086475,5.524862,-5.561613,5.099778,3.038674,-2.061104,2.882483,1.933702,-0.948782,67.213115,54.901961,-12.311154,671,663
01057080,true,22.992126,13.307985,-9.684141,39.527559,45.627376,6.099817,12.913386,16.730038,3.816652,9.448819,6.463878,-2.984941,7.086614,5.133080,-1.953534,2.992126,2.471483,-0.520643,60.663507,48.758050,-11.905457,1055,1087
01057081,true,38.020833,24.539877,-13.480956,31.770833,43.558282,11.787449,9.375000,12.883436,3.508436,9.895833,6.748466,-3.147367,3.645833,3.067485,-0.578349,3.645833,2.453988,-1.191846,72.659176,63.740458,-8.918718,267,262
01057082,true,30.603448,16.145833,-14.457615,37.931034,47.395833,9.464799,12.500000,19.791667,7.291667,9.482759,6.250000,-3.232759,1.724138,3.125000,1.400862,1.724138,0.520833,-1.203305,71.384615,60.625000,-10.759615,325,320
01057083,true,15.609756,12.500000,-3.109756,46.341463,53.125000,6.783537,10.243902,10.625000,0.381098,14.634146,8.750000,-5.884146,6.829268,5.625000,-1.204268,3.902439,0.625000,-3.277439,71.917808,55.172414,-16.745394,292,290
01057084,true,23.104693,12.888889,-10.215804,32.129964,46.666667,14.536703,22.021661,20.444444,-1.577216,11.552347,6.222222,-5.330124,2.166065,3.555556,1.389491,1.444043,1.333333,-0.110710,69.876543,58.808290,-11.068253,405,386
01057085,true,27.553444,14.781746,-12.771698,35.629454,46.825397,11.195943,11.559778,15.178571,3.618793,11.243072,6.547619,-4.695453,6.413302,6.051587,-0.361714,2.375297,0.992063,-1.383233,52.406417,42.397661,-10.008756,2431,2394
01057086,true,26.288660,14.204545,-12.084114,31.443299,28.409091,-3.034208,18.556701,23.295455,4.738754,8.247423,8.522727,0.275305,4.123711,5.681818,1.558107,4.639175,3.977273,-0.661903,68.750000,56.329114,-12.420886,288,316
01057087,true,35.074627,20.374707,-14.699920,29.664179,38.641686,8.977507,12.126866,20.140515,8.013650,10.261194,7.025761,-3.235433,8.022388,5.386417,-2.635971,1.865672,0.468384,-1.397288,62.572422,51.199041,-11.373381,863,834
01057088,true,23.604061,18.152866,-5.451195,42.385787,47.452229,5.066442,13.451777,13.057325,-0.394452,8.375635,4.777070,-3.598564,4.314721,3.821656,-0.493065,2.030457,0.000000,-2.030457,65.238880,53.547297,-11.691582,607,592
01057089,true,31.250000,26.829268,-4.420732,31.250000,34.146341,2.896341,21.875000,24.390244,2.515244,6.250000,3.658537,-2.591463,1.041667,0.000000,-1.041667,2.083333,2.439024,0.355691,67.123288,56.000000,-11.123288,146,150
01057090,true,23.500000,10.954064,-12.545936,31.250000,44.876325,13.626325,15.750000,16.961131,1.211131,11.500000,7.067138,-4.432862,6.250000,5.653710,-0.596290,4.750000,2.473498,-2.276502,63.779528,44.307692,-19.471835,635,650
01057091,true,26.507374,18.029557,-8.477817,32.779541,44.022989,11.243448,14.859063,17.619048,2.759985,11.946985,6.650246,-5.296739,5.805488,4.072250,-1.733239,2.632070,1.067323,-1.564747,82.931696,55.303644,-27.628052,6515,11115
01058001,true,19.280576,12.990937,-6.289639,39.280576,43.202417,3.921841,16.402878,26.586103,10.183225,11.798561,8.006042,-3.792519,5.323741,2.416918,-2.906823,2.733813,1.057402,-1.676411,87.064677,81.495098,-5.569579,804,816
01058003,true,26.543210,14.919852,-11.623358,38.168724,50.061652,11.892928,10.288066,10.234279,-0.053787,9.979424,6.288533,-3.690891,4.938272,5.055487,0.117215,2.469136,0.986436,-1.482699,62.229299,53.246753,-8.982546,1570,1540
01058004,true,15.942029,15.000000,-0.942029,35.507246,37.500000,1.992754,15.942029,20.833333,4.891304,15.217391,9.166667,-6.050725,3.623188,0.833333,-2.789855,5.072464,0.833333,-4.239130,57.959184,48.207171,-9.752012,245,251
01058005,true,23.503578,14.788117,-8.715461,33.458035,38.706859,5.248824,15.338321,24.268239,8.929918,14.411191,9.174312,-5.236879,5.270007,2.795981,-2.474026,2.700065,0.873744,-1.826321,75.961891,56.887849,-19.074041,8187,8123
01058007,true,16.969697,14.388489,-2.581208,38.787879,48.201439,9.413560,11.515152,12.949640,1.434489,9.696970,10.071942,0.374973,13.939394,8.633094,-5.306300,1.818182,0.000000,-1.818182,67.346939,56.626506,-10.720433,245,249
01058008,true,21.475054,11.711712,-9.763343,37.744035,41.801802,4.057767,14.750542,19.279279,4.528737,8.242950,7.387387,-0.855563,1.952278,3.243243,1.290966,2.386117,0.360360,-2.025757,57.212714,67.839806,10.627092,818,824
01058009,true,23.120494,12.673392,-10.447102,35.375901,46.847415,11.471514,15.602472,18.978562,3.376091,10.710608,6.746532,-3.964075,6.539650,5.233291,-1.306359,2.935118,1.008827,-1.926291,62.647905,49.749687,-12.898218,3127,3196
01058010,true,20.224719,8.333333,-11.891386,51.685393,57.142857,5.457464,8.988764,7.142857,-1.845907,3.370787,3.571429,0.200642,4.494382,8.333333,3.838951,5.617978,2.380952,-3.237025,70.634921,62.686567,-7.948353,126,134
01058011,true,17.121588,13.939394,-3.182194,52.109181,59.090909,6.981728,8.933002,12.121212,3.188210,10.669975,4.545455,-6.124521,3.473945,4.242424,0.768479,1.488834,0.909091,-0.579743,67.886855,55.759599,-12.127256,601,599
01058012,true,24.191462,17.138599,-7.052863,33.635188,38.002981,4.367793,17.205692,19.970194,2.764502,8.926261,4.918033,-4.008229,5.304010,4.619970,-0.684040,2.457956,1.043219,-1.414737,61.867089,53.396524,-8.470564,1264,1266
01058013,true,20.915033,10.958904,-9.956129,45.098039,43.835616,-1.262423,11.111111,10.958904,-0.152207,11.111111,10.273973,-0.837139,5.228758,10.958904,5.730146,1.307190,0.684932,-0.622258,64.315353,61.344538,-2.970815,241,238
01058014,true,17.788462,10.810811,-6.977651,44.230769,61.621622,17.390852,9.615385,5.945946,-3.669439,13.942308,6.486486,-7.455821,3.846154,5.945946,2.099792,2.884615,0.540541,-2.344075,55.882353,52.793296,-3.089057,374,358
01058015,true,20.375335,9.897611,-10.477724,43.699732,56.655290,12.955558,9.651475,11.604096,1.952621,11.796247,9.215017,-2.581230,6.166220,2.730375,-3.435844,2.680965,0.000000,-2.680965,65.104167,51.030928,-14.073239,576,582
01058016,true,15.957447,7.865169,-8.092278,43.617021,51.685393,8.068372,20.212766,10.112360,-10.100406,13.829787,15.730337,1.900550,0.000000,4.494382,4.494382,1.063830,0.000000,-1.063830,70.370370,64.748201,-5.622169,135,139
01058018,true,28.735632,17.647059,-11.088573,27.873563,33.217993,5.344430,13.505747,20.069204,6.563457,9.482759,7.612457,-1.870302,5.172414,4.152249,-1.020165,4.310345,2.076125,-2.234220,60.585198,53.369763,-7.215435,581,549
01058019,true,23.737374,14.285714,-9.451659,33.838384,35.714286,1.875902,11.616162,22.222222,10.606061,13.131313,6.349206,-6.782107,5.050505,7.936508,2.886003,2.525253,0.000000,-2.525253,78.039216,50.396825,-27.642390,255,252
01058021,true,20.116618,10.820896,-9.295723,34.402332,42.164179,7.761847,16.034985,16.791045,0.756059,12.244898,5.223881,-7.021017,6.705539,4.477612,-2.227927,4.373178,4.104478,-0.268700,68.762279,53.784861,-14.977418,509,502
01058022,true,27.377998,15.836653,-11.541345,30.024814,38.147410,8.122596,17.314585,22.576361,5.261776,12.269093,7.934927,-4.334166,4.438930,3.751660,-0.687270,3.501516,1.062417,-2.439099,58.687689,46.588127,-12.099562,6279,6536
01058023,true,19.747899,12.690355,-7.057544,34.453782,42.639594,8.185812,19.327731,22.335025,3.007294,8.403361,3.553299,-4.850062,5.042017,5.076142,0.034125,5.462185,0.507614,-4.954571,66.481994,46.261682,-20.220312,361,428
01058024,true,25.621891,14.611399,-11.010492,36.567164,43.005181,6.438017,10.572139,12.331606,1.759467,9.825871,8.393782,-1.432088,5.597015,5.181347,-0.415668,3.731343,0.932642,-2.798701,63.145540,66.371078,3.225538,1278,1466
01058025,true,12.500000,4.444444,-8.055556,56.250000,64.444444,8.194444,3.125000,5.555556,2.430556,13.541667,4.444444,-9.097222,3.125000,5.555556,2.430556,3.125000,1.111111,-2.013889,63.576159,55.214724,-8.361435,151,163
01058026,true,22.139673,10.838446,-11.301227,38.187221,51.124744,12.937523,15.007429,15.337423,0.329994,9.806835,7.361963,-2.444872,3.863299,2.862986,-1.000313,4.011887,1.635992,-2.375895,75.923852,55.292793,-20.631059,893,888
01058027,true,12.857143,8.379888,-4.477255,50.476190,58.659218,8.183027,11.428571,10.614525,-0.814046,12.380952,6.145251,-6.235701,7.142857,2.234637,-4.908220,0.952381,1.675978,0.723597,71.237458,61.148649,-10.088810,299,296
01058028,true,23.260870,15.469613,-7.791256,38.260870,45.745856,7.484987,13.043478,18.563536,5.520058,12.391304,7.182320,-5.208984,4.239130,1.546961,-2.692169,3.152174,0.552486,-2.599688,75.653595,73.624595,-2.028999,1224,1236
01058029,true,23.623188,15.551839,-8.071349,38.260870,55.016722,16.755853,11.739130,9.698997,-2.040134,11.304348,5.351171,-5.953177,4.347826,3.010033,-1.337793,3.333333,1.337793,-1.995541,61.101399,51.577153,-9.524246,1144,1173
01058030,true,23.754789,9.760274,-13.994515,37.356322,42.808219,5.451897,11.685824,16.095890,4.410067,7.088123,5.650685,-1.437438,4.406130,5.821918,1.415788,4.406130,1.541096,-2.865034,62.308598,69.869514,7.560915,849,843
01058031,true,24.657534,13.793103,-10.864431,38.356164,55.172414,16.816249,15.068493,8.620690,-6.447803,13.698630,12.068966,-1.629665,4.109589,6.896552,2.786963,2.739726,0.000000,-2.739726,66.972477,60.416667,-6.555810,109,96
01058032,true,17.441860,13.306452,-4.135409,39.825581,45.564516,5.738935,17.151163,17.741935,0.590773,12.790698,3.629032,-9.161665,2.034884,3.629032,1.594149,2.034884,1.209677,-0.825206,59.896730,41.225166,-18.671564,581,604
01058033,true,26.294821,15.856237,-10.438584,38.645418,39.746300,1.100882,16.135458,21.987315,5.851857,7.569721,7.188161,-0.381560,3.784861,3.594080,-0.190780,3.386454,1.691332,-1.695122,60.885167,53.603604,-7.281564,836,888
01058034,true,31.894660,17.136812,-14.757847,32.809071,45.745181,12.936110,10.387710,13.211095,2.823385,8.833211,4.748472,-4.084739,5.852231,4.607428,-1.244803,3.035845,1.386930,-1.648915,63.564288,48.951925,-14.612363,8703,8778
01058035,true,17.712177,10.695187,-7.016990,38.376384,40.374332,1.997948,14.391144,18.449198,4.058054,8.487085,8.556150,0.069065,5.904059,5.614973,-0.289086,4.059041,2.406417,-1.652623,58.369099,77.207392,18.838293,466,487
01058036,true,21.138211,13.333333,-7.804878,52.845528,58.095238,5.249710,3.252033,4.761905,1.509872,8.943089,4.761905,-4.181185,4.878049,10.476190,5.598142,4.878049,0.000000,-4.878049,65.104167,54.123711,-10.980455,192,194
01058037,true,21.839080,13.511359,-8.327721,34.214559,35.591869,1.377310,16.168582,26.584297,10.415714,15.900383,11.677959,-4.222424,3.716475,3.029095,-0.687380,2.222222,0.757274,-1.464948,83.705357,79.949158,-3.756199,3136,3147
01058038,true,18.115942,9.051724,-9.064218,35.507246,45.258621,9.751374,11.594203,17.241379,5.647176,15.942029,12.500000,-3.442029,7.971014,3.879310,-4.091704,3.985507,0.000000,-3.985507,62.811791,52.690583,-10.121208,441,446
01058039,true,22.972973,16.334661,-6.638312,29.729730,35.059761,5.330031,20.720721,21.115538,0.394817,6.306306,6.772908,0.466602,4.054054,3.187251,-0.866803,5.855856,2.390438,-3.465418,62.535211,70.505618,7.970407,355,356
01058040,true,25.125628,16.135458,-8.990170,34.673367,39.641434,4.968067,10.552764,14.541833,3.989069,11.055276,5.976096,-5.079181,6.532663,6.772908,0.240245,3.852596,1.992032,-1.860564,52.534965,43.287435,-9.247530,1144,1162
01058042,true,23.225806,13.962264,-9.263542,40.645161,43.773585,3.128424,11.612903,15.094340,3.481436,7.419355,5.283019,-2.136336,4.516129,4.150943,-0.365186,0.967742,1.132075,0.164334,52.231405,43.914474,-8.316931,605,608
01058043,true,24.951519,18.296753,-6.654766,31.310601,36.553049,5.242448,14.835165,19.429554,4.594389,10.892049,5.734803,-5.157246,4.993536,4.146860,-0.846676,4.056238,1.547487,-2.508751,66.077664,53.747450,-12.330214,18902,18626
01058044,true,16.056338,12.080537,-3.975801,43.943662,46.979866,3.036204,13.521127,16.778523,3.257397,11.267606,3.020134,-8.247471,7.887324,9.395973,1.508649,1.690141,1.677852,-0.012288,68.702290,57.884615,-10.817675,524,520
01058045,true,23.655914,15.037594,-8.618320,36.559140,48.120301,11.561161,18.279570,14.285714,-3.993856,9.677419,5.263158,-4.414261,3.763441,3.007519,-0.755922,4.838710,3.007519,-1.831191,76.016260,53.784861,-22.231400,246,251
01058046,true,19.063545,13.488372,-5.575173,39.130435,45.116279,5.985844,14.046823,15.348837,1.302014,8.026756,5.116279,-2.910477,8.695652,6.511628,-2.184024,1.003344,0.930233,-0.073112,69.585253,53.465347,-16.119907,434,404
01058047,true,24.151436,14.691943,-9.459493,36.292428,47.551343,11.258915,9.138381,7.266983,-1.871399,9.791123,6.477093,-3.314030,6.396867,6.477093,0.080226,2.872063,0.473934,-2.398129,58.615500,48.265460,-10.350040,1329,1326
01058048,true,19.083969,18.032787,-1.051183,38.167939,45.081967,6.914028,19.083969,17.213115,-1.870855,8.396947,4.918033,-3.478914,5.343511,2.459016,-2.884495,3.816794,0.819672,-2.997122,74.719101,69.318182,-5.400919,178,176
01058049,true,26.666667,14.548495,-12.118172,38.205128,47.993311,9.788183,14.358974,13.377926,-0.981048,5.384615,6.521739,1.137124,6.666667,6.354515,-0.312152,2.051282,0.836120,-1.215162,66.609881,52.151463,-14.458418,587,1162
01058050,true,21.486989,10.595514,-10.891475,31.226766,37.819026,6.592260,21.486989,28.383604,6.896615,10.780669,7.269915,-3.510754,4.684015,3.325599,-1.358415,3.940520,1.933488,-2.007032,78.303520,77.046263,-1.257257,1733,1686
01058051,true,23.559322,10.714286,-12.845036,31.694915,39.285714,7.590799,14.067797,23.319328,9.251531,11.864407,7.773109,-4.091298,5.423729,4.621849,-0.801880,4.067797,0.840336,-3.227460,60.842754,51.716738,-9.126016,973,932
01058052,true,21.190893,13.651138,-7.539756,34.413310,38.244854,3.831544,16.637478,17.226436,0.588957,11.033275,6.283857,-4.749418,4.203152,4.875406,0.672254,2.276708,1.625135,-0.651572,64.478114,52.649380,-11.828735,1782,1774
01058053,true,28.268156,18.654545,-9.613611,32.491620,37.527273,5.035653,13.720670,21.454545,7.733875,11.709497,5.563636,-6.145861,4.558659,4.654545,0.095886,2.905028,1.127273,-1.777755,73.876221,44.670543,-29.205679,6140,6192
01058054,true,25.739357,16.008065,-9.731292,37.244069,50.725806,13.481738,11.862203,12.258065,0.395861,10.887228,5.322581,-5.564647,5.492363,4.435484,-1.056879,2.404940,1.411290,-0.993650,58.566566,45.147298,-13.419268,5288,5533
01058055,true,15.789474,6.896552,-8.892922,42.105263,58.620690,16.515426,2.631579,6.896552,4.264973,15.789474,0.000000,-15.789474,7.894737,6.896552,-0.998185,2.631579,0.000000,-2.631579,93.181818,68.085106,-25.096712,44,47
01058056,true,22.282609,8.284024,-13.998585,47.282609,53.846154,6.563545,9.239130,6.508876,-2.730255,9.239130,6.508876,-2.730255,5.978261,7.692308,1.714047,1.086957,0.000000,-1.086957,56.024096,52.453988,-3.570109,332,326
01058057,true,24.579125,14.453125,-10.126000,37.037037,46.093750,9.056713,13.804714,18.359375,4.554661,10.101010,2.734375,-7.366635,4.713805,2.734375,-1.979430,1.346801,1.171875,-0.174926,68.275862,57.847534,-10.428328,435,446
01058058,true,26.279956,15.691029,-10.588928,35.702614,38.759958,3.057344,13.807190,21.129200,7.322010,11.982571,10.356772,-1.625799,4.793028,2.874957,-1.918072,2.423747,1.316245,-1.107502,61.390410,46.731817,-14.658593,6027,6242
01058059,true,16.903633,10.782241,-6.121392,43.601896,54.122622,10.520726,10.900474,13.742072,2.841598,11.848341,8.245243,-3.603098,6.161137,3.594080,-2.567057,4.423381,1.057082,-3.366298,63.627354,47.567031,-16.060323,1009,1007
01058061,true,19.272727,14.601770,-4.670957,37.090909,49.115044,12.024135,10.545455,10.176991,-0.368463,15.636364,5.752212,-9.884151,4.727273,4.867257,0.139984,4.000000,3.539823,-0.460177,60.480349,47.708333,-12.772016,458,480
01058062,true,25.373134,11.666667,-13.706468,34.328358,50.833333,16.504975,12.686567,15.833333,3.146766,11.194030,8.333333,-2.860697,4.477612,0.833333,-3.644279,5.223881,1.666667,-3.557214,66.009852,54.054054,-11.955798,203,222
01058063,true,21.875000,15.000000,-6.875000,31.250000,41.250000,10.000000,14.583333,16.250000,1.666667,9.375000,6.250000,-3.125000,13.541667,6.250000,-7.291667,4.166667,2.500000,-1.666667,53.591160,41.450777,-12.140383,181,193
01058064,true,16.763006,10.382514,-6.380492,41.040462,37.158470,-3.881992,13.872832,19.672131,5.799299,11.560694,8.196721,-3.363972,5.202312,7.650273,2.447961,5.202312,1.092896,-4.109416,59.468439,60.927152,1.458714,301,302
01058065,true,29.945554,17.319588,-12.625966,30.490018,48.453608,17.963590,18.330309,12.371134,-5.959175,9.618875,5.154639,-4.464236,4.537205,4.742268,0.205063,2.359347,0.206186,-2.153161,68.850433,58.682635,-10.167798,809,835
01058066,true,20.521173,14.671815,-5.849358,44.462541,43.886744,-0.575797,12.052117,17.631918,5.579800,11.074919,7.078507,-3.996411,3.094463,1.801802,-1.292661,2.117264,1.287001,-0.830263,63.570691,74.193548,10.622857,969,1054
01058067,true,21.621622,12.955466,-8.666156,37.500000,39.676113,2.176113,15.202703,19.838057,4.635354,11.824324,6.882591,-4.941733,2.702703,1.619433,-1.083270,3.378378,2.834008,-0.544370,64.086022,48.622047,-15.463974,465,508
01058068,true,30.036630,14.102564,-15.934066,34.798535,51.282051,16.483516,10.989011,15.811966,4.822955,13.186813,6.410256,-6.776557,5.860806,5.128205,-0.732601,0.732601,1.282051,0.549451,65.947242,56.294537,-9.652705,417,421
01058069,true,22.012579,9.482759,-12.529820,38.679245,48.850575,10.171329,16.666667,22.701149,6.034483,7.861635,4.022989,-3.838647,4.402516,2.298851,-2.103665,3.459119,1.149425,-2.309694,69.330454,74.734607,5.404154,463,471
01058070,true,23.574730,14.115646,-9.459084,40.523883,51.360544,10.836661,11.248074,9.183673,-2.064400,8.474576,7.482993,-0.991583,5.546995,4.251701,-1.295295,1.386749,0.850340,-0.536409,61.509434,51.982379,-9.527055,1060,1135
01058071,true,25.114155,14.213198,-10.900957,44.292237,51.269036,6.976798,7.762557,11.167513,3.404956,7.762557,8.629442,0.866885,7.762557,5.583756,-2.178801,0.913242,0.507614,-0.405628,58.575198,52.343750,-6.231448,379,384
01058072,true,28.253968,14.818548,-13.435420,36.746032,50.302419,13.556388,8.888889,9.979839,1.090950,8.968254,5.846774,-3.121480,8.095238,6.451613,-1.643625,2.539683,1.209677,-1.330005,52.599010,40.814664,-11.784346,2424,2455
01058073,true,9.677419,11.428571,1.751152,46.774194,39.285714,-7.488479,16.129032,17.142857,1.013825,9.139785,6.428571,-2.711214,6.989247,8.571429,1.582181,4.301075,0.000000,-4.301075,81.578947,63.063063,-18.515884,228,222
01058074,true,12.987013,10.666667,-2.320346,59.740260,58.666667,-1.073593,11.688312,10.666667,-1.021645,7.792208,5.333333,-2.458874,1.298701,5.333333,4.034632,1.298701,1.333333,0.034632,62.903226,65.217391,2.314165,124,115
01058075,true,14.705882,7.407407,-7.298475,41.176471,66.666667,25.490196,17.647059,11.111111,-6.535948,20.588235,3.703704,-16.884532,0.000000,3.703704,3.703704,5.882353,0.000000,-5.882353,70.000000,52.941176,-17.058824,50,51
01058076,true,16.494845,8.888889,-7.605956,50.515464,40.000000,-10.515464,9.278351,18.888889,9.610538,13.402062,15.555556,2.153494,3.092784,3.333333,0.240550,1.030928,3.333333,2.302405,74.045802,64.748201,-9.297600,131,139
01058077,true,26.975477,14.679449,-12.296028,34.423252,48.591971,14.168720,10.762943,12.522469,1.759526,13.851045,6.950270,-6.900775,4.677566,5.332534,0.654969,2.588556,1.437987,-1.150569,51.914099,38.877291,-13.036808,4284,4311
01058078,true,25.285338,12.462908,-12.822430,40.913082,53.907023,12.993941,9.482002,9.495549,0.013547,8.516242,5.637982,-2.878260,4.916594,7.418398,2.501804,2.721686,0.890208,-1.831478,57.902659,49.659202,-8.243458,1993,2054
01058080,true,27.436282,14.668367,-12.767915,41.529235,50.765306,9.236071,9.445277,14.540816,5.095539,8.245877,5.867347,-2.378530,4.947526,3.061224,-1.886302,2.548726,0.892857,-1.655868,64.525407,75.071633,10.546226,1043,1047
01058081,true,16.176471,11.965812,-4.210659,36.764706,38.461538,1.696833,18.137255,24.786325,6.649070,9.803922,6.837607,-2.966315,6.372549,2.991453,-3.381096,1.470588,0.000000,-1.470588,70.833333,81.099656,10.266323,288,291
01058082,true,18.225420,12.460064,-5.765356,40.527578,39.936102,-0.591476,10.311751,17.891374,7.579623,8.633094,5.750799,-2.882295,6.235012,4.792332,-1.442680,4.316547,1.597444,-2.719103,59.331476,44.807966,-14.523510,718,703
01058083,true,8.849558,6.944444,-1.905113,34.513274,43.055556,8.542281,29.203540,24.305556,-4.897984,9.734513,4.166667,-5.567847,5.309735,3.472222,-1.837512,5.309735,4.166667,-1.143068,64.571429,76.595745,12.024316,175,188
01058084,true,12.269939,7.246377,-5.023562,47.852761,44.927536,-2.925225,16.564417,17.391304,0.826887,7.361963,5.797101,-1.564862,4.294479,1.449275,-2.845203,3.067485,3.623188,0.555704,69.620253,61.304348,-8.315905,237,230
01058085,true,21.186441,15.454545,-5.731895,42.372881,42.727273,0.354391,12.711864,18.181818,5.469954,6.779661,6.363636,-0.416025,3.389831,7.272727,3.882897,3.389831,0.000000,-3.389831,68.390805,62.146893,-6.243912,174,177
01058086,true,25.260417,11.961367,-13.299050,41.796875,53.491828,11.694953,10.351562,11.961367,1.609805,8.984375,6.463596,-2.520779,5.208333,5.572065,0.363732,2.213542,0.965825,-1.247717,56.692336,48.332736,-8.359600,2727,2789
01058087,true,22.333333,15.021459,-7.311874,40.333333,43.347639,3.014306,14.333333,14.163090,-0.170243,8.333333,5.150215,-3.183119,2.333333,5.150215,2.816881,4.333333,0.858369,-3.474964,61.616162,49.791667,-11.824495,495,480
01058088,true,9.890110,9.489051,-0.401059,50.549451,48.905109,-1.644341,12.087912,20.437956,8.350044,8.791209,3.649635,-5.141574,4.395604,6.569343,2.173739,8.791209,0.729927,-8.061282,58.709677,69.696970,10.987292,155,198
01058089,true,10.389610,5.063291,-5.326319,53.246753,58.227848,4.981095,9.090909,5.063291,-4.027618,10.389610,3.797468,-6.592142,6.493506,11.392405,4.898899,0.000000,0.000000,0.000000,61.068702,55.944056,-5.124646,131,143
01058090,true,17.871222,9.561129,-8.310094,37.319317,42.476489,5.157172,13.403417,15.987461,2.584044,10.906702,8.150470,-2.756231,5.387648,6.583072,1.195424,4.862024,0.313480,-4.548544,65.552699,54.237288,-11.315411,1167,1180
01058091,true,22.000000,14.851485,-7.148515,45.600000,53.960396,8.360396,9.200000,6.435644,-2.764356,11.200000,8.415842,-2.784158,3.600000,5.445545,1.845545,1.200000,0.495050,-0.704950,69.337017,55.585831,-13.751186,362,367
01058092,true,22.960969,14.553049,-8.407920,35.827725,41.269841,5.442116,15.693136,24.110276,8.417140,12.516824,6.867168,-5.649656,4.199192,2.890560,-1.308633,3.755047,1.503759,-2.251288,75.629742,60.180090,-15.449652,9885,9995
01058093,true,22.632794,9.133489,-13.499305,30.946882,36.533958,5.587076,15.704388,26.229508,10.525120,13.625866,11.007026,-2.618840,5.773672,2.341920,-3.431752,3.233256,1.170960,-2.062296,73.569024,72.619048,-0.949976,594,588
01058094,true,19.239905,12.572254,-6.667651,34.323040,38.150289,3.827249,19.833729,23.554913,3.721184,8.076010,7.225434,-0.850576,5.819477,5.346821,-0.472657,4.275534,1.300578,-2.974956,66.017147,52.651515,-13.365632,1283,1320
01058096,true,20.972222,13.057325,-7.914897,46.805556,47.770701,0.965145,11.388889,15.764331,4.375442,8.611111,7.165605,-1.445506,2.916667,2.707006,-0.209660,1.527778,0.955414,-0.572364,66.333030,57.822507,-8.510523,1099,1093
01058097,true,20.746888,9.411765,-11.335123,44.398340,65.294118,20.895777,5.809129,5.882353,0.073224,10.373444,1.764706,-8.608738,5.394191,5.882353,0.488162,4.149378,0.000000,-4.149378,60.297767,43.686869,-16.610898,403,396
01058098,true,9.278351,11.711712,2.433361,46.391753,54.954955,8.563202,18.556701,13.513514,-5.043188,16.494845,7.207207,-9.287638,4.123711,7.207207,3.083496,2.061856,0.900901,-1.160955,62.420382,68.072289,5.651907,157,166
01058099,true,22.597403,16.370107,-6.227296,39.480519,45.907473,6.426954,6.493506,8.185053,1.691547,8.311688,6.405694,-1.905994,6.753247,5.693950,-1.059297,2.337662,1.067616,-1.270047,57.566766,43.009119,-14.557647,674,658
01058100,true,24.829932,11.191336,-13.638596,41.836735,48.736462,6.899727,12.925170,12.996390,0.071220,9.183673,9.386282,0.202608,1.360544,1.805054,0.444510,2.721088,2.166065,-0.555023,63.481953,58.280922,-5.201031,471,477
01058101,true,18.134715,10.227273,-7.907442,50.777202,57.954545,7.177343,9.844560,13.636364,3.791804,10.362694,2.840909,-7.521785,5.699482,2.840909,-2.858573,2.590674,1.136364,-1.454310,61.587302,55.000000,-6.587302,315,320
01058102,true,27.049180,17.948718,-9.100462,34.426230,36.538462,2.112232,10.382514,15.064103,4.681589,9.016393,8.333333,-0.683060,7.103825,4.166667,-2.937158,2.732240,0.641026,-2.091215,59.163987,50.894309,-8.269678,622,615
01058103,true,24.120603,13.636364,-10.484239,33.165829,46.969697,13.803868,10.050251,12.121212,2.070961,13.567839,8.080808,-5.487031,10.552764,7.070707,-3.482057,3.517588,0.505051,-3.012537,64.743590,62.776025,-1.967565,312,317
01058104,true,22.659668,13.906679,-8.752989,34.208224,44.464776,10.256552,16.535433,22.872827,6.337394,12.598425,6.038426,-6.559999,4.724409,2.104300,-2.620109,3.937008,1.738335,-2.198673,78.139851,72.697150,-5.442700,1473,1509
01058105,true,23.413897,14.931238,-8.482660,34.138973,36.738703,2.599731,13.293051,21.218075,7.925023,13.595166,8.840864,-4.754302,6.344411,6.286837,-0.057574,3.776435,1.571709,-2.204726,58.355206,46.551724,-11.803481,1143,1102
01058106,true,11.363636,4.545455,-6.818182,53.787879,55.454545,1.666667,14.393939,20.000000,5.606061,9.090909,8.181818,-0.909091,1.515152,2.727273,1.212121,2.272727,0.909091,-1.363636,87.500000,56.852792,-30.647208,152,197
01058107,true,18.533123,12.903226,-5.629897,40.260252,41.730671,1.470418,15.772871,23.655914,7.883043,15.496845,9.062980,-6.433865,3.982650,2.560164,-1.422486,2.208202,1.382488,-0.825713,61.486486,47.690447,-13.796039,4144,4135
01058108,true,21.383648,13.178295,-8.205353,37.106918,36.821705,-0.285213,14.150943,21.317829,7.166886,14.150943,12.403101,-1.747843,2.515723,2.713178,0.197455,2.515723,1.937984,-0.577739,69.803063,56.304348,-13.498716,457,460
01058109,true,20.202020,11.046512,-9.155509,38.888889,48.255814,9.366925,12.626263,12.209302,-0.416960,9.090909,8.720930,-0.369979,6.060606,5.813953,-0.246653,3.030303,0.581395,-2.448908,66.006601,57.284768,-8.721832,303,302
01058110,true,22.161172,14.135021,-8.026151,36.630037,41.983122,5.353086,14.285714,17.510549,3.224834,8.424908,7.805907,-0.619001,5.311355,5.274262,-0.037094,5.128205,1.687764,-3.440441,61.254199,53.438557,-7.815642,893,887
01058111,true,12.987013,1.298701,-11.688312,41.558442,45.454545,3.896104,11.688312,12.987013,1.298701,12.987013,10.389610,-2.597403,1.298701,7.792208,6.493506,3.896104,1.298701,-2.597403,76.470588,75.490196,-0.980392,102,102
01058112,true,21.069692,15.581854,-5.487838,33.711507,37.278107,3.566599,21.880065,25.838264,3.958199,13.128039,6.114398,-7.013640,1.944895,1.972387,0.027492,3.241491,0.986193,-2.255298,65.677966,57.174393,-8.503573,944,906
01058113,true,22.939068,14.814815,-8.124253,41.577061,48.971193,7.394132,12.186380,10.699588,-1.486791,8.960573,6.172840,-2.787734,4.659498,10.288066,5.628568,2.150538,0.823045,-1.327492,55.776892,49.595142,-6.181751,502,494
01058115,true,20.234604,11.525424,-8.709180,44.281525,59.322034,15.040509,11.143695,11.864407,0.720712,10.263930,6.101695,-4.162235,3.225806,2.372881,-0.852925,2.639296,1.016949,-1.622347,68.452381,56.226415,-12.225966,504,530
01058116,true,23.909250,15.577889,-8.331360,34.904014,42.713568,7.809554,8.900524,14.237856,5.337332,13.612565,5.862647,-7.749919,6.806283,6.700168,-0.106115,1.919721,1.172529,-0.747191,79.229711,80.428954,1.199243,727,746
01058117,true,27.072193,14.924749,-12.147443,36.363636,50.543478,14.179842,11.463904,12.792642,1.328738,10.294118,4.807692,-5.486425,5.581551,5.309365,-0.272186,3.208556,1.505017,-1.703539,54.652213,42.529547,-12.122667,5535,5669
01058118,true,26.340882,14.431487,-11.909395,38.974970,49.271137,10.296167,9.535161,13.702624,4.167463,9.892729,4.956268,-4.936461,6.197855,5.830904,-0.366951,2.622169,0.583090,-2.039079,67.466027,53.491942,-13.974086,1251,1303
01058119,true,26.500000,12.941176,-13.558824,38.500000,50.000000,11.500000,12.500000,12.352941,-0.147059,8.500000,8.823529,0.323529,5.000000,1.764706,-3.235294,3.500000,1.764706,-1.735294,70.242215,58.305085,-11.937130,289,295
01058120,true,31.182796,18.823529,-12.359266,40.860215,48.235294,7.375079,9.677419,7.058824,-2.618596,4.301075,5.882353,1.581278,5.376344,2.352941,-3.023403,3.225806,1.176471,-2.049336,73.228346,67.460317,-5.768029,127,126
01058121,true,26.104746,20.427112,-5.677634,38.461538,41.411328,2.949789,13.011457,18.570102,5.558646,9.819967,4.085422,-5.734545,5.155483,4.178273,-0.977210,3.027823,0.928505,-2.099318,63.061224,52.470930,-10.590294,1960,2064
01058122,true,20.161290,9.219858,-10.941432,35.483871,53.546099,18.062228,9.408602,11.347518,1.938916,10.752688,7.801418,-2.951270,8.064516,4.255319,-3.809197,3.225806,1.418440,-1.807367,80.128205,57.668712,-22.459493,468,489
01058123,true,21.062271,16.066066,-4.996205,36.813187,36.786787,-0.026400,15.934066,21.771772,5.837706,9.340659,5.555556,-3.785104,4.212454,4.504505,0.292050,2.930403,0.900901,-2.029502,71.280724,78.245614,6.964890,773,855
01058124,true,26.757370,14.244326,-12.513043,35.276968,46.982134,11.705166,14.220926,15.451473,1.230546,9.361840,6.132303,-3.229537,4.146420,4.249155,0.102735,2.461937,1.496861,-0.965076,73.212606,49.654021,-23.558585,4252,4191
01058125,true,19.682540,8.730159,-10.952381,35.873016,60.317460,24.444444,6.666667,4.365079,-2.301587,17.142857,10.317460,-6.825397,10.476190,8.333333,-2.142857,2.222222,0.396825,-1.825397,57.664234,47.574627,-10.089607,548,536
01058126,true,23.450586,11.449016,-12.001570,36.850921,42.754919,5.903998,18.592965,28.085868,9.492903,12.562814,7.871199,-4.691616,0.000000,1.431127,1.431127,2.010050,1.252236,-0.757814,81.967213,73.913043,-8.054170,732,759
01058127,true,23.059096,14.629156,-8.429940,39.049826,42.864450,3.814624,10.544612,14.782609,4.237997,11.123986,6.598465,-4.525521,4.287370,4.347826,0.060456,2.723059,0.869565,-1.853494,58.246905,65.187148,6.940243,2989,3019
01058128,true,21.640904,11.931818,-9.709086,35.434007,51.562500,16.128493,12.604043,15.056818,2.452775,15.101070,7.812500,-7.288570,7.728894,5.965909,-1.762985,1.783591,0.426136,-1.357455,60.979122,47.779273,-13.199848,1389,1486
01058129,true,22.549020,15.000000,-7.549020,46.078431,50.000000,3.921569,6.862745,7.500000,0.637255,7.843137,12.500000,4.656863,9.803922,5.000000,-4.803922,2.941176,2.500000,-0.441176,72.027972,60.447761,-11.580211,143,134
01058130,true,24.186456,14.404432,-9.782023,30.606860,38.042475,7.435614,19.349164,26.869806,7.520642,12.401055,6.740536,-5.660520,3.518030,1.477378,-2.040652,4.397537,1.108033,-3.289504,79.143646,75.715283,-3.428364,1448,1433
01058131,true,17.021277,12.500000,-4.521277,36.170213,41.666667,5.496454,14.893617,8.333333,-6.560284,8.510638,18.750000,10.239362,8.510638,10.416667,1.906028,4.255319,2.083333,-2.171986,72.307692,64.000000,-8.307692,65,75
01058132,true,23.015873,12.765957,-10.249916,39.682540,53.191489,13.508950,11.904762,10.638298,-1.266464,15.079365,6.382979,-8.696386,0.793651,2.127660,1.334009,3.174603,1.063830,-2.110773,78.698225,55.172414,-23.525811,169,174
01058133,true,32.142857,10.126582,-22.016275,34.523810,40.506329,5.982520,21.428571,34.177215,12.748644,3.571429,5.063291,1.491863,2.380952,0.000000,-2.380952,1.190476,0.000000,-1.190476,69.105691,65.573770,-3.531921,123,122
01058134,true,16.589862,12.222222,-4.367640,47.465438,52.222222,4.756784,9.216590,15.555556,6.338966,14.285714,7.777778,-6.507937,5.069124,1.111111,-3.958013,0.000000,0.555556,0.555556,65.191740,51.274788,-13.916953,339,353
01058135,true,29.973776,16.849994,-13.123782,27.840909,40.795358,12.954449,12.989510,15.121480,2.131969,9.152098,5.016318,-4.135780,6.826923,5.983319,-0.843604,4.580420,2.344978,-2.235442,53.601783,40.179389,-13.422394,21531,20737
01058136,true,29.340278,17.419355,-11.920923,28.819444,47.956989,19.137545,11.284722,10.537634,-0.747088,11.979167,7.526882,-4.452285,9.201389,4.946237,-4.255152,2.951389,0.430108,-2.521281,65.202703,53.242321,-11.960382,888,879
01058137,true,23.010920,16.094033,-6.916888,33.775351,40.325497,6.550146,10.296412,17.540687,7.244275,10.842434,6.329114,-4.513320,6.942278,3.797468,-3.144809,3.744150,1.627486,-2.116663,59.357798,50.362319,-8.995479,2180,1104
01058138,true,20.557491,9.375000,-11.182491,38.327526,42.857143,4.529617,19.860627,17.857143,-2.003484,9.407666,11.160714,1.753049,3.832753,4.910714,1.077962,1.393728,0.446429,-0.947300,72.979798,57.692308,-15.287490,396,390
01058139,true,24.768519,15.691489,-9.077029,35.648148,42.553191,6.905043,13.425926,14.361702,0.935776,12.500000,10.372340,-2.127660,4.398148,3.989362,-0.408786,2.083333,1.329787,-0.753546,64.888889,52.361111,-12.527778,675,720
01058140,true,32.732372,20.215957,-12.516415,31.931090,45.890822,13.959732,10.056090,11.697660,1.641571,8.934295,4.079184,-4.855111,5.608974,4.919016,-0.689958,2.604167,0.899820,-1.704347,66.850249,44.123061,-22.727188,3813,3803
01058141,true,14.500000,11.594203,-2.905797,37.500000,34.782609,-2.717391,21.500000,28.985507,7.485507,10.000000,7.246377,-2.753623,6.500000,5.797101,-0.702899,2.500000,2.173913,-0.326087,64.536741,45.016077,-19.520664,313,311
01058142,true,20.000000,12.028302,-7.971698,37.196262,45.518868,8.322606,21.308411,24.292453,2.984042,7.850467,4.952830,-2.897637,3.925234,2.358491,-1.566743,3.925234,2.358491,-1.566743,64.933495,51.820388,-13.113106,827,824
01058143,true,17.037037,8.256881,-8.780156,37.777778,52.293578,14.515800,8.888889,15.596330,6.707441,20.000000,11.926606,-8.073394,8.888889,4.587156,-4.301733,1.481481,0.000000,-1.481481,61.818182,49.775785,-12.042397,220,223
01058144,true,16.964286,5.405405,-11.558880,41.964286,46.846847,4.882561,17.857143,15.315315,-2.541828,10.714286,8.108108,-2.606178,1.785714,2.702703,0.916988,2.678571,0.000000,-2.678571,70.987654,62.711864,-8.275790,162,177
01058145,true,16.990291,14.285714,-2.704577,33.980583,43.650794,9.670211,14.563107,13.492063,-1.071043,12.135922,3.968254,-8.167668,11.165049,6.349206,-4.815842,3.398058,2.380952,-1.017106,81.640625,49.420849,-32.219776,256,259
01058146,true,21.829522,10.175439,-11.654083,43.035343,52.631579,9.596236,11.226611,17.192982,5.966371,9.355509,3.508772,-5.846737,2.910603,4.912281,2.001678,2.079002,2.105263,0.026261,78.190630,49.740035,-28.450595,619,577
01058147,true,23.185012,10.334347,-12.850665,39.812646,53.799392,13.986746,10.070258,15.197568,5.127311,14.051522,5.471125,-8.580398,4.215457,4.559271,0.343814,3.044496,1.215805,-1.828691,68.690096,50.766871,-17.923225,626,652
01058148,true,26.250000,18.067227,-8.182773,37.142857,49.789916,12.647059,12.678571,14.915966,2.237395,11.964286,7.563025,-4.401261,1.607143,0.840336,-0.766807,2.500000,1.050420,-1.449580,60.255048,52.538631,-7.716416,941,906
01058150,true,22.709387,14.368819,-8.340568,33.445756,34.904014,1.458258,14.896009,24.432810,9.536801,13.209668,9.133217,-4.076451,4.215852,3.548575,-0.667277,3.316470,1.512507,-1.803963,77.208100,73.031329,-4.176771,2321,2362
01058151,true,25.555556,11.515152,-14.040404,40.555556,51.515152,10.959596,9.444444,9.696970,0.252525,5.555556,3.636364,-1.919192,11.111111,10.909091,-0.202020,2.777778,0.606061,-2.171717,59.933775,56.122449,-3.811326,302,294
01058152,true,29.892473,16.791045,-13.101428,32.903226,39.925373,7.022147,13.548387,19.216418,5.668031,10.322581,5.970149,-4.352431,4.731183,5.783582,1.052399,2.365591,1.305970,-1.059621,65.963432,76.197183,10.233751,711,710
01058153,true,18.584071,9.195402,-9.388668,38.053097,33.333333,-4.719764,21.238938,24.137931,2.898993,9.734513,11.494253,1.759740,7.079646,4.597701,-2.481945,1.769912,2.298851,0.528939,69.753086,56.129032,-13.624054,162,155
01058154,true,21.301775,9.790210,-11.511565,36.094675,44.055944,7.961269,10.650888,9.790210,-0.860678,5.325444,2.797203,-2.528241,5.917160,10.489510,4.572351,2.366864,0.699301,-1.667563,63.773585,53.903346,-9.870239,265,269
01058155,true,21.782178,8.426966,-13.355212,52.475248,57.865169,5.389921,6.930693,11.235955,4.305262,10.396040,10.674157,0.278118,0.495050,4.494382,3.999333,0.000000,0.000000,0.000000,66.885246,59.866221,-7.019025,305,299
01058156,true,19.211823,9.259259,-9.952563,47.290640,57.407407,10.116767,8.866995,8.641975,-0.225020,10.344828,9.259259,-1.085568,4.926108,5.555556,0.629447,2.955665,0.000000,-2.955665,70.469799,57.894737,-12.575062,298,285
01058157,true,13.789683,9.334657,-4.455025,36.011905,38.232373,2.220469,11.607143,23.336643,11.729501,30.456349,18.470705,-11.985644,2.678571,2.482622,-0.195950,1.884921,0.695134,-1.189787,85.151007,84.066390,-1.084617,1192,1205
01058159,true,16.959064,9.558824,-7.400241,54.970760,62.500000,7.529240,10.526316,8.823529,-1.702786,7.602339,9.558824,1.956484,4.093567,3.676471,-0.417097,1.169591,0.000000,-1.169591,65.283019,51.636364,-13.646655,265,275
01058160,true,23.300971,14.473684,-8.827287,35.922330,47.368421,11.446091,11.650485,9.210526,-2.439959,9.708738,11.842105,2.133367,4.854369,5.263158,0.408789,5.825243,2.631579,-3.193664,81.102362,63.114754,-17.987608,127,122
01058161,true,15.492958,3.703704,-11.789254,47.183099,48.888889,1.705790,9.859155,13.333333,3.474178,11.267606,11.851852,0.584246,7.042254,5.185185,-1.857068,4.225352,0.740741,-3.484611,67.741935,65.238095,-2.503840,217,210
01058162,true,23.222749,13.461538,-9.761210,36.966825,48.717949,11.751124,10.426540,17.307692,6.881152,16.113744,6.410256,-9.703488,2.843602,3.205128,0.361526,3.317536,3.846154,0.528618,60.683761,50.641026,-10.042735,351,312
01058163,true,20.315236,12.854031,-7.461206,39.754816,45.315904,5.561088,15.061296,15.468410,0.407114,9.807356,6.535948,-3.271408,5.429072,3.703704,-1.725368,2.101576,0.871460,-1.230116,64.134078,50.879121,-13.254957,895,910
01058164,true,24.408015,13.596491,-10.811523,40.437158,52.631579,12.194420,9.653916,11.184211,1.530294,11.475410,8.114035,-3.361375,5.464481,4.824561,-0.639919,2.732240,0.877193,-1.855047,63.995354,52.168950,-11.826404,861,876
01058165,true,27.395210,13.644860,-13.750350,32.634731,39.813084,7.178354,16.467066,18.878505,2.411439,8.383234,7.476636,-0.906598,4.940120,4.859813,-0.080307,2.694611,2.242991,-0.451620,65.145631,53.339980,-11.805651,1030,1003
01058166,true,18.304172,16.176471,-2.127702,42.664872,41.544118,-1.120754,9.421265,13.051471,3.630205,11.978466,6.985294,-4.993172,5.518170,5.698529,0.180360,3.768506,1.838235,-1.930271,62.011638,45.552785,-16.458853,1203,1203
01058167,true,17.880795,10.655738,-7.225057,50.331126,48.360656,-1.970470,9.271523,17.213115,7.941592,9.271523,9.836066,0.564542,3.973510,4.918033,0.944523,1.324503,0.819672,-0.504831,62.551440,45.864662,-16.686779,243,266
01058168,true,19.546742,10.740741,-8.806001,36.260623,45.925926,9.665303,16.997167,19.259259,2.262092,9.065156,7.037037,-2.028119,7.648725,5.185185,-2.463540,3.966006,0.000000,-3.966006,60.236887,45.242070,-14.994817,591,599
01058169,true,24.067022,14.022518,-10.044504,35.948210,50.870010,14.921800,14.623001,13.920164,-0.702837,12.414318,6.550665,-5.863653,5.407464,5.322416,-0.085048,2.437167,1.125896,-1.311271,71.099196,50.591868,-20.507327,1865,1943
01058170,true,26.781857,13.766234,-13.015624,32.613391,42.597403,9.984012,14.830814,21.731602,6.900788,10.439165,6.580087,-3.859078,6.263499,5.194805,-1.068694,3.815695,1.818182,-1.997513,59.957356,49.849979,-10.107378,2345,2333
01058171,true,23.248731,13.793103,-9.455628,30.862944,38.685345,7.822401,21.928934,26.508621,4.579687,9.847716,6.250000,-3.597716,5.482234,3.340517,-2.141716,3.756345,1.724138,-2.032207,77.162899,74.464711,-2.698189,1283,1261
01058172,true,25.122951,12.196382,-12.926568,35.655738,51.576227,15.920490,13.442623,15.400517,1.957894,9.713115,5.219638,-4.493477,5.819672,5.167959,-0.651713,2.786885,1.136951,-1.649934,58.712753,47.247150,-11.465603,4195,4123
01058173,true,22.467772,16.551724,-5.916048,34.622468,38.850575,4.228107,15.285451,18.390805,3.105353,8.103131,4.137931,-3.965200,5.893186,2.988506,-2.904680,3.683241,0.459770,-3.223471,62.328767,50.696056,-11.632711,876,862
01058174,true,23.529412,17.587940,-5.941472,40.336134,42.713568,2.377433,10.924370,20.100503,9.176133,10.924370,4.020101,-6.904269,6.302521,4.522613,-1.779908,2.100840,1.507538,-0.593303,56.074766,45.852535,-10.222232,428,434
01058175,true,18.217054,21.321321,3.104267,32.945736,33.033033,0.087297,21.317829,20.120120,-1.197709,10.852713,6.906907,-3.945806,3.488372,4.204204,0.715832,3.100775,0.300300,-2.800475,64.837905,81.310680,16.472774,401,412
01059001,true,15.428571,11.564626,-3.863946,43.428571,50.340136,6.911565,14.857143,11.564626,-3.292517,12.571429,5.442177,-7.129252,2.857143,2.721088,-0.136054,3.428571,0.000000,-3.428571,67.829457,54.379562,-13.449895,258,274
01059002,true,23.353293,10.552764,-12.800530,22.155689,25.628141,3.472452,26.347305,41.708543,15.361237,11.976048,2.512563,-9.463485,0.598802,1.005025,0.406223,3.592814,2.512563,-1.080252,65.369650,81.557377,16.187727,257,244
01059005,true,25.368732,9.411765,-15.956967,41.297935,54.705882,13.407947,11.504425,14.411765,2.907340,10.029499,2.352941,-7.676557,5.014749,7.352941,2.338192,2.654867,0.882353,-1.772514,59.685864,56.157635,-3.528228,573,609
01059006,true,21.247113,11.083744,-10.163369,28.175520,40.394089,12.218569,15.011547,16.256158,1.244610,9.237875,4.679803,-4.558072,3.926097,2.709360,-1.216737,6.004619,1.477833,-4.526786,69.887279,66.503268,-3.384011,621,612
01059008,true,29.001368,13.549337,-15.452031,35.841313,48.600884,12.759570,10.259918,11.340206,1.080288,9.028728,4.860088,-4.168639,4.240766,4.712813,0.472047,2.462380,1.325479,-1.136902,61.686144,58.184902,-3.501241,1198,1179
01059009,true,20.626632,9.567901,-11.058731,41.514360,54.012346,12.497985,11.749347,12.037037,0.287690,11.749347,6.481481,-5.267866,4.699739,3.703704,-0.996035,2.872063,1.543210,-1.328853,62.908497,51.100629,-11.807868,612,636
01059010,true,17.647059,8.564536,-9.082523,39.855942,49.819059,9.963117,12.605042,14.354644,1.749602,10.684274,4.101327,-6.582947,4.561825,5.548854,0.987029,3.001200,1.085645,-1.915555,69.626556,69.941226,0.314670,1205,1191
01059012,true,22.699387,15.686275,-7.013112,28.220859,42.483660,14.262801,21.165644,25.163399,3.997755,14.723926,3.267974,-11.455953,4.294479,2.287582,-2.006897,2.147239,0.326797,-1.820442,56.357388,48.188976,-8.168412,582,635
01059018,true,24.020619,11.502030,-12.518589,32.371134,50.202977,17.831843,11.443299,12.584574,1.141275,12.577320,6.630582,-5.946738,5.979381,4.194858,-1.784524,1.752577,1.082544,-0.670033,59.322034,44.852498,-14.469535,1652,1661
01059019,true,23.605948,13.894737,-9.711211,31.598513,46.947368,15.348855,12.267658,9.263158,-3.004500,8.921933,4.421053,-4.500880,2.973978,4.842105,1.868128,3.159851,1.052632,-2.107220,58.868335,49.276860,-9.591476,919,968
01059020,true,17.959184,10.000000,-7.959184,41.224490,52.380952,11.156463,12.244898,7.142857,-5.102041,11.020408,8.571429,-2.448980,6.530612,4.761905,-1.768707,3.673469,0.476190,-3.197279,53.347732,44.820296,-8.527436,463,473
01059023,true,21.573034,12.954545,-8.618488,38.876404,46.590909,7.714505,14.382022,12.727273,-1.654750,8.314607,5.227273,-3.087334,4.719101,3.863636,-0.855465,2.921348,0.681818,-2.239530,69.076923,70.270270,1.193347,650,629
01059024,true,25.355191,13.569682,-11.785509,47.759563,58.190709,10.431146,7.650273,8.312958,0.662685,7.978142,5.501222,-2.476920,2.622951,4.645477,2.022526,2.404372,0.244499,-2.159873,58.120722,48.387097,-9.733625,1607,1705
01059026,true,19.923372,11.077543,-8.845829,38.697318,48.036254,9.338936,14.329502,18.429003,4.099501,12.107280,7.150050,-4.957229,4.750958,4.229607,-0.521351,2.145594,1.208459,-0.937135,62.422803,45.983380,-16.439423,2105,2166
01059032,true,25.352113,13.529412,-11.822701,23.474178,44.117647,20.643469,19.718310,14.705882,-5.012428,10.328638,5.294118,-5.034521,2.347418,1.764706,-0.582712,2.816901,1.176471,-1.640431,68.690096,55.374593,-13.315503,313,307
01059034,true,28.358209,18.120805,-10.237404,22.388060,34.228188,11.840128,26.119403,17.449664,-8.669739,6.716418,6.711409,-0.005009,2.238806,1.342282,-0.896524,5.223881,2.013423,-3.210458,68.367347,76.142132,7.774785,196,197
01059035,true,23.419204,11.140584,-12.278620,39.344262,51.193634,11.849372,10.304450,10.875332,0.570882,10.304450,5.835544,-4.468906,3.747073,4.774536,1.027463,1.170960,0.530504,-0.640456,56.538970,48.792884,-7.746085,757,787
01059037,true,22.680412,10.492505,-12.187907,34.845361,48.179872,13.334511,11.546392,11.134904,-0.411488,7.010309,2.141328,-4.868982,3.505155,6.209850,2.704695,1.855670,1.498929,-0.356741,67.777778,66.339411,-1.438367,720,713
01059039,true,14.285714,7.185629,-7.100086,45.205479,53.093812,7.888333,13.698630,12.574850,-1.123780,7.045010,3.792415,-3.252595,5.088063,4.590818,-0.497244,3.718200,0.399202,-3.318998,65.031447,63.295880,-1.735566,795,801
01059041,true,23.399558,9.750567,-13.648992,35.982340,48.072562,12.090222,14.790287,17.913832,3.123545,8.830022,5.215420,-3.614603,3.973510,2.267574,-1.705936,1.766004,0.226757,-1.539247,70.170015,70.295490,0.125474,647,643
01059042,true,24.151697,11.764706,-12.386991,29.540918,42.393509,12.852591,15.568862,14.401623,-1.167240,9.980040,4.868154,-5.111886,6.187625,7.099391,0.911767,2.594810,1.014199,-1.580612,71.827057,68.888889,-2.938168,717,720
01059043,true,26.030369,13.875598,-12.154771,29.284165,44.258373,14.974208,8.242950,8.612440,0.369490,11.496746,5.741627,-5.755119,8.242950,9.090909,0.847959,2.819957,0.478469,-2.341488,59.821429,50.540216,-9.281212,784,833
01059044,true,21.611983,12.546584,-9.065399,38.445078,49.689441,11.244363,9.914408,10.434783,0.520375,9.771755,6.211180,-3.560575,6.205421,3.478261,-2.727160,2.567760,0.869565,-1.698195,64.353741,65.241935,0.888194,2205,1240
01059045,true,26.637459,15.186578,-11.450881,31.785323,46.948221,15.162898,12.376780,15.707261,3.330481,11.412924,4.715071,-6.697854,5.016429,3.384437,-1.631992,3.439211,1.851316,-1.587895,62.036912,47.947274,-14.089638,7423,7283
01059049,true,29.921260,14.509804,-15.411456,35.433071,42.352941,6.919870,9.842520,13.725490,3.882971,7.480315,5.490196,-1.990119,5.511811,5.098039,-0.413772,1.968504,1.176471,-0.792033,68.253968,67.819149,-0.434819,378,376
01059050,true,17.037037,11.111111,-5.925926,45.925926,55.555556,9.629630,8.888889,9.401709,0.512821,11.111111,3.846154,-7.264957,4.074074,4.273504,0.199430,1.851852,0.000000,-1.851852,60.986547,53.619910,-7.366638,446,442
01059051,true,22.905028,8.552632,-14.352396,41.340782,51.973684,10.632902,5.586592,11.184211,5.597618,8.379888,7.894737,-0.485151,6.703911,4.605263,-2.098647,4.469274,0.000000,-4.469274,66.666667,54.642857,-12.023810,273,280
01059053,true,26.325411,13.687436,-12.637975,35.831810,50.766088,14.934278,10.822669,11.389173,0.566504,11.005484,5.873340,-5.132144,5.923218,4.954035,-0.969183,2.120658,1.481103,-0.639555,51.455224,36.219602,-15.235622,5360,5428
01059055,true,17.419355,8.783784,-8.635571,27.741935,45.270270,17.528335,16.129032,15.540541,-0.588492,16.774194,6.081081,-10.693112,3.225806,2.702703,-0.523104,4.516129,1.351351,-3.164778,73.239437,67.727273,-5.512164,213,220
01059056,true,24.369748,13.978495,-10.391253,24.369748,37.634409,13.264661,11.764706,15.053763,3.289058,7.563025,2.150538,-5.412488,10.924370,6.451613,-4.472757,3.361345,0.000000,-3.361345,60.000000,52.197802,-7.802198,200,182
01059057,true,20.684292,10.866142,-9.818151,35.458787,46.771654,11.312867,15.241058,14.645669,-0.595388,8.398134,5.984252,-2.413882,4.665630,4.409449,-0.256181,4.199067,0.472441,-3.726626,70.851528,70.517052,-0.334477,916,909
01059058,true,13.445378,6.624606,-6.820772,48.459384,64.353312,15.893929,9.523810,8.201893,-1.321917,14.285714,9.463722,-4.821992,5.042017,1.892744,-3.149272,2.801120,2.208202,-0.592919,62.891986,55.478261,-7.413725,574,575
01059060,true,26.072607,11.604096,-14.468512,32.508251,43.344710,10.836459,13.861386,18.600683,4.739296,8.580858,2.730375,-5.850483,2.970297,3.412969,0.442672,4.620462,1.877133,-2.743329,76.633166,74.401009,-2.232157,796,793
01059062,true,23.870056,13.908206,-9.961851,31.214689,42.559110,11.344421,17.796610,17.524339,-0.272271,9.604520,3.755216,-5.849304,2.824859,4.311544,1.486685,1.694915,1.251739,-0.443177,77.391304,74.611399,-2.779905,920,965
01059063,true,33.937824,18.157182,-15.780642,20.725389,32.520325,11.794937,10.621762,15.718157,5.096396,8.031088,3.523035,-4.508053,4.922280,5.691057,0.768777,4.145078,0.542005,-3.603072,70.577617,67.811935,-2.765682,554,553
01059065,true,16.666667,11.392405,-5.274262,34.444444,49.367089,14.922644,17.777778,15.189873,-2.587904,10.000000,1.265823,-8.734177,5.555556,1.265823,-4.289733,5.555556,1.265823,-4.289733,79.824561,77.358491,-2.466071,114,106
01059067,true,18.604651,15.294118,-3.310534,34.108527,50.588235,16.479708,9.302326,10.000000,0.697674,20.155039,10.000000,-10.155039,3.875969,2.352941,-1.523028,3.875969,1.764706,-2.111263,52.000000,67.578125,15.578125,250,256
01059068,true,32.094595,16.369048,-15.725547,31.418919,44.345238,12.926319,15.878378,15.476190,-0.402188,8.108108,4.761905,-3.346203,2.364865,5.952381,3.587516,1.351351,0.595238,-0.756113,57.361377,65.503876,8.142499,523,516
01059070,true,23.026316,10.625000,-12.401316,26.973684,35.625000,8.651316,20.394737,25.625000,5.230263,7.894737,10.000000,2.105263,6.578947,4.375000,-2.203947,3.289474,1.875000,-1.414474,78.571429,79.207921,0.636492,196,202
01059072,true,20.714286,8.633094,-12.081192,39.285714,51.079137,11.793422,19.285714,7.913669,-11.372045,6.428571,7.194245,0.765673,2.142857,1.438849,-0.704008,0.714286,0.719424,0.005139,77.472527,77.348066,-0.124461,182,181
01059073,true,22.820237,12.385321,-10.434916,33.046286,42.087156,9.040870,17.976319,17.889908,-0.086410,10.118407,5.045872,-5.072535,4.413348,3.899083,-0.514265,1.829925,1.261468,-0.568457,71.026616,67.150497,-3.876119,1315,1309
01059074,true,28.971963,13.809524,-15.162439,29.439252,42.380952,12.941700,16.822430,16.666667,-0.155763,7.009346,5.714286,-1.295060,3.271028,3.809524,0.538496,5.140187,2.857143,-2.283044,71.287129,67.741935,-3.545193,303,310
01059075,true,26.617262,14.941624,-11.675638,26.373147,39.000394,12.627246,14.202267,16.712580,2.510314,10.523104,5.378460,-5.144644,5.422842,4.932441,-0.490401,3.993025,1.941493,-2.051532,57.565071,38.299990,-19.265080,20132,20094
01059076,true,25.000000,13.148789,-11.851211,31.547619,40.830450,9.282831,11.904762,19.031142,7.126380,5.952381,3.114187,-2.838194,2.678571,3.114187,0.435615,5.059524,2.422145,-2.637378,76.696833,67.053364,-9.643468,442,431
01059077,true,25.719770,15.251989,-10.467780,36.084453,49.005305,12.920852,10.300704,11.007958,0.707254,8.701216,5.437666,-3.263550,5.118362,2.785146,-2.333216,1.535509,1.458886,-0.076623,69.795374,67.168808,-2.626566,2248,2257
01059078,true,19.565217,10.052910,-9.512307,34.782609,43.386243,8.603635,16.996047,19.576720,2.580672,10.869565,4.497354,-6.372211,4.743083,5.555556,0.812473,2.964427,1.322751,-1.641676,70.416667,54.741379,-15.675287,720,696
01059079,true,21.583333,11.648893,-9.934441,40.083333,49.056604,8.973270,8.500000,9.844135,1.344135,12.833333,7.136998,-5.696336,6.250000,6.152584,-0.097416,2.083333,0.656276,-1.427058,66.978536,63.239075,-3.739461,1817,1945
01059080,true,31.910112,18.403548,-13.506565,27.640449,40.576497,12.936047,13.932584,19.512195,5.579611,6.741573,3.991131,-2.750442,1.573034,1.330377,-0.242657,3.595506,2.439024,-1.156481,71.496815,68.627451,-2.869364,628,663
01059081,true,22.954545,14.125561,-8.828985,39.318182,45.291480,5.973298,12.727273,12.556054,-0.171219,8.863636,3.363229,-5.500408,3.863636,4.260090,0.396453,2.045455,1.121076,-0.924378,65.773810,63.239437,-2.534373,672,710
01059082,true,21.969697,13.144330,-8.825367,40.151515,42.268041,2.116526,12.121212,14.175258,2.054046,9.343434,4.123711,-5.219723,3.787879,3.350515,-0.437363,1.515152,0.515464,-0.999688,73.518519,69.713262,-3.805257,540,558
01059083,true,26.245387,13.198653,-13.046734,31.503690,43.434343,11.930653,12.130996,13.535354,1.404357,10.654982,4.377104,-6.277877,3.044280,3.569024,0.524743,2.583026,1.683502,-0.899524,64.092101,40.789116,-23.302986,3431,3675
01059084,true,22.433460,11.507937,-10.925524,41.444867,48.015873,6.571006,15.209125,15.476190,0.267065,7.604563,3.174603,-4.429960,3.422053,2.777778,-0.644275,1.140684,0.396825,-0.743859,69.816273,66.579634,-3.236639,381,383
01059086,true,20.736434,12.452107,-8.284327,36.627907,44.827586,8.199679,13.372093,17.049808,3.677715,11.627907,4.214559,-7.413348,2.325581,4.980843,2.655262,3.875969,1.915709,-1.960260,69.811321,69.593709,-0.217612,742,763
01059087,true,22.014925,10.070258,-11.944668,47.014925,59.250585,12.235660,8.022388,9.601874,1.579485,8.955224,4.449649,-4.505575,4.664179,5.854801,1.190622,2.425373,1.639344,-0.786029,69.458763,54.789272,-14.669491,776,783
01059088,true,16.265060,10.126582,-6.138478,50.602410,48.101266,-2.501144,1.807229,1.898734,0.091505,9.036145,5.696203,-3.339942,11.445783,13.291139,1.845356,4.819277,1.265823,-3.553454,70.040486,67.078189,-2.962297,247,243
01059090,true,29.166667,14.003945,-15.162722,31.423611,39.644970,8.221359,10.937500,13.017751,2.080251,8.159722,4.930966,-3.228756,3.645833,5.719921,2.074088,2.777778,1.972387,-0.805391,67.873832,59.001161,-8.872670,856,861
01059092,true,20.927467,10.532544,-10.394923,44.351962,55.502959,11.150997,9.393579,9.940828,0.547249,10.463734,6.627219,-3.836515,3.329370,4.615385,1.286015,0.832342,0.946746,0.114403,65.765070,65.210728,-0.554342,1294,1305
01059093,true,23.605150,11.386139,-12.219012,21.030043,37.623762,16.593719,21.459227,22.277228,0.818000,14.163090,6.435644,-7.727447,5.579399,3.960396,-1.619003,3.862661,0.990099,-2.872562,66.571429,61.261261,-5.310167,350,333
01059094,true,22.935780,13.563218,-9.372561,27.981651,42.068966,14.087314,23.394495,22.988506,-0.405990,10.321101,5.517241,-4.803860,3.211009,2.298851,-0.912159,2.522936,1.149425,-1.373510,77.312391,72.305141,-5.007250,573,603
01059095,true,21.212121,10.924370,-10.287751,34.848485,35.294118,0.445633,18.181818,27.731092,9.549274,11.363636,4.201681,-7.161956,0.757576,1.680672,0.923097,6.060606,4.201681,-1.858925,66.500000,62.564103,-3.935897,200,195
01059096,true,18.930041,11.255411,-7.674630,40.329218,49.783550,9.454332,17.283951,9.523810,-7.760141,10.288066,3.463203,-6.824862,3.703704,6.926407,3.222703,1.234568,1.298701,0.064133,62.686567,57.985258,-4.701309,402,407
01059097,true,18.243243,12.359551,-5.883693,42.905405,49.438202,6.532797,12.837838,14.232210,1.394372,8.445946,3.370787,-5.075159,3.040541,3.370787,0.330246,2.702703,2.996255,0.293552,72.182254,70.312500,-1.869754,417,384
01059098,true,27.757125,17.551020,-10.206105,29.863693,44.489796,14.626103,15.489467,14.965986,-0.523481,8.178439,3.537415,-4.641024,3.221809,3.265306,0.043497,1.363073,1.088435,-0.274638,71.756399,66.757001,-4.999398,1133,1107
01059101,true,17.857143,9.767442,-8.089701,30.158730,35.813953,5.655223,23.412698,26.511628,3.098929,7.539683,4.651163,-2.888520,2.777778,2.325581,-0.452196,3.174603,1.395349,-1.779254,71.794872,62.285714,-9.509158,351,350
01059102,true,30.081301,12.264151,-17.817150,34.146341,51.886792,17.740451,12.195122,11.320755,-0.874367,5.691057,2.830189,-2.860868,3.252033,3.773585,0.521552,1.626016,1.886792,0.260776,75.609756,65.243902,-10.365854,164,164
01059103,true,21.895425,11.355311,-10.540113,28.431373,32.967033,4.535660,21.241830,23.076923,1.835093,7.843137,6.593407,-1.249731,1.960784,4.029304,2.068520,3.267974,2.197802,-1.070172,66.522678,61.348315,-5.174364,463,445
01059105,true,21.568627,14.000000,-7.568627,33.333333,40.000000,6.666667,5.882353,8.000000,2.117647,11.764706,12.000000,0.235294,7.843137,2.000000,-5.843137,1.960784,0.000000,-1.960784,61.445783,55.434783,-6.011001,83,92
01059106,true,20.577617,9.736308,-10.841309,35.920578,43.002028,7.081451,14.801444,17.241379,2.439935,10.469314,6.896552,-3.572762,3.429603,4.259635,0.830032,2.346570,1.014199,-1.332372,66.387560,57.407407,-8.980152,836,864
01059107,true,26.068376,14.269275,-11.799101,33.974359,43.843498,9.869139,8.012821,8.745685,0.732864,8.012821,5.868815,-2.144006,4.380342,5.523590,1.143248,2.136752,0.920598,-1.216154,52.173913,43.454455,-8.719458,1817,2009
01059109,true,21.367521,8.978328,-12.389193,37.891738,46.439628,8.547891,19.373219,20.743034,1.369815,7.122507,6.501548,-0.620959,0.569801,1.238390,0.668590,2.849003,0.309598,-2.539405,55.312500,52.083333,-3.229167,640,624
01059112,true,24.575425,10.765550,-13.809874,35.264735,49.162679,13.897944,9.990010,15.789474,5.799464,11.888112,4.066986,-7.821126,5.494505,5.143541,-0.350965,2.597403,1.435407,-1.161996,59.611993,47.285954,-12.326039,1701,1787
01059113,true,20.148190,13.087935,-7.060256,34.853235,42.290389,7.437154,14.163579,18.200409,4.036830,13.109148,7.075665,-6.033483,4.844685,2.249489,-2.595196,2.735822,1.063395,-1.672427,71.301894,47.631935,-23.669959,4962,5173
01059115,true,24.388632,12.451057,-11.937575,29.808328,39.310885,9.502557,14.474554,13.703994,-0.770560,9.517515,6.186374,-3.331141,3.767350,4.385278,0.617928,2.511566,1.174628,-1.336938,60.631495,49.009901,-11.621594,2502,2626
01059116,true,23.382046,9.067688,-14.314358,34.029228,44.061303,10.032075,10.647182,15.836526,5.189345,8.246347,5.236271,-3.010076,4.384134,2.937420,-1.446713,4.279749,0.893997,-3.385752,65.519568,54.313320,-11.206249,1482,1449
01059118,true,24.726477,11.358025,-13.368452,38.512035,47.407407,8.895372,16.192560,19.753086,3.560526,6.783370,2.222222,-4.561148,2.407002,4.691358,2.284356,2.844639,1.234568,-1.610071,64.656381,55.464481,-9.191901,713,732
01059120,true,23.522295,13.855582,-9.666713,27.151746,32.480682,5.328937,11.113031,15.214495,4.101464,8.226754,5.435651,-2.791103,4.787418,3.703704,-1.083714,3.335638,1.252331,-2.083306,66.449846,42.376481,-24.073365,8763,8946
01059121,true,28.175520,14.778325,-13.397195,37.413395,50.738916,13.325521,13.856813,13.793103,-0.063709,9.006928,2.955665,-6.051263,3.002309,4.187192,1.184883,2.078522,1.477833,-0.600689,62.660944,54.691689,-7.969255,699,746
01059123,true,17.469880,8.681672,-8.788207,38.253012,49.517685,11.264673,9.638554,9.646302,0.007748,8.433735,6.430868,-2.002867,6.325301,3.858521,-2.466780,0.602410,0.321543,-0.280866,68.788501,62.178218,-6.610283,487,505
01059124,true,16.250000,8.928571,-7.321429,50.000000,46.428571,-3.571429,10.000000,14.285714,4.285714,2.500000,3.571429,1.071429,1.250000,1.785714,0.535714,0.000000,0.000000,0.000000,58.394161,43.076923,-15.317238,137,130
01059126,true,22.379603,10.160428,-12.219176,35.410765,44.385027,8.974262,17.280453,21.568627,4.288174,8.498584,4.099822,-4.398762,2.124646,2.852050,0.727404,4.107649,1.960784,-2.146864,70.594059,55.004859,-15.589200,1010,1029
01059127,true,25.302245,13.948498,-11.353747,32.037997,40.236052,8.198055,13.816926,19.635193,5.818267,8.462867,4.828326,-3.634541,2.936097,2.575107,-0.360989,2.849741,1.824034,-1.025707,62.352941,49.605055,-12.747886,1870,1899
01059128,true,18.309859,14.285714,-4.024145,43.192488,47.252747,4.060259,9.389671,8.791209,-0.598463,12.206573,6.043956,-6.162617,1.877934,4.945055,3.067121,3.286385,1.098901,-2.187484,62.463343,52.285714,-10.177629,341,350
01059129,true,18.421053,8.783784,-9.637269,41.447368,38.513514,-2.933855,6.578947,22.297297,15.718350,8.552632,6.081081,-2.471550,3.947368,4.054054,0.106686,3.289474,1.351351,-1.938122,61.943320,60.569106,-1.374214,247,246
01059131,true,26.078799,12.422360,-13.656439,33.020638,42.236025,9.215387,12.007505,12.215321,0.207816,6.941839,4.554865,-2.386973,3.564728,5.590062,2.025334,2.439024,0.828157,-1.610867,67.635904,58.787879,-8.848025,791,825
01059132,true,24.585635,13.134328,-11.451307,39.779006,47.761194,7.982189,10.220994,9.850746,-0.370248,11.049724,5.970149,-5.079575,2.762431,2.388060,-0.374371,3.867403,0.895522,-2.971881,61.008403,51.857585,-9.150818,595,646
01059136,true,22.480620,15.454545,-7.026075,35.658915,40.000000,4.341085,12.403101,21.818182,9.415081,13.178295,6.363636,-6.814658,3.875969,0.909091,-2.966878,2.325581,0.909091,-1.416490,62.926829,52.073733,-10.853097,205,217
01059137,true,21.822850,13.249211,-8.573638,33.119384,39.589905,6.470522,17.329910,24.132492,6.802582,9.370988,3.785489,-5.585499,5.391528,2.523659,-2.867868,1.925546,1.419558,-0.505987,61.197512,47.608371,-13.589141,1286,1338
01059138,true,19.260700,14.400000,-4.860700,37.354086,53.066667,15.712581,12.062257,8.266667,-3.795590,10.311284,5.333333,-4.977951,4.863813,2.666667,-2.197147,1.945525,0.000000,-1.945525,61.538462,43.554007,-17.984455,845,861
01059141,true,27.365729,13.390313,-13.975416,25.831202,28.774929,2.943727,16.112532,25.925926,9.813394,8.439898,6.267806,-2.172091,1.790281,3.988604,2.198323,4.092072,1.994302,-2.097770,69.734513,61.996497,-7.738016,565,571
01059142,true,29.970326,20.289855,-9.680471,43.620178,49.275362,5.655184,8.308605,12.681159,4.372554,6.528190,2.173913,-4.354277,2.670623,1.086957,-1.583667,1.780415,2.173913,0.393498,63.837638,50.545455,-13.292184,542,550
01059143,true,26.681614,14.246575,-12.435039,36.098655,46.575342,10.476688,9.865471,14.794521,4.929050,7.847534,3.013699,-4.833835,2.914798,2.739726,-0.175072,2.017937,0.547945,-1.469992,61.141304,46.505718,-14.635586,736,787
01059144,true,19.672131,11.782477,-7.889654,38.797814,46.223565,7.425751,12.021858,14.199396,2.177538,8.743169,3.323263,-5.419907,4.644809,4.229607,-0.415201,2.732240,1.208459,-1.523781,66.666667,56.345178,-10.321489,552,591
01059145,true,22.842640,10.612245,-12.230395,34.686971,38.163265,3.476294,14.720812,24.285714,9.564902,11.336717,6.326531,-5.010187,2.199662,4.081633,1.881971,3.722504,1.020408,-2.702096,65.853659,54.006586,-11.847072,902,911
01059147,true,21.538462,12.727273,-8.811189,32.307692,41.818182,9.510490,20.000000,23.636364,3.636364,7.692308,1.818182,-5.874126,1.538462,0.000000,-1.538462,1.538462,1.818182,0.279720,62.616822,50.000000,-12.616822,107,112
01059148,true,21.561338,10.784314,-10.777025,31.226766,52.450980,21.224215,15.613383,15.686275,0.072892,10.408922,6.862745,-3.546177,5.947955,1.960784,-3.987171,2.230483,0.490196,-1.740287,55.263158,43.128964,-12.134194,494,473
01059149,true,25.974026,13.567839,-12.406187,32.467532,44.723618,12.256086,11.688312,14.070352,2.382040,7.359307,4.020101,-3.339207,4.761905,3.517588,-1.244317,3.463203,1.005025,-2.458178,64.887640,52.173913,-12.713727,356,391
01059151,true,19.191919,12.849162,-6.342757,38.383838,48.044693,9.660854,13.131313,13.966480,0.835167,5.050505,3.910615,-1.139891,2.525253,4.469274,1.944021,4.040404,0.558659,-3.481745,77.343750,67.041199,-10.302551,256,267
01059152,true,21.348315,20.779221,-0.569094,49.438202,46.753247,-2.684955,17.977528,12.987013,-4.990515,6.741573,2.597403,-4.144170,3.370787,5.194805,1.824019,0.000000,1.298701,1.298701,67.407407,61.111111,-6.296296,135,126
01059154,true,26.923077,17.279412,-9.643665,32.867133,45.588235,12.721102,10.139860,12.500000,2.360140,10.489510,4.779412,-5.710099,4.195804,3.676471,-0.519334,1.748252,0.367647,-1.380605,57.396450,51.224105,-6.172344,507,531
01059155,true,26.000000,15.503876,-10.496124,34.666667,43.410853,8.744186,10.666667,10.852713,0.186047,12.666667,6.201550,-6.465116,1.333333,3.875969,2.542636,3.333333,3.100775,-0.232558,63.485477,53.061224,-10.424253,241,245
01059157,true,22.580645,8.800000,-13.780645,34.050179,34.000000,-0.050179,17.921147,20.400000,2.478853,5.734767,6.400000,0.665233,6.810036,6.800000,-0.010036,3.225806,3.200000,-0.025806,64.367816,57.967667,-6.400149,435,433
01059158,true,23.409669,13.944954,-9.464715,32.485157,41.467890,8.982733,13.316370,19.266055,5.949685,6.106870,4.770642,-1.336228,4.410517,1.651376,-2.759141,3.138253,0.550459,-2.587794,59.131737,47.837370,-11.294366,2004,1156
01059159,true,22.403004,11.158192,-11.244812,37.421777,45.338983,7.917206,11.639549,14.265537,2.625987,9.511890,4.943503,-4.568387,3.754693,3.813559,0.058866,4.255319,1.129944,-3.125376,61.224490,54.441913,-6.782576,1323,1317
01059161,true,26.134454,12.782402,-13.352052,31.008403,43.460166,12.451763,12.605042,15.101070,2.496028,9.831933,5.469679,-4.362254,3.949580,3.686088,-0.263492,3.025210,1.664685,-1.360525,68.388017,47.723440,-20.664577,3505,3558
01059162,true,23.140496,11.483254,-11.657242,38.429752,44.019139,5.589387,5.785124,11.004785,5.219661,9.917355,5.741627,-4.175729,7.851240,7.177033,-0.674206,3.305785,0.478469,-2.827316,60.794045,54.731458,-6.062587,403,391
01059163,true,22.222222,6.741573,-15.480649,39.682540,61.797753,22.115213,11.111111,12.359551,1.248439,7.936508,1.123596,-6.812912,4.761905,6.741573,1.979668,5.555556,0.000000,-5.555556,63.819095,47.643979,-16.175116,199,191
01059164,true,22.453704,12.044818,-10.408886,32.638889,47.619048,14.980159,17.592593,16.526611,-1.065982,8.796296,5.602241,-3.194055,4.861111,3.081232,-1.779879,2.546296,1.680672,-0.865624,60.332871,51.057828,-9.275043,721,709
01059167,true,23.479491,12.521441,-10.958050,37.057992,46.826758,9.768767,13.154173,17.324185,4.170013,7.779349,3.945111,-3.834238,5.657709,3.259005,-2.398703,1.555870,1.029160,-0.526710,62.930274,51.488616,-11.441657,1133,1142
01059168,true,21.910112,13.380282,-8.529831,35.112360,48.239437,13.127077,17.977528,17.605634,-0.371894,7.865169,4.577465,-3.287704,1.966292,1.760563,-0.205729,5.337079,1.408451,-3.928628,57.348243,48.316498,-9.031744,626,594
01059169,true,19.653179,9.142857,-10.510322,41.040462,50.857143,9.816680,10.404624,12.571429,2.166804,13.872832,6.857143,-7.015690,1.156069,5.714286,4.558216,1.156069,0.000000,-1.156069,64.102564,64.259928,0.157364,273,277
01059171,true,25.864739,13.069909,-12.794830,32.782654,44.376900,11.594246,9.241094,12.512665,3.271570,10.996386,5.116515,-5.879871,3.562210,3.343465,-0.218745,2.374806,1.215805,-1.159001,57.386197,41.338583,-16.047614,3405,4826
01059173,true,21.475054,12.435233,-9.039821,26.464208,34.455959,7.991750,15.401302,15.025907,-0.375395,6.941432,4.145078,-2.796354,4.772234,5.181347,0.409113,5.856833,1.295337,-4.561496,62.398922,50.453956,-11.944966,742,771
01059174,true,22.258592,11.028037,-11.230555,36.743044,40.280374,3.537330,11.947627,16.074766,4.127140,7.774141,6.635514,-1.138627,3.436989,3.364486,-0.072503,2.127660,0.841121,-1.286538,62.222222,50.162564,-12.059658,1980,2153
01059176,true,25.327869,11.851126,-13.476743,31.967213,39.960823,7.993610,13.688525,20.470127,6.781603,10.819672,4.211557,-6.608115,4.262295,3.232125,-1.030170,2.131148,1.371205,-0.759943,63.716356,52.777778,-10.938578,1932,1944
01059177,true,16.883117,7.291667,-9.591450,41.558442,47.916667,6.358225,7.792208,13.020833,5.228626,6.926407,4.166667,-2.759740,3.030303,4.687500,1.657197,1.298701,1.041667,-0.257035,67.919075,53.910615,-14.008461,346,358
01059178,true,16.791980,15.740741,-1.051239,36.340852,38.580247,2.239395,15.288221,21.604938,6.316718,14.285714,5.555556,-8.730159,5.513784,2.777778,-2.736007,3.508772,1.543210,-1.965562,63.050314,49.923430,-13.126884,636,653
01059179,true,16.734694,11.751663,-4.983031,43.571429,49.334812,5.763383,9.693878,10.643016,0.949138,9.387755,5.654102,-3.733653,2.755102,4.434590,1.679488,2.244898,0.443459,-1.801439,62.006270,56.253889,-5.752380,1595,1607
01059182,true,22.500000,10.751105,-11.748895,28.295455,39.617084,11.321629,16.590909,20.765832,4.174923,9.204545,5.007364,-4.197182,3.409091,2.356406,-1.052684,3.409091,1.030928,-2.378163,69.170579,53.588144,-15.582436,1278,1282
01059183,true,24.201291,13.050408,-11.150883,31.120675,42.578203,11.457527,12.084092,15.042837,2.958745,9.104453,4.941223,-4.163230,5.181261,4.303646,-0.877615,3.029300,0.956366,-2.072934,67.729706,56.303645,-11.426061,8968,8971
01059184,true,24.855012,12.800000,-12.055012,33.140017,40.533333,7.393317,12.096106,17.933333,5.837227,7.042254,4.333333,-2.708920,3.479702,3.666667,0.186965,2.319801,1.666667,-0.653134,63.168831,53.439716,-9.729115,1925,2820
01059185,true,25.144620,13.303522,-11.841099,33.204782,45.053102,11.848320,11.955264,13.862493,1.907229,10.335519,5.701509,-4.634009,3.702275,4.304080,0.601805,3.046664,1.006149,-2.040515,65.662651,43.563636,-22.099014,3984,4125
01059186,true,24.161533,13.174182,-10.987351,33.812457,41.732980,7.920522,14.921287,20.247569,5.326282,7.529090,3.536693,-3.992396,3.216975,2.564103,-0.652872,2.874743,1.591512,-1.283231,61.783173,47.875473,-13.907700,2389,2377
01059187,true,20.665742,12.774725,-7.891017,33.287101,43.269231,9.982130,18.169209,17.445055,-0.724154,11.373093,4.945055,-6.428038,2.912621,3.159341,0.246719,5.270458,1.236264,-4.034194,74.923234,74.262462,-0.660773,977,983
01060002,true,27.079796,16.648169,-10.431628,33.191851,46.392897,13.201046,11.205433,16.759156,5.553724,12.818336,6.881243,-5.937093,6.706282,4.439512,-2.266770,4.244482,0.665927,-3.578555,54.508009,42.716628,-11.791382,2185,2135
01060003,true,21.428571,9.452736,-11.975835,45.089286,52.736318,7.647033,12.946429,16.417910,3.471482,12.053571,8.457711,-3.595860,2.678571,4.975124,2.296553,2.678571,1.492537,-1.186034,64.942529,60.843373,-4.099155,348,332
01060004,true,25.045018,13.635533,-11.409485,31.227491,45.896545,14.669054,14.720888,18.607202,3.886313,13.640456,7.201608,-6.438848,6.572629,5.044782,-1.527847,3.256303,1.425699,-1.830603,61.082849,48.108344,-12.974505,11008,11445
01060005,true,27.231148,14.616262,-12.614886,32.402955,47.107707,14.704752,13.627302,17.907773,4.280471,12.196552,6.745967,-5.450585,6.074821,4.969855,-1.104966,3.271960,0.945087,-2.326872,60.284732,44.251720,-16.033012,14259,13952
01060006,true,32.075472,8.888889,-23.186583,30.188679,44.444444,14.255765,20.754717,32.222222,11.467505,7.547170,1.111111,-6.436059,1.886792,5.555556,3.668763,3.773585,0.000000,-3.773585,60.989011,50.000000,-10.989011,182,182
01060007,true,26.200873,11.967546,-14.233328,35.371179,51.926978,16.555799,8.296943,11.359026,3.062083,10.043668,6.896552,-3.147116,10.698690,7.707911,-2.990779,1.746725,0.405680,-1.341045,56.363636,60.290557,3.926921,825,826
01060008,true,24.285714,15.135135,-9.150579,46.000000,49.459459,3.459459,7.714286,15.405405,7.691120,9.428571,6.216216,-3.212355,4.571429,5.945946,1.374517,2.000000,0.540541,-1.459459,67.680608,69.793621,2.113013,526,533
01060009,true,20.100503,10.429448,-9.671055,41.959799,51.533742,9.573943,13.065327,17.177914,4.112587,12.311558,6.441718,-5.869840,4.522613,6.441718,1.919105,2.763819,1.226994,-1.536825,50.881612,39.927624,-10.953988,794,829
01060010,true,19.620253,11.904762,-7.715491,36.075949,48.299320,12.223370,13.291139,14.285714,0.994575,13.607595,9.183673,-4.423921,6.329114,4.081633,-2.247481,3.164557,1.700680,-1.463877,64.503043,58.333333,-6.169709,493,504
01060011,true,22.474842,12.988575,-9.486267,39.098025,50.992183,11.894158,11.666045,15.514131,3.848086,12.113306,6.855081,-5.258225,6.708908,4.750451,-1.958457,2.199031,1.022249,-1.176782,69.372599,43.471503,-25.901097,3905,3860
01060012,true,27.808471,15.477214,-12.331257,33.026397,47.807395,14.780998,10.620012,13.155632,2.535620,11.602210,6.104901,-5.497309,7.120933,4.987102,-2.133831,3.621854,1.289768,-2.332086,60.549451,41.759028,-18.790423,2730,2797
01060013,true,17.073171,4.477612,-12.595559,48.780488,58.208955,9.428467,4.878049,13.432836,8.554787,8.536585,4.477612,-4.058973,7.317073,2.985075,-4.331999,2.439024,2.985075,0.546050,77.570093,64.761905,-12.808189,107,105
01060015,true,22.352941,14.556962,-7.795979,41.176471,48.734177,7.557707,10.000000,14.556962,4.556962,8.823529,9.493671,0.670141,5.294118,3.164557,-2.129561,3.529412,1.265823,-2.263589,57.912458,54.639175,-3.273283,297,291
01060016,true,27.925532,11.203320,-16.722212,35.638298,51.452282,15.813984,13.829787,12.033195,-1.796592,9.308511,3.319502,-5.989009,5.851064,6.639004,0.787940,1.329787,2.489627,1.159839,67.491166,44.241316,-23.249850,566,547
01060017,true,13.461538,4.838710,-8.622829,39.743590,53.225806,13.482217,14.102564,17.741935,3.639371,16.025641,8.064516,-7.961125,4.487179,3.225806,-1.261373,4.487179,0.806452,-3.680728,78.500000,70.786517,-7.713483,200,178
01060018,true,23.809524,9.090909,-14.718615,28.571429,54.545455,25.974026,4.761905,9.090909,4.329004,19.047619,18.181818,-0.865801,14.285714,9.090909,-5.194805,0.000000,0.000000,0.000000,57.894737,37.931034,-19.963702,38,29
01060019,true,29.803922,15.184049,-14.619872,33.725490,48.834356,15.108866,9.411765,15.306748,5.894984,13.815988,8.374233,-5.441755,6.968326,4.079755,-2.888571,1.779789,1.073620,-0.706169,68.381148,66.416396,-1.964751,4880,4928
01060020,true,23.854447,12.662338,-11.192110,33.692722,52.759740,19.067018,11.320755,13.636364,2.315609,13.477089,7.467532,-6.009556,7.142857,3.896104,-3.246753,2.156334,0.324675,-1.831659,55.877976,47.732513,-8.145463,1344,1301
01060021,true,17.441860,7.246377,-10.195484,42.441860,60.144928,17.703067,7.558140,10.869565,3.311426,14.534884,7.246377,-7.288507,9.302326,5.797101,-3.505224,1.162791,0.724638,-0.438153,68.650794,56.557377,-12.093417,252,244
01060022,true,20.000000,12.857143,-7.142857,45.294118,52.857143,7.563025,5.294118,8.571429,3.277311,12.941176,9.523810,-3.417367,10.588235,4.761905,-5.826331,1.176471,1.904762,0.728291,56.168831,66.043614,9.874783,308,321
01060023,true,19.487179,9.836066,-9.651114,38.461538,48.087432,9.625893,9.743590,12.021858,2.278268,14.871795,15.846995,0.975200,9.230769,3.825137,-5.405633,2.051282,2.185792,0.134510,59.270517,55.891239,-3.379278,329,331
01060024,true,21.722846,8.835341,-12.887505,34.831461,48.995984,14.164523,17.977528,15.662651,-2.314877,11.610487,9.638554,-1.971933,4.494382,4.417671,-0.076711,1.872659,2.008032,0.135373,60.044643,55.704698,-4.339945,448,447
01060025,true,32.500000,14.529915,-17.970085,36.818182,54.415954,17.597773,11.363636,15.384615,4.020979,8.636364,3.988604,-4.647760,4.090909,3.133903,-0.957006,0.681818,0.284900,-0.396918,59.677419,48.760331,-10.917089,744,726
01060026,true,19.860627,9.704641,-10.155986,44.947735,55.696203,10.748467,9.059233,10.548523,1.489290,8.013937,7.172996,-0.840942,8.013937,5.063291,-2.950646,2.787456,1.265823,-1.521634,74.677003,58.518519,-16.158484,387,405
01060027,true,21.460507,10.995542,-10.464964,42.697466,56.909361,14.211895,11.177347,12.035661,0.858314,11.400894,6.240713,-5.160181,5.886736,4.754829,-1.131907,1.937407,0.891530,-1.045876,58.846487,49.311095,-9.535392,2306,1379
01060028,true,22.398589,14.146341,-8.252248,34.391534,50.609756,16.218222,13.492063,12.317073,-1.174990,12.345679,7.926829,-4.418850,6.084656,5.243902,-0.840754,3.615520,1.219512,-2.396008,71.967316,52.075472,-19.891844,1591,1590
01060029,true,27.392739,16.918429,-10.474310,33.663366,52.265861,18.602495,8.580858,11.178248,2.597390,12.871287,3.021148,-9.850139,9.240924,7.552870,-1.688054,2.310231,0.604230,-1.706001,56.877323,61.020036,4.142713,538,549
01060030,true,17.741935,13.200000,-4.541935,40.000000,52.400000,12.400000,17.741935,17.600000,-0.141935,11.935484,6.800000,-5.135484,5.161290,5.200000,0.038710,2.580645,0.400000,-2.180645,67.748918,55.629139,-12.119779,462,453
01060031,true,23.275862,11.695906,-11.579956,35.775862,46.783626,11.007764,12.500000,10.526316,-1.973684,9.482759,5.263158,-4.219601,9.051724,9.941520,0.889796,3.879310,0.584795,-3.294515,63.685637,43.250000,-20.435637,369,400
01060033,true,21.212121,10.784314,-10.427807,41.991342,47.058824,5.067482,9.523810,15.686275,6.162465,12.987013,6.372549,-6.614464,7.792208,6.862745,-0.929463,1.731602,0.490196,-1.241406,63.031915,53.367876,-9.664039,376,386
01060034,true,24.626866,15.317919,-9.308947,35.945274,44.653179,8.707906,12.810945,18.352601,5.541656,10.696517,6.069364,-4.627153,5.970149,6.358382,0.388232,3.233831,1.300578,-1.933253,54.169446,44.141862,-10.027584,1499,1579
01060035,true,30.612245,14.619883,-15.992362,38.265306,56.140351,17.875045,12.755102,9.356725,-3.398377,8.673469,2.923977,-5.749493,5.612245,5.263158,-0.349087,1.020408,1.169591,0.149182,71.684588,56.677524,-15.007063,279,307
01060036,true,18.528610,7.581227,-10.947383,40.599455,55.595668,14.996213,9.536785,12.996390,3.459605,12.806540,8.664260,-4.142280,11.171662,8.303249,-2.868413,1.362398,0.000000,-1.362398,62.331081,46.422629,-15.908452,592,601
01060037,true,20.779221,4.918033,-15.861188,47.402597,58.196721,10.794124,9.740260,11.475410,1.735150,9.090909,7.377049,-1.713860,4.545455,9.016393,4.470939,1.298701,1.639344,0.340643,56.934307,48.031496,-8.902811,274,254
01060038,true,21.136364,12.302839,-8.833525,39.772727,56.782334,17.009607,9.545455,13.249211,3.703757,12.272727,5.047319,-7.225409,3.409091,4.416404,1.007313,3.636364,0.946372,-2.689991,75.420875,53.703704,-21.717172,594,594
01060039,true,30.023877,14.880641,-15.143236,30.486020,47.630249,17.144229,10.690903,16.588256,5.897352,13.394439,7.649416,-5.745023,7.063082,4.687228,-2.375855,2.865285,1.202300,-1.662985,66.423173,51.461988,-14.961184,19713,22401
01060040,true,26.222222,10.516934,-15.705288,36.000000,51.515152,15.515152,12.740741,17.647059,4.906318,13.629630,7.308378,-6.321252,5.185185,4.634581,-0.550604,1.629630,0.534759,-1.094870,65.606936,54.326923,-11.280013,1038,1040
01060041,true,29.268293,14.141414,-15.126879,28.292683,46.464646,18.171964,16.585366,19.191919,2.606553,8.292683,4.545455,-3.747228,6.829268,7.070707,0.241439,5.853659,1.515152,-4.338507,58.571429,59.759760,1.188331,350,333
01060042,true,24.050633,15.151515,-8.899118,31.223629,43.722944,12.499315,16.877637,18.614719,1.737081,13.924051,8.225108,-5.698942,5.485232,6.493506,1.008274,3.375527,0.865801,-2.509727,72.644377,70.606061,-2.038316,329,330
01060043,true,26.677190,14.814815,-11.862375,29.044988,46.514161,17.469173,9.076559,12.418301,3.341742,14.127861,8.605664,-5.522197,9.234412,7.080610,-2.153802,4.735596,1.525054,-3.210541,64.870361,44.364852,-20.505509,1967,2094
01060044,true,29.966997,15.690073,-14.276924,31.793179,42.647296,10.854117,9.515952,15.609362,6.093411,11.782178,6.957224,-4.824955,7.403740,8.264730,0.860989,3.938394,2.324455,-1.613939,57.040470,36.673523,-20.366946,16185,17015
01060045,true,23.282443,14.549180,-8.733262,29.198473,42.418033,13.219560,16.221374,20.696721,4.475347,14.694656,4.303279,-10.391378,6.488550,8.401639,1.913090,3.244275,2.254098,-0.990176,74.824191,69.154930,-5.669262,711,710
01060046,true,25.112782,9.032258,-16.080524,41.353383,53.333333,11.979950,9.172932,16.989247,7.816315,12.481203,6.666667,-5.814536,4.962406,5.806452,0.844046,2.857143,2.795699,-0.061444,70.179136,47.991761,-22.187375,949,971
01060047,true,23.784304,13.360953,-10.423351,36.591237,48.731227,12.139990,10.929225,16.571724,5.642500,14.636495,6.939410,-7.697085,5.488686,4.557224,-0.931461,2.407318,1.035733,-1.371585,69.174917,63.125406,-6.049511,3030,3078
01060048,true,28.327645,14.883721,-13.443924,29.010239,46.976744,17.966505,15.358362,14.418605,-0.939757,10.580205,5.116279,-5.463926,8.532423,7.441860,-1.090563,2.389078,1.860465,-0.528613,60.699588,47.577093,-13.122496,486,454
01060049,true,20.220588,12.034384,-8.186204,42.034314,49.570201,7.535887,10.661765,17.335244,6.673479,13.602941,8.595989,-5.006953,6.127451,4.011461,-2.115990,3.308824,1.002865,-2.305958,60.160233,44.713376,-15.446857,1373,1570
01060050,true,25.233645,11.111111,-14.122534,43.925234,48.888889,4.963655,11.214953,13.888889,2.673936,11.682243,12.222222,0.539979,3.271028,4.444444,1.173416,0.934579,1.666667,0.732087,61.494253,54.819277,-6.674976,348,332
01060051,true,29.184549,18.888889,-10.295660,40.343348,50.740741,10.397393,4.721030,12.592593,7.871563,12.017167,5.555556,-6.461612,3.862661,4.074074,0.211413,3.004292,0.740741,-2.263551,64.383562,72.727273,8.343711,365,374
01060052,true,22.588832,10.000000,-12.588832,38.578680,58.461538,19.882858,11.675127,10.000000,-1.675127,13.451777,6.538462,-6.913315,7.106599,6.153846,-0.952753,2.284264,1.153846,-1.130418,77.799607,49.808429,-27.991178,509,522
01060053,true,20.375335,13.263158,-7.112177,41.286863,54.947368,13.660505,9.383378,11.789474,2.406096,9.785523,6.421053,-3.364470,7.640751,3.157895,-4.482856,3.619303,1.052632,-2.566671,59.215686,65.342466,6.126779,1275,1460
01060054,true,25.343811,15.090543,-10.253268,30.550098,41.448692,10.898594,13.555992,14.688129,1.132137,11.591356,7.444668,-4.146688,8.742633,8.249497,-0.493136,3.241650,2.414487,-0.827163,50.869349,48.557692,-2.311657,2013,1040
01060056,true,18.666667,10.000000,-8.666667,46.666667,49.230769,2.564103,13.333333,17.692308,4.358974,10.666667,10.769231,0.102564,4.000000,3.846154,-0.153846,0.666667,0.000000,-0.666667,71.495327,61.502347,-9.992980,214,213
01060057,true,18.565401,10.902256,-7.663145,46.835443,52.631579,5.796136,7.594937,12.030075,4.435138,11.392405,7.142857,-4.249548,8.860759,6.766917,-2.093842,2.531646,1.127820,-1.403826,65.205479,68.286445,3.080966,365,391
01060058,true,29.663394,13.457330,-16.206064,33.380084,50.656455,17.276371,11.009818,13.019694,2.009876,11.150070,6.673961,-4.476110,8.204769,7.877462,-0.327307,2.244039,1.641138,-0.602901,72.272272,44.899951,-27.372321,1998,2049
01060059,true,22.939866,15.496368,-7.443498,34.075724,45.036320,10.960596,12.694878,14.769976,2.075098,8.463252,5.326877,-3.136375,9.354120,9.200969,-0.153152,4.231626,0.484262,-3.747364,55.134474,49.108205,-6.026270,818,841
01060060,true,21.180556,11.111111,-10.069444,43.055556,52.380952,9.325397,10.763889,9.920635,-0.843254,11.111111,10.714286,-0.396825,6.250000,4.761905,-1.488095,1.736111,0.396825,-1.339286,62.850972,51.521298,-11.329674,463,493
01060061,true,22.196796,15.254237,-6.942559,33.409611,42.372881,8.963270,13.501144,16.666667,3.165523,14.416476,10.451977,-3.964499,8.009153,4.237288,-3.771865,2.517162,1.977401,-0.539761,68.006182,55.817610,-12.188572,647,636
01060062,true,25.073746,16.908213,-8.165534,33.923304,43.236715,9.313411,10.619469,16.425121,5.805652,11.799410,8.212560,-3.586850,5.604720,2.415459,-3.189261,2.654867,1.449275,-1.205592,57.335582,71.305842,13.970260,593,582
01060063,true,31.464115,17.918717,-13.545398,29.509228,41.280849,11.771622,10.365003,19.375460,9.010457,12.623377,6.543722,-6.079655,6.575530,5.098601,-1.476928,4.292550,2.173492,-2.119058,59.774033,42.270205,-17.503828,61602,61457
01060064,true,20.415879,10.714286,-9.701593,35.916824,46.031746,10.114922,11.153119,10.714286,-0.438833,9.451796,8.531746,-0.920050,10.396975,11.111111,0.714136,4.158790,0.793651,-3.365139,56.705385,52.138493,-4.566893,947,982
01060065,true,28.266667,13.114754,-15.151913,33.066667,42.622951,9.556284,10.933333,11.147541,0.214208,13.466667,12.459016,-1.007650,5.066667,6.557377,1.490710,2.933333,1.639344,-1.293989,68.767123,51.328904,-17.438220,1095,602
01060066,true,28.315412,11.663480,-16.651932,33.154122,42.065010,8.910888,15.412186,21.606119,6.193932,12.186380,8.795411,-3.390969,5.555556,5.927342,0.371787,1.971326,1.147228,-0.824099,76.849315,71.623465,-5.225850,730,733
01060067,true,21.230159,10.854093,-10.376066,44.246032,54.270463,10.024431,9.126984,13.345196,4.218212,13.888889,7.829181,-6.059707,5.555556,5.160142,-0.395413,1.190476,1.067616,-0.122861,48.891032,41.740413,-7.150619,1037,1356
01060068,true,26.262626,13.568376,-12.694250,37.806638,50.641026,12.834388,13.997114,16.025641,2.028527,9.090909,5.341880,-3.749029,3.823954,4.487179,0.663226,3.246753,1.068376,-2.178377,51.637836,34.718647,-16.919189,2717,2719
01060069,true,26.958106,13.832200,-13.125906,37.704918,48.752834,11.047916,9.107468,13.151927,4.044459,12.021858,8.843537,-3.178321,6.193078,4.535147,-1.657931,1.821494,1.133787,-0.687707,59.912854,48.004315,-11.908539,918,927
01060070,true,24.281984,13.268608,-11.013376,36.814621,52.427184,15.612563,9.660574,14.239482,4.578908,12.271540,5.177994,-7.093547,7.832898,5.501618,-2.331280,3.133159,0.647249,-2.485910,62.866450,47.328244,-15.538205,614,655
01060071,true,18.902439,13.986014,-4.916425,48.170732,60.139860,11.969128,4.878049,10.489510,5.611462,16.463415,9.090909,-7.372506,4.268293,3.496503,-0.771789,2.439024,0.699301,-1.739724,72.489083,63.839286,-8.649797,229,224
01060072,true,17.808219,10.313901,-7.494318,40.068493,55.156951,15.088458,12.671233,14.349776,1.678543,13.356164,7.623318,-5.732846,4.452055,3.139013,-1.313041,3.424658,1.793722,-1.630936,73.869347,53.605769,-20.263578,398,416
01060073,true,27.635960,16.116248,-11.519712,33.407325,45.574637,12.167312,10.432852,16.248349,5.815496,10.765816,5.944518,-4.821298,7.103219,6.076618,-1.026600,4.439512,1.056803,-3.382708,57.868020,47.678795,-10.189225,1576,1594
01060074,true,21.774194,18.439716,-3.334477,36.290323,50.354610,14.064287,9.677419,7.801418,-1.876001,12.903226,7.801418,-5.101807,10.483871,6.382979,-4.100892,4.838710,2.127660,-2.711050,55.855856,65.277778,9.421922,222,216
01060075,true,23.569350,13.672316,-9.897034,38.021339,50.169492,12.148153,11.736178,13.898305,2.162127,11.639185,7.344633,-4.294552,6.013579,4.519774,-1.493805,2.230844,0.225989,-2.004855,59.204545,49.971957,-9.232588,1760,1783
01060076,true,32.758621,20.077720,-12.680900,34.482759,47.150259,12.667500,7.183908,9.585492,2.401584,9.291188,8.678756,-0.612431,5.938697,5.181347,-0.757350,2.777778,1.036269,-1.741508,65.815691,49.242424,-16.573267,1606,1584
01060077,true,34.650456,20.512821,-14.137635,30.851064,46.153846,15.302782,7.598784,12.136752,4.537968,11.550152,6.153846,-5.396306,8.206687,5.470085,-2.736601,2.127660,1.025641,-1.102019,71.535983,64.138678,-7.397305,931,923
01060079,true,25.000000,9.090909,-15.909091,21.428571,47.474747,26.046176,29.464286,20.202020,-9.262266,15.178571,8.080808,-7.097763,2.678571,4.040404,1.361833,3.571429,2.020202,-1.551227,68.072289,54.098361,-13.973929,166,183
01060080,true,23.828125,12.637363,-11.190762,31.640625,35.164835,3.524210,20.312500,22.527473,2.214973,9.765625,7.692308,-2.073317,4.687500,4.945055,0.257555,2.734375,4.945055,2.210680,73.789174,53.623188,-20.165985,351,345
01060081,true,28.104575,13.084112,-15.020463,32.679739,48.598131,15.918392,15.032680,10.280374,-4.752306,13.071895,10.280374,-2.791522,3.921569,1.869159,-2.052410,4.575163,0.934579,-3.640584,69.298246,50.467290,-18.830956,228,214
01060082,true,21.739130,12.737643,-9.001488,40.036232,48.479087,8.442856,8.152174,12.927757,4.775583,13.043478,7.794677,-5.248801,6.340580,4.562738,-1.777842,4.891304,1.140684,-3.750620,66.907341,62.032710,-4.874630,831,856
01060084,true,23.668639,13.555556,-10.113083,43.589744,49.555556,5.965812,8.284024,11.555556,3.271532,14.398422,8.444444,-5.953978,4.733728,5.777778,1.044050,1.380671,2.000000,0.619329,70.990237,65.217391,-5.772846,717,690
01060085,true,25.864909,15.037594,-10.827315,35.804503,44.661654,8.857151,13.179572,19.097744,5.918173,9.939594,5.563910,-4.375684,6.260297,4.962406,-1.297891,3.075233,1.353383,-1.721850,69.931402,50.055700,-19.875702,2624,2693
01060086,true,17.857143,9.459459,-8.397683,39.285714,40.540541,1.254826,11.904762,16.216216,4.311454,3.571429,5.405405,1.833977,15.476190,16.216216,0.740026,7.142857,0.000000,-7.142857,71.428571,55.639098,-15.789474,119,133
01060087,true,22.383721,10.937500,-11.446221,36.046512,47.656250,11.609738,12.790698,10.937500,-1.853198,13.662791,7.812500,-5.850291,4.941860,5.859375,0.917515,2.906977,1.562500,-1.344477,59.190556,44.691781,-14.498776,593,584
01060088,true,28.139535,10.436433,-17.703102,41.162791,48.197343,7.034553,9.302326,13.851992,4.549667,5.813953,6.641366,0.827413,6.976744,7.210626,0.233882,2.093023,2.277040,0.184017,51.551313,61.805556,10.254243,838,864
01060089,true,32.834225,18.945634,-13.888590,29.946524,45.222405,15.275881,7.700535,7.742998,0.042464,10.588235,6.425041,-4.163194,8.556150,9.308072,0.751923,4.385027,2.224053,-2.160974,48.395990,30.485389,-17.910601,3990,4038
01060090,true,41.000000,15.000000,-26.000000,24.000000,28.333333,4.333333,19.000000,31.666667,12.666667,4.000000,3.333333,-0.666667,3.000000,8.333333,5.333333,4.000000,0.000000,-4.000000,63.291139,37.195122,-26.096017,158,164
01060091,true,33.054393,20.000000,-13.054393,32.635983,33.157895,0.521911,15.899582,22.631579,6.731997,5.857741,5.789474,-0.068267,5.020921,7.368421,2.347501,3.347280,0.526316,-2.820965,58.924205,44.600939,-14.323266,409,426
01060092,true,30.377166,16.314662,-14.062504,34.250765,47.474747,13.223983,8.205912,10.223447,2.017534,9.785933,6.611570,-3.174362,6.778797,7.927762,1.148965,3.975535,2.050811,-1.924724,53.768912,42.816390,-10.952521,7469,7712
01060093,true,30.837004,15.025907,-15.811098,36.563877,44.041451,7.477574,11.894273,22.279793,10.385520,7.488987,4.663212,-2.825774,6.607930,4.663212,-1.944717,4.405286,1.036269,-3.369017,60.962567,50.510204,-10.452363,374,392
01060094,true,22.222222,10.364146,-11.858077,44.189017,53.361345,9.172328,10.472542,17.086835,6.614293,9.450830,5.182073,-4.268757,5.236271,6.162465,0.926194,2.554278,1.400560,-1.153718,69.946809,64.215247,-5.731562,1128,1115
01060095,true,19.915254,10.762332,-9.152922,44.067797,49.327354,5.259558,13.983051,17.264574,3.281523,11.228814,10.313901,-0.914912,4.237288,4.708520,0.471232,3.177966,0.672646,-2.505320,58.578431,53.254438,-5.323994,816,845
01060096,true,21.747967,8.564232,-13.183736,41.463415,52.141058,10.677643,12.195122,19.143577,6.948455,8.943089,6.045340,-2.897749,5.487805,5.037783,-0.450022,3.861789,1.763224,-2.098564,57.175926,46.989374,-10.186552,864,847
01060097,true,28.787879,15.659341,-13.128538,37.121212,50.549451,13.428238,13.888889,14.010989,0.122100,8.333333,4.670330,-3.663004,5.555556,4.670330,-0.885226,1.767677,2.747253,0.979576,58.702065,50.692521,-8.009544,678,722
01060098,true,25.311203,14.479638,-10.831565,41.078838,50.678733,9.599895,13.278008,14.027149,0.749141,7.883817,4.072398,-3.811419,5.809129,4.977376,-0.831753,1.659751,3.167421,1.507670,63.307494,59.259259,-4.048234,387,378
01060099,true,22.739362,9.921260,-12.818102,37.367021,56.377953,19.010931,13.031915,13.385827,0.353912,12.101064,6.456693,-5.644371,7.313830,5.826772,-1.487058,2.393617,0.157480,-2.236137,57.794677,48.153730,-9.640947,1315,1327
01060100,true,31.325301,19.615385,-11.709917,32.128514,37.692308,5.563794,10.040161,21.153846,11.113686,13.253012,5.769231,-7.483781,6.827309,2.692308,-4.135002,2.409639,1.153846,-1.255792,75.528701,76.608187,1.079486,331,342
01060101,true,29.438202,15.051546,-14.386656,36.853933,50.103093,13.249160,9.438202,12.577320,3.139117,10.337079,4.742268,-5.594811,4.269663,7.835052,3.565389,3.370787,1.855670,-1.515116,59.893048,59.512195,-0.380853,748,820
01061001,true,18.518519,9.090909,-9.427609,41.975309,50.649351,8.674042,18.518519,10.389610,-8.128908,14.814815,9.090909,-5.723906,2.469136,0.000000,-2.469136,0.000000,5.194805,5.194805,71.052632,65.811966,-5.240666,114,117
01061002,true,16.129032,4.347826,-11.781206,51.612903,47.826087,-3.786816,16.129032,8.695652,-7.433380,3.225806,0.000000,-3.225806,0.000000,0.000000,0.000000,6.451613,8.695652,2.244039,63.265306,51.063830,-12.201476,49,47
01061003,true,12.711864,4.545455,-8.166410,50.000000,61.363636,11.363636,7.627119,12.500000,4.872881,10.169492,5.681818,-4.487673,5.932203,7.954545,2.022342,5.932203,0.000000,-5.932203,68.571429,51.764706,-16.806723,175,170
01061004,true,21.019108,9.090909,-11.928199,48.407643,53.719008,5.311365,13.375796,19.008264,5.632468,9.554140,3.305785,-6.248355,1.273885,2.479339,1.205453,2.547771,3.305785,0.758014,78.325123,64.062500,-14.262623,203,192
01061005,true,14.864865,12.000000,-2.864865,47.297297,50.666667,3.369369,10.810811,8.000000,-2.810811,14.864865,14.666667,-0.198198,9.459459,10.666667,1.207207,0.000000,0.000000,0.000000,64.347826,66.964286,2.616460,115,112
01061006,true,19.873817,8.636364,-11.237453,39.747634,58.636364,18.888730,15.141956,13.636364,-1.505592,9.779180,4.090909,-5.688271,5.678233,5.454545,-0.223688,2.839117,2.272727,-0.566389,68.297872,47.021277,-21.276596,470,470
01061007,true,23.491379,16.708861,-6.782519,45.258621,54.683544,9.424924,7.543103,8.860759,1.317656,11.853448,5.316456,-6.536993,5.172414,6.075949,0.903536,1.293103,0.759494,-0.533610,64.471879,57.902299,-6.569580,729,696
01061008,true,20.338983,14.000000,-6.338983,37.288136,60.000000,22.711864,8.474576,6.000000,-2.474576,23.728814,8.000000,-15.728814,3.389831,6.000000,2.610169,1.694915,0.000000,-1.694915,75.000000,62.352941,-12.647059,80,85
01061010,true,27.083333,16.883117,-10.200216,37.500000,54.545455,17.045455,12.500000,11.688312,-0.811688,9.375000,3.896104,-5.478896,4.166667,6.493506,2.326840,2.083333,0.000000,-2.083333,69.230769,62.096774,-7.133995,143,124
01061011,true,22.794118,7.627119,-15.166999,48.529412,62.711864,14.182453,11.029412,15.254237,4.224826,7.352941,3.389831,-3.963111,2.205882,4.237288,2.031406,2.205882,0.000000,-2.205882,68.000000,61.979167,-6.020833,200,192
01061012,true,19.637462,11.827957,-7.809505,45.317221,53.763441,8.446220,12.990937,15.770609,2.779673,12.084592,6.451613,-5.632979,4.229607,2.508961,-1.720647,1.812689,0.716846,-1.095843,59.788360,51.188300,-8.600060,567,547
01061013,true,26.605505,6.578947,-20.026557,43.119266,60.526316,17.407050,8.256881,14.473684,6.216803,11.926606,5.263158,-6.663448,3.669725,2.631579,-1.038146,1.834862,3.947368,2.112506,84.090909,58.461538,-25.629371,132,130
01061014,true,17.647059,8.988764,-8.658295,39.215686,57.303371,18.087685,11.764706,8.988764,-2.775942,13.725490,4.494382,-9.231108,3.921569,10.112360,6.190791,3.921569,3.370787,-0.550782,78.625954,73.170732,-5.455222,131,123
01061015,true,26.966292,17.708333,-9.257959,31.741573,43.750000,12.008427,13.202247,12.847222,-0.355025,9.269663,7.986111,-1.283552,9.831461,6.944444,-2.887016,2.528090,1.041667,-1.486423,58.978583,46.451613,-12.526970,607,620
01061016,true,24.712644,17.687075,-7.025569,39.080460,48.979592,9.899132,14.942529,11.564626,-3.377903,7.471264,2.040816,-5.430448,4.597701,10.204082,5.606380,1.149425,1.360544,0.211119,61.591696,50.508475,-11.083221,289,295
01061017,true,32.136445,19.767442,-12.369003,33.034111,46.279070,13.244958,10.053860,13.255814,3.201954,9.156194,4.418605,-4.737589,5.385996,4.418605,-0.967392,3.949731,1.860465,-2.089266,59.493671,43.902439,-15.591232,948,984
01061018,true,19.311663,12.039312,-7.272351,47.418738,62.162162,14.743424,6.883365,5.651106,-1.232260,11.663480,7.371007,-4.292473,6.883365,3.931204,-2.952161,1.720841,1.719902,-0.000940,63.878788,48.986889,-14.891899,825,839
01061019,true,25.563173,13.207547,-12.355626,38.785504,51.498335,12.712831,11.263467,15.649279,4.385811,9.990206,5.660377,-4.329828,6.170421,3.884573,-2.285848,3.330069,1.220866,-2.109203,60.659600,52.433372,-8.226228,1698,1726
01061021,true,5.714286,2.941176,-2.773109,68.571429,58.823529,-9.747899,5.714286,2.941176,-2.773109,17.142857,14.705882,-2.436975,2.857143,11.764706,8.907563,0.000000,0.000000,0.000000,85.365854,64.150943,-21.214910,41,53
01061022,true,26.690391,13.817330,-12.873061,36.120996,54.800937,18.679940,13.345196,13.114754,-0.230442,11.209964,5.152225,-6.057740,4.804270,4.683841,-0.120430,2.135231,0.702576,-1.432655,67.749699,52.063107,-15.686592,831,824
01061023,true,19.411765,12.295082,-7.116683,41.764706,54.918033,13.153327,21.764706,14.754098,-7.010608,6.470588,4.098361,-2.372228,3.529412,4.918033,1.388621,2.352941,1.639344,-0.713597,65.267176,54.424779,-10.842397,262,226
01061024,true,23.913043,18.627451,-5.285592,36.231884,48.039216,11.807332,15.942029,13.725490,-2.216539,14.492754,10.784314,-3.708440,2.898551,4.901961,2.003410,5.072464,1.960784,-3.111679,68.627451,54.166667,-14.460784,204,192
01061025,true,20.000000,9.554140,-10.445860,32.941176,54.140127,21.198951,18.235294,13.375796,-4.859498,15.294118,6.369427,-8.924691,5.882353,6.369427,0.487074,3.529412,0.636943,-2.892469,63.369963,62.352941,-1.017022,273,255
01061026,true,18.269231,5.405405,-12.863825,40.384615,60.810811,20.426195,13.461538,9.459459,-4.002079,16.346154,10.810811,-5.535343,2.884615,5.405405,2.520790,4.807692,1.351351,-3.456341,77.777778,51.034483,-26.743295,135,145
01061027,true,25.373134,12.539185,-12.833949,36.567164,49.843260,13.276096,15.920398,17.868339,1.947941,11.442786,8.777429,-2.665357,4.477612,3.448276,-1.029336,1.492537,0.940439,-0.552098,53.684211,44.521498,-9.162713,760,721
01061028,true,17.010309,7.428571,-9.581738,50.515464,54.285714,3.770250,6.701031,17.142857,10.441826,9.793814,5.714286,-4.079529,5.154639,4.000000,-1.154639,3.608247,2.857143,-0.751105,57.396450,52.071006,-5.325444,338,338
01061029,true,27.328596,16.524883,-10.803713,29.998080,45.342407,15.344328,13.040138,17.758401,4.718262,13.424237,6.869417,-6.554819,6.011139,4.870268,-1.140871,3.802573,1.446193,-2.356380,58.607651,53.678721,-4.928930,8992,8821
01061030,true,15.104167,5.839416,-9.264751,42.187500,49.635036,7.447536,15.625000,17.518248,1.893248,14.062500,15.328467,1.265967,4.687500,1.459854,-3.227646,3.125000,2.189781,-0.935219,74.517375,52.091255,-22.426120,259,263
01061031,true,24.324324,16.111111,-8.213213,31.981982,41.666667,9.684685,11.711712,7.777778,-3.933934,9.009009,3.888889,-5.120120,10.810811,11.666667,0.855856,4.954955,1.666667,-3.288288,61.035422,50.842697,-10.192726,367,356
01061033,true,31.250000,11.111111,-20.138889,35.000000,48.148148,13.148148,8.750000,13.580247,4.830247,8.750000,11.111111,2.361111,3.750000,3.703704,-0.046296,2.500000,0.000000,-2.500000,74.766355,68.644068,-6.122287,107,118
01061034,true,25.624179,13.144759,-12.479420,38.764783,55.407654,16.642871,13.534823,13.477537,-0.057285,10.118265,5.158070,-4.960196,6.176084,2.662230,-3.513854,1.971091,1.164725,-0.806365,58.993902,48.089172,-10.904730,1312,1256
01061035,true,30.339806,18.260870,-12.078936,32.766990,51.304348,18.537358,12.621359,11.304348,-1.317011,11.893204,5.507246,-6.385958,2.912621,3.478261,0.565640,3.398058,0.579710,-2.818348,66.613672,55.896607,-10.717065,629,619
01061036,true,19.682540,9.090909,-10.591631,38.730159,53.496503,14.766345,7.301587,7.342657,0.041070,17.460317,12.237762,-5.222555,6.666667,7.692308,1.025641,5.396825,1.398601,-3.998224,61.315280,55.512573,-5.802708,517,517
01061037,true,28.745645,17.887931,-10.857714,29.268293,43.103448,13.835156,13.066202,17.025862,3.959660,11.498258,4.956897,-6.541361,5.226481,4.525862,-0.700619,3.658537,1.293103,-2.365433,63.516484,49.732047,-13.784436,910,933
01061038,true,7.692308,13.157895,5.465587,53.846154,57.894737,4.048583,13.461538,7.894737,-5.566802,15.384615,10.526316,-4.858300,0.000000,5.263158,5.263158,1.923077,0.000000,-1.923077,81.250000,62.903226,-18.346774,64,62
01061039,true,19.266055,16.853933,-2.412122,47.706422,44.943820,-2.762602,8.256881,12.359551,4.102670,16.513761,11.235955,-5.277806,2.752294,7.865169,5.112875,0.000000,0.000000,0.000000,62.711864,53.293413,-9.418451,177,167
01061040,true,25.803311,10.653753,-15.149558,40.019474,56.537530,16.518056,11.100292,11.622276,0.521984,10.029211,7.627119,-2.402093,5.160662,3.874092,-1.286570,2.336904,1.089588,-1.247315,62.940462,52.087227,-10.853234,1646,1605
01061041,true,21.563981,10.810811,-10.753170,41.232227,46.546547,5.314319,10.426540,20.120120,9.693580,11.848341,8.408408,-3.439933,6.161137,6.006006,-0.155131,1.895735,1.201201,-0.694533,56.315789,44.740346,-11.575443,760,751
01061042,true,26.726845,14.324768,-12.402077,36.459969,49.863313,13.403345,10.832025,12.137780,1.305755,10.164835,6.615637,-3.549198,6.436421,6.068890,-0.367531,2.904239,1.640241,-1.263998,51.666667,38.021479,-13.645188,4980,4842
01061043,true,14.912281,12.820513,-2.091768,57.894737,58.974359,1.079622,6.140351,9.743590,3.603239,10.087719,6.666667,-3.421053,2.192982,3.076923,0.883941,3.070175,0.000000,-3.070175,65.155807,54.929577,-10.226230,353,355
01061044,true,28.946289,15.348837,-13.597452,30.176302,46.304910,16.128608,13.981140,16.950904,2.969765,10.373104,5.994832,-4.378272,5.945059,5.116279,-0.828780,3.731037,1.033592,-2.697446,56.037434,43.561705,-12.475729,4381,4481
01061045,true,24.712644,12.666667,-12.045977,45.402299,53.333333,7.931034,12.643678,10.000000,-2.643678,7.471264,4.000000,-3.471264,3.448276,8.666667,5.218391,0.000000,1.333333,1.333333,75.862069,63.291139,-12.570930,232,237
01061046,true,27.876846,16.003201,-11.873645,29.848147,45.669134,15.820987,13.799108,17.393479,3.594370,12.176094,5.791158,-6.384935,6.499025,5.451090,-1.047935,4.562552,1.840368,-2.722184,56.036217,40.297311,-15.738906,25844,24957
01061047,true,18.269231,9.547739,-8.721492,43.269231,47.738693,4.469463,15.865385,21.105528,5.240143,15.865385,12.060302,-3.805083,1.442308,2.010050,0.567743,0.961538,2.512563,1.551024,64.814815,59.356725,-5.458090,324,342
01061048,true,17.021277,8.000000,-9.021277,38.297872,36.000000,-2.297872,12.765957,20.000000,7.234043,10.638298,8.000000,-2.638298,12.765957,0.000000,-12.765957,2.127660,0.000000,-2.127660,73.846154,40.983607,-32.862547,65,61
01061049,true,26.789048,14.961961,-11.827087,33.447418,45.224007,11.776589,11.854387,14.708369,2.853981,11.698818,7.142857,-4.555961,6.969508,7.058326,0.088818,3.951462,2.071006,-1.880456,51.953250,38.576960,-13.376290,6246,6198
01061050,true,33.391762,16.723940,-16.667821,33.479404,50.286369,16.806965,9.640666,14.432990,4.792324,9.991236,4.467354,-5.523882,5.258545,5.040092,-0.218453,3.155127,2.061856,-1.093271,63.496427,47.897324,-15.599103,1819,1831
01061052,true,27.868852,17.322835,-10.546018,38.032787,49.606299,11.573512,9.508197,8.267717,-1.240480,13.442623,5.511811,-7.930812,4.918033,7.086614,2.168581,1.967213,1.181102,-0.786111,62.271805,53.222453,-9.049352,493,481
01061053,true,3.846154,0.000000,-3.846154,61.538462,65.217391,3.678930,7.692308,17.391304,9.698997,15.384615,13.043478,-2.341137,0.000000,0.000000,0.000000,3.846154,0.000000,-3.846154,81.250000,76.666667,-4.583333,32,30
01061054,true,22.950820,8.791209,-14.159611,46.721311,52.747253,6.025941,12.295082,8.791209,-3.503873,7.377049,9.890110,2.513061,4.918033,5.494505,0.576473,0.819672,6.593407,5.773734,63.874346,47.395833,-16.478512,191,192
01061055,true,26.350790,16.644650,-9.706140,31.753948,40.686922,8.932974,9.725686,15.191546,5.465860,12.468828,6.208719,-6.260109,7.065669,8.190225,1.124555,3.740648,2.377807,-1.362841,65.015974,40.304782,-24.711193,1878,1903
01061056,true,28.757225,14.905149,-13.852076,33.526012,51.490515,17.964503,11.849711,12.737127,0.887416,11.849711,5.691057,-6.158654,5.057803,5.691057,0.633253,2.528902,1.626016,-0.902885,68.645731,44.615385,-24.030346,2038,845
01061057,true,31.309904,14.871795,-16.438109,34.185304,51.282051,17.096748,7.348243,10.256410,2.908167,15.015974,8.717949,-6.298026,4.153355,5.641026,1.487671,1.597444,0.000000,-1.597444,70.066519,44.545455,-25.521064,451,440
01061058,true,8.247423,6.521739,-1.725684,53.608247,54.347826,0.739579,7.216495,7.608696,0.392201,15.463918,20.652174,5.188256,3.092784,3.260870,0.168086,5.154639,1.086957,-4.067683,66.438356,60.784314,-5.654042,146,153
01061059,true,17.647059,15.789474,-1.857585,41.176471,50.000000,8.823529,9.803922,7.894737,-1.909185,5.882353,13.157895,7.275542,5.882353,0.000000,-5.882353,5.882353,2.631579,-3.250774,74.647887,61.290323,-13.357565,71,62
01061060,true,24.691358,7.352941,-17.338417,32.098765,50.000000,17.901235,6.172840,7.352941,1.180102,18.518519,2.941176,-15.577342,7.407407,10.294118,2.886710,0.000000,1.470588,1.470588,73.214286,67.647059,-5.567227,112,102
01061061,true,41.406250,23.783032,-17.623218,24.062500,38.386648,14.324148,7.500000,10.848401,3.348401,7.031250,6.119611,-0.911639,8.437500,8.762170,0.324670,4.687500,0.834492,-3.853008,48.375185,34.504034,-13.871150,1354,2107
01061062,true,23.529412,11.764706,-11.764706,42.647059,58.823529,16.176471,10.294118,11.764706,1.470588,20.588235,3.921569,-16.666667,0.000000,1.960784,1.960784,1.470588,1.960784,0.490196,64.485981,50.000000,-14.485981,107,104
01061063,true,14.843750,7.207207,-7.636543,34.375000,50.450450,16.075450,18.750000,9.909910,-8.840090,14.843750,6.306306,-8.537444,5.468750,4.504505,-0.964245,4.687500,4.504505,-0.182995,63.546798,52.606635,-10.940163,203,211
01061064,true,14.117647,7.317073,-6.800574,54.117647,54.878049,0.760402,12.941176,15.853659,2.912482,8.235294,7.317073,-0.918221,2.352941,0.000000,-2.352941,1.176471,0.000000,-1.176471,64.661654,63.565891,-1.095763,133,129
01061065,true,27.035831,15.878378,-11.157452,36.807818,46.621622,9.813804,14.983713,12.162162,-2.821551,9.120521,9.121622,0.001100,3.908795,6.756757,2.847962,0.977199,0.000000,-0.977199,53.633218,46.105919,-7.527299,578,642
01061066,true,16.803279,6.976744,-9.826535,52.868852,68.023256,15.154403,7.377049,5.813953,-1.563096,13.934426,10.465116,-3.469310,3.688525,2.325581,-1.362943,1.229508,0.000000,-1.229508,77.399381,53.894081,-23.505300,323,321
01061067,true,20.909091,9.950249,-10.958842,38.636364,54.228856,15.592492,10.909091,11.442786,0.533695,15.909091,8.457711,-7.451379,5.000000,6.467662,1.467662,4.545455,0.995025,-3.550430,63.025210,58.073654,-4.951556,357,353
01061068,true,25.000000,11.428571,-13.571429,44.736842,54.285714,9.548872,9.210526,8.571429,-0.639098,13.157895,14.285714,1.127820,3.947368,2.857143,-1.090226,1.315789,0.000000,-1.315789,80.851064,68.627451,-12.223613,94,102
01061070,true,19.354839,15.384615,-3.970223,45.161290,42.307692,-2.853598,3.225806,3.846154,0.620347,16.129032,15.384615,-0.744417,9.677419,7.692308,-1.985112,3.225806,0.000000,-3.225806,46.268657,44.067797,-2.200860,67,59
01061071,true,25.157233,18.253968,-6.903264,33.333333,38.888889,5.555556,15.723270,17.460317,1.737047,6.289308,9.523810,3.234501,5.031447,6.349206,1.317760,6.289308,0.793651,-5.495657,62.500000,53.781513,-8.718487,256,238
01061072,true,29.162358,16.930572,-12.231785,32.885212,48.964677,16.079465,14.374354,14.250914,-0.123440,12.409514,6.333739,-6.075775,5.067218,5.481121,0.413902,1.137539,0.974421,-0.163117,61.340852,51.498127,-9.842725,1596,1602
01061073,true,16.480447,8.108108,-8.372339,44.413408,56.756757,12.343349,6.703911,11.583012,4.879101,12.849162,4.247104,-8.602058,7.541899,8.494208,0.952309,3.910615,1.158301,-2.752313,62.762238,48.073394,-14.688843,572,545
01061074,true,27.467811,12.887828,-14.579983,33.476395,49.164678,15.688283,10.729614,16.467780,5.738167,14.592275,7.637232,-6.955043,4.077253,4.295943,0.218690,4.291845,2.147971,-2.143874,64.092141,59.915014,-4.177127,738,706
01061076,true,23.376623,23.636364,0.259740,42.857143,41.818182,-1.038961,16.883117,21.818182,4.935065,10.389610,5.454545,-4.935065,1.298701,0.000000,-1.298701,1.298701,0.000000,-1.298701,75.000000,52.380952,-22.619048,104,105
01061077,true,28.009259,16.991643,-11.017616,35.879630,48.189415,12.309785,12.731481,14.484680,1.753198,11.111111,6.406685,-4.704426,5.092593,5.571031,0.478438,3.009259,1.671309,-1.337950,63.318777,50.919378,-12.399400,687,707
01061078,true,26.966292,17.777778,-9.188514,35.955056,46.666667,10.711610,11.797753,14.074074,2.276321,11.235955,8.888889,-2.347066,5.056180,1.481481,-3.574698,3.932584,0.000000,-3.932584,78.260870,61.261261,-16.999608,230,222
01061079,true,23.691099,13.333333,-10.357766,34.554974,43.666667,9.111693,14.267016,20.000000,5.732984,13.874346,8.500000,-5.374346,5.628272,5.000000,-0.628272,3.403141,2.166667,-1.236475,59.968726,47.570533,-12.398193,1279,1276
01061080,true,22.641509,11.111111,-11.530398,45.283019,54.444444,9.161426,10.377358,16.666667,6.289308,14.150943,6.666667,-7.484277,2.830189,3.333333,0.503145,0.000000,0.000000,0.000000,70.860927,58.064516,-12.796411,151,155
01061081,true,13.414634,17.567568,4.152933,46.341463,50.000000,3.658537,12.195122,8.108108,-4.087014,8.536585,8.108108,-0.428477,9.756098,6.756757,-2.999341,4.878049,2.702703,-2.175346,80.582524,72.549020,-8.033505,103,102
01061082,true,24.448217,16.666667,-7.781551,33.955857,43.750000,9.794143,16.808149,18.750000,1.941851,12.224109,8.750000,-3.474109,3.395586,2.500000,-0.895586,3.565365,0.833333,-2.732032,63.870968,53.362734,-10.508233,930,907
01061083,true,20.707071,12.711864,-7.995206,44.949495,51.694915,6.745420,8.838384,12.711864,3.873481,13.383838,9.039548,-4.344290,3.535354,5.084746,1.549392,3.787879,0.564972,-3.222907,67.449664,57.348243,-10.101422,596,626
01061084,true,16.770186,18.248175,1.477989,50.931677,55.474453,4.542776,8.074534,6.569343,-1.505191,11.180124,8.759124,-2.421000,3.105590,1.459854,-1.645736,3.105590,0.000000,-3.105590,71.491228,62.557078,-8.934150,228,219
01061085,true,19.379845,4.166667,-15.213178,48.837209,60.000000,11.162791,3.100775,10.833333,7.732558,18.604651,11.666667,-6.937984,3.100775,6.666667,3.565891,1.550388,0.000000,-1.550388,61.904762,55.707763,-6.196999,210,219
01061086,true,19.626168,9.844560,-9.781609,45.794393,58.549223,12.754830,8.878505,11.917098,3.038594,11.214953,6.217617,-4.997337,7.476636,6.217617,-1.259019,0.000000,0.000000,0.000000,63.126844,57.396450,-5.730394,339,338
01061087,true,20.552147,10.504202,-10.047946,44.171779,56.302521,12.130742,7.975460,10.084034,2.108573,10.429448,9.663866,-0.765582,7.055215,5.042017,-2.013198,3.374233,1.680672,-1.693561,68.399168,52.838428,-15.560740,481,458
01061088,true,17.333333,8.121827,-9.211506,46.666667,57.360406,10.693739,12.888889,14.213198,1.324309,8.888889,6.598985,-2.289904,5.333333,4.060914,-1.272420,2.666667,1.522843,-1.143824,59.630607,51.968504,-7.662103,379,381
01061089,true,19.607843,21.739130,2.131287,49.019608,45.652174,-3.367434,21.568627,17.391304,-4.177323,5.882353,2.173913,-3.708440,0.000000,8.695652,8.695652,0.000000,0.000000,0.000000,62.195122,59.740260,-2.454862,82,77
01061091,true,18.609865,8.588957,-10.020908,52.690583,66.564417,13.873834,3.363229,3.374233,0.011004,13.452915,8.588957,-4.863958,4.708520,4.601227,-0.107293,0.896861,0.613497,-0.283364,72.347267,53.634895,-18.712372,622,619
01061092,true,32.441472,13.930348,-18.511123,38.795987,52.238806,13.442819,7.692308,12.935323,5.243016,6.354515,4.975124,-1.379391,5.016722,6.965174,1.948452,4.682274,0.000000,-4.682274,62.061856,43.340381,-18.721475,485,473
01061093,true,13.636364,9.883721,-3.752643,42.929293,46.511628,3.582335,12.626263,16.860465,4.234202,11.111111,9.302326,-1.808786,9.595960,2.906977,-6.688983,3.535354,3.488372,-0.046981,62.776025,55.483871,-7.292154,317,310
01061095,true,24.137931,14.805195,-9.332736,38.390805,48.311688,9.920884,7.356322,8.571429,1.215107,16.551724,10.129870,-6.421854,6.666667,8.831169,2.164502,2.068966,2.337662,0.268697,61.613352,54.634831,-6.978520,719,712
01061096,true,17.883212,9.236948,-8.646264,45.985401,55.020080,9.034679,8.394161,13.253012,4.858851,11.678832,6.425703,-5.253129,7.664234,4.819277,-2.844956,2.554745,1.204819,-1.349925,70.992366,61.728395,-9.263971,393,405
01061097,true,24.852071,14.084507,-10.767564,42.307692,54.062839,11.755146,11.168639,12.026002,0.857363,11.538462,6.283857,-5.254605,3.624260,2.816901,-0.807359,1.997041,1.950163,-0.046879,64.198688,41.929666,-22.269022,2134,2218
01061098,true,17.741935,7.000000,-10.741935,44.354839,52.000000,7.645161,10.483871,16.000000,5.516129,16.935484,10.000000,-6.935484,6.451613,4.000000,-2.451613,0.000000,0.000000,0.000000,63.316583,52.879581,-10.437002,199,191
01061100,true,20.000000,6.578947,-13.421053,44.210526,55.263158,11.052632,9.473684,10.526316,1.052632,17.894737,17.105263,-0.789474,1.052632,6.578947,5.526316,0.000000,0.000000,0.000000,73.643411,56.716418,-16.926993,129,134
01061101,true,26.108374,10.289389,-15.818985,31.280788,40.192926,8.912138,20.197044,23.151125,2.954081,9.113300,10.289389,1.176089,3.940887,5.144695,1.203808,3.201970,2.250804,-0.951167,62.162162,49.062500,-13.099662,666,640
01061102,true,12.500000,10.769231,-1.730769,58.333333,56.923077,-1.410256,12.500000,15.384615,2.884615,8.333333,12.307692,3.974359,1.388889,0.000000,-1.388889,0.000000,0.000000,0.000000,66.666667,57.522124,-9.144543,108,113
01061103,true,12.280702,12.765957,0.485256,38.596491,36.170213,-2.426278,8.771930,10.638298,1.866368,19.298246,14.893617,-4.404629,5.263158,8.510638,3.247480,3.508772,2.127660,-1.381112,78.082192,64.000000,-14.082192,73,75
01061104,true,24.770642,16.129032,-8.641610,37.844037,47.670251,9.826214,7.798165,11.827957,4.029792,11.926606,9.318996,-2.607609,9.174312,8.602151,-0.572161,2.064220,1.792115,-0.272105,70.465490,45.840131,-24.625359,623,613
01061105,true,23.400936,12.087912,-11.313024,43.057722,48.351648,5.293926,7.644306,8.351648,0.707343,12.636505,9.010989,-3.625516,4.680187,9.450549,4.770362,2.340094,1.538462,-0.801632,63.788027,43.412322,-20.375705,1019,1055
01061106,true,23.255814,5.797101,-17.458713,44.186047,60.869565,16.683519,9.302326,10.144928,0.842602,6.976744,4.347826,-2.628918,5.813953,8.695652,2.881699,6.976744,0.000000,-6.976744,73.728814,55.645161,-18.083652,118,124
01061107,true,21.887550,13.080685,-8.806866,42.369478,53.545232,11.175754,9.939759,12.469438,2.529679,11.445783,5.501222,-5.944561,6.927711,4.889976,-2.037735,2.208835,0.977995,-1.230840,65.530799,49.338147,-16.192653,1526,1662
01061108,true,16.477273,5.109489,-11.367784,43.750000,57.664234,13.914234,9.090909,8.029197,-1.061712,14.772727,9.489051,-5.283676,6.818182,2.919708,-3.898474,2.272727,0.729927,-1.542800,71.951220,56.611570,-15.339649,246,242
01061109,true,21.304348,10.447761,-10.856587,44.347826,56.716418,12.368592,13.043478,13.930348,0.886870,10.434783,5.472637,-4.962146,3.913043,3.980100,0.067056,1.739130,1.492537,-0.246593,69.578313,61.077844,-8.500469,332,334
01061110,true,27.681159,17.569787,-10.111373,37.246377,52.380952,15.134576,13.188406,12.315271,-0.873135,10.434783,4.597701,-5.837081,5.652174,3.612479,-2.039694,1.739130,0.656814,-1.082316,57.855362,53.987730,-3.867632,1203,1141
01061112,true,21.839080,6.410256,-15.428824,45.977011,58.974359,12.997347,19.540230,14.102564,-5.437666,4.597701,2.564103,-2.033599,0.000000,2.564103,2.564103,0.000000,1.282051,1.282051,65.909091,63.709677,-2.199413,132,124
01061113,true,31.714024,20.271581,-11.442443,32.768103,46.944714,14.176611,10.769936,11.881668,1.111732,9.715857,6.159069,-3.556788,6.186984,5.189137,-0.997848,4.170486,1.503395,-2.667091,60.613531,58.238082,-2.375449,3651,3587
01061114,true,22.527473,8.759124,-13.768348,39.560440,49.635036,10.074597,8.791209,20.437956,11.646747,6.043956,7.299270,1.255314,8.791209,3.649635,-5.141574,4.395604,1.459854,-2.935750,67.032967,50.922509,-16.110458,273,271
01061115,true,17.204301,11.538462,-5.665840,53.763441,52.564103,-1.199338,15.053763,14.102564,-0.951199,6.451613,15.384615,8.933002,4.301075,0.000000,-4.301075,0.000000,0.000000,0.000000,68.571429,58.695652,-9.875776,140,138
01061116,true,29.367328,14.528944,-14.838383,35.977337,46.197503,10.220166,9.254013,14.869467,5.615453,8.970727,5.902384,-3.068343,5.760151,5.675369,-0.084782,3.588291,1.021566,-2.566724,55.234657,45.969839,-9.264818,1939,1923
01061117,true,16.037736,9.644670,-6.393066,43.396226,48.223350,4.827124,16.037736,14.720812,-1.316924,8.490566,6.091371,-2.399195,2.830189,5.076142,2.245953,4.716981,3.045685,-1.671296,68.471338,60.303030,-8.168307,314,330
01061118,true,28.205128,17.187500,-11.017628,33.682984,45.156250,11.473266,14.685315,17.656250,2.970935,9.906760,7.031250,-2.875510,5.477855,4.375000,-1.102855,2.097902,1.875000,-0.222902,62.418537,47.080292,-15.338245,1381,1370
01061119,true,23.684211,5.612245,-18.071966,43.859649,58.163265,14.303616,10.964912,12.755102,1.790190,7.456140,6.632653,-0.823487,6.140351,10.714286,4.573935,0.877193,0.510204,-0.366989,55.131265,53.698630,-1.432635,419,365
01062001,true,28.528409,15.409099,-13.119310,28.590909,38.195095,9.604185,15.812500,27.551020,11.738520,14.034091,7.217749,-6.816341,5.426136,4.072271,-1.353865,3.880682,2.218686,-1.661996,67.496479,40.512241,-26.984238,26271,26550
01062003,true,28.813559,15.143603,-13.669956,30.750605,47.258486,16.507880,10.411622,17.493473,7.081850,13.317191,6.005222,-7.311969,6.295400,3.655352,-2.640047,2.905569,1.044386,-1.861183,59.174964,52.387449,-6.787516,703,733
01062004,true,27.989929,16.916047,-11.073882,29.458666,43.078577,13.619912,13.785145,20.347639,6.562494,10.889635,5.895529,-4.994106,6.724717,4.703880,-2.020837,4.553084,1.917391,-2.635693,49.659056,59.446786,9.787730,19358,18980
01062005,true,26.272455,15.708155,-10.564301,29.266467,40.000000,10.733533,14.970060,21.373391,6.403331,16.691617,9.785408,-6.906209,5.239521,4.549356,-0.690165,2.844311,2.231760,-0.612552,57.337303,48.389761,-8.947543,2351,2422
01062006,true,28.143570,16.353039,-11.790531,30.829570,42.447960,11.618390,13.453768,22.264779,8.811012,12.122653,6.910908,-5.211745,6.750654,4.429642,-2.321012,3.779415,1.698585,-2.080831,67.072592,47.070676,-20.001916,6323,12904
01062008,true,22.192513,12.258065,-9.934449,36.898396,49.677419,12.779024,13.368984,20.645161,7.276177,12.299465,6.451613,-5.847852,6.684492,3.548387,-3.136105,2.673797,0.967742,-1.706055,53.596615,44.176136,-9.420479,709,704
01062009,true,31.486735,21.635195,-9.851540,33.338895,46.785858,13.446962,7.258468,13.740458,6.481990,13.215418,6.428284,-6.787134,8.509928,5.042186,-3.467743,2.703154,1.064685,-1.638469,58.653846,48.758883,-9.894964,10296,10273
01062011,true,24.400871,11.526480,-12.874392,41.830065,54.828660,12.998595,5.664488,10.903427,5.238939,15.468410,10.280374,-5.188036,6.535948,5.607477,-0.928471,2.178649,0.000000,-2.178649,59.085133,42.112125,-16.973008,787,767
01062014,true,31.790123,18.433735,-13.356389,30.144033,41.566265,11.422232,11.728395,21.204819,9.476424,11.008230,5.903614,-5.104616,7.098765,4.096386,-3.002380,3.086420,2.289157,-0.797263,58.174224,47.092038,-11.082186,1676,1771
01062016,true,25.600000,14.169675,-11.430325,34.320000,48.375451,14.055451,12.880000,15.523466,2.643466,12.880000,7.220217,-5.659783,7.280000,5.324910,-1.955090,2.800000,1.805054,-0.994946,59.733460,51.245387,-8.488073,2101,2168
01062018,true,34.039353,20.519698,-13.519655,30.868530,44.744342,13.875812,8.371976,15.507125,7.135148,10.903622,6.051970,-4.851652,8.359444,4.995809,-3.363635,3.484146,1.659681,-1.824464,57.217193,44.497182,-12.720011,14029,13484
01062019,true,27.631579,19.504644,-8.126935,34.736842,54.179567,19.442724,11.315789,9.287926,-2.027864,12.631579,4.643963,-7.987616,5.263158,4.643963,-0.619195,3.421053,0.928793,-2.492260,60.413355,51.014041,-9.399314,629,641
01062020,true,29.873418,16.155989,-13.717429,35.443038,51.810585,16.367547,9.620253,12.534819,2.914566,12.405063,6.406685,-5.998378,7.594937,5.292479,-2.302458,1.772152,1.114206,-0.657946,71.095153,67.407407,-3.687745,557,540
01062021,true,26.957638,19.053708,-7.903930,38.125802,45.907928,7.782126,9.627728,17.007673,7.379945,12.708601,7.672634,-5.035966,6.675225,3.196931,-3.478294,2.952503,1.023018,-1.929485,69.244288,67.644521,-1.599767,1138,1159
01062022,true,29.551954,17.040816,-12.511138,35.271687,44.183673,8.911986,11.344137,18.673469,7.329332,12.297426,7.551020,-4.746406,5.529075,3.367347,-2.161728,2.478551,1.938776,-0.539775,71.515562,66.598916,-4.916646,1478,1476
01062023,true,23.332734,13.450783,-9.881951,34.711487,43.763982,9.052495,14.488585,23.797539,9.308954,16.160345,9.619687,-6.540658,5.015280,3.020134,-1.995145,2.786266,1.314318,-1.471949,73.689052,48.042229,-25.646823,7609,7483
01062025,true,23.529412,11.397059,-12.132353,42.818057,50.000000,7.181943,9.849521,16.176471,6.326949,9.849521,6.617647,-3.231874,7.250342,5.882353,-1.367989,2.599179,0.735294,-1.863885,60.000000,45.559211,-14.440789,1225,608
01062026,true,28.897338,17.786561,-11.110777,29.657795,41.106719,11.448925,12.547529,23.320158,10.772630,11.406844,7.905138,-3.501706,8.365019,4.347826,-4.017193,3.041825,1.185771,-1.856054,69.270833,63.500000,-5.770833,384,400
01062027,true,27.133106,17.695473,-9.437633,38.395904,48.353909,9.958005,11.433447,16.460905,5.027458,13.651877,7.407407,-6.244470,3.412969,3.086420,-0.326550,2.730375,1.028807,-1.701569,59.716599,50.308008,-9.408591,988,974
01062031,true,30.044843,22.167488,-7.877355,34.529148,34.482759,-0.046389,11.659193,22.660099,11.000906,12.107623,5.418719,-6.688904,2.242152,4.926108,2.683956,4.484305,0.985222,-3.499083,64.183381,51.262626,-12.920755,349,396
01062032,true,25.441696,16.460905,-8.980791,37.455830,51.028807,13.572976,10.247350,10.699588,0.452239,10.600707,6.584362,-4.016345,7.420495,6.584362,-0.836133,3.180212,0.411523,-2.768689,61.987041,52.978723,-9.008318,463,470
01062033,true,26.315789,26.470588,0.154799,34.210526,29.411765,-4.798762,13.157895,29.411765,16.253870,21.052632,8.823529,-12.229102,0.000000,0.000000,0.000000,2.631579,0.000000,-2.631579,84.444444,85.000000,0.555556,45,40
01062035,true,26.310632,13.290689,-13.019943,33.904949,43.070362,9.165414,14.453699,21.961620,7.507921,12.983831,9.168443,-3.815388,6.075453,4.904051,-1.171402,2.645762,0.923952,-1.721810,71.513250,49.493538,-22.019711,2868,2863
01062036,true,23.059096,14.935989,-8.123108,35.341831,44.381223,9.039393,11.471611,17.923186,6.451576,17.265353,11.095306,-6.170048,4.634994,3.698435,-0.936559,3.939745,1.422475,-2.517270,60.377358,48.459959,-11.917400,1431,1461
01062039,true,29.207921,19.596542,-9.611379,35.643564,42.074928,6.431364,11.386139,13.256484,1.870346,9.405941,7.492795,-1.913145,7.920792,5.763689,-2.157103,1.980198,1.440922,-0.539276,66.503268,55.047319,-11.455949,612,634
01062040,true,27.699531,15.023474,-12.676056,35.680751,42.723005,7.042254,14.553991,22.535211,7.981221,9.389671,5.633803,-3.755869,5.164319,4.694836,-0.469484,4.225352,3.755869,-0.469484,77.659574,74.564460,-3.095115,282,287
01062045,true,25.706667,11.809636,-13.897031,35.840000,47.767333,11.927333,12.480000,19.623972,7.143972,12.426667,8.930670,-3.495997,6.560000,3.877791,-2.682209,3.253333,0.822562,-2.430772,69.509517,64.296464,-5.213053,2732,2658
01062046,true,27.272727,13.483146,-13.789581,31.385281,50.561798,19.176516,12.337662,18.539326,6.201664,12.770563,7.022472,-5.748091,5.411255,3.932584,-1.478671,3.463203,0.000000,-3.463203,65.314685,50.921986,-14.392699,715,705
01062048,true,25.694444,14.027149,-11.667295,40.972222,53.393665,12.421443,8.333333,8.144796,-0.188537,10.763889,9.502262,-1.261626,9.027778,6.334842,-2.692936,1.041667,0.000000,-1.041667,54.595588,41.996234,-12.599355,544,531
01062050,true,30.107527,17.419355,-12.688172,31.720430,58.064516,26.344086,7.526882,10.322581,2.795699,16.129032,2.580645,-13.548387,6.451613,3.870968,-2.580645,4.301075,0.000000,-4.301075,65.724382,55.052265,-10.672117,283,287
01062051,true,24.463519,16.256158,-8.207362,31.759657,41.871921,10.112265,13.733906,17.733990,4.000085,16.738197,5.911330,-10.826867,4.291845,3.940887,-0.350959,4.721030,2.955665,-1.765365,58.500000,50.859951,-7.640049,400,407
01062053,true,28.196347,17.335352,-10.860995,37.077626,51.021953,13.944327,8.584475,15.215746,6.631271,12.694064,5.563967,-7.130097,7.191781,4.579864,-2.611917,2.648402,1.514005,-1.134397,62.214708,38.934426,-23.280282,7098,6832
01062056,true,22.803347,12.391304,-10.412043,37.866109,50.000000,12.133891,7.531381,12.608696,5.077315,10.669456,5.652174,-5.017282,10.251046,7.608696,-2.642350,4.602510,1.739130,-2.863380,49.793388,48.182762,-1.610626,968,963
01062058,true,22.297297,12.142857,-10.154440,30.405405,38.571429,8.166023,14.864865,23.571429,8.706564,15.540541,9.285714,-6.254826,10.135135,8.571429,-1.563707,4.729730,0.714286,-4.015444,77.083333,76.086957,-0.996377,192,184
01062059,true,35.734072,18.100890,-17.633182,31.024931,44.807122,13.782191,13.573407,14.540059,0.966652,7.202216,6.528190,-0.674026,4.986150,7.121662,2.135512,2.493075,2.077151,-0.415923,60.465116,53.920000,-6.545116,602,625
01062060,true,28.159104,16.573579,-11.585525,30.794084,41.391452,10.597368,12.593337,22.474502,9.881165,14.697013,7.795046,-6.901967,6.698736,5.257407,-1.441330,3.180643,1.784847,-1.395796,65.783923,38.675731,-27.108192,21335,21476
01062061,true,28.524455,16.899489,-11.624966,31.689273,42.998296,11.309024,13.173037,19.897785,6.724748,11.076860,5.758092,-5.318768,6.720099,5.451448,-1.268651,3.390875,1.635434,-1.755441,66.707483,40.691270,-26.016213,7350,7262
01062062,true,28.846154,13.793103,-15.053050,37.062937,51.724138,14.661201,9.265734,15.618661,6.352927,8.916084,5.273834,-3.642250,7.867133,3.651116,-4.216017,2.797203,1.419878,-1.377325,60.759494,50.927835,-9.831659,948,970
01062065,true,30.502600,16.966068,-13.536532,33.622184,48.702595,15.080411,10.398614,16.367265,5.968652,7.972270,5.189621,-2.782650,7.625650,3.592814,-4.032836,3.639515,1.996008,-1.643507,55.800575,47.551789,-8.248786,1043,1062
01062069,true,27.840482,14.539401,-13.301081,35.515425,47.835738,12.320313,10.985704,19.089900,8.104197,14.371708,7.991121,-6.380587,6.395786,5.105438,-1.290348,2.106847,0.998890,-1.107957,72.432432,48.534896,-23.897536,1850,1877
01062071,true,27.314815,16.498316,-10.816498,38.194444,43.097643,4.903199,8.680556,16.835017,8.154461,14.120370,8.417508,-5.702862,6.828704,6.397306,-0.431397,1.504630,1.010101,-0.494529,62.276306,42.402827,-19.873480,1397,1415
01062076,true,23.751274,14.686192,-9.065082,36.187564,44.895397,8.707834,10.091743,18.786611,8.694868,17.329256,9.037657,-8.291599,5.538566,5.523013,-0.015554,2.820251,1.297071,-1.523180,70.773979,46.557060,-24.216919,4212,5170
01062078,true,27.003484,13.507625,-13.495859,35.540070,46.405229,10.865159,7.491289,15.904139,8.412850,12.369338,8.061002,-4.308336,7.491289,6.753813,-0.737477,2.439024,0.871460,-1.567565,55.856728,45.275591,-10.581137,1033,1016
01062081,true,26.173097,13.605442,-12.567655,29.197080,44.081633,14.884552,16.162669,20.816327,4.653657,12.617310,9.387755,-3.229555,5.318040,3.537415,-1.780625,5.735141,1.904762,-3.830379,59.913259,47.890980,-12.022279,1614,1541
01062082,true,30.186937,17.208738,-12.978200,33.579506,47.888350,14.308843,11.008539,16.577670,5.569131,11.170090,5.339806,-5.830284,7.108239,4.417476,-2.690763,2.884837,1.432039,-1.452798,62.224748,58.205381,-4.019367,7039,7099
01062083,true,27.142857,12.709030,-14.433827,27.714286,49.498328,21.784042,17.714286,16.387960,-1.326326,8.857143,7.357860,-1.499283,9.142857,7.023411,-2.119446,3.142857,0.334448,-2.808409,56.170886,48.622366,-7.548520,632,617
01062086,true,28.258362,16.708229,-11.550133,34.025375,47.007481,12.982106,9.688581,16.708229,7.019648,14.302191,7.107232,-7.194960,7.612457,5.860349,-1.752108,2.883506,0.872818,-2.010688,69.554849,63.917526,-5.637323,1258,1261
01062087,true,31.120944,19.780220,-11.340724,31.415929,43.406593,11.990664,12.241888,17.399267,5.157379,8.112094,6.776557,-1.335538,8.702065,6.043956,-2.658109,1.474926,1.465201,-0.009725,57.142857,47.160069,-9.982788,1211,1162
01062088,true,24.849699,11.449275,-13.400424,36.372745,51.014493,14.641747,9.018036,13.333333,4.315297,13.627255,7.101449,-6.525805,9.118236,7.971014,-1.147222,3.106212,1.014493,-2.091720,69.730477,49.927954,-19.802523,1447,1388
01062089,true,22.843823,14.723926,-8.119896,37.762238,52.760736,14.998498,12.354312,13.087935,0.733622,13.519814,6.748466,-6.771347,4.662005,5.930470,1.268466,4.195804,2.249489,-1.946315,55.612903,46.095955,-9.516948,775,1063
01062090,true,31.078577,15.810039,-15.268538,27.613047,39.615269,12.002222,14.306894,25.067628,10.760734,14.047443,6.672678,-7.374764,5.615271,3.937481,-1.677789,3.854707,1.743312,-2.111395,68.780858,42.465057,-26.315801,7899,7870
01062091,true,25.392297,17.181818,-8.210479,35.306705,51.636364,16.329659,10.485021,11.818182,1.333160,11.269615,5.909091,-5.360524,8.059914,5.909091,-2.150823,2.567760,1.090909,-1.476851,61.827722,48.578924,-13.248798,2287,2287
01062092,true,29.672897,14.226519,-15.446378,33.294393,48.480663,15.186270,11.331776,17.541436,6.209661,9.345794,5.386740,-3.959054,7.476636,4.834254,-2.642381,3.037383,1.795580,-1.241803,59.407305,50.791466,-8.615839,1451,1453
01062093,true,19.536424,10.330579,-9.205845,44.370861,45.454545,1.083685,12.251656,18.595041,6.343386,9.933775,9.917355,-0.016419,5.960265,5.371901,-0.588364,2.980132,1.239669,-1.740463,62.628337,52.903226,-9.725111,487,465
01062094,true,20.544218,13.980263,-6.563955,38.367347,49.835526,11.468179,9.523810,14.638158,5.114348,13.197279,7.565789,-5.631489,10.204082,5.427632,-4.776450,1.632653,1.644737,0.012084,57.812500,46.575342,-11.237158,1280,1314
