Gemeinde;Wahlkreisnummer;Erfassungsgebietsnummer;Erfassungsgebietsart;Ausgezaehlt abweichend Gebiet;Ausgezaehlt abweichend AGS;Ausbleibend;Wahlberechtigte gesamt (A);Wahlberechtigte ohne Wahlschein (A1);Wahlberechtigte mit Wahlschein (A2);Wahlberechtigte nicht im WVZ (A3);Waehlende gesamt (B);Waehlende ohne Wahlschein;Waehlende mit Wahlschein;Urnenwaehlende mit Wahlschein in Urnenwahllokal;Briefwaehlende mit Wahlschein in Urnenwahllokal;Stimmen ungueltige (C);Stimmen gueltige (D);D1;D2;D3;D4;D5;D6;D7;D8;D9;D10;D11;D12;D13;D14;D15;D17;D18;D19;D20;D21;D22;D23;D124;
01001;0100101;01000001;STIMMBEZIRK;;;N;1831;1533;298;0;802;528;274;0;274;1;801;133;148;121;32;285;;20;10;;;;;6;;;19;2;25;;;;;;
01001;0100101;01000002;STIMMBEZIRK;;;N;1805;1627;178;0;500;340;160;0;160;4;496;99;69;62;21;178;;20;16;;;;;14;;;1;6;10;;;;;;
01001;0100102;01000003;STIMMBEZIRK;;;N;1719;1577;142;0;429;305;124;2;122;2;427;79;63;67;14;140;;9;25;;;;;10;;;2;3;15;;;;;;
01001;0100102;01000004;STIMMBEZIRK;;;N;1735;1556;179;0;412;256;156;1;155;6;406;29;106;55;11;144;;19;14;;;;;5;;;12;2;9;;;;;;
01001;0100103;01000005;STIMMBEZIRK;;;N;1638;1532;106;0;315;220;95;0;95;3;312;27;95;43;7;66;;38;8;;;;;0;;;18;5;5;;;;;;
01001;0100103;01000006;STIMMBEZIRK;;;N;1710;1659;51;0;165;126;39;0;39;0;165;22;26;23;3;58;;7;9;;;;;0;;;9;2;6;;;;;;
01001;0100104;01000007;STIMMBEZIRK;;;N;1831;1641;190;0;514;345;169;0;169;6;508;69;114;69;19;116;;47;9;;;;;13;;;29;10;13;;;;;;
01001;0100104;01000008;STIMMBEZIRK;;;N;1820;1639;180;1;515;358;157;4;153;2;513;30;195;41;12;107;;41;6;;;;;10;;;53;9;9;;;;;;
01001;0100105;01000009;STIMMBEZIRK;;;N;1807;1551;256;0;627;407;220;2;218;2;625;43;266;35;42;114;;50;8;;;;;16;;;35;8;8;;;;;;
01001;0100105;01000010;STIMMBEZIRK;;;N;1741;1361;380;0;775;445;330;0;330;1;774;115;275;57;43;190;;41;15;;;;;10;;;14;6;8;;;;;;
01001;0100106;01000011;STIMMBEZIRK;;;N;1441;1204;237;0;561;347;214;0;214;4;557;100;161;56;20;150;;23;7;;;;;0;;;19;11;10;;;;;;
01001;0100106;01000012;STIMMBEZIRK;;;N;1548;1247;301;0;736;467;269;0;269;5;731;196;187;80;35;182;;8;11;;;;;0;;;7;7;18;;;;;;
01001;0100107;01000013;STIMMBEZIRK;;;N;1873;1508;365;0;796;480;316;3;313;3;793;124;215;120;39;171;;51;16;;;;;13;;;14;7;23;;;;;;
01001;0100107;01000014;STIMMBEZIRK;;;N;1703;1437;266;0;627;385;242;2;240;7;620;113;143;85;26;174;;35;10;;;;;9;;;8;7;10;;;;;;
01001;0100108;01000015;STIMMBEZIRK;;;N;1664;1428;236;0;674;467;207;0;207;9;665;153;138;96;35;180;;15;12;;;;;11;;;11;9;5;;;;;;
01001;0100108;01000016;STIMMBEZIRK;;;N;1893;1688;204;1;654;469;185;0;185;9;645;146;117;101;42;175;;15;14;;;;;13;;;7;7;8;;;;;;
01001;0100109;01000017;STIMMBEZIRK;;;N;1812;1486;326;0;874;580;294;1;293;2;872;179;161;123;99;237;;15;11;;;;;26;;;4;10;7;;;;;;
01001;0100109;01000018;STIMMBEZIRK;;;N;1811;1611;200;0;643;476;167;0;167;7;636;109;76;108;39;235;;19;24;;;;;4;;;6;7;9;;;;;;
01001;0100110;01000019;STIMMBEZIRK;;;N;1556;1440;116;0;435;332;103;0;103;3;432;81;63;80;13;130;;19;14;;;;;9;;;6;10;7;;;;;;
01001;0100110;01000020;STIMMBEZIRK;;;N;1891;1646;245;0;523;309;214;2;212;1;522;79;122;74;21;150;;22;20;;;;;10;;;11;2;11;;;;;;
01001;0100111;01000021;STIMMBEZIRK;;;N;1664;1497;167;0;405;260;145;0;145;4;401;37;167;42;19;87;;26;2;;;;;7;;;5;3;6;;;;;;
01001;0100111;01000022;STIMMBEZIRK;;;N;1758;1534;223;1;542;338;204;0;204;6;536;49;207;58;23;108;;28;7;;;;;19;;;17;6;14;;;;;;
01001;0100112;01000023;STIMMBEZIRK;;;N;1943;1658;285;0;680;442;238;0;238;5;675;73;223;93;31;134;;36;11;;;;;23;;;24;20;7;;;;;;
01001;0100112;01000024;STIMMBEZIRK;;;N;1966;1591;375;0;723;388;335;0;335;6;717;118;164;129;22;171;;55;4;;;;;6;;;14;19;15;;;;;;
01001;0100113;01000025;STIMMBEZIRK;;;N;1692;1464;228;0;646;440;206;1;205;3;643;61;262;69;23;107;;41;9;;;;;20;;;30;11;10;;;;;;
01001;0100113;01000026;STIMMBEZIRK;;;N;1854;1562;292;0;736;478;258;0;258;4;732;107;216;82;47;157;;31;24;;;;;16;;;19;14;19;;;;;;
01001;0100114;01000027;STIMMBEZIRK;;;N;1870;1570;300;0;765;497;268;0;268;7;758;122;246;90;20;182;;38;10;;;;;0;;;25;10;15;;;;;;
01001;0100114;01000028;STIMMBEZIRK;;;N;1646;1333;313;0;655;383;272;1;271;8;647;173;145;87;34;128;;13;4;;;;;0;;;14;16;33;;;;;;
01001;0100115;01000029;STIMMBEZIRK;;;N;2005;1646;359;0;873;552;321;1;320;6;867;190;265;97;59;138;;30;19;;;;;13;;;16;20;20;;;;;;
01001;0100115;01000030;STIMMBEZIRK;;;N;1952;1585;367;0;987;648;339;0;339;8;979;215;242;126;68;213;;21;24;;;;;10;;;27;13;20;;;;;;
01001;0100116;01000031;STIMMBEZIRK;;;N;1881;1568;313;0;834;565;269;0;269;5;829;176;192;75;68;227;;34;8;;;;;11;;;11;17;10;;;;;;
01001;0100116;01000032;STIMMBEZIRK;;;N;1394;1159;235;0;607;393;214;1;213;3;604;168;127;63;32;143;;16;14;;;;;12;;;8;4;17;;;;;;
01001;0100117;01000033;STIMMBEZIRK;;;N;1775;1636;139;0;474;350;124;0;124;2;472;78;55;99;16;143;;24;10;;;;;3;;;4;13;27;;;;;;
01001;0100117;01000034;STIMMBEZIRK;;;N;1427;1264;163;0;397;247;150;0;150;9;388;70;68;55;20;100;;21;6;;;;;9;;;6;5;28;;;;;;
01001;0100118;01000035;STIMMBEZIRK;;;N;1690;1462;228;0;668;462;206;0;206;9;659;159;128;82;40;163;;28;8;;;;;0;;;7;8;36;;;;;;
01001;0100118;01000036;STIMMBEZIRK;;;N;1357;1206;151;0;408;278;130;0;130;9;399;48;80;62;19;121;;21;19;;;;;0;;;7;13;9;;;;;;
01001;0100119;01000037;STIMMBEZIRK;;;N;1857;1580;277;0;678;418;260;0;260;6;672;192;116;124;47;146;;11;12;;;;;0;;;3;8;13;;;;;;
01001;0100119;01000038;STIMMBEZIRK;;;N;1421;1225;196;0;465;298;167;0;167;4;461;83;78;77;32;139;;14;12;;;;;0;;;4;8;14;;;;;;
01001;0100120;01000039;STIMMBEZIRK;;;N;1810;1453;357;0;795;474;321;0;321;6;789;192;115;110;83;217;;22;5;;;;;0;;;4;15;26;;;;;;
01001;0100120;01000040;STIMMBEZIRK;;;N;1891;1577;314;0;625;347;278;0;278;4;621;152;86;100;36;169;;19;10;;;;;0;;;11;17;21;;;;;;
01001;0100121;01000041;STIMMBEZIRK;;;N;1968;1613;355;0;797;487;310;0;310;2;795;179;133;174;41;180;;29;15;;;;;0;;;14;10;20;;;;;;
01001;0100121;01000042;STIMMBEZIRK;;;N;1852;1457;395;0;840;484;356;0;356;6;834;267;173;118;66;132;;26;12;;;;;0;;;8;8;24;;;;;;
01001;0100122;01000043;STIMMBEZIRK;;;N;1870;1649;221;0;549;361;188;0;188;13;536;127;69;94;46;137;;19;11;;;;;0;;;4;13;16;;;;;;
01001;0100122;01000044;STIMMBEZIRK;;;N;1924;1438;486;0;899;461;438;0;438;7;892;286;173;101;88;161;;16;10;;;;;0;;;4;19;34;;;;;;
01002;0100201;02000011;STIMMBEZIRK;;;N;1386;1054;298;34;669;358;311;0;311;4;665;145;226;113;40;46;29;34;6;26;;;;0;;0;;;;;;;;;
01002;0100201;02000012;STIMMBEZIRK;;;N;2029;1503;526;0;976;509;467;0;467;3;973;231;330;188;62;46;43;43;8;22;;;;0;;0;;;;;;;;;
01002;0100201;02000013;STIMMBEZIRK;;;N;1506;1197;309;0;776;487;289;0;289;4;772;95;352;126;37;54;33;55;5;15;;;;0;;0;;;;;;;;;
01002;0100201;02000014;STIMMBEZIRK;;;N;1357;1008;349;0;749;415;334;0;334;6;743;137;250;163;41;49;31;42;11;19;;;;0;;0;;;;;;;;;
01002;0100201;02000015;STIMMBEZIRK;;;N;2034;1526;508;0;1018;538;480;1;479;7;1011;174;359;180;54;89;31;81;11;32;;;;0;;0;;;;;;;;;
01002;0100202;02000021;STIMMBEZIRK;;;N;1309;1014;295;0;690;416;274;0;274;4;686;94;289;120;26;51;12;55;9;30;;;;0;;0;;;;;;;;;
01002;0100202;02000022;STIMMBEZIRK;;;N;1640;1204;436;0;1080;662;418;10;408;5;1075;200;440;209;45;60;19;61;11;30;;;;0;;0;;;;;;;;;
01002;0100202;02000023;STIMMBEZIRK;;;N;1942;1430;512;0;1148;690;458;0;458;4;1144;197;459;233;64;61;23;68;5;34;;;;0;;0;;;;;;;;;
01002;0100202;02000024;STIMMBEZIRK;;;N;2046;1531;515;0;1086;616;470;2;468;5;1081;113;425;259;36;69;35;82;17;45;;;;0;;0;;;;;;;;;
01002;0100203;02000031;STIMMBEZIRK;;;N;1333;987;346;0;815;490;325;0;325;2;813;174;293;165;41;66;17;29;12;16;;;;0;;0;;;;;;;;;
01002;0100203;02000032;STIMMBEZIRK;;;N;1612;1191;421;0;1000;612;388;1;387;3;997;145;440;202;52;62;22;41;10;23;;;;0;;0;;;;;;;;;
01002;0100203;02000033;STIMMBEZIRK;;;N;1627;1141;486;0;983;542;441;3;438;1;982;217;381;174;45;71;14;42;11;27;;;;0;;0;;;;;;;;;
01002;0100203;02000034;STIMMBEZIRK;;;N;1759;1218;541;0;1108;599;509;0;509;6;1102;240;395;201;46;92;41;48;11;28;;;;0;;0;;;;;;;;;
01002;0100203;02000035;STIMMBEZIRK;;;N;1319;911;408;0;836;458;378;2;376;4;832;384;198;77;79;32;34;11;5;12;;;;0;;0;;;;;;;;;
01002;0100203;02000036;STIMMBEZIRK;;;N;975;662;313;0;614;321;293;1;292;2;612;249;181;79;47;25;13;12;3;3;;;;0;;0;;;;;;;;;
01002;0100204;02000041;STIMMBEZIRK;;;N;1397;1115;282;0;827;570;257;1;256;2;825;133;374;132;28;51;17;36;8;30;;;;15;;1;;;;;;;;;
01002;0100204;02000042;STIMMBEZIRK;;;N;1420;1093;327;0;874;570;304;0;304;3;871;193;315;156;51;52;21;31;13;29;;;;7;;3;;;;;;;;;
01002;0100204;02000043;STIMMBEZIRK;;;N;1852;1454;398;0;1047;694;353;1;352;3;1044;207;400;173;48;77;38;45;9;40;;;;4;;3;;;;;;;;;
01002;0100204;02000044;STIMMBEZIRK;;;N;1709;1363;346;0;811;497;314;0;314;6;805;184;270;174;33;51;30;27;9;15;;;;9;;3;;;;;;;;;
01002;0100204;02000045;STIMMBEZIRK;;;N;1591;1228;363;0;801;482;319;7;312;6;795;131;340;141;36;49;14;47;8;22;;;;4;;3;;;;;;;;;
01002;0100204;02000046;STIMMBEZIRK;;;N;2121;1634;487;0;1101;668;433;0;433;7;1094;178;411;218;46;78;32;62;9;39;;;;14;;7;;;;;;;;;
01002;0100205;02000051;STIMMBEZIRK;;;N;1672;1314;358;0;917;581;336;1;335;3;914;110;386;184;44;59;21;68;3;23;;;;12;;4;;;;;;;;;
01002;0100205;02000052;STIMMBEZIRK;;;N;1428;1122;306;0;864;585;279;4;275;4;860;92;418;151;29;44;27;59;4;28;;;;6;;2;;;;;;;;;
01002;0100205;02000053;STIMMBEZIRK;;;N;1475;1112;363;0;783;451;332;0;332;1;782;97;289;172;37;75;23;56;5;18;;;;6;;4;;;;;;;;;
01002;0100205;02000054;STIMMBEZIRK;;;N;1616;1212;404;0;926;550;376;1;375;9;917;142;368;210;34;56;24;51;6;13;;;;11;;2;;;;;;;;;
01002;0100205;02000055;STIMMBEZIRK;;;N;1174;906;268;0;714;459;255;0;255;1;713;101;321;144;32;29;8;45;9;15;;;;5;;4;;;;;;;;;
01002;0100205;02000056;STIMMBEZIRK;;;N;1698;1316;382;0;943;588;355;0;355;4;939;98;418;178;22;79;21;74;8;31;;;;4;;6;;;;;;;;;
01002;0100206;02000061;STIMMBEZIRK;;;N;1234;936;298;0;729;451;278;1;277;4;725;212;206;132;44;54;27;32;13;5;;;;0;;0;;;;;;;;;
01002;0100206;02000062;STIMMBEZIRK;;;N;1271;951;320;0;665;367;298;0;298;3;662;97;264;129;28;49;25;37;10;23;;;;0;;0;;;;;;;;;
01002;0100206;02000063;STIMMBEZIRK;;;N;1319;1005;314;0;683;381;302;2;300;2;681;168;206;144;22;69;18;26;6;22;;;;0;;0;;;;;;;;;
01002;0100206;02000064;STIMMBEZIRK;;;N;1473;1190;283;0;726;472;254;0;254;7;719;126;250;155;38;74;23;35;2;16;;;;0;;0;;;;;;;;;
01002;0100206;02000065;STIMMBEZIRK;;;N;1825;1516;309;0;815;535;280;2;278;7;808;160;255;173;36;65;37;51;8;23;;;;0;;0;;;;;;;;;
01002;0100206;02000066;STIMMBEZIRK;;;N;1414;1096;318;0;728;432;296;2;294;2;726;143;191;155;33;75;46;44;14;25;;;;0;;0;;;;;;;;;
01002;0100207;02000071;STIMMBEZIRK;;;N;1065;807;258;0;628;387;241;8;233;1;627;135;200;105;28;56;22;39;12;30;;;;0;;0;;;;;;;;;
01002;0100207;02000072;STIMMBEZIRK;;;N;1200;942;258;0;743;503;240;0;240;4;739;212;196;171;37;38;30;19;14;22;;;;0;;0;;;;;;;;;
01002;0100207;02000073;STIMMBEZIRK;;;N;1442;1227;215;0;707;510;197;0;197;4;703;212;129;174;31;79;38;16;6;18;;;;0;;0;;;;;;;;;
01002;0100207;02000074;STIMMBEZIRK;;;N;1765;1422;343;0;875;558;317;3;314;6;869;229;218;173;49;81;48;30;11;30;;;;0;;0;;;;;;;;;
01002;0100207;02000075;STIMMBEZIRK;;;N;953;745;208;0;475;281;194;0;194;1;474;133;101;116;25;40;19;23;9;8;;;;0;;0;;;;;;;;;
01002;0100207;02000076;STIMMBEZIRK;;;N;1144;873;271;0;629;373;256;2;254;5;624;161;138;194;25;40;27;18;4;17;;;;0;;0;;;;;;;;;
01002;0100208;02000081;STIMMBEZIRK;;;N;1166;930;236;0;652;427;225;0;225;3;649;190;145;183;16;32;32;12;20;13;;;;6;;0;;;;;;;;;
01002;0100208;02000082;STIMMBEZIRK;;;N;1104;775;329;0;706;403;303;1;302;4;702;252;135;177;25;44;26;13;12;8;;;;10;;0;;;;;;;;;
01002;0100208;02000083;STIMMBEZIRK;;;N;1154;980;174;0;471;305;166;0;166;5;466;90;75;169;26;33;34;12;9;6;;;;12;;0;;;;;;;;;
01002;0100208;02000084;STIMMBEZIRK;;;N;1120;927;193;0;600;415;185;0;185;3;597;185;100;176;24;52;32;3;11;10;;;;4;;0;;;;;;;;;
01002;0100208;02000085;STIMMBEZIRK;;;N;1520;1147;373;0;1025;674;351;0;351;0;1025;273;272;273;63;50;39;13;18;16;;;;8;;0;;;;;;;;;
01002;0100208;02000086;STIMMBEZIRK;;;N;1066;829;237;0;700;474;226;2;224;1;699;200;184;178;45;31;29;10;11;7;;;;4;;0;;;;;;;;;
01002;0100209;02000091;STIMMBEZIRK;;;N;1531;1187;344;0;793;475;318;2;316;4;789;68;328;157;24;46;22;99;6;39;;;;0;;0;;;;;;;;;
01002;0100209;02000092;STIMMBEZIRK;;;N;1264;1045;219;0;670;461;209;1;208;2;668;95;180;223;17;57;38;34;7;17;;;;0;;0;;;;;;;;;
01002;0100209;02000093;STIMMBEZIRK;;;N;1073;793;280;0;664;414;250;1;249;2;662;91;296;138;28;36;13;39;5;16;;;;0;;0;;;;;;;;;
01002;0100209;02000094;STIMMBEZIRK;;;N;1446;1141;305;0;741;468;273;4;269;2;739;95;282;179;40;56;27;33;3;24;;;;0;;0;;;;;;;;;
01002;0100209;02000095;STIMMBEZIRK;;;N;797;679;118;0;360;255;105;2;103;6;354;88;76;96;19;19;33;9;8;6;;;;0;;0;;;;;;;;;
01002;0100209;02000096;STIMMBEZIRK;;;N;1063;851;212;0;683;477;206;0;206;6;677;188;167;159;37;47;37;15;7;20;;;;0;;0;;;;;;;;;
01002;0100209;02000097;STIMMBEZIRK;;;N;733;618;115;0;432;330;102;0;102;4;428;110;106;70;31;36;31;13;14;17;;;;0;;0;;;;;;;;;
01002;0100210;02000101;STIMMBEZIRK;;;N;2000;1866;134;0;535;417;118;1;117;5;530;120;57;132;21;44;101;29;12;14;;;;0;;0;;;;;;;;;
01002;0100210;02000102;STIMMBEZIRK;;;N;1971;1834;137;0;450;326;124;0;124;5;445;111;29;145;15;27;62;53;3;0;;;;0;;0;;;;;;;;;
01002;0100210;02000103;STIMMBEZIRK;;;N;1742;1593;149;0;398;258;140;0;140;2;396;86;56;100;14;38;62;27;5;8;;;;0;;0;;;;;;;;;
01002;0100211;02000111;STIMMBEZIRK;;;N;1937;1738;199;0;492;314;178;3;175;2;490;118;49;133;17;56;89;11;8;9;;;;0;;0;;;;;;;;;
01002;0100211;02000112;STIMMBEZIRK;;;N;1432;1306;126;0;352;235;117;0;117;2;350;83;27;98;10;42;65;16;2;7;;;;0;;0;;;;;;;;;
01002;0100211;02000113;STIMMBEZIRK;;;N;2256;2016;240;0;707;495;212;1;211;5;702;215;69;229;23;41;84;19;8;14;;;;0;;0;;;;;;;;;
01002;0100211;02000114;STIMMBEZIRK;;;N;1237;957;280;0;647;380;267;0;267;3;644;197;137;178;15;51;25;15;13;13;;;;0;;0;;;;;;;;;
01002;0100212;02000121;STIMMBEZIRK;;;N;1274;996;278;0;653;408;245;0;245;4;649;90;241;141;31;45;19;47;9;26;;;;0;;0;;;;;;;;;
01002;0100212;02000122;STIMMBEZIRK;;;N;1523;1215;308;0;716;431;285;0;285;1;715;129;242;146;28;45;28;58;8;31;;;;0;;0;;;;;;;;;
01002;0100212;02000123;STIMMBEZIRK;;;N;1597;1273;324;0;749;451;298;2;296;5;744;128;255;155;31;61;27;54;11;22;;;;0;;0;;;;;;;;;
01002;0100212;02000124;STIMMBEZIRK;;;N;1221;971;250;0;631;393;238;0;238;4;627;78;256;114;18;42;20;66;15;18;;;;0;;0;;;;;;;;;
01002;0100212;02000125;STIMMBEZIRK;;;N;964;794;170;0;408;254;154;0;154;2;406;69;135;71;16;34;31;27;5;18;;;;0;;0;;;;;;;;;
01002;0100212;02000126;STIMMBEZIRK;;;N;906;749;157;0;319;175;144;1;143;1;318;92;57;83;6;35;14;14;8;9;;;;0;;0;;;;;;;;;
01002;0100212;02000127;STIMMBEZIRK;;;N;1374;1091;283;0;626;372;254;3;251;4;622;164;158;150;19;38;22;41;9;21;;;;0;;0;;;;;;;;;
01002;0100213;02000131;STIMMBEZIRK;;;N;1722;1360;362;0;763;427;336;0;336;6;757;99;284;168;34;44;20;57;8;30;;;;13;;0;;;;;;;;;
01002;0100213;02000132;STIMMBEZIRK;;;N;2346;2030;316;0;665;385;280;0;280;5;660;90;183;121;29;53;29;93;4;43;;;;15;;0;;;;;;;;;
01002;0100213;02000133;STIMMBEZIRK;;;N;1970;1677;293;0;888;623;265;0;265;5;883;103;294;204;39;56;43;73;9;53;;;;9;;0;;;;;;;;;
01002;0100213;02000134;STIMMBEZIRK;;;N;2030;1647;383;0;984;632;352;14;338;4;980;127;341;223;29;74;33;103;12;31;;;;7;;0;;;;;;;;;
01002;0100214;02000141;STIMMBEZIRK;;;N;1600;1351;249;0;569;344;225;0;225;6;563;87;165;127;17;57;31;44;7;28;;;;0;;0;;;;;;;;;
01002;0100214;02000142;STIMMBEZIRK;;;N;1081;910;171;0;452;297;155;0;155;4;448;105;116;122;9;33;29;18;4;12;;;;0;;0;;;;;;;;;
01002;0100214;02000143;STIMMBEZIRK;;;N;1615;1349;266;0;723;480;243;4;239;5;718;160;184;161;28;61;47;44;5;28;;;;0;;0;;;;;;;;;
01002;0100214;02000144;STIMMBEZIRK;;;N;1382;1073;309;0;629;343;286;0;286;3;626;151;172;124;29;65;33;21;11;20;;;;0;;0;;;;;;;;;
01002;0100214;02000145;STIMMBEZIRK;;;N;1308;983;325;0;783;477;306;1;305;2;781;155;246;218;27;41;39;15;14;26;;;;0;;0;;;;;;;;;
01002;0100214;02000146;STIMMBEZIRK;;;N;1510;1118;392;0;779;403;376;5;371;5;774;219;184;190;25;60;40;32;11;13;;;;0;;0;;;;;;;;;
01002;0100215;02000151;STIMMBEZIRK;;;N;1575;1281;294;0;816;545;271;0;271;9;807;260;206;155;37;49;47;23;7;23;;;;0;;0;;;;;;;;;
01002;0100215;02000152;STIMMBEZIRK;;;N;1462;1176;286;0;779;513;266;0;266;6;773;250;161;195;29;61;38;19;12;8;;;;0;;0;;;;;;;;;
01002;0100215;02000153;STIMMBEZIRK;;;N;1404;1079;325;0;795;500;295;7;288;3;792;227;209;183;24;65;53;10;15;6;;;;0;;0;;;;;;;;;
01002;0100215;02000154;STIMMBEZIRK;;;N;1514;1193;321;0;883;575;308;1;307;10;873;318;194;158;37;72;53;16;14;11;;;;0;;0;;;;;;;;;
01002;0100215;02000155;STIMMBEZIRK;;;N;1152;974;178;0;616;457;159;0;159;5;611;177;149;129;21;33;39;30;10;23;;;;0;;0;;;;;;;;;
01002;0100216;02000161;STIMMBEZIRK;;;N;1267;1088;179;0;765;602;163;1;162;9;756;321;149;97;45;49;50;16;16;13;;;;0;;0;;;;;;;;;
01002;0100216;02000162;STIMMBEZIRK;;;N;1635;1391;244;0;816;588;228;0;228;9;807;334;119;144;35;62;61;27;9;16;;;;0;;0;;;;;;;;;
01002;0100216;02000163;STIMMBEZIRK;;;N;730;595;135;0;436;303;133;0;133;2;434;111;115;100;10;59;16;10;1;12;;;;0;;0;;;;;;;;;
01002;0100216;02000164;STIMMBEZIRK;;;N;1269;1034;235;0;702;481;221;0;221;2;700;254;140;135;28;55;42;13;8;25;;;;0;;0;;;;;;;;;
01002;0100216;02000165;STIMMBEZIRK;;;N;1906;1598;308;0;911;625;286;2;284;7;904;325;135;178;33;82;96;32;9;14;;;;0;;0;;;;;;;;;
01002;0100216;02000166;STIMMBEZIRK;;;N;2057;1824;233;0;788;573;215;0;215;5;783;271;137;155;43;61;57;28;12;19;;;;0;;0;;;;;;;;;
01002;0100217;02000171;STIMMBEZIRK;;;N;1515;1388;127;0;326;211;115;0;115;6;320;33;75;77;8;20;21;56;5;25;;;;0;;0;;;;;;;;;
01002;0100217;02000172;STIMMBEZIRK;;;N;1627;1510;117;0;361;252;109;0;109;8;353;27;74;73;6;25;42;75;1;30;;;;0;;0;;;;;;;;;
01002;0100217;02000173;STIMMBEZIRK;;;N;2222;2050;172;0;524;366;158;0;158;4;520;79;96;118;19;50;70;54;8;26;;;;0;;0;;;;;;;;;
01002;0100217;02000174;STIMMBEZIRK;;;N;1882;1687;195;0;456;293;163;0;163;3;453;61;120;80;18;41;41;55;9;28;;;;0;;0;;;;;;;;;
01002;0100218;02000181;STIMMBEZIRK;;;N;1854;1689;165;0;374;225;149;0;149;3;371;45;76;92;8;20;28;72;3;27;;;;0;;0;;;;;;;;;
01002;0100218;02000182;STIMMBEZIRK;;;N;1630;1463;167;0;433;282;151;1;150;7;426;63;97;65;12;33;31;86;6;33;;;;0;;0;;;;;;;;;
01002;0100218;02000183;STIMMBEZIRK;;;N;1669;1535;134;0;369;255;114;0;114;5;364;36;67;97;20;31;33;51;7;22;;;;0;;0;;;;;;;;;
01002;0100218;02000184;STIMMBEZIRK;;;N;1728;1628;100;0;347;254;93;0;93;2;345;73;63;86;12;17;29;40;6;19;;;;0;;0;;;;;;;;;
01002;0100219;02000191;STIMMBEZIRK;;;N;2037;1848;189;0;633;460;173;0;173;5;628;114;104;187;20;58;90;30;11;14;;;;0;;0;;;;;;;;;
01002;0100219;02000192;STIMMBEZIRK;;;N;1344;1151;193;0;507;327;180;4;176;3;504;148;70;138;23;63;32;9;8;13;;;;0;;0;;;;;;;;;
01002;0100219;02000193;STIMMBEZIRK;;;N;1908;1650;258;0;677;434;243;0;243;3;674;169;94;175;22;76;82;29;7;20;;;;0;;0;;;;;;;;;
01002;0100219;02000194;STIMMBEZIRK;;;N;1815;1514;301;0;715;442;273;0;273;7;708;178;68;236;30;84;66;27;1;18;;;;0;;0;;;;;;;;;
01002;0100220;02000201;STIMMBEZIRK;;;N;1706;1476;230;0;704;484;220;3;217;6;698;181;134;161;57;56;61;27;9;12;;;;0;;0;;;;;;;;;
01002;0100220;02000202;STIMMBEZIRK;;;N;1999;1823;176;0;565;411;154;2;152;5;560;109;77;166;29;51;75;28;10;15;;;;0;;0;;;;;;;;;
01002;0100220;02000203;STIMMBEZIRK;;;N;890;731;159;0;421;287;134;0;134;0;421;123;70;105;27;36;43;7;7;3;;;;0;;0;;;;;;;;;
01002;0100220;02000204;STIMMBEZIRK;;;N;837;755;82;0;319;242;77;0;77;2;317;66;34;123;13;27;39;7;6;2;;;;0;;0;;;;;;;;;
01002;0100220;02000205;STIMMBEZIRK;;;N;1033;864;169;0;653;496;157;0;157;9;644;191;149;150;34;38;51;16;8;7;;;;0;;0;;;;;;;;;
01002;0100221;02000211;STIMMBEZIRK;;;N;1380;1246;134;0;476;352;124;1;123;4;472;119;67;104;17;58;73;12;5;9;8;;;0;;0;;;;;;;;;
01002;0100221;02000212;STIMMBEZIRK;;;N;1499;1400;99;0;446;351;95;0;95;2;444;97;42;132;9;35;97;8;11;3;10;;;0;;0;;;;;;;;;
01002;0100221;02000213;STIMMBEZIRK;;;N;1621;1455;166;0;384;240;144;0;144;3;381;69;81;91;13;29;46;22;4;17;9;;;0;;0;;;;;;;;;
01002;0100221;02000214;STIMMBEZIRK;;;N;1724;1538;186;0;469;309;160;0;160;5;464;90;100;101;18;47;41;29;8;18;12;;;0;;0;;;;;;;;;
01002;0100222;02000221;STIMMBEZIRK;;;N;1578;1324;254;0;698;471;227;0;227;6;692;172;107;182;35;77;79;20;8;12;;;;0;;0;;;;;;;;;
01002;0100222;02000222;STIMMBEZIRK;;;N;1775;1540;235;0;757;542;215;0;215;6;751;153;129;181;32;82;117;30;6;21;;;;0;;0;;;;;;;;;
01002;0100222;02000223;STIMMBEZIRK;;;N;1751;1521;230;0;686;466;220;0;220;4;682;178;114;150;34;84;68;19;9;26;;;;0;;0;;;;;;;;;
01002;0100222;02000224;STIMMBEZIRK;;;N;1850;1655;195;0;647;467;180;0;180;8;639;178;80;142;37;67;83;30;6;16;;;;0;;0;;;;;;;;;
01002;0100223;02000231;STIMMBEZIRK;;;N;376;328;48;0;217;173;44;0;44;2;215;68;26;37;11;32;20;11;4;6;;;;0;;0;;;;;;;;;
01002;0100223;02000232;STIMMBEZIRK;;;N;347;300;47;0;221;178;43;0;43;2;219;96;31;26;15;18;20;5;6;2;;;;0;;0;;;;;;;;;
01002;0100223;02000233;STIMMBEZIRK;;;N;1063;854;209;0;597;406;191;3;188;4;593;191;111;152;33;30;55;4;7;10;;;;0;;0;;;;;;;;;
01002;0100223;02000234;STIMMBEZIRK;;;N;1105;902;203;0;631;440;191;0;191;4;627;207;109;142;35;63;36;15;6;14;;;;0;;0;;;;;;;;;
01002;0100223;02000235;STIMMBEZIRK;;;N;1490;1284;206;0;634;442;192;1;191;0;634;159;133;149;47;61;52;16;3;14;;;;0;;0;;;;;;;;;
01002;0100223;02000236;STIMMBEZIRK;;;N;1255;1138;117;0;420;309;111;0;111;2;418;106;38;115;20;60;56;9;2;12;;;;0;;0;;;;;;;;;
01002;0100223;02000237;STIMMBEZIRK;;;N;1567;1336;231;0;567;349;218;1;217;1;566;174;102;112;33;61;54;11;8;11;;;;0;;0;;;;;;;;;
01002;0100224;02000241;STIMMBEZIRK;;;N;1443;1089;354;0;862;528;334;0;334;8;854;232;207;153;59;102;47;18;16;20;;;;0;;0;;;;;;;;;
01002;0100224;02000242;STIMMBEZIRK;;;N;1337;1038;299;0;715;439;276;0;276;14;701;227;131;133;31;95;54;16;6;8;;;;0;;0;;;;;;;;;
01002;0100224;02000243;STIMMBEZIRK;;;N;1383;1098;285;0;798;533;265;1;264;3;795;201;187;183;39;97;39;16;15;18;;;;0;;0;;;;;;;;;
01002;0100224;02000244;STIMMBEZIRK;;;N;1950;1661;289;0;947;683;264;0;264;9;938;230;150;196;33;168;103;18;15;25;;;;0;;0;;;;;;;;;
01002;0100224;02000245;STIMMBEZIRK;;;N;1484;1336;148;0;487;351;136;2;134;6;481;83;66;134;24;87;51;11;7;18;;;;0;;0;;;;;;;;;
01002;0100224;02000246;STIMMBEZIRK;;;N;1151;1028;123;0;426;317;109;0;109;6;420;117;73;102;13;64;28;8;3;12;;;;0;;0;;;;;;;;;
01002;0100225;02000251;STIMMBEZIRK;;;N;1607;1419;188;0;623;455;168;0;168;5;618;139;139;120;29;112;36;16;11;16;;;;0;;0;;;;;;;;;
01002;0100225;02000252;STIMMBEZIRK;;;N;1276;1095;181;0;596;431;165;3;162;5;591;136;107;128;25;104;52;17;11;11;;;;0;;0;;;;;;;;;
01002;0100225;02000253;STIMMBEZIRK;;;N;1540;1283;257;0;819;580;239;0;239;8;811;281;112;202;37;86;31;27;28;7;;;;0;;0;;;;;;;;;
01002;0100225;02000254;STIMMBEZIRK;;;N;1292;988;304;0;738;453;285;0;285;11;727;261;96;150;54;79;56;7;19;5;;;;0;;0;;;;;;;;;
01002;0100225;02000255;STIMMBEZIRK;;;N;1426;1119;307;0;782;502;280;2;278;0;782;277;121;160;48;87;51;12;11;15;;;;0;;0;;;;;;;;;
01003;0100301;03000104;STIMMBEZIRK;;;N;1841;1477;364;0;633;632;1;1;0;5;628;88;240;102;22;;18;39;6;16;0;4;0;15;;0;0;12;55;11;;;;;
01003;0100301;03000105;STIMMBEZIRK;;;N;1794;1516;278;0;621;616;5;5;0;5;616;74;218;104;28;;25;63;5;18;0;7;0;19;;0;0;8;35;12;;;;;
01003;0100301;03000106;STIMMBEZIRK;;;N;1653;1390;263;0;568;567;1;1;0;6;562;76;206;79;26;;24;35;0;21;0;12;0;16;;0;5;6;45;11;;;;;
01003;0100301;03000107;STIMMBEZIRK;;;N;1803;1457;346;0;551;547;4;4;0;3;548;122;177;90;26;;20;24;7;13;0;3;0;13;;0;0;4;35;14;;;;;
01003;0100301;03000951;BRIEFWAHLBEZIRK;;;N;0;0;0;0;1089;0;1089;0;0;2;1087;212;421;150;55;;37;56;7;10;0;12;0;28;;0;0;9;62;28;;;;;
01003;0100302;03000101;STIMMBEZIRK;;;N;1171;947;224;0;329;328;1;1;0;1;328;41;132;55;12;;18;16;0;9;0;6;0;10;;0;2;0;25;2;;;;;
01003;0100302;03000102;STIMMBEZIRK;;;N;1370;1122;248;0;379;377;2;2;0;4;375;50;127;64;24;;12;29;3;19;0;4;0;9;;0;3;6;19;6;;;;;
01003;0100302;03000621;STIMMBEZIRK;;;N;1355;1133;222;0;271;271;0;0;0;4;267;37;78;60;16;;21;13;1;2;0;5;0;7;;0;1;6;14;6;;;;;
01003;0100302;03000622;STIMMBEZIRK;;;N;1614;1349;265;0;413;409;4;4;0;2;411;56;123;96;16;;36;19;3;19;0;7;0;7;;0;1;2;24;2;;;;;
01003;0100302;03000503;STIMMBEZIRK;;;N;1970;1608;362;0;498;496;2;2;0;5;493;61;134;96;24;;48;31;7;14;0;9;0;26;;0;2;8;26;7;;;;;
01003;0100302;03000952;BRIEFWAHLBEZIRK;;;N;0;0;0;0;1154;0;1154;0;0;9;1145;199;376;226;50;;40;44;6;26;0;13;0;46;;0;1;28;65;25;;;;;
01003;0100303;03000103;STIMMBEZIRK;;;N;1613;1375;238;0;600;599;1;1;0;2;598;53;193;92;44;;32;41;11;23;0;13;0;20;;0;1;10;42;23;;;;;
01003;0100303;03000201;STIMMBEZIRK;;;N;1959;1555;404;0;846;839;7;7;0;4;842;103;325;144;29;;19;43;9;21;0;9;0;18;;0;1;7;97;17;;;;;
01003;0100303;03000701;STIMMBEZIRK;;;N;1921;1476;445;0;676;671;5;5;0;3;673;126;194;149;59;;40;16;8;18;0;8;0;8;;0;0;5;24;18;;;;;
01003;0100303;03000702;STIMMBEZIRK;;;N;1902;1511;391;0;586;584;2;2;0;5;581;131;149;134;46;;36;17;2;7;0;7;0;6;;0;1;7;24;14;;;;;
01003;0100303;03000953;BRIEFWAHLBEZIRK;;;N;0;0;0;0;1362;0;1362;0;0;53;1309;306;427;251;77;;39;38;9;17;0;15;0;23;;0;1;9;68;29;;;;;
01003;0100304;03000710;STIMMBEZIRK;;;N;1855;1552;303;0;508;503;5;5;0;10;498;115;103;119;13;;53;18;4;14;0;7;0;10;;0;0;9;21;12;;;;;
01003;0100304;03000711;STIMMBEZIRK;;;N;2039;1763;276;0;451;449;2;2;0;3;448;109;97;108;24;;37;18;5;12;0;10;0;6;;0;0;6;13;3;;;;;
01003;0100304;03000712;STIMMBEZIRK;;;N;1732;1385;347;0;369;369;0;0;0;3;366;87;61;101;32;;32;20;0;13;0;4;0;0;;0;0;3;7;6;;;;;
01003;0100304;03000713;STIMMBEZIRK;;;N;1634;1458;176;0;340;337;3;3;0;4;336;48;80;71;11;;37;23;2;14;0;9;0;12;;0;0;5;16;8;;;;;
01003;0100304;03000954;BRIEFWAHLBEZIRK;;;N;0;0;0;0;952;0;952;0;0;11;941;238;205;238;35;;44;37;8;23;0;27;0;15;;0;0;25;21;25;;;;;
01003;0100305;03000709;STIMMBEZIRK;;;N;1853;1441;412;0;570;569;1;1;0;3;567;149;143;116;48;;46;2;5;9;0;6;0;5;;0;0;7;13;18;;;;;
01003;0100305;03000714;STIMMBEZIRK;;;N;1863;1723;140;0;350;349;1;1;0;6;344;58;48;115;11;;60;10;3;7;0;5;0;6;;0;0;12;5;4;;;;;
01003;0100305;03000715;STIMMBEZIRK;;;N;1306;1191;115;0;204;204;0;0;0;2;202;46;27;51;5;;48;6;1;8;0;2;0;0;;0;0;2;4;2;;;;;
01003;0100305;03000716;STIMMBEZIRK;;;N;1524;1281;243;0;330;328;2;2;0;5;325;75;66;69;15;;45;13;2;13;0;4;0;4;;0;0;8;5;6;;;;;
01003;0100305;03000955;BRIEFWAHLBEZIRK;;;N;0;0;0;0;795;0;795;0;0;7;788;266;159;184;47;;45;7;7;14;0;14;0;6;;0;0;16;9;14;;;;;
01003;0100306;03000202;STIMMBEZIRK;;;N;2020;1556;464;0;829;825;4;4;0;4;825;140;274;144;51;;37;43;7;9;0;12;0;17;;0;0;8;58;25;;;;;
01003;0100306;03000203;STIMMBEZIRK;;;N;2261;1601;660;0;755;752;3;3;0;4;751;127;277;132;58;;23;21;11;10;0;6;0;33;;0;0;6;40;7;;;;;
01003;0100306;03000204;STIMMBEZIRK;;;N;1641;1310;331;0;615;612;3;3;0;3;612;119;190;121;43;;33;19;1;3;0;6;0;22;;0;0;10;35;10;;;;;
01003;0100306;03000205;STIMMBEZIRK;;;N;1627;1261;366;0;647;642;5;5;0;1;646;122;219;116;55;;28;17;6;6;0;4;0;7;;0;0;9;47;10;;;;;
01003;0100306;03000956;BRIEFWAHLBEZIRK;;;N;0;0;0;0;1646;0;1646;0;0;8;1638;355;530;318;164;;37;43;7;23;0;21;0;36;;0;0;24;45;35;;;;;
01003;0100307;03000717;STIMMBEZIRK;;;N;1918;1610;308;0;626;625;1;1;0;6;620;142;120;181;36;;57;11;12;5;0;14;0;7;;0;1;7;10;17;;;;;
01003;0100307;03000718;STIMMBEZIRK;;;N;1170;990;180;0;364;361;3;3;0;3;361;94;75;103;21;;28;8;2;4;0;0;0;4;;0;1;4;8;9;;;;;
01003;0100307;03000719;STIMMBEZIRK;;;N;822;645;177;0;200;199;1;1;0;3;197;36;40;57;7;;22;8;4;3;0;1;0;1;;0;0;4;3;11;;;;;
01003;0100307;03000720;STIMMBEZIRK;;;N;1554;1390;164;0;465;463;2;2;0;3;462;95;115;116;21;;36;28;10;5;0;3;0;7;;0;1;8;8;9;;;;;
01003;0100307;03000721;STIMMBEZIRK;;;N;1251;1116;135;0;441;441;0;0;0;6;435;107;76;125;28;;43;8;9;2;0;12;0;2;;0;1;11;7;4;;;;;
01003;0100307;03000957;BRIEFWAHLBEZIRK;;;N;0;0;0;0;760;0;760;0;0;3;757;201;179;166;41;;58;16;15;12;0;14;0;9;;0;2;14;15;15;;;;;
01003;0100308;03000206;STIMMBEZIRK;;;N;1930;1608;322;0;523;523;0;0;0;1;522;119;149;106;12;;46;19;1;6;0;9;0;7;;0;0;14;19;15;;;;;
01003;0100308;03000207;STIMMBEZIRK;;;N;1732;1481;251;0;493;490;3;3;0;5;488;83;115;125;21;;49;23;8;11;0;4;0;8;;0;0;10;23;8;;;;;
01003;0100308;03000208;STIMMBEZIRK;;;N;1953;1531;422;0;617;615;2;2;0;4;613;136;189;122;43;;37;20;1;9;0;11;0;12;;0;0;9;16;8;;;;;
01003;0100308;03000209;STIMMBEZIRK;;;N;1884;1472;412;0;828;822;6;6;0;7;821;225;271;120;70;;41;10;2;12;0;1;0;14;;0;0;11;24;20;;;;;
01003;0100308;03000958;BRIEFWAHLBEZIRK;;;N;0;0;0;0;1267;0;1267;0;0;10;1257;331;354;275;78;;54;35;7;19;0;16;0;25;;0;0;16;22;25;;;;;
01003;0100309;03000210;STIMMBEZIRK;;;N;1453;1241;212;0;379;379;0;0;0;1;378;71;93;76;13;;31;26;7;8;0;8;0;8;;0;0;4;25;8;;;;;
01003;0100309;03000211;STIMMBEZIRK;;;N;1612;1376;236;0;516;511;5;5;0;3;513;108;114;136;16;;43;26;1;4;0;12;0;5;;0;0;10;23;15;;;;;
01003;0100309;03000212;STIMMBEZIRK;;;N;879;769;110;0;250;248;2;2;0;2;248;49;57;54;11;;20;28;0;7;0;2;0;3;;0;0;2;13;2;;;;;
01003;0100309;03000213;STIMMBEZIRK;;;N;1485;1311;174;0;429;427;2;2;0;3;426;77;112;102;27;;46;17;2;8;0;5;0;8;;0;0;4;15;3;;;;;
01003;0100309;03000214;STIMMBEZIRK;;;N;1447;1229;218;0;694;693;1;1;0;8;686;132;266;139;38;;39;9;3;5;0;7;0;17;;0;0;3;19;9;;;;;
01003;0100309;03000959;BRIEFWAHLBEZIRK;;;N;0;0;0;0;843;0;843;0;0;28;815;158;266;164;48;;32;42;1;18;0;10;0;23;;0;0;12;29;12;;;;;
01003;0100310;03000215;STIMMBEZIRK;;;N;1616;1239;377;0;629;627;2;2;0;3;626;183;193;118;47;;34;7;3;4;0;8;0;1;;0;0;5;12;11;;;;;
01003;0100310;03000216;STIMMBEZIRK;;;N;1853;1559;294;0;589;586;3;3;0;5;584;137;139;134;25;;45;16;7;6;0;8;0;6;;0;0;15;21;25;;;;;
01003;0100310;03000217;STIMMBEZIRK;;;N;723;635;88;0;326;326;0;0;0;6;320;96;39;65;17;;31;5;7;6;0;2;0;6;;0;0;3;30;13;;;;;
01003;0100310;03000218;STIMMBEZIRK;;;N;782;637;145;0;281;277;4;4;0;4;277;73;46;76;18;;16;4;0;5;0;17;0;1;;0;0;3;4;14;;;;;
01003;0100310;03000219;STIMMBEZIRK;;;N;1056;924;132;0;410;410;0;0;0;7;403;106;60;81;13;;40;8;1;4;0;4;0;3;;0;0;4;6;73;;;;;
01003;0100310;03000301;STIMMBEZIRK;;;N;1257;1119;138;0;483;483;0;0;0;7;476;124;73;93;25;;72;6;7;4;0;17;0;0;;0;0;18;18;19;;;;;
01003;0100310;03000960;BRIEFWAHLBEZIRK;;;N;0;0;0;0;1028;0;1028;0;0;10;1018;295;225;248;47;;56;22;6;18;0;13;0;12;;0;0;17;16;43;;;;;
01003;0100311;03000220;STIMMBEZIRK;;;N;1435;1225;210;0;372;368;4;4;0;3;369;103;77;57;28;;48;14;0;9;0;8;0;3;;0;0;4;7;11;;;;;
01003;0100311;03000221;STIMMBEZIRK;;;N;1329;1183;146;0;242;240;2;2;0;2;240;29;70;65;10;;21;21;0;5;0;2;0;1;;0;0;6;7;3;;;;;
01003;0100311;03000222;STIMMBEZIRK;;;N;1249;1023;226;0;326;326;0;0;0;3;323;60;71;94;12;;27;11;0;10;0;11;0;7;;0;0;5;9;6;;;;;
01003;0100311;03000223;STIMMBEZIRK;;;N;1338;1121;217;0;523;522;1;1;0;3;520;97;160;120;28;;47;11;0;6;0;10;0;4;;0;0;8;18;11;;;;;
01003;0100311;03000224;STIMMBEZIRK;;;N;1220;1036;184;0;522;521;1;1;0;2;520;139;150;91;37;;43;9;0;4;0;7;0;9;;0;0;13;14;4;;;;;
01003;0100311;03000961;BRIEFWAHLBEZIRK;;;N;0;0;0;0;899;0;899;0;0;29;870;224;236;194;46;;49;28;0;10;0;16;0;9;;0;0;18;19;21;;;;;
01003;0100312;03000302;STIMMBEZIRK;;;N;1643;1548;95;0;360;360;0;0;0;4;356;92;39;102;23;;56;6;1;8;0;5;0;0;;0;0;9;7;8;;;;;
01003;0100312;03000303;STIMMBEZIRK;;;N;1474;1356;118;0;269;268;1;1;0;6;263;78;24;78;11;;35;9;0;6;0;6;0;0;;1;0;8;3;4;;;;;
01003;0100312;03000304;STIMMBEZIRK;;;N;1767;1625;142;0;339;339;0;0;0;4;335;72;31;101;19;;68;15;2;4;0;9;0;0;;2;0;7;3;2;;;;;
01003;0100312;03000305;STIMMBEZIRK;;;N;1567;1484;83;0;268;266;2;2;0;6;262;50;23;86;5;;75;9;1;4;0;2;0;0;;0;0;5;1;1;;;;;
01003;0100312;03000962;BRIEFWAHLBEZIRK;;;N;0;0;0;0;397;0;397;0;0;36;361;102;30;119;15;;47;12;0;13;0;4;0;0;;1;0;5;5;8;;;;;
01003;0100313;03000404;STIMMBEZIRK;;;N;1703;1580;123;0;323;323;0;0;0;5;318;75;32;111;14;;58;7;0;3;0;6;0;2;;0;0;3;3;4;;;;;
01003;0100313;03000405;STIMMBEZIRK;;;N;1604;1402;202;0;428;428;0;0;0;5;423;139;38;106;31;;48;6;3;10;0;10;0;7;;0;0;14;3;8;;;;;
01003;0100313;03000506;STIMMBEZIRK;;;N;1940;1651;289;0;430;430;0;0;0;11;419;93;61;134;17;;47;15;4;10;0;9;0;4;;0;0;14;4;7;;;;;
01003;0100313;03000507;STIMMBEZIRK;;;N;1423;1195;228;0;393;390;3;3;0;9;384;85;98;102;29;;25;12;2;6;0;6;0;4;;0;0;4;10;1;;;;;
01003;0100313;03000963;BRIEFWAHLBEZIRK;;;N;0;0;0;0;728;0;728;0;0;5;723;170;146;219;50;;46;18;1;6;0;16;0;14;;0;0;11;16;10;;;;;
01003;0100314;03000501;STIMMBEZIRK;;;N;1726;1603;123;0;310;310;0;0;0;3;307;58;47;90;13;;44;22;2;3;0;2;0;6;;0;0;10;7;3;;;;;
01003;0100314;03000502;STIMMBEZIRK;;;N;1819;1576;243;0;442;442;0;0;0;2;440;41;114;88;20;;50;43;9;17;0;8;0;18;;0;0;9;15;8;;;;;
01003;0100314;03000504;STIMMBEZIRK;;;N;1933;1663;270;0;558;558;0;0;0;4;554;107;134;122;29;;61;21;2;17;0;10;0;22;;0;0;12;11;6;;;;;
01003;0100314;03000505;STIMMBEZIRK;;;N;1569;1337;232;0;488;488;0;0;0;3;485;109;146;85;15;;32;36;1;11;0;4;0;15;;0;0;10;17;4;;;;;
01003;0100314;03000964;BRIEFWAHLBEZIRK;;;N;0;0;0;0;793;0;793;0;0;31;762;126;235;175;40;;51;22;4;8;0;15;0;35;;0;0;22;21;8;;;;;
01003;0100315;03000401;STIMMBEZIRK;;;N;1593;1468;125;0;307;306;1;1;0;3;304;86;34;93;18;;32;15;3;5;0;6;0;0;;0;0;7;0;5;;;;;
01003;0100315;03000402;STIMMBEZIRK;;;N;1323;1200;123;0;320;320;0;0;0;3;317;81;23;108;7;;59;10;0;5;0;10;1;0;;0;0;8;3;2;;;;;
01003;0100315;03000403;STIMMBEZIRK;;;N;1627;1549;78;0;266;263;3;3;0;3;263;64;16;101;9;;43;14;2;2;0;2;1;0;;0;0;7;0;2;;;;;
01003;0100315;03000601;STIMMBEZIRK;;;N;837;738;99;0;338;338;0;0;0;1;337;130;48;74;20;;34;3;4;2;0;6;6;0;;0;0;3;1;6;;;;;
01003;0100315;03000602;STIMMBEZIRK;;;N;1166;1013;153;0;460;460;0;0;0;4;456;140;110;78;35;;56;6;4;4;0;9;1;0;;0;0;7;1;5;;;;;
01003;0100315;03000965;BRIEFWAHLBEZIRK;;;N;0;0;0;0;536;0;536;0;0;26;510;178;86;105;32;;51;7;2;8;0;8;3;0;;0;2;16;3;9;;;;;
01003;0100316;03000617;STIMMBEZIRK;;;N;1841;1633;208;0;421;418;3;3;0;4;417;98;55;100;30;;74;13;0;5;0;8;0;7;;0;0;7;17;3;;;;;
01003;0100316;03000618;STIMMBEZIRK;;;N;1728;1535;193;0;524;524;0;0;0;7;517;110;74;148;28;;87;6;0;11;0;6;0;6;;0;1;16;14;10;;;;;
01003;0100316;03000619;STIMMBEZIRK;;;N;1535;1398;137;0;322;322;0;0;0;3;319;73;48;82;14;;46;16;0;9;0;9;0;6;;0;0;7;5;4;;;;;
01003;0100316;03000620;STIMMBEZIRK;;;N;1407;1274;133;0;307;306;1;1;0;9;298;49;61;79;9;;44;9;0;7;0;9;0;14;;0;0;4;10;3;;;;;
01003;0100316;03000966;BRIEFWAHLBEZIRK;;;N;0;0;0;0;591;0;591;0;0;8;583;116;102;172;34;;55;24;0;10;0;14;0;14;;0;1;15;15;11;;;;;
01003;0100317;03000603;STIMMBEZIRK;;;N;1745;1500;245;0;667;665;2;2;0;9;658;176;93;188;31;;63;8;6;13;0;17;0;12;;0;0;17;16;18;;;;;
01003;0100317;03000604;STIMMBEZIRK;;;N;1863;1615;248;0;659;659;0;0;0;7;652;185;91;150;32;;88;16;12;8;0;19;0;13;;0;0;20;8;10;;;;;
01003;0100317;03000605;STIMMBEZIRK;;;N;1374;1238;136;0;389;388;1;1;0;7;382;80;46;141;13;;50;9;4;8;0;5;0;4;;0;0;13;2;7;;;;;
01003;0100317;03000606;STIMMBEZIRK;;;N;1664;1506;158;0;416;415;1;1;0;5;411;91;71;123;14;;51;9;4;9;0;7;0;13;;0;0;6;5;8;;;;;
01003;0100317;03000967;BRIEFWAHLBEZIRK;;;N;0;0;0;0;707;0;707;0;0;34;673;158;139;175;57;;31;10;7;12;0;14;0;9;;0;0;18;7;36;;;;;
01003;0100318;03000613;STIMMBEZIRK;;;N;1366;1223;143;0;376;376;0;0;0;6;370;109;61;78;21;;49;13;2;10;4;4;0;7;;0;0;1;9;2;;;;;
01003;0100318;03000614;STIMMBEZIRK;;;N;1654;1455;199;0;424;423;1;1;0;4;420;57;111;86;31;;46;16;1;9;7;12;0;12;;0;0;8;12;12;;;;;
01003;0100318;03000615;STIMMBEZIRK;;;N;1771;1517;254;0;343;341;2;2;0;2;341;82;50;76;25;;48;14;2;5;6;6;0;12;;0;0;4;7;4;;;;;
01003;0100318;03000616;STIMMBEZIRK;;;N;1776;1546;230;0;438;434;4;4;0;1;437;64;127;91;20;;35;19;3;13;5;8;0;13;;0;0;7;22;10;;;;;
01003;0100318;03000968;BRIEFWAHLBEZIRK;;;N;0;0;0;0;682;0;682;0;0;8;674;173;162;184;28;;23;16;8;21;5;8;0;15;;0;0;8;13;10;;;;;
01003;0100319;03000607;STIMMBEZIRK;;;N;1734;1563;171;0;362;362;0;0;0;5;357;76;32;131;14;;60;9;0;11;0;5;0;0;;0;0;9;4;6;;;;;
01003;0100319;03000610;STIMMBEZIRK;;;N;1794;1532;262;0;557;556;1;1;0;4;553;155;81;160;41;;58;12;0;8;0;13;0;0;;0;0;15;3;7;;;;;
01003;0100319;03000611;STIMMBEZIRK;;;N;1646;1535;111;0;415;412;3;3;0;3;412;103;45;119;20;;72;15;0;10;0;6;0;0;;0;0;10;10;2;;;;;
01003;0100319;03000612;STIMMBEZIRK;;;N;1656;1512;144;0;376;376;0;0;0;5;371;84;44;94;25;;55;18;0;8;0;8;0;0;;0;0;8;13;14;;;;;
01003;0100319;03000969;BRIEFWAHLBEZIRK;;;N;0;0;0;0;589;0;589;0;0;14;575;146;71;177;42;;65;16;0;17;0;14;0;0;;0;0;11;7;9;;;;;
01003;0100320;03000703;STIMMBEZIRK;;;N;1381;1194;187;0;590;587;3;3;0;3;587;103;180;126;25;;41;11;9;2;0;28;0;8;;0;0;11;25;18;;;;;
01003;0100320;03000704;STIMMBEZIRK;;;N;1800;1484;316;0;754;738;16;16;0;7;747;182;147;178;55;;68;9;1;15;0;23;0;7;;0;0;18;16;28;;;;;
01003;0100320;03000705;STIMMBEZIRK;;;N;2110;1681;429;0;751;748;3;3;0;4;747;132;226;172;65;;44;22;12;4;0;11;0;13;;0;0;5;15;26;;;;;
01003;0100320;03000706;STIMMBEZIRK;;;N;2038;1598;440;0;793;791;2;2;0;7;786;201;214;165;63;;46;16;3;7;0;19;0;8;;0;0;15;14;15;;;;;
01003;0100320;03000970;BRIEFWAHLBEZIRK;;;N;0;0;0;0;1241;0;1241;0;0;57;1184;288;330;239;121;;42;12;10;15;0;30;0;19;;0;0;13;23;42;;;;;
01003;0100321;03000707;STIMMBEZIRK;;;N;1232;1060;172;0;509;505;4;4;0;7;502;132;110;104;33;;46;5;5;7;0;9;0;4;;0;0;27;12;8;;;;;
01003;0100321;03000708;STIMMBEZIRK;;;N;1099;934;165;0;376;375;1;1;0;1;375;87;71;93;24;;41;5;3;5;0;4;0;3;;0;0;25;7;7;;;;;
01003;0100321;03000801;STIMMBEZIRK;;;N;1448;1279;169;0;261;260;1;1;0;3;258;61;28;62;7;;50;4;1;9;0;6;0;1;;0;0;19;4;6;;;;;
01003;0100321;03000802;STIMMBEZIRK;;;N;1704;1472;232;0;474;474;0;0;0;9;465;116;55;99;17;;58;10;7;8;0;10;0;2;;0;0;62;9;12;;;;;
01003;0100321;03000803;STIMMBEZIRK;;;N;1530;1257;273;0;506;505;1;1;0;7;499;131;73;91;21;;55;5;6;5;0;9;0;2;;0;0;96;2;3;;;;;
01003;0100321;03000971;BRIEFWAHLBEZIRK;;;N;0;0;0;0;892;0;892;0;0;6;886;263;140;210;53;;39;19;11;14;0;18;0;9;;0;0;88;9;13;;;;;
01003;0100322;03000608;STIMMBEZIRK;;;N;1194;1094;100;0;273;273;0;0;0;8;265;68;18;80;11;;47;10;2;8;0;6;0;2;;0;2;4;1;6;;;;;
01003;0100322;03000609;STIMMBEZIRK;;;N;695;662;33;0;106;106;0;0;0;0;106;19;12;36;7;;16;4;0;1;0;1;0;4;;0;2;0;1;3;;;;;
01003;0100322;03000901;STIMMBEZIRK;;;N;1437;1278;159;0;398;398;0;0;0;3;395;107;30;124;19;;53;12;1;7;0;10;0;4;;0;0;13;4;11;;;;;
01003;0100322;03000902;STIMMBEZIRK;;;N;1274;1133;141;0;324;324;0;0;0;3;321;93;26;123;8;;39;4;0;7;0;7;0;1;;0;1;6;0;6;;;;;
01003;0100322;03000903;STIMMBEZIRK;;;N;1945;1635;310;0;565;559;6;6;0;7;558;151;53;174;19;;75;11;4;6;0;14;0;6;;0;1;40;0;4;;;;;
01003;0100322;03000972;BRIEFWAHLBEZIRK;;;N;0;0;0;0;627;0;627;0;0;7;620;178;88;190;28;;52;11;9;9;0;18;0;8;;0;0;21;4;4;;;;;
01003;0100323;03000904;STIMMBEZIRK;;;N;1935;1706;229;0;596;596;0;0;0;11;585;169;36;161;31;;100;20;3;8;0;15;0;0;;7;2;17;0;16;;;;;
01003;0100323;03000905;STIMMBEZIRK;;;N;1467;1248;219;0;448;448;0;0;0;8;440;129;58;128;17;;62;10;3;7;0;10;0;0;;1;0;11;1;3;;;;;
01003;0100323;03000906;STIMMBEZIRK;;;N;1651;1518;133;0;301;300;1;1;0;2;299;94;29;83;9;;40;6;0;8;0;7;0;0;;2;1;13;4;3;;;;;
01003;0100323;03000907;STIMMBEZIRK;;;N;1798;1659;139;0;376;372;4;4;0;6;370;81;35;99;25;;65;19;2;6;0;16;0;0;;0;0;12;3;7;;;;;
01003;0100323;03000973;BRIEFWAHLBEZIRK;;;N;0;0;0;0;615;0;615;0;0;7;608;159;60;204;30;;80;13;2;12;0;17;0;0;;4;0;14;6;7;;;;;
01003;0100324;03000908;STIMMBEZIRK;;;N;1502;1379;123;0;254;253;1;1;0;2;252;59;21;84;5;;45;7;3;5;0;6;0;1;;0;0;7;4;5;;;;;
01003;0100324;03000909;STIMMBEZIRK;;;N;1258;1156;102;0;238;237;1;1;0;9;229;62;26;48;10;;40;9;2;5;0;11;0;1;;0;0;6;3;6;;;;;
01003;0100324;03000921;STIMMBEZIRK;;;N;943;829;114;0;257;257;0;0;0;7;250;110;35;44;13;;21;3;1;6;0;5;0;2;;0;0;4;2;4;;;;;
01003;0100324;03000922;STIMMBEZIRK;;;N;1717;1447;270;0;519;519;0;0;0;9;510;186;73;98;37;;56;5;5;12;0;13;0;1;;0;0;7;8;9;;;;;
01003;0100324;03000923;STIMMBEZIRK;;;N;1783;1512;271;0;491;490;1;1;0;5;486;200;59;104;23;;50;7;3;9;0;6;0;1;;0;0;8;6;10;;;;;
01003;0100324;03000974;BRIEFWAHLBEZIRK;;;N;0;0;0;0;738;0;738;0;0;14;724;284;113;149;44;;50;14;6;8;0;9;0;8;;0;0;15;8;16;;;;;
01003;0100325;03000924;STIMMBEZIRK;;;N;1253;1013;240;0;337;335;2;2;0;3;334;110;58;74;14;;33;4;6;1;0;13;0;0;;0;0;12;5;4;;;;;
01003;0100325;03000925;STIMMBEZIRK;;;N;1884;1468;416;0;589;584;5;5;0;9;580;236;86;72;39;;62;11;5;13;0;12;0;0;;0;0;13;9;22;;;;;
01003;0100325;03000926;STIMMBEZIRK;;;N;1203;991;212;0;314;313;1;1;0;5;309;107;44;67;18;;30;9;1;6;0;3;0;0;;0;0;12;7;5;;;;;
01003;0100325;03000927;STIMMBEZIRK;;;N;1633;1238;395;0;420;418;2;2;0;1;419;156;67;66;23;;54;6;9;6;0;5;0;0;;0;0;12;7;8;;;;;
01003;0100325;03000928;STIMMBEZIRK;;;N;1359;1198;161;0;488;488;0;0;0;10;478;197;56;103;21;;37;6;7;0;0;7;0;0;;0;0;12;19;13;;;;;
01003;0100325;03000975;BRIEFWAHLBEZIRK;;;N;0;0;0;0;1237;0;1237;0;0;10;1227;510;239;196;61;;82;14;15;11;0;19;0;0;;0;0;45;11;24;;;;;
01004;0100401;04000001;STIMMBEZIRK;;;N;1796;1378;418;0;826;513;313;0;313;11;815;225;149;145;84;;0;24;8;;;;;;;;24;91;45;20;;;;;
01004;0100401;04000002;STIMMBEZIRK;;;N;1695;1407;288;0;818;505;313;0;313;15;803;243;145;136;80;;0;12;11;;;;;;;;33;71;58;14;;;;;
01004;0100402;04000003;STIMMBEZIRK;;;N;1638;1382;256;0;681;431;250;0;250;7;674;198;63;121;94;;0;29;12;;;;;;;;47;57;40;13;;;;;
01004;0100402;04000004;STIMMBEZIRK;;;N;1329;1047;282;0;682;449;233;1;232;9;673;162;89;155;104;;0;18;8;;;;;;;;45;52;26;14;;;;;
01004;0100403;04000005;STIMMBEZIRK;;;N;1403;1160;243;0;733;525;208;2;206;7;726;242;101;176;44;;0;12;11;;;;;;;;15;40;46;39;;;;;
01004;0100403;04000006;STIMMBEZIRK;;;N;1178;965;213;0;645;430;215;0;215;9;636;210;93;130;46;;0;19;7;;;;;;;;25;32;35;39;;;;;
01004;0100404;04000007;STIMMBEZIRK;;;N;1115;894;221;0;496;399;97;0;97;6;490;128;52;180;24;;0;17;7;;;;;;;;17;26;31;8;;;;;
01004;0100404;04000008;STIMMBEZIRK;;;N;1298;1114;184;0;669;404;265;0;265;7;662;162;82;214;37;;0;17;12;;;;;;;;28;29;66;15;;;;;
01004;0100405;04000009;STIMMBEZIRK;;;N;1061;939;122;0;521;383;138;1;137;6;515;171;77;127;35;;0;9;12;;;;;;;;11;25;35;13;;;;;
01004;0100405;04000010;STIMMBEZIRK;;;N;1208;1025;183;0;494;354;140;0;140;3;491;153;56;133;30;;0;8;8;;;;;;;;18;30;45;10;;;;;
01004;0100406;04000011;STIMMBEZIRK;;;N;2259;2163;96;0;317;239;78;0;78;2;315;79;28;73;6;;52;10;1;;;;;;;;2;8;31;3;22;;;;
01004;0100406;04000012;STIMMBEZIRK;;;N;1291;1218;73;0;262;197;65;0;65;3;259;50;34;52;12;;38;6;5;;;;;;;;4;10;20;4;24;;;;
01004;0100407;04000013;STIMMBEZIRK;;;N;2149;1866;283;0;633;429;204;0;204;6;627;182;111;123;54;;69;16;5;;;;;;;;19;11;22;15;;;;;
01004;0100407;04000014;STIMMBEZIRK;;;N;1192;996;196;0;526;313;213;16;197;3;523;187;69;110;50;;41;15;5;;;;;;;;9;17;12;8;;;;;
01004;0100408;04000015;STIMMBEZIRK;;;N;988;900;88;0;364;258;106;0;106;5;359;91;35;111;30;;0;8;8;;;;;;;;11;17;37;11;;;;;
01004;0100408;04000016;STIMMBEZIRK;;;N;1360;1192;168;0;355;241;114;0;114;10;345;84;39;123;21;;0;6;5;;;;;;;;12;12;26;17;;;;;
01004;0100408;04000017;STIMMBEZIRK;;;N;927;805;122;0;335;233;102;0;102;5;330;84;43;104;34;;0;11;11;;;;;;;;11;6;24;2;;;;;
01004;0100409;04000018;STIMMBEZIRK;;;N;1257;1076;181;0;538;365;173;0;173;1;537;147;68;156;31;;55;10;8;;;;;;;;24;14;17;7;;;;;
01004;0100409;04000019;STIMMBEZIRK;;;N;1036;871;165;0;460;282;178;0;178;2;458;94;67;138;36;;53;12;6;;;;;;;;10;12;16;14;;;;;
01004;0100409;04000020;STIMMBEZIRK;;;N;1239;1016;223;0;535;353;182;0;182;2;533;132;68;165;35;;72;6;3;;;;;;;;13;19;10;10;;;;;
01004;0100410;04000021;STIMMBEZIRK;;;N;863;687;176;0;402;217;185;0;185;10;392;124;61;84;36;;0;12;1;;;;;;;;23;18;22;11;;;;;
01004;0100410;04000022;STIMMBEZIRK;;;N;1820;1587;233;0;608;430;178;0;178;11;597;191;72;119;44;;0;21;10;;;;;;;;56;19;54;11;;;;;
01004;0100411;04000023;STIMMBEZIRK;;;N;1456;1250;206;0;624;393;231;0;231;7;617;173;75;147;43;;97;11;6;;;;;;;;18;20;16;11;;;;;
01004;0100411;04000024;STIMMBEZIRK;;;N;1818;1535;283;0;830;615;215;0;215;10;820;254;101;150;83;;93;10;8;;;;;;;;36;31;21;33;;;;;
01004;0100412;04000025;STIMMBEZIRK;;;N;1503;1220;283;0;777;601;176;0;176;2;775;278;68;216;56;;0;26;5;;;;;;;;39;40;35;12;;;;;
01004;0100412;04000026;STIMMBEZIRK;;;N;1583;1295;288;0;838;515;323;0;323;5;833;256;88;233;72;;0;11;17;;;;;;;;32;61;52;11;;;;;
01004;0100413;04000027;STIMMBEZIRK;;;N;1401;1133;268;0;771;557;214;0;214;14;757;283;89;185;50;;0;21;9;;;;;;;;33;35;44;8;;;;;
01004;0100413;04000028;STIMMBEZIRK;;;N;1328;1090;238;0;614;379;235;0;235;5;609;228;73;160;38;;0;10;6;;;;;;;;10;37;35;12;;;;;
01004;0100414;04000029;STIMMBEZIRK;;;N;2112;1861;251;0;791;642;149;0;149;9;782;236;79;246;56;;0;15;16;;;;;;;;24;39;58;13;;;;;
01004;0100414;04000030;STIMMBEZIRK;;;N;517;431;86;0;288;137;151;0;151;6;282;110;27;77;13;;0;4;5;;;;;;;;8;17;16;5;;;;;
01004;0100415;04000031;STIMMBEZIRK;;;N;2112;1876;236;0;555;441;114;1;113;7;548;151;81;139;37;;0;22;12;;;;;;;;18;29;43;16;;;;;
01004;0100415;04000032;STIMMBEZIRK;;;N;494;463;31;0;186;70;116;4;112;1;185;56;24;46;17;;0;9;6;;;;;;;;6;10;6;5;;;;;
01004;0100416;04000033;STIMMBEZIRK;;;N;1051;1005;46;0;223;143;80;0;80;0;223;61;21;62;14;;0;11;4;;;;;;;;7;9;33;1;;;;;
01004;0100416;04000034;STIMMBEZIRK;;;N;1366;1208;158;0;415;329;86;1;85;10;405;83;43;121;32;;0;17;7;;;;;;;;18;23;49;12;;;;;
01004;0100417;04000035;STIMMBEZIRK;;;N;1381;1237;144;0;548;389;159;0;159;6;542;131;45;137;23;;79;13;8;;;;;;;;20;36;25;25;;;;;
01004;0100417;04000036;STIMMBEZIRK;;;N;1403;1221;182;0;474;337;137;0;137;11;463;136;44;128;25;;52;8;4;;;;;;;;14;26;9;17;;;;;
01004;0100418;04000037;STIMMBEZIRK;;;N;1199;1059;140;0;582;389;193;0;193;5;577;166;64;139;32;;89;11;7;;;;;;;;24;17;15;13;;;;;
01004;0100418;04000038;STIMMBEZIRK;;;N;1911;1640;271;0;802;607;195;0;195;2;800;213;80;191;42;;138;22;7;;;;;;;;37;28;31;11;;;;;
01004;0100419;04000039;STIMMBEZIRK;;;N;1262;1162;100;0;438;332;106;2;104;6;432;79;42;105;22;;90;8;3;;;;;;;;24;21;29;9;;;;;
01004;0100419;04000040;STIMMBEZIRK;;;N;1061;933;128;0;363;271;92;0;92;6;357;91;44;80;15;;48;10;10;;;;;;;;25;15;13;6;;;;;
01004;0100420;04000041;STIMMBEZIRK;;;N;1392;1257;135;0;366;279;87;0;87;4;362;106;57;89;16;;43;16;1;;;;;;;;5;10;9;10;;;;;
01004;0100420;04000042;STIMMBEZIRK;;;N;930;849;81;0;292;189;103;0;103;2;290;79;45;80;15;;31;13;4;;;;;;;;4;7;10;2;;;;;
01004;0100420;04000043;STIMMBEZIRK;;;N;1092;953;139;0;434;313;121;0;121;2;432;126;68;87;34;;47;9;2;;;;;;;;17;20;15;7;;;;;
01004;0100421;04000044;STIMMBEZIRK;;;N;1003;887;116;0;442;276;166;1;165;4;438;122;87;102;52;;0;19;7;;;;;;;;7;17;19;6;;;;;
01004;0100421;04000045;STIMMBEZIRK;;;N;1482;1208;274;0;683;512;171;0;171;11;672;230;87;155;54;;0;13;12;;;;;;;;16;36;48;21;;;;;
01004;0100422;04000046;STIMMBEZIRK;;;N;1194;972;222;0;631;372;259;1;258;15;616;200;85;180;44;;0;8;15;;;;;;;;16;28;30;10;;;;;
01004;0100422;04000047;STIMMBEZIRK;;;N;1729;1401;328;0;706;472;234;0;234;8;698;217;95;205;51;;0;24;21;;;;;;;;27;26;25;7;;;;;
010510011011;01051001101101;51011001;STIMMBEZIRK;;;N;692;648;44;0;211;170;41;0;41;5;206;94;21;37;25;;;;;;;;;;;;29;;;;;;;;
010510011011;01051001101102;51011002;STIMMBEZIRK;;;N;908;815;93;0;335;247;88;0;88;5;330;88;40;94;57;;;;;;;;;;;;51;;;;;;;;
010510011011;01051001101103;51011003;STIMMBEZIRK;;;N;755;698;57;0;310;256;54;0;54;9;301;112;28;69;43;;;;;;;;;;;;49;;;;;;;;
010510011011;01051001101104;51011004;STIMMBEZIRK;;;N;773;675;98;0;350;259;91;0;91;14;336;110;34;99;44;;;;;;;;;;;;49;;;;;;;;
010510011011;01051001101105;51011005;STIMMBEZIRK;;;N;884;764;120;0;448;338;110;0;110;7;441;184;39;84;75;;;;;;;;;;;;59;;;;;;;;
010510011011;01051001101106;51011006;STIMMBEZIRK;;;N;882;714;168;0;484;337;147;0;147;13;471;158;51;117;102;;;;;;;;;;;;43;;;;;;;;
010510011011;01051001101107;51011007;STIMMBEZIRK;;;N;1045;915;130;0;373;264;109;0;109;10;363;137;35;100;36;;;;;;;;;;;;55;;;;;;;;
010510011011;01051001101108;51011008;STIMMBEZIRK;;;N;888;768;120;0;456;347;109;0;109;12;444;175;36;87;100;;;;;;;;;;;;46;;;;;;;;
010510011011;01051001101109;51011009;STIMMBEZIRK;;;N;907;813;94;0;428;346;82;0;82;19;409;122;29;118;86;;;;;;;;;;;;54;;;;;;;;
010510011011;01051001101110;51011010;STIMMBEZIRK;;;N;867;714;153;0;516;373;143;0;143;10;506;144;56;140;124;;;;;;;;;;;;42;;;;;;;;
010510011011;01051001101111;51011011;STIMMBEZIRK;;;N;902;802;100;0;393;308;85;0;85;12;381;125;40;106;60;;;;;;;;;;;;50;;;;;;;;
010510011011;01051001101112;51011012;STIMMBEZIRK;;;N;228;180;48;0;122;77;45;0;45;3;119;51;21;14;23;;;;;;;;;;;;10;;;;;;;;
010510011011;01051001101112;51011013;STIMMBEZIRK;;;N;458;396;62;0;221;167;54;0;54;9;212;80;18;56;28;;;;;;;;;;;;30;;;;;;;;
010510011011;01051001101112;51011014;STIMMBEZIRK;;;N;235;199;36;0;106;71;35;0;35;7;99;33;4;21;28;;;;;;;;;;;;13;;;;;;;;
010510044044;01051004404401;51044001;STIMMBEZIRK;;;N;1130;1004;126;0;412;293;119;0;119;8;404;149;38;95;40;;;30;;;;;;0;;;13;39;0;;;;;;
010510044044;01051004404402;51044002;STIMMBEZIRK;;;N;1273;999;274;0;678;429;249;0;249;18;660;320;76;103;90;;;29;;;;;;14;;;7;21;0;;;;;;
010510044044;01051004404403;51044003;STIMMBEZIRK;;;N;1429;1221;208;0;579;395;184;0;184;17;562;237;86;84;57;;;29;;;;;;4;;;7;29;29;;;;;;
010510044044;01051004404404;51044004;STIMMBEZIRK;;;N;1193;1039;154;0;480;346;134;0;134;8;472;191;67;79;48;;;26;;;;;;3;;;13;23;22;;;;;;
010510044044;01051004404405;51044005;STIMMBEZIRK;;;N;1348;1110;238;0;652;433;219;0;219;14;638;296;76;107;58;;;31;;;;;;0;;;16;22;32;;;;;;
010510044044;01051004404406;51044006;STIMMBEZIRK;;;N;1171;1057;114;0;402;300;102;0;102;17;385;126;45;68;45;;;45;;;;;;0;;;28;28;0;;;;;;
010510044044;01051004404407;51044007;STIMMBEZIRK;;;N;1032;953;79;0;336;262;74;0;74;16;320;99;27;88;35;;;23;;;;;;0;;;8;11;29;;;;;;
010510044044;01051004404408;51044008;STIMMBEZIRK;;;N;1302;1073;229;0;610;402;208;0;208;8;602;256;50;116;53;;;28;;;;;;0;;;20;17;62;;;;;;
010510044044;01051004404409;51044009;STIMMBEZIRK;;;N;1290;1125;165;0;494;346;148;0;148;4;490;185;66;105;50;;;38;;;;;;0;;;23;23;0;;;;;;
010510044044;01051004404410;51044010;STIMMBEZIRK;;;N;1173;998;175;0;458;306;152;0;152;12;446;171;54;85;48;;;22;;;;;;0;;;32;34;0;;;;;;
010510044044;01051004404411;51044011;STIMMBEZIRK;;;N;1339;1150;189;0;526;359;167;0;167;11;515;185;83;108;45;;;46;;;;;;0;;;14;15;19;;;;;;
010510044044;01051004404412;51044012;STIMMBEZIRK;;;N;1316;1085;231;0;619;401;218;0;218;14;605;249;61;138;52;;;30;;;;;;4;;;18;18;35;;;;;;
010510044044;01051004404413;51044013;STIMMBEZIRK;;;N;1239;1075;164;0;431;282;149;0;149;8;423;176;36;109;36;;;26;;;;;;7;;;11;22;0;;;;;;
010510044044;01051004404414;51044014;STIMMBEZIRK;;;N;1174;1028;146;0;612;475;137;0;137;12;600;275;57;105;58;;;20;;;;;;7;;;18;9;51;;;;;;
010530032032;01053003203201;53032001;STIMMBEZIRK;;;N;1677;1510;167;0;564;418;146;0;146;18;546;198;68;140;61;;0;;;;;;;;;;79;;;;;;;;
010530032032;01053003203202;53032002;STIMMBEZIRK;;;N;1549;1388;161;0;592;444;148;0;148;13;579;186;89;162;35;;0;;;;;;;;;;107;;;;;;;;
010530032032;01053003203203;53032003;STIMMBEZIRK;;;N;1612;1388;224;0;690;497;193;2;191;8;682;225;107;225;56;;0;;;;;;;;;;69;;;;;;;;
010530032032;01053003203204;53032004;STIMMBEZIRK;;;N;1490;1229;261;0;525;295;230;0;230;2;523;181;112;155;25;;0;;;;;;;;;;50;;;;;;;;
010530032032;01053003203205;53032005;STIMMBEZIRK;;;N;1395;1265;130;0;382;268;114;0;114;8;374;121;76;95;30;;0;;;;;;;;;;52;;;;;;;;
010530032032;01053003203206;53032006;STIMMBEZIRK;;;N;1579;1461;118;0;489;377;112;0;112;15;474;178;53;127;33;;0;;;;;;;;;;83;;;;;;;;
010530032032;01053003203207;53032007;STIMMBEZIRK;;;N;1754;1504;250;0;650;421;229;0;229;7;643;213;83;189;19;;69;;;;;;;;;;70;;;;;;;;
010530032032;01053003203208;53032008;STIMMBEZIRK;;;N;1675;1453;222;0;590;385;205;0;205;16;574;186;81;183;58;;0;;;;;;;;;;66;;;;;;;;
010530032032;01053003203209;53032009;STIMMBEZIRK;;;N;1698;1387;311;0;665;381;284;0;284;8;657;166;153;191;37;;71;;;;;;;;;;39;;;;;;;;
010530032032;01053003203210;53032010;STIMMBEZIRK;;;N;1851;1619;232;0;862;653;209;0;209;14;848;284;156;206;65;;99;;;;;;;;;;38;;;;;;;;
010530032032;01053003203211;53032011;STIMMBEZIRK;;;N;1655;1442;213;0;744;545;199;1;198;11;733;202;150;203;35;;99;;;;;;;;;;44;;;;;;;;
010530032032;01053003203212;53032012;STIMMBEZIRK;;;N;1497;1340;157;0;529;388;141;0;141;16;513;174;86;153;36;;0;;;;;;;;;;64;;;;;;;;
010530032032;01053003203213;53032013;STIMMBEZIRK;;;N;1501;1394;107;0;373;276;97;0;97;14;359;111;65;121;19;;0;;;;;;;;;;43;;;;;;;;
010530032032;01053003203214;53032014;STIMMBEZIRK;;;N;1380;1174;206;0;576;387;189;0;189;22;554;182;69;198;46;;0;;;;;;;;;;59;;;;;;;;
010530032032;01053003203215;53032015;STIMMBEZIRK;;;N;269;237;32;0;133;102;31;1;30;0;133;35;32;44;12;;0;;;;;;;;;;10;;;;;;;;
010530032032;01053003203215;53032016;STIMMBEZIRK;;;N;1035;893;142;0;509;378;131;0;131;10;499;252;69;85;42;;0;;;;;;;;;;51;;;;;;;;
010530032032;01053003203216;53032017;STIMMBEZIRK;;;N;1293;1133;160;0;528;401;127;0;127;16;512;213;54;122;62;;0;;;;;;;;;;61;;;;;;;;
010530083083;01053008308301;53083001;STIMMBEZIRK;;;N;818;740;78;0;300;235;65;0;65;5;295;118;56;69;;;;;;;;;;;;;32;20;;;;;;;
010530083083;01053008308302;53083002;STIMMBEZIRK;;;N;691;632;59;0;256;200;56;0;56;6;250;103;19;69;;;;;;;;;;;;;31;28;;;;;;;
010530083083;01053008308303;53083003;STIMMBEZIRK;;;N;793;758;35;0;202;168;34;0;34;4;198;69;23;53;;;;;;;;;;;;;25;28;;;;;;;
010530083083;01053008308304;53083004;STIMMBEZIRK;;;N;568;524;44;0;232;191;41;0;41;4;228;113;22;28;;;;;;;;;;;;;34;31;;;;;;;
010530083083;01053008308305;53083005;STIMMBEZIRK;;;N;722;650;72;0;272;209;63;0;63;1;271;106;18;87;;;;;;;;;;;;;28;32;;;;;;;
010530083083;01053008308306;53083006;STIMMBEZIRK;;;N;833;701;132;0;339;218;121;0;121;2;337;117;30;120;;;;;;;;;;;;;33;37;;;;;;;
010530083083;01053008308307;53083007;STIMMBEZIRK;;;N;766;657;109;0;265;161;104;0;104;3;262;125;28;57;;;;;;;;;;;;;19;33;;;;;;;
010530083083;01053008308308;53083008;STIMMBEZIRK;;;N;872;792;80;0;300;231;69;0;69;6;294;143;16;79;;;;;;;;;;;;;34;22;;;;;;;
010530083083;01053008308309;53083009;STIMMBEZIRK;;;N;767;689;78;0;254;184;70;0;70;2;252;90;20;76;;;;;;;;;;;;;38;28;;;;;;;
010530083083;01053008308310;53083010;STIMMBEZIRK;;;N;706;634;72;0;251;186;65;0;65;7;244;90;48;66;;;;;;;;;;;;;17;23;;;;;;;
010530083083;01053008308311;53083011;STIMMBEZIRK;;;N;816;710;106;0;270;172;98;0;98;4;266;90;52;78;;;;;;;;;;;;;28;18;;;;;;;
010530083083;01053008308312;53083012;STIMMBEZIRK;;;N;730;662;68;0;232;171;61;0;61;1;231;88;13;66;;;;;;;;;;;;;36;28;;;;;;;
010530090090;01053009009001;53090001;STIMMBEZIRK;;;N;1107;954;153;0;544;399;145;0;145;9;535;199;77;134;40;;;23;;;;;;;;;62;;;;;;;;
010530090090;01053009009002;53090002;STIMMBEZIRK;;;N;1252;1046;206;0;491;306;185;2;183;11;480;159;113;105;54;;;10;;;;;;;;;39;;;;;;;;
010530090090;01053009009003;53090003;STIMMBEZIRK;;;N;967;854;113;0;375;269;106;0;106;1;374;105;108;73;17;;;26;;;;;;;;;45;;;;;;;;
010530090090;01053009009004;53090004;STIMMBEZIRK;;;N;1528;1263;265;0;613;387;226;1;225;9;604;170;109;156;51;;;32;;;;;;;;;86;;;;;;;;
010530090090;01053009009005;53090005;STIMMBEZIRK;;;N;1155;1045;110;0;302;204;98;0;98;5;297;114;38;84;10;;;17;;;;;;;;;34;;;;;;;;
010530090090;01053009009006;53090006;STIMMBEZIRK;;;N;1088;979;109;0;354;260;94;0;94;3;351;141;51;79;27;;;28;;;;;;;;;25;;;;;;;;
010530090090;01053009009007;53090007;STIMMBEZIRK;;;N;1121;981;140;0;462;335;127;0;127;8;454;153;80;113;21;;;31;;;;;;;;;56;;;;;;;;
010530090090;01053009009008;53090008;STIMMBEZIRK;;;N;1054;925;129;0;448;331;117;0;117;5;443;152;67;139;22;;;16;;;;;;;;;47;;;;;;;;
010530090090;01053009009009;53090009;STIMMBEZIRK;;;N;1225;1089;136;0;505;378;127;0;127;17;488;175;60;160;36;;;4;;;;;;;;;53;;;;;;;;
010530090090;01053009009010;53090010;STIMMBEZIRK;;;N;1146;992;154;0;460;319;141;0;141;17;443;159;75;93;41;;;16;;;;;;;;;59;;;;;;;;
010530090090;01053009009011;53090011;STIMMBEZIRK;;;N;1285;1074;211;0;603;410;193;0;193;9;594;212;126;135;41;;;23;;;;;;;;;57;;;;;;;;
010530090090;01053009009012;53090012;STIMMBEZIRK;;;N;985;859;126;0;422;309;113;0;113;12;410;154;69;77;34;;;18;;;;;;;;;58;;;;;;;;
010530090090;01053009009013;53090013;STIMMBEZIRK;;;N;926;843;83;0;283;212;71;0;71;5;278;90;69;54;20;;;11;;;;;;;;;34;;;;;;;;
010530090090;01053009009014;53090014;STIMMBEZIRK;;;N;878;762;116;0;354;251;103;0;103;10;344;130;75;72;28;;;7;;;;;;;;;32;;;;;;;;
010530100100;01053010010001;53100001;STIMMBEZIRK;;;N;937;773;164;0;408;260;148;0;148;10;398;93;76;59;18;;;;;;;;;;;;152;;;;;;;;
010530100100;01053010010002;53100002;STIMMBEZIRK;;;N;944;759;185;0;481;307;174;0;174;13;468;92;95;68;21;;;;;;;;;;;;192;;;;;;;;
010530100100;01053010010003;53100003;STIMMBEZIRK;;;N;1006;835;171;0;421;270;151;3;148;7;414;95;72;49;36;;;;;;;;;;;;162;;;;;;;;
010530100100;01053010010004;53100004;STIMMBEZIRK;;;N;829;765;64;0;295;238;57;0;57;9;286;77;29;46;11;;;;;;;;;;;;123;;;;;;;;
010530100100;01053010010005;53100005;STIMMBEZIRK;;;N;812;681;131;0;412;290;122;0;122;4;408;126;34;55;17;;;;;;;;;;;;176;;;;;;;;
010530100100;01053010010006;53100006;STIMMBEZIRK;;;N;955;789;166;0;479;327;152;0;152;18;461;157;60;73;30;;;;;;;;;;;;141;;;;;;;;
010530100100;01053010010007;53100007;STIMMBEZIRK;;;N;807;676;131;0;428;313;115;0;115;3;425;100;62;52;23;;;;;;;;;;;;188;;;;;;;;
010530100100;01053010010008;53100008;STIMMBEZIRK;;;N;1176;984;192;0;530;351;179;0;179;12;518;161;98;75;33;;;;;;;;;;;;151;;;;;;;;
010530100100;01053010010009;53100009;STIMMBEZIRK;;;N;1044;872;172;0;544;379;165;3;162;13;531;142;110;69;50;;;;;;;;;;;;160;;;;;;;;
010530100100;01053010010010;53100010;STIMMBEZIRK;;;N;1152;969;183;0;507;343;164;0;164;11;496;135;116;75;31;;;;;;;;;;;;139;;;;;;;;
010530100100;01053010010011;53100011;STIMMBEZIRK;;;N;988;911;77;0;279;212;67;0;67;10;269;69;24;57;20;;;;;;;;;;;;99;;;;;;;;
010530100100;01053010010012;53100012;STIMMBEZIRK;;;N;1095;919;176;0;574;408;166;0;166;6;568;139;114;107;50;;;;;;;;;;;;158;;;;;;;;
010530116116;01053011611601;53116001;STIMMBEZIRK;;;N;1081;912;169;0;566;408;158;2;156;11;555;232;92;105;39;;0;;;;;;;;;;87;;;;;;;;
010530116116;01053011611602;53116002;STIMMBEZIRK;;;N;954;838;116;0;269;166;103;20;83;8;261;83;57;63;20;;0;;;;;;;;;;38;;;;;;;;
010530116116;01053011611603;53116003;STIMMBEZIRK;;;N;973;802;171;0;460;298;162;0;162;3;457;139;114;87;40;;42;;;;;;;;;;35;;;;;;;;
010530116116;01053011611604;53116004;STIMMBEZIRK;;;N;789;718;71;0;202;134;68;0;68;8;194;69;33;36;24;;0;;;;;;;;;;32;;;;;;;;
010530116116;01053011611605;53116005;STIMMBEZIRK;;;N;876;712;164;0;364;217;147;0;147;9;355;132;57;61;54;;0;;;;;;;;;;51;;;;;;;;
010530116116;01053011611606;53116006;STIMMBEZIRK;;;N;924;773;151;0;325;189;136;0;136;2;323;99;52;81;18;;44;;;;;;;;;;29;;;;;;;;
010530116116;01053011611607;53116007;STIMMBEZIRK;;;N;1019;815;204;0;482;292;190;0;190;10;472;179;73;127;25;;0;;;;;;;;;;68;;;;;;;;
010530116116;01053011611608;53116008;STIMMBEZIRK;;;N;797;669;128;0;442;323;119;0;119;3;439;99;100;111;54;;41;;;;;;;;;;34;;;;;;;;
010530116116;01053011611609;53116009;STIMMBEZIRK;;;N;966;850;116;0;346;240;106;0;106;6;340;103;85;64;24;;0;;;;;;;;;;64;;;;;;;;
010530116116;01053011611610;53116010;STIMMBEZIRK;;;N;946;801;145;0;469;343;126;0;126;5;464;161;111;96;24;;0;;;;;;;;;;72;;;;;;;;
010530116116;01053011611611;53116011;STIMMBEZIRK;;;N;992;855;137;0;446;320;126;0;126;2;444;107;104;116;22;;57;;;;;;;;;;38;;;;;;;;
010530116116;01053011611612;53116012;STIMMBEZIRK;;;N;804;719;85;0;307;232;75;0;75;8;299;84;49;60;26;;0;;;;;;;;;;80;;;;;;;;
010530116116;01053011611613;53116013;STIMMBEZIRK;;;N;866;777;89;0;211;133;78;0;78;4;207;69;31;44;11;;0;;;;;;;;;;52;;;;;;;;
010530116116;01053011611614;53116014;STIMMBEZIRK;;;N;919;834;85;0;313;236;77;0;77;1;312;96;50;67;16;;55;;;;;;;;;;28;;;;;;;;
010530129129;01053012912901;53129001;STIMMBEZIRK;;;N;861;746;115;0;311;211;100;0;100;6;305;118;73;45;13;;;;;;;;;;;;56;;;;;;;;
010530129129;01053012912902;53129002;STIMMBEZIRK;;;N;776;570;206;0;407;228;179;0;179;4;403;173;103;57;46;;;;;;;;;;;;24;;;;;;;;
010530129129;01053012912903;53129003;STIMMBEZIRK;;;N;1063;919;144;0;433;303;130;0;130;5;428;161;86;97;27;;;;;;;;;;;;57;;;;;;;;
010530129129;01053012912904;53129004;STIMMBEZIRK;;;N;880;763;117;0;385;273;112;1;111;15;370;118;87;80;18;;;;;;;;;;;;67;;;;;;;;
010530129129;01053012912905;53129005;STIMMBEZIRK;;;N;961;804;157;0;468;323;145;0;145;10;458;184;112;70;31;;;;;;;;;;;;61;;;;;;;;
010530129129;01053012912906;53129006;STIMMBEZIRK;;;N;851;708;143;0;427;297;130;0;130;4;423;96;187;60;31;;;;;;;;;;;;49;;;;;;;;
010530129129;01053012912907;53129007;STIMMBEZIRK;;;N;1007;830;177;0;478;318;160;0;160;6;472;171;110;78;45;;;;;;;;;;;;68;;;;;;;;
010530129129;01053012912908;53129008;STIMMBEZIRK;;;N;894;789;105;0;360;266;94;0;94;5;355;118;77;63;26;;;;;;;;;;;;71;;;;;;;;
010530129129;01053012912909;53129009;STIMMBEZIRK;;;N;921;760;161;0;441;299;142;1;141;6;435;161;121;65;0;;;;;;;;;;;;88;;;;;;;;
010530129129;01053012912910;53129010;STIMMBEZIRK;;;N;946;792;154;0;382;257;125;0;125;2;380;142;88;57;43;;;;;;;;;;;;50;;;;;;;;
010530129129;01053012912911;53129011;STIMMBEZIRK;;;N;819;621;198;0;445;261;184;0;184;4;441;138;168;47;42;;;;;;;;;;;;46;;;;;;;;
010530129129;01053012912912;53129012;STIMMBEZIRK;;;N;938;747;191;0;470;296;174;0;174;3;467;171;141;52;50;;;;;;;;;;;;53;;;;;;;;
010540033033;01054003303301;54033001;STIMMBEZIRK;;;N;671;561;110;0;374;275;99;0;99;7;946;216;140;357;;233;;;;;;;;;;;;;;;;;;;
010540033033;01054003303302;54033002;STIMMBEZIRK;;;N;753;602;151;0;426;295;131;0;131;6;1071;287;183;270;;331;;;;;;;;;;;;;;;;;;;
010540033033;01054003303303;54033003;STIMMBEZIRK;;;N;683;572;111;0;299;198;101;0;101;4;710;204;53;198;;255;;;;;;;;;;;;;;;;;;;
010540056056;01054005605601;54056001;STIMMBEZIRK;;;N;1360;997;363;0;891;555;336;0;336;13;878;211;134;48;47;88;;;;;;;;;;;350;;;;;;;;
010540056056;01054005605602;54056002;STIMMBEZIRK;;;N;1392;1164;228;0;625;419;206;0;206;14;611;191;94;125;29;117;;;;;;;;;;;55;;;;;;;;
010540056056;01054005605603;54056003;STIMMBEZIRK;;;N;1389;1149;240;0;693;481;212;0;212;12;681;188;118;119;36;125;;;;;;;;;;;95;;;;;;;;
010540056056;01054005605604;54056004;STIMMBEZIRK;;;N;1303;1112;191;0;529;352;177;1;176;3;526;161;68;129;23;92;;;;;;;;;;;53;;;;;;;;
010540056056;01054005605605;54056005;STIMMBEZIRK;;;N;1565;1288;277;0;747;488;259;0;259;7;740;250;104;150;40;127;;;;;;;;;;;69;;;;;;;;
010540056056;01054005605606;54056006;STIMMBEZIRK;;;N;1481;1323;158;0;530;387;143;0;143;13;517;145;86;122;12;105;;;;;;;;;;;47;;;;;;;;
010540056056;01054005605607;54056007;STIMMBEZIRK;;;N;1512;1252;260;0;662;421;241;0;241;7;655;185;140;118;43;119;;;;;;;;;;;50;;;;;;;;
010540056056;01054005605608;54056008;STIMMBEZIRK;;;N;1284;1055;229;0;520;323;197;0;197;3;517;178;100;73;33;85;;;;;;;;;;;48;;;;;;;;
010540056056;01054005605609;54056009;STIMMBEZIRK;;;N;1127;906;221;0;551;347;204;0;204;12;539;111;141;104;41;87;;;;;;;;;;;55;;;;;;;;
010540056056;01054005605610;54056010;STIMMBEZIRK;;;N;1534;1276;258;0;689;447;242;0;242;8;681;214;106;139;37;122;;;;;;;;;;;63;;;;;;;;
010540056056;01054005605611;54056011;STIMMBEZIRK;;;N;1529;1258;271;0;820;577;243;1;242;12;808;265;130;145;30;144;;;;;;;;;;;94;;;;;;;;
010540056056;01054005605612;54056012;STIMMBEZIRK;;;N;1261;1014;247;0;698;479;219;0;219;15;683;170;96;131;30;179;;;;;;;;;;;77;;;;;;;;
010540056056;01054005605613;54056013;STIMMBEZIRK;;;N;1246;1031;215;0;598;406;192;1;191;11;587;141;120;112;21;124;;;;;;;;;;;69;;;;;;;;
010540056056;01054005605614;54056014;STIMMBEZIRK;;;N;1248;1059;189;0;498;316;182;0;182;13;485;127;109;73;39;95;;;;;;;;;;;42;;;;;;;;
010540108108;01054010810801;54108001;STIMMBEZIRK;;;N;258;207;51;0;178;132;46;0;46;2;605;;;;;;;;;;;;;;;;605;;;;;;;;
010540138138;01054013813801;54138001;STIMMBEZIRK;;;N;1217;1046;171;0;547;403;144;22;122;11;1364;304;;325;;421;;;;;;;;;;;314;;;;;;;;
010540138138;01054013813802;54138002;STIMMBEZIRK;;;N;1265;1047;218;0;675;477;198;0;198;10;1753;357;;383;;488;;;;;;;;;;;525;;;;;;;;
010540138138;01054013813803;54138003;STIMMBEZIRK;;;N;1169;969;200;0;633;446;187;1;186;7;1670;222;;210;;523;;;;;;;;;;;715;;;;;;;;
010540138138;01054013813803;54138004;STIMMBEZIRK;;;N;279;219;60;0;169;113;56;0;56;3;416;145;;68;;77;;;;;;;;;;;126;;;;;;;;
010540168168;01054016816801;54168001;STIMMBEZIRK;;;N;1157;869;288;0;550;310;240;1;239;0;550;173;88;74;25;78;;0;;;;;;;18;;41;53;;;;;;;
010540168168;01054016816802;54168002;STIMMBEZIRK;;;N;1144;911;233;0;453;259;194;0;194;6;447;135;57;67;15;53;;10;;;;;;;10;;55;45;;;;;;;
010540168168;01054016816803;54168003;STIMMBEZIRK;;;N;1228;968;260;0;442;219;223;6;217;7;435;166;45;57;0;76;;0;;;;;;;16;;40;35;;;;;;;
010540168168;01054016816804;54168004;STIMMBEZIRK;;;N;1090;865;225;0;478;281;197;2;195;0;478;184;49;60;17;59;;0;;;;;;;15;;61;33;;;;;;;
010540168168;01054016816805;54168005;STIMMBEZIRK;;;N;1055;862;193;0;361;199;162;0;162;6;355;121;44;29;19;52;;0;;;;;;;13;;30;47;;;;;;;
010540168168;01054016816806;54168006;STIMMBEZIRK;;;N;1075;842;233;0;476;273;203;0;203;1;475;136;36;60;25;67;;0;;;;;;;12;;51;88;;;;;;;
010540168168;01054016816807;54168007;STIMMBEZIRK;;;N;1052;856;196;0;428;260;168;4;164;5;423;94;53;66;17;71;;0;;;;;;;10;;63;49;;;;;;;
010540168168;01054016816808;54168008;STIMMBEZIRK;;;N;580;496;84;0;209;140;69;1;68;1;208;63;26;19;11;30;;0;;;;;;;3;;22;34;;;;;;;
010540168168;01054016816808;54168009;STIMMBEZIRK;;;N;421;336;85;0;155;87;68;2;66;2;153;55;13;12;5;18;;0;;;;;;;2;;12;36;;;;;;;
010540168168;01054016816809;54168010;STIMMBEZIRK;;;N;1075;856;219;0;591;408;183;0;183;3;588;204;57;49;28;73;;0;;;;;;;19;;75;83;;;;;;;
010540168168;01054016816810;54168011;STIMMBEZIRK;;;N;993;821;172;0;349;203;146;0;146;0;349;139;27;36;11;43;;0;;;;;;;9;;29;55;;;;;;;
010540168168;01054016816811;54168012;STIMMBEZIRK;;;N;756;544;212;0;405;213;192;0;192;2;403;170;65;18;13;36;;0;;;;;;;6;;17;78;;;;;;;
010540168168;01054016816811;54168013;STIMMBEZIRK;;;N;189;127;62;0;109;57;52;1;51;0;109;60;15;5;4;7;;0;;;;;;;1;;9;8;;;;;;;
010540168168;01054016816812;54168014;STIMMBEZIRK;;;N;956;702;254;0;527;321;206;0;206;5;522;219;57;59;0;45;;0;;;;;;;17;;58;67;;;;;;;
010550001001;01055000100101;55001001;STIMMBEZIRK;;;N;493;443;50;0;218;173;45;0;45;0;391;183;;94;54;;;;;;;;;;;;60;;;;;;;;
010550001001;01055000100101;55001002;STIMMBEZIRK;;;N;607;516;91;0;253;178;75;0;75;10;443;196;;127;56;;;;;;;;;;;;64;;;;;;;;
010550001001;01055000100102;55001003;STIMMBEZIRK;;;N;447;385;62;0;198;142;56;0;56;2;350;146;;110;39;;;;;;;;;;;;55;;;;;;;;
010550001001;01055000100102;55001004;STIMMBEZIRK;;;N;1180;963;217;0;594;393;201;0;201;10;1029;458;;252;144;;;;;;;;;;;;175;;;;;;;;
010550001001;01055000100103;55001005;STIMMBEZIRK;;;N;708;593;115;0;357;260;97;0;97;6;618;265;;203;79;;;;;;;;;;;;71;;;;;;;;
010550001001;01055000100103;55001006;STIMMBEZIRK;;;N;781;686;95;0;378;294;84;0;84;10;648;240;;213;89;;;;;;;;;;;;106;;;;;;;;
010550001001;01055000100104;55001007;STIMMBEZIRK;;;N;791;714;77;0;358;286;72;0;72;2;634;313;;96;89;;;;;;;;;;;;136;;;;;;;;
010550001001;01055000100104;55001008;STIMMBEZIRK;;;N;277;238;39;0;137;104;33;0;33;7;248;103;;69;33;;;;;;;;;;;;43;;;;;;;;
010550001001;01055000100104;55001009;STIMMBEZIRK;;;N;385;338;47;0;199;156;43;1;42;2;348;153;;75;53;;;;;;;;;;;;67;;;;;;;;
010550001001;01055000100104;55001013;STIMMBEZIRK;;;N;148;128;20;0;77;60;17;0;17;1;143;82;;24;21;;;;;;;;;;;;16;;;;;;;;
010550001001;01055000100105;55001010;STIMMBEZIRK;;;N;383;336;47;0;188;146;42;0;42;2;316;169;;66;37;;;;;;;;;;;;44;;;;;;;;
010550001001;01055000100105;55001011;STIMMBEZIRK;;;N;288;248;40;0;172;137;35;0;35;8;303;129;;71;48;;;;;;;;;;;;55;;;;;;;;
010550001001;01055000100105;55001012;STIMMBEZIRK;;;N;558;473;85;0;324;252;72;3;69;3;579;259;;168;81;;;;;;;;;;;;71;;;;;;;;
010550004004;01055000400401;55004001;STIMMBEZIRK;;;N;1348;1111;237;0;558;355;203;0;203;22;536;223;74;127;21;;;;;;;;;;;;48;43;;;;;;;
010550004004;01055000400402;55004002;STIMMBEZIRK;;;N;1026;898;128;0;461;347;114;0;114;14;447;163;69;99;25;;;;;;;;;;;;56;35;;;;;;;
010550004004;01055000400403;55004003;STIMMBEZIRK;;;N;1051;872;179;0;488;333;155;1;154;12;476;236;89;56;38;;;;;;;;;;;;36;21;;;;;;;
010550004004;01055000400404;55004004;STIMMBEZIRK;;;N;1364;1173;191;0;628;468;160;1;159;9;619;247;102;120;45;;;;;;;;;;;;76;29;;;;;;;
010550004004;01055000400405;55004005;STIMMBEZIRK;;;N;1049;873;176;0;456;303;153;2;151;6;450;188;57;109;19;;;;;;;;;;;;44;33;;;;;;;
010550004004;01055000400406;55004006;STIMMBEZIRK;;;N;1057;895;162;0;496;352;144;0;144;4;492;183;84;96;51;;;;;;;;;;;;53;25;;;;;;;
010550004004;01055000400407;55004007;STIMMBEZIRK;;;N;1243;1054;189;0;551;383;168;1;167;8;543;175;84;105;47;;;;;;;;;;;;99;33;;;;;;;
010550004004;01055000400408;55004008;STIMMBEZIRK;;;N;1359;1202;157;0;488;346;142;3;139;1;487;164;64;135;31;;;;;;;;;;;;71;22;;;;;;;
010550004004;01055000400409;55004009;STIMMBEZIRK;;;N;1323;1149;174;0;562;400;162;1;161;16;546;218;121;84;46;;;;;;;;;;;;57;20;;;;;;;
010550004004;01055000400410;55004010;STIMMBEZIRK;;;N;1293;1073;220;0;558;366;192;0;192;14;544;163;78;135;43;;;;;;;;;;;;91;34;;;;;;;
010550004004;01055000400411;55004011;STIMMBEZIRK;;;N;1387;1137;250;0;709;496;213;0;213;6;703;271;120;154;39;;;;;;;;;;;;95;24;;;;;;;
010550004004;01055000400412;55004012;STIMMBEZIRK;;;N;1191;1025;166;0;583;436;147;1;146;13;570;212;90;119;31;;;;;;;;;;;;72;46;;;;;;;
010550004004;01055000400413;55004013;STIMMBEZIRK;;;N;1309;1061;248;0;677;444;233;0;233;13;664;238;114;162;34;;;;;;;;;;;;65;51;;;;;;;
010550004004;01055000400414;55004014;STIMMBEZIRK;;;N;564;490;74;0;212;150;62;0;62;4;208;68;46;34;23;;;;;;;;;;;;16;21;;;;;;;
010550004004;01055000400414;55004015;STIMMBEZIRK;;;N;679;588;91;0;374;287;87;0;87;5;369;159;69;56;42;;;;;;;;;;;;29;14;;;;;;;
010550007007;01055000700701;55007001;STIMMBEZIRK;;;N;908;717;191;0;552;385;167;0;167;14;1465;691;269;330;110;;;;;;;;;;;;65;;;;;;;;
010550007007;01055000700702;55007002;STIMMBEZIRK;;;N;1089;925;164;0;602;473;129;0;129;29;1535;823;272;284;156;;;;;;;;;;;;;;;;;;;;
010550007007;01055000700703;55007003;STIMMBEZIRK;;;N;573;489;84;0;249;181;68;0;68;11;611;302;131;135;43;;;;;;;;;;;;;;;;;;;;
010550007007;01055000700703;55007004;STIMMBEZIRK;;;N;377;326;51;0;214;168;46;0;46;6;535;320;94;92;29;;;;;;;;;;;;;;;;;;;;
010550010010;01055001001001;55010001;STIMMBEZIRK;;;N;1062;844;218;0;624;433;191;0;191;8;3384;1339;;;;;;;;;;;;;;;788;1056;22;29;150;;;;
010550012012;01055001201201;55012001;STIMMBEZIRK;;;N;996;906;90;0;344;270;74;0;74;10;334;118;61;63;17;;;;;;;30;;;;;45;;;;;;;;
010550012012;01055001201202;55012002;STIMMBEZIRK;;;N;1141;955;186;0;420;259;161;0;161;5;415;126;142;57;26;;;;;;;45;;;;;19;;;;;;;;
010550012012;01055001201203;55012003;STIMMBEZIRK;;;N;1160;986;174;0;444;284;160;0;160;8;436;170;96;71;33;;;;;;;38;;;;;28;;;;;;;;
010550012012;01055001201204;55012004;STIMMBEZIRK;;;N;1067;850;217;0;440;243;197;1;196;8;432;115;142;76;25;;;;;;;55;;;;;19;;;;;;;;
010550012012;01055001201205;55012005;STIMMBEZIRK;;;N;987;814;173;0;421;264;157;0;157;10;411;137;104;76;26;;;;;;;36;;;;;32;;;;;;;;
010550012012;01055001201206;55012006;STIMMBEZIRK;;;N;1062;840;222;0;548;339;209;0;209;9;539;203;130;90;33;;;;;;;47;;;;;36;;;;;;;;
010550012012;01055001201207;55012007;STIMMBEZIRK;;;N;968;827;141;0;290;167;123;0;123;5;285;102;59;43;12;;;;;;;21;;;;;48;;;;;;;;
010550012012;01055001201208;55012008;STIMMBEZIRK;;;N;1013;853;160;0;451;302;149;0;149;6;445;153;121;83;26;;;;;;;26;;;;;36;;;;;;;;
010550012012;01055001201209;55012009;STIMMBEZIRK;;;N;942;673;269;0;494;279;215;16;199;16;478;178;93;96;43;;;;;;;37;;;;;31;;;;;;;;
010550012012;01055001201210;55012010;STIMMBEZIRK;;;N;1094;916;178;0;459;300;159;0;159;7;452;175;94;86;36;;;;;;;29;;;;;32;;;;;;;;
010550012012;01055001201211;55012011;STIMMBEZIRK;;;N;1090;921;169;0;410;253;157;0;157;3;407;124;136;53;27;;;;;;;34;;;;;33;;;;;;;;
010550012012;01055001201212;55012012;STIMMBEZIRK;;;N;860;718;142;0;405;280;125;0;125;9;396;117;91;58;49;;;;;;;49;;;;;32;;;;;;;;
010550012012;01055001201212;55012015;STIMMBEZIRK;;;N;226;199;27;0;105;78;27;0;27;0;105;33;33;17;8;;;;;;;10;;;;;4;;;;;;;;
010550012012;01055001201213;55012013;STIMMBEZIRK;;;N;997;796;201;0;578;393;185;0;185;6;572;162;189;84;32;;;;;;;66;;;;;39;;;;;;;;
010550012012;01055001201214;55012014;STIMMBEZIRK;;;N;952;819;133;0;368;249;119;0;119;2;366;115;88;67;19;;;;;;;29;;;;;48;;;;;;;;
010550016016;01055001601601;55016001;STIMMBEZIRK;;;N;1218;997;221;0;506;309;197;0;197;8;924;437;;179;98;;;;;;;;;;;;210;;;;;;;;
010550016016;01055001601602;55016002;STIMMBEZIRK;;;N;1297;1025;272;0;595;341;254;0;254;10;1069;375;;248;77;;;;;;;;;;;;369;;;;;;;;
010550016016;01055001601603;55016003;STIMMBEZIRK;;;N;1059;848;211;0;423;228;195;0;195;11;752;273;;155;67;;;;;;;;;;;;257;;;;;;;;
010550016016;01055001601603;55016004;STIMMBEZIRK;;;N;220;171;49;0;129;83;46;0;46;0;244;102;;53;36;;;;;;;;;;;;53;;;;;;;;
010550016016;01055001601604;55016005;STIMMBEZIRK;;;N;749;649;100;0;312;215;97;0;97;7;555;250;;91;55;;;;;;;;;;;;159;;;;;;;;
010550016016;01055001601604;55016006;STIMMBEZIRK;;;N;560;500;60;0;289;237;52;0;52;4;525;269;;87;49;;;;;;;;;;;;120;;;;;;;;
010550016016;01055001601605;55016007;STIMMBEZIRK;;;N;751;652;99;0;356;268;88;0;88;12;651;330;;123;52;;;;;;;;;;;;146;;;;;;;;
010550016016;01055001601605;55016008;STIMMBEZIRK;;;N;414;347;67;0;188;129;59;0;59;4;341;136;;62;21;;;;;;;;;;;;122;;;;;;;;
010550018018;01055001801801;55018001;STIMMBEZIRK;;;N;912;789;123;0;664;549;115;0;115;16;2684;1606;;;;;;;;;;;;;;;1078;;;;;;;;
010550021021;01055002102101;55021001;STIMMBEZIRK;;;N;1688;1409;279;0;760;502;258;0;258;17;1361;444;182;132;;;;;;;;;;;;;490;113;;;;;;;
010550021021;01055002102102;55021002;STIMMBEZIRK;;;N;1544;1276;268;0;708;440;268;0;268;3;1350;394;153;247;;;;;;;;;;;;;435;121;;;;;;;
010550021021;01055002102103;55021003;STIMMBEZIRK;;;N;1637;1366;271;0;817;557;260;0;260;8;1490;408;167;244;;;;;;;;;;;;;527;144;;;;;;;
010550021021;01055002102104;55021004;STIMMBEZIRK;;;N;1535;1204;331;0;696;384;312;0;312;9;1270;395;158;191;;;;;;;;;;;;;409;117;;;;;;;
010550021021;01055002102105;55021005;STIMMBEZIRK;;;N;1797;1487;310;0;635;365;270;0;270;6;1185;385;176;220;;;;;;;;;;;;;317;87;;;;;;;
010550025025;01055002502501;55025001;STIMMBEZIRK;;;N;1049;812;237;0;557;347;210;0;210;13;3191;1308;;878;;;;;;;;;;;;;1005;;;;;;;;
010550028028;01055002802801;55028001;STIMMBEZIRK;;;N;413;363;50;0;202;155;47;0;47;2;200;134;;21;30;;;;;;;;;;;;7;8;;;;;;;
010550028028;01055002802801;55028002;STIMMBEZIRK;;;N;334;299;35;0;186;153;33;6;27;4;182;86;;50;14;;;;;;;;;;;;16;16;;;;;;;
010550028028;01055002802802;55028003;STIMMBEZIRK;;;N;353;309;44;0;173;129;44;0;44;3;170;84;;30;7;;;;;;;;;;;;24;25;;;;;;;
010550028028;01055002802802;55028004;STIMMBEZIRK;;;N;324;276;48;0;181;138;43;0;43;4;177;83;;46;11;;;;;;;;;;;;18;19;;;;;;;
010550028028;01055002802803;55028005;STIMMBEZIRK;;;N;342;311;31;0;180;154;26;0;26;2;178;64;;47;20;;;;;;;;;;;;27;20;;;;;;;
010550028028;01055002802803;55028006;STIMMBEZIRK;;;N;341;300;41;0;184;144;40;0;40;10;174;62;;42;18;;;;;;;;;;;;30;22;;;;;;;
010550028028;01055002802804;55028007;STIMMBEZIRK;;;N;410;335;75;0;250;175;75;0;75;8;242;89;;27;19;;;;;;;;;;;;38;69;;;;;;;
010550028028;01055002802804;55028008;STIMMBEZIRK;;;N;296;265;31;0;148;122;26;0;26;1;147;45;;30;37;;;;;;;;;;;;9;26;;;;;;;
010550028028;01055002802805;55028009;STIMMBEZIRK;;;N;819;655;164;0;333;183;150;0;150;14;319;120;;81;46;;;;;;;;;;;;23;49;;;;;;;
010550028028;01055002802806;55028010;STIMMBEZIRK;;;N;732;620;112;0;306;200;106;0;106;6;300;112;;74;27;;;;;;;;;;;;41;46;;;;;;;
010550028028;01055002802807;55028011;STIMMBEZIRK;;;N;892;746;146;0;390;251;139;0;139;11;379;155;;99;46;;;;;;;;;;;;38;41;;;;;;;
010550028028;01055002802808;55028012;STIMMBEZIRK;;;N;913;779;134;0;335;221;114;0;114;2;333;142;;102;18;;;;;;;;;;;;27;44;;;;;;;
010550028028;01055002802809;55028013;STIMMBEZIRK;;;N;835;716;119;0;322;223;99;0;99;6;316;120;;76;20;;;;;;;;;;;;41;59;;;;;;;
010550028028;01055002802810;55028014;STIMMBEZIRK;;;N;706;620;86;0;289;209;80;0;80;8;281;111;;69;20;;;;;;;;;;;;40;41;;;;;;;
010550028028;01055002802811;55028015;STIMMBEZIRK;;;N;741;659;82;0;313;243;70;0;70;6;307;122;;84;38;;;;;;;;;;;;30;33;;;;;;;
010550028028;01055002802812;55028016;STIMMBEZIRK;;;N;813;729;84;0;368;292;76;2;74;11;357;135;;137;24;;;;;;;;;;;;28;33;;;;;;;
010550032032;01055003203201;55032001;STIMMBEZIRK;;;N;973;876;97;0;252;162;90;0;90;3;249;65;38;44;23;;;;;;;;;;;;79;;;;;;;;
010550032032;01055003203202;55032002;STIMMBEZIRK;;;N;885;719;166;0;405;252;153;0;153;5;400;140;67;94;23;;;;;;;;;;;;76;;;;;;;;
010550032032;01055003203203;55032003;STIMMBEZIRK;;;N;1048;876;172;0;455;298;157;0;157;10;445;157;88;83;35;;;;;;;;;;;;82;;;;;;;;
010550032032;01055003203204;55032004;STIMMBEZIRK;;;N;1109;896;213;0;488;291;197;0;197;11;477;174;103;87;20;;;;;;;;;;;;93;;;;;;;;
010550032032;01055003203205;55032005;STIMMBEZIRK;;;N;1057;885;172;0;565;404;161;0;161;6;559;214;107;101;43;;;;;;;;;;;;94;;;;;;;;
010550032032;01055003203206;55032006;STIMMBEZIRK;;;N;1264;1057;207;0;501;314;187;0;187;8;493;156;84;130;29;;;;;;;;;;;;94;;;;;;;;
010550032032;01055003203207;55032007;STIMMBEZIRK;;;N;989;806;183;0;491;322;169;2;167;8;483;183;101;61;22;;;;;;;;;;;;116;;;;;;;;
010550032032;01055003203208;55032008;STIMMBEZIRK;;;N;894;772;122;0;322;213;109;0;109;6;316;103;57;52;9;;;;;;;;;;;;95;;;;;;;;
010550032032;01055003203209;55032009;STIMMBEZIRK;;;N;921;796;125;0;431;313;118;0;118;9;422;135;68;85;9;;;;;;;;;;;;125;;;;;;;;
010550032032;01055003203210;55032010;STIMMBEZIRK;;;N;935;797;138;0;457;328;129;1;128;13;444;171;70;90;17;;;;;;;;;;;;96;;;;;;;;
010550032032;01055003203211;55032011;STIMMBEZIRK;;;N;825;636;189;0;462;283;179;0;179;10;452;163;76;69;35;;;;;;;;;;;;109;;;;;;;;
010550032032;01055003203212;55032012;STIMMBEZIRK;;;N;930;743;187;0;408;224;184;1;183;4;404;166;85;64;14;;;;;;;;;;;;75;;;;;;;;
010550032032;01055003203213;55032013;STIMMBEZIRK;;;N;786;563;223;0;455;252;203;0;203;8;447;157;85;45;37;;;;;;;;;;;;123;;;;;;;;
010550032032;01055003203214;55032014;STIMMBEZIRK;;;N;476;392;84;0;235;158;77;0;77;1;234;89;50;30;5;;;;;;;;;;;;60;;;;;;;;
010550032032;01055003203214;55032015;STIMMBEZIRK;;;N;306;222;84;0;163;82;81;0;81;1;162;74;30;19;5;;;;;;;;;;;;34;;;;;;;;
010550033033;01055003303301;55033001;STIMMBEZIRK;;;N;1903;1637;266;0;923;689;234;1;233;20;1624;514;255;516;;;;;;;;;;;;;339;;;;;;;;
010550033033;01055003303302;55033002;STIMMBEZIRK;;;N;1636;1372;264;0;746;511;235;0;235;14;1332;367;309;349;;;;;;;;;;;;;307;;;;;;;;
010550033033;01055003303303;55033003;STIMMBEZIRK;;;N;1536;1320;216;0;689;487;202;0;202;29;1173;483;153;310;;;;;;;;;;;;;227;;;;;;;;
010550033033;01055003303304;55033004;STIMMBEZIRK;;;N;1488;1193;295;0;711;433;278;0;278;19;1271;430;242;346;;;;;;;;;;;;;253;;;;;;;;
010550033033;01055003303305;55033005;STIMMBEZIRK;;;N;1707;1457;250;0;855;618;237;0;237;20;1480;473;282;455;;;;;;;;;;;;;270;;;;;;;;
010550035035;01055003503501;55035001;STIMMBEZIRK;;;N;352;316;36;0;178;144;34;0;34;2;176;54;4;4;3;;;;;;;;;;;;111;;;;;;;;
010550035035;01055003503501;55035002;STIMMBEZIRK;;;N;544;479;65;0;229;173;56;0;56;4;225;75;31;41;10;;;;;;;;;;;;68;;;;;;;;
010550035035;01055003503502;55035003;STIMMBEZIRK;;;N;978;842;136;0;476;349;127;2;125;5;471;205;57;79;51;;;;;;;;;;;;79;;;;;;;;
010550035035;01055003503503;55035004;STIMMBEZIRK;;;N;898;759;139;0;420;296;124;0;124;8;412;156;61;108;20;;;;;;;;;;;;67;;;;;;;;
010550035035;01055003503504;55035005;STIMMBEZIRK;;;N;406;347;59;0;204;150;54;0;54;1;203;72;31;42;24;;;;;;;;;;;;34;;;;;;;;
010550035035;01055003503504;55035006;STIMMBEZIRK;;;N;520;437;83;0;271;197;74;0;74;1;270;87;50;45;21;;;;;;;;;;;;67;;;;;;;;
010550035035;01055003503505;55035007;STIMMBEZIRK;;;N;984;847;137;0;449;334;115;0;115;1;448;149;73;56;50;;;;;;;;;;;;120;;;;;;;;
010550035035;01055003503506;55035008;STIMMBEZIRK;;;N;770;673;97;0;369;281;88;0;88;4;365;107;35;75;23;;;;;;;;;;;;125;;;;;;;;
010550035035;01055003503507;55035009;STIMMBEZIRK;;;N;875;748;127;0;461;342;119;0;119;4;457;119;50;85;13;;;;;;;;;;;;190;;;;;;;;
010550035035;01055003503508;55035010;STIMMBEZIRK;;;N;820;671;149;0;421;286;135;0;135;7;414;89;37;68;22;;;;;;;;;;;;198;;;;;;;;
010550035035;01055003503509;55035011;STIMMBEZIRK;;;N;790;680;110;0;352;253;99;0;99;4;348;81;62;48;25;;;;;;;;;;;;132;;;;;;;;
010550035035;01055003503510;55035012;STIMMBEZIRK;;;N;704;600;104;0;255;162;93;0;93;9;246;67;50;25;17;;;;;;;;;;;;87;;;;;;;;
010550035035;01055003503510;55035013;STIMMBEZIRK;;;N;415;361;54;0;210;162;48;0;48;0;210;74;30;24;9;;;;;;;;;;;;73;;;;;;;;
010550035035;01055003503511;55035014;STIMMBEZIRK;;;N;883;772;111;0;321;226;95;0;95;12;309;87;37;119;17;;;;;;;;;;;;49;;;;;;;;
010550035035;01055003503512;55035015;STIMMBEZIRK;;;N;924;802;122;0;373;265;108;0;108;11;362;121;36;94;28;;;;;;;;;;;;83;;;;;;;;
010550035035;01055003503513;55035016;STIMMBEZIRK;;;N;936;794;142;0;450;321;129;0;129;4;446;145;65;131;54;;;;;;;;;;;;51;;;;;;;;
010550035035;01055003503514;55035017;STIMMBEZIRK;;;N;916;808;108;0;403;300;103;0;103;9;394;143;45;104;30;;;;;;;;;;;;72;;;;;;;;
010550040040;01055004004001;55040001;STIMMBEZIRK;;;N;280;248;32;0;178;147;31;0;31;3;175;83;33;42;6;;;;;;;;;;;;4;7;;;;;;;
010550040040;01055004004001;55040002;STIMMBEZIRK;;;N;234;191;43;0;164;130;34;0;34;1;163;76;17;39;9;;;;;;;;;;;;11;11;;;;;;;
010550040040;01055004004001;55040003;STIMMBEZIRK;;;N;462;404;58;0;260;206;54;0;54;10;250;140;43;27;19;;;;;;;;;;;;9;12;;;;;;;
010550040040;01055004004002;55040004;STIMMBEZIRK;;;N;439;354;85;0;221;150;71;0;71;2;219;99;34;32;23;;;;;;;;;;;;6;25;;;;;;;
010550040040;01055004004002;55040005;STIMMBEZIRK;;;N;383;334;49;0;207;159;48;0;48;1;206;102;19;33;31;;;;;;;;;;;;8;13;;;;;;;
010550040040;01055004004003;55040006;STIMMBEZIRK;;;N;342;299;43;0;207;169;38;0;38;1;206;113;29;28;11;;;;;;;;;;;;7;18;;;;;;;
010550040040;01055004004003;55040007;STIMMBEZIRK;;;N;576;500;76;0;334;262;72;0;72;7;327;106;37;44;21;;;;;;;;;;;;7;112;;;;;;;
010550040040;01055004004004;55040008;STIMMBEZIRK;;;N;1165;1009;156;0;545;398;147;0;147;4;541;205;73;105;75;;;;;;;;;;;;33;50;;;;;;;
010550040040;01055004004005;55040009;STIMMBEZIRK;;;N;1050;896;154;0;559;426;133;0;133;16;543;222;72;131;53;;;;;;;;;;;;24;41;;;;;;;
010550040040;01055004004006;55040010;STIMMBEZIRK;;;N;953;808;145;0;508;369;139;0;139;9;499;215;73;107;47;;;;;;;;;;;;22;35;;;;;;;
010550040040;01055004004007;55040011;STIMMBEZIRK;;;N;832;689;143;0;396;268;128;0;128;7;389;124;61;84;14;;;;;;;;;;;;19;87;;;;;;;
010550040040;01055004004008;55040012;STIMMBEZIRK;;;N;902;792;110;0;402;298;104;0;104;9;393;150;75;78;25;;;;;;;;;;;;34;31;;;;;;;
010550040040;01055004004009;55040013;STIMMBEZIRK;;;N;1176;1006;170;0;599;447;152;0;152;15;584;221;71;178;53;;;;;;;;;;;;0;61;;;;;;;
010550040040;01055004004010;55040014;STIMMBEZIRK;;;N;1101;905;196;0;618;437;181;0;181;10;608;244;127;127;44;;;;;;;;;;;;22;44;;;;;;;
010550040040;01055004004011;55040015;STIMMBEZIRK;;;N;912;754;158;0;462;316;146;0;146;9;453;168;76;102;26;;;;;;;;;;;;29;52;;;;;;;
010550040040;01055004004012;55040016;STIMMBEZIRK;;;N;1002;835;167;0;552;407;145;0;145;7;545;195;103;139;48;;;;;;;;;;;;20;40;;;;;;;
010550040040;01055004004013;55040017;STIMMBEZIRK;;;N;1136;988;148;0;577;434;143;0;143;15;562;214;85;144;40;;;;;;;;;;;;31;48;;;;;;;
010550040040;01055004004014;55040018;STIMMBEZIRK;;;N;1112;946;166;0;595;435;160;0;160;16;579;201;113;141;43;;;;;;;;;;;;29;52;;;;;;;
010550041041;01055004104101;55041101;STIMMBEZIRK;;;N;679;567;112;0;374;270;104;0;104;4;689;360;;241;;;;;;;;;;;;;88;;;;;;;;
010550041041;01055004104101;55041102;STIMMBEZIRK;;;N;187;164;23;0;111;90;21;0;21;3;209;102;;72;;;;;;;;;;;;;35;;;;;;;;
010550041041;01055004104102;55041103;STIMMBEZIRK;;;N;393;354;39;0;205;171;34;0;34;2;355;119;;161;;;;;;;;;;;;;75;;;;;;;;
010550041041;01055004104102;55041104;STIMMBEZIRK;;;N;478;418;60;0;242;186;56;0;56;8;424;210;;134;;;;;;;;;;;;;80;;;;;;;;
010550041041;01055004104103;55041105;STIMMBEZIRK;;;N;294;259;35;0;161;133;28;0;28;3;281;85;;111;;;;;;;;;;;;;85;;;;;;;;
010550041041;01055004104103;55041106;STIMMBEZIRK;;;N;373;336;37;0;193;163;30;0;30;3;327;105;;164;;;;;;;;;;;;;58;;;;;;;;
010550041041;01055004104103;55041107;STIMMBEZIRK;;;N;115;89;26;0;72;48;24;0;24;2;123;50;;25;;;;;;;;;;;;;48;;;;;;;;
010550041041;01055004104104;55041108;STIMMBEZIRK;;;N;271;223;48;0;177;131;46;0;46;7;312;110;;144;;;;;;;;;;;;;58;;;;;;;;
010550041041;01055004104104;55041109;STIMMBEZIRK;;;N;397;316;81;0;217;146;71;1;70;7;360;150;;119;;;;;;;;;;;;;91;;;;;;;;
010550041041;01055004104104;55041110;STIMMBEZIRK;;;N;236;183;53;0;133;85;48;0;48;1;232;103;;74;;;;;;;;;;;;;55;;;;;;;;
010550041041;01055004104105;55041111;STIMMBEZIRK;;;N;153;135;18;0;48;33;15;0;15;2;80;56;;8;;;;;;;;;;;;;16;;;;;;;;
010550041041;01055004104105;55041112;STIMMBEZIRK;;;N;242;194;48;0;161;114;47;0;47;4;283;163;;90;;;;;;;;;;;;;30;;;;;;;;
010550041041;01055004104105;55041113;STIMMBEZIRK;;;N;280;230;50;0;152;110;42;0;42;3;271;96;;127;;;;;;;;;;;;;48;;;;;;;;
010550041041;01055004104105;55041114;STIMMBEZIRK;;;N;208;153;55;0;129;78;51;0;51;5;221;92;;69;;;;;;;;;;;;;60;;;;;;;;
010550042042;01055004204201;55042001;STIMMBEZIRK;;;N;454;373;81;0;237;162;75;1;74;3;420;157;80;59;11;;;;;;;;;;;;59;54;;;;;;;
010550042042;01055004204201;55042002;STIMMBEZIRK;;;N;298;242;56;0;174;123;51;0;51;2;309;65;58;78;19;;;;;;;;;;;;65;24;;;;;;;
010550042042;01055004204201;55042003;STIMMBEZIRK;;;N;896;782;114;0;348;250;98;0;98;6;598;100;97;82;24;;;;;;;;;;;;239;56;;;;;;;
010550042042;01055004204202;55042004;STIMMBEZIRK;;;N;766;612;154;0;376;230;146;0;146;6;660;185;66;64;81;;;;;;;;;;;;166;98;;;;;;;
010550042042;01055004204202;55042005;STIMMBEZIRK;;;N;789;587;202;0;363;176;187;2;185;15;644;262;76;69;74;;;;;;;;;;;;106;57;;;;;;;
010550042042;01055004204203;55042006;STIMMBEZIRK;;;N;924;708;216;0;423;223;200;0;200;11;768;245;118;84;74;;;;;;;;;;;;150;97;;;;;;;
010550042042;01055004204203;55042007;STIMMBEZIRK;;;N;810;658;152;0;367;224;143;0;143;9;653;196;64;62;100;;;;;;;;;;;;135;96;;;;;;;
010550042042;01055004204204;55042008;STIMMBEZIRK;;;N;1220;952;268;0;611;366;245;0;245;8;1095;216;121;85;90;;;;;;;;;;;;362;221;;;;;;;
010550042042;01055004204205;55042009;STIMMBEZIRK;;;N;1155;893;262;0;637;404;233;1;232;18;1139;234;197;116;82;;;;;;;;;;;;359;151;;;;;;;
010550044044;01055004404401;55044001;STIMMBEZIRK;;;N;986;731;255;0;572;327;245;1;244;12;560;164;73;61;54;;;;;;;;;;;;109;99;;;;;;;
010550044044;01055004404402;55044002;STIMMBEZIRK;;;N;1089;827;262;0;564;316;248;0;248;3;561;165;56;68;64;;;;;;;;;;;;151;57;;;;;;;
010550044044;01055004404403;55044003;STIMMBEZIRK;;;N;927;747;180;0;394;228;166;0;166;4;390;83;37;50;34;;;;;;;;;;;;186;;;;;;;;
010550044044;01055004404404;55044004;STIMMBEZIRK;;;N;999;726;273;0;533;295;238;0;238;12;521;160;84;42;56;;;;;;;;;;;;179;;;;;;;;
010550044044;01055004404405;55044005;STIMMBEZIRK;;;N;746;602;144;0;359;236;123;0;123;1;358;109;67;57;49;;;;;;;;;;;;76;;;;;;;;
010550044044;01055004404406;55044006;STIMMBEZIRK;;;N;966;785;181;0;514;353;161;1;160;12;502;144;75;142;37;;;;;;;;;;;;104;;;;;;;;
010550044044;01055004404407;55044007;STIMMBEZIRK;;;N;399;327;72;0;223;154;69;0;69;7;216;62;23;44;12;;;;;;;;;;;;38;37;;;;;;;
010550044044;01055004404407;55044008;STIMMBEZIRK;;;N;296;268;28;0;110;88;22;0;22;1;109;40;6;15;12;;;;;;;;;;;;25;11;;;;;;;
010550044044;01055004404408;55044009;STIMMBEZIRK;;;N;894;700;194;0;522;345;177;0;177;6;516;132;87;69;45;;;;;;;;;;;;99;84;;;;;;;
010550044044;01055004404409;55044010;STIMMBEZIRK;;;N;337;291;46;0;200;155;45;0;45;3;197;39;23;27;10;;;;;;;;;;;;22;76;;;;;;;
010550044044;01055004404409;55044011;STIMMBEZIRK;;;N;313;282;31;0;183;152;31;0;31;1;182;24;21;35;8;;;;;;;;;;;;45;49;;;;;;;
010550044044;01055004404409;55044012;STIMMBEZIRK;;;N;53;45;8;0;35;27;8;0;8;0;35;3;3;11;0;;;;;;;;;;;;1;17;;;;;;;
010550044044;01055004404410;55044013;STIMMBEZIRK;;;N;481;418;63;0;234;178;56;0;56;6;228;44;29;32;26;;;;;;;;;;;;47;50;;;;;;;
010550044044;01055004404410;55044014;STIMMBEZIRK;;;N;191;166;25;0;102;82;20;0;20;1;101;15;5;7;1;;;;;;;;;;;;15;58;;;;;;;
010550044044;01055004404411;55044015;STIMMBEZIRK;;;N;546;467;79;0;264;193;71;0;71;6;258;76;29;57;31;;;;;;;;;;;;65;;;;;;;;
010550044044;01055004404411;55044016;STIMMBEZIRK;;;N;380;314;66;0;190;132;58;0;58;8;182;64;21;32;27;;;;;;;;;;;;38;;;;;;;;
010550044044;01055004404412;55044017;STIMMBEZIRK;;;N;758;640;118;0;383;280;103;0;103;6;377;94;44;88;46;;;;;;;;;;;;105;;;;;;;;
010550046046;01055004604601;55046001;STIMMBEZIRK;;;N;964;810;154;0;438;301;137;0;137;9;429;111;42;121;22;;;;;;;;;;;;13;120;;;;;;;
010550046046;01055004604602;55046002;STIMMBEZIRK;;;N;928;807;121;0;336;227;109;0;109;8;328;77;56;72;10;;;;;;;;;;;;21;92;;;;;;;
010550046046;01055004604603;55046003;STIMMBEZIRK;;;N;1058;874;184;0;521;355;166;0;166;14;507;98;42;97;17;;;;;;;;;;;;32;221;;;;;;;
010550046046;01055004604604;55046004;STIMMBEZIRK;;;N;1024;834;190;0;493;336;157;0;157;7;486;160;44;69;7;;;;;;;;;;;;32;174;;;;;;;
010550046046;01055004604605;55046005;STIMMBEZIRK;;;N;901;751;150;0;509;377;132;0;132;5;504;149;41;135;10;;;;;;;;;;;;28;141;;;;;;;
010550046046;01055004604606;55046006;STIMMBEZIRK;;;N;1046;870;176;0;511;348;163;0;163;8;503;132;71;72;24;;;;;;;;;;;;34;170;;;;;;;
010550046046;01055004604607;55046007;STIMMBEZIRK;;;N;1032;843;189;0;522;358;164;0;164;7;515;102;45;68;33;;;;;;;;;;;;29;238;;;;;;;
010550046046;01055004604608;55046008;STIMMBEZIRK;;;N;1112;901;211;0;503;313;190;0;190;8;495;134;55;84;26;;;;;;;;;;;;25;171;;;;;;;
010550046046;01055004604609;55046009;STIMMBEZIRK;;;N;877;705;172;0;474;340;134;0;134;15;459;80;54;79;19;;;;;;;;;;;;48;179;;;;;;;
010550046046;01055004604610;55046010;STIMMBEZIRK;;;N;854;688;166;0;443;300;143;0;143;6;437;79;53;36;28;;;;;;;;;;;;99;142;;;;;;;
010550046046;01055004604611;55046011;STIMMBEZIRK;;;N;869;706;163;0;434;293;141;0;141;6;428;105;62;89;31;;;;;;;;;;;;24;117;;;;;;;
010550046046;01055004604612;55046012;STIMMBEZIRK;;;N;1063;804;259;0;586;349;237;0;237;13;573;149;88;57;28;;;;;;;;;;;;45;206;;;;;;;
010560002002;01056000200201;56002001;STIMMBEZIRK;;;N;688;574;114;0;420;310;110;0;110;6;414;114;61;65;;;;;;;;;;;;;76;98;;;;;;;
010560002002;01056000200202;56002002;STIMMBEZIRK;;;N;616;524;92;0;359;277;82;0;82;6;353;99;50;52;;;;;;;;;;;;;45;107;;;;;;;
010560002002;01056000200203;56002003;STIMMBEZIRK;;;N;774;669;105;0;382;299;83;0;83;4;378;152;33;54;;;;;;;;;;;;;49;90;;;;;;;
010560002002;01056000200204;56002004;STIMMBEZIRK;;;N;697;568;129;0;350;229;121;0;121;1;349;97;43;56;;;;;;;;;;;;;42;111;;;;;;;
010560002002;01056000200205;56002005;STIMMBEZIRK;;;N;687;578;109;0;346;245;101;0;101;9;337;98;52;56;;;;;;;;;;;;;67;64;;;;;;;
010560002002;01056000200206;56002006;STIMMBEZIRK;;;N;771;660;111;0;357;257;100;0;100;4;353;89;38;43;;;;;;;;;;;;;67;116;;;;;;;
010560002002;01056000200207;56002007;STIMMBEZIRK;;;N;668;578;89;1;269;190;79;1;78;3;266;90;18;35;;;;;;;;;;;;;35;88;;;;;;;
010560002002;01056000200208;56002008;STIMMBEZIRK;;;N;783;657;126;0;452;337;115;0;115;7;445;138;58;55;;;;;;;;;;;;;66;128;;;;;;;
010560002002;01056000200209;56002009;STIMMBEZIRK;;;N;687;569;118;0;398;287;111;0;111;4;394;102;59;65;;;;;;;;;;;;;63;105;;;;;;;
010560002002;01056000200210;56002010;STIMMBEZIRK;;;N;627;557;70;0;302;246;56;1;55;3;299;79;33;53;;;;;;;;;;;;;48;86;;;;;;;
010560002002;01056000200211;56002011;STIMMBEZIRK;;;N;606;534;72;0;339;272;67;0;67;7;332;86;27;75;;;;;;;;;;;;;63;81;;;;;;;
010560002002;01056000200212;56002012;STIMMBEZIRK;;;N;758;616;142;0;436;301;135;0;135;6;430;138;54;78;;;;;;;;;;;;;78;82;;;;;;;
010560005005;01056000500501;56005001;STIMMBEZIRK;;;N;1258;988;270;0;737;489;248;0;248;25;1939;1054;487;398;;;;;;;;;;;;;;;;;;;;;
010560005005;01056000500502;56005002;STIMMBEZIRK;;;N;1328;1116;212;0;624;437;187;0;187;13;1711;776;490;445;;;;;;;;;;;;;;;;;;;;;
010560005005;01056000500503;56005003;STIMMBEZIRK;;;N;1150;878;272;0;658;413;245;30;215;17;1770;731;597;442;;;;;;;;;;;;;;;;;;;;;
010560015015;01056001501501;56015001;STIMMBEZIRK;;;N;2037;1777;260;0;620;381;239;1;238;12;608;202;107;187;59;;;53;;;;;;;;;;;;;;;;;
010560015015;01056001501502;56015002;STIMMBEZIRK;;;N;1754;1566;188;0;539;362;177;0;177;19;520;175;137;117;29;;;62;;;;;;;;;;;;;;;;;
010560015015;01056001501503;56015003;STIMMBEZIRK;;;N;2209;1935;274;0;850;600;250;0;250;24;826;294;165;208;75;;;84;;;;;;;;;;;;;;;;;
010560015015;01056001501504;56015004;STIMMBEZIRK;;;N;2132;1811;321;0;892;596;296;0;296;26;866;271;184;240;79;;;92;;;;;;;;;;;;;;;;;
010560015015;01056001501505;56015005;STIMMBEZIRK;;;N;1877;1530;347;0;1004;672;332;0;332;22;982;372;211;208;135;;;56;;;;;;;;;;;;;;;;;
010560015015;01056001501506;56015006;STIMMBEZIRK;;;N;1857;1597;260;0;689;464;225;1;224;9;680;253;109;223;51;;;44;;;;;;;;;;;;;;;;;
010560015015;01056001501507;56015007;STIMMBEZIRK;;;N;1894;1605;289;0;935;677;258;0;258;22;913;344;155;241;85;;;88;;;;;;;;;;;;;;;;;
010560015015;01056001501508;56015008;STIMMBEZIRK;;;N;2083;1703;380;0;1083;738;345;0;345;26;1057;462;197;206;126;;;66;;;;;;;;;;;;;;;;;
010560015015;01056001501509;56015009;STIMMBEZIRK;;;N;1808;1573;235;0;665;445;220;0;220;20;645;219;133;171;75;;;47;;;;;;;;;;;;;;;;;
010560015015;01056001501510;56015010;STIMMBEZIRK;;;N;1983;1708;275;0;846;595;251;0;251;19;827;313;163;206;99;;;46;;;;;;;;;;;;;;;;;
010560015015;01056001501511;56015011;STIMMBEZIRK;;;N;1924;1651;273;0;846;601;245;0;245;17;829;273;187;227;86;;;56;;;;;;;;;;;;;;;;;
010560015015;01056001501512;56015012;STIMMBEZIRK;;;N;1946;1720;226;0;644;440;204;0;204;25;619;170;102;187;90;;;70;;;;;;;;;;;;;;;;;
010560015015;01056001501513;56015013;STIMMBEZIRK;;;N;1433;1374;59;0;268;214;54;0;54;8;260;90;33;77;23;;;37;;;;;;;;;;;;;;;;;
010560015015;01056001501514;56015014;STIMMBEZIRK;;;N;1845;1466;379;0;929;581;348;3;345;27;902;371;188;189;104;;;50;;;;;;;;;;;;;;;;;
010560015015;01056001501515;56015015;STIMMBEZIRK;;;N;2007;1697;310;0;938;647;291;2;289;31;907;316;201;219;91;;;80;;;;;;;;;;;;;;;;;
010560015015;01056001501516;56015016;STIMMBEZIRK;;;N;2022;1743;279;0;882;621;261;4;257;30;852;298;127;268;75;;;84;;;;;;;;;;;;;;;;;
010560015015;01056001501517;56015017;STIMMBEZIRK;;;N;1923;1470;453;0;1072;653;419;0;419;14;1058;460;248;214;90;;;46;;;;;;;;;;;;;;;;;
010560015015;01056001501518;56015018;STIMMBEZIRK;;;N;2168;1782;386;0;1139;800;339;0;339;35;1104;454;209;253;137;;;51;;;;;;;;;;;;;;;;;
010560015015;01056001501519;56015019;STIMMBEZIRK;;;N;2029;1724;305;0;880;596;284;0;284;16;864;296;211;209;88;;;60;;;;;;;;;;;;;;;;;
010560015015;01056001501520;56015020;STIMMBEZIRK;;;N;1950;1703;247;0;819;597;222;2;220;26;793;265;162;207;72;;;87;;;;;;;;;;;;;;;;;
010560018018;01056001801801;56018001;STIMMBEZIRK;;;N;1137;963;174;0;467;324;143;0;143;10;457;199;116;89;53;;;;;;;;;;;;;;;;;;;;
010560018018;01056001801802;56018002;STIMMBEZIRK;;;N;1090;915;175;0;558;388;170;0;170;9;549;202;202;101;44;;;;;;;;;;;;;;;;;;;;
010560018018;01056001801803;56018003;STIMMBEZIRK;;;N;1007;833;174;0;509;356;153;1;152;12;497;221;109;106;61;;;;;;;;;;;;;;;;;;;;
010560018018;01056001801804;56018004;STIMMBEZIRK;;;N;946;773;173;0;473;311;162;0;162;6;467;190;137;85;55;;;;;;;;;;;;;;;;;;;;
010560018018;01056001801805;56018005;STIMMBEZIRK;;;N;920;743;177;0;467;310;157;0;157;10;457;155;135;129;38;;;;;;;;;;;;;;;;;;;;
010560018018;01056001801806;56018006;STIMMBEZIRK;;;N;1150;859;291;0;640;369;271;0;271;12;628;223;202;142;61;;;;;;;;;;;;;;;;;;;;
010560018018;01056001801807;56018007;STIMMBEZIRK;;;N;986;849;137;0;404;273;131;4;127;7;397;134;117;103;43;;;;;;;;;;;;;;;;;;;;
010560018018;01056001801808;56018008;STIMMBEZIRK;;;N;994;805;189;0;540;370;170;0;170;15;525;184;187;100;54;;;;;;;;;;;;;;;;;;;;
010560018018;01056001801809;56018009;STIMMBEZIRK;;;N;1126;943;183;0;527;368;159;2;157;11;516;208;125;120;63;;;;;;;;;;;;;;;;;;;;
010560018018;01056001801810;56018010;STIMMBEZIRK;;;N;1068;878;190;0;599;424;175;0;175;6;593;274;138;123;58;;;;;;;;;;;;;;;;;;;;
010560018018;01056001801811;56018011;STIMMBEZIRK;;;N;1022;853;169;0;492;346;146;4;142;21;471;208;120;79;64;;;;;;;;;;;;;;;;;;;;
010560018018;01056001801812;56018012;STIMMBEZIRK;;;N;984;838;146;0;413;291;122;0;122;11;402;147;116;95;44;;;;;;;;;;;;;;;;;;;;
010560018018;01056001801813;56018013;STIMMBEZIRK;;;N;774;673;101;0;316;226;90;0;90;9;307;100;107;67;33;;;;;;;;;;;;;;;;;;;;
010560018018;01056001801814;56018014;STIMMBEZIRK;;;N;941;732;209;0;479;301;178;0;178;7;472;165;133;107;67;;;;;;;;;;;;;;;;;;;;
010560021021;01056002102101;56021001;STIMMBEZIRK;;;N;990;831;159;0;496;349;147;1;146;7;1354;426;219;393;;;;;;;;;;;;;316;;;;;;;;
010560021021;01056002102102;56021002;STIMMBEZIRK;;;N;1115;932;183;0;647;490;157;0;157;10;1786;444;313;441;;;;;;;;;;;;;588;;;;;;;;
010560021021;01056002102103;56021003;STIMMBEZIRK;;;N;1048;863;185;0;610;438;172;2;170;6;1718;448;290;478;;;;;;;;;;;;;502;;;;;;;;
010560025025;01056002502501;56025001;STIMMBEZIRK;;;N;492;392;100;0;441;185;256;0;256;6;2688;464;478;597;;402;;;;;;;;;;;747;;;;;;;;
010560025025;01056002502501;56025002;STIMMBEZIRK;;;N;834;663;171;0;371;369;2;2;0;2;2336;312;413;596;;318;;;;;;;;;;;697;;;;;;;;
010560039039;01056003903901;56039001;STIMMBEZIRK;;;N;1523;1285;238;0;473;274;199;0;199;8;465;172;80;117;57;;;;;;;;;;;;39;;;;;;;;
010560039039;01056003903902;56039002;STIMMBEZIRK;;;N;1759;1514;245;0;614;400;214;0;214;11;603;253;137;122;54;;;;;;;;;;;;37;;;;;;;;
010560039039;01056003903903;56039003;STIMMBEZIRK;;;N;1973;1707;266;0;745;501;244;0;244;25;720;294;111;156;74;;;;;;;;;;;;85;;;;;;;;
010560039039;01056003903904;56039004;STIMMBEZIRK;;;N;1878;1575;303;0;769;490;279;0;279;19;750;265;147;152;86;;;;;;;;;;;;100;;;;;;;;
010560039039;01056003903905;56039005;STIMMBEZIRK;;;N;1692;1499;193;0;601;428;173;0;173;24;577;176;130;155;53;;;;;;;;;;;;63;;;;;;;;
010560039039;01056003903906;56039006;STIMMBEZIRK;;;N;1528;1332;196;0;464;282;182;0;182;22;442;168;71;104;51;;;;;;;;;;;;48;;;;;;;;
010560039039;01056003903907;56039007;STIMMBEZIRK;;;N;2433;2111;322;0;725;467;258;0;258;12;713;300;140;170;51;;;;;;;;;;;;52;;;;;;;;
010560039039;01056003903908;56039009;STIMMBEZIRK;;;N;1734;1528;206;0;551;365;186;0;186;28;523;174;107;139;52;;;;;;;;;;;;51;;;;;;;;
010560039039;01056003903909;56039010;STIMMBEZIRK;;;N;1831;1582;249;0;739;521;218;0;218;14;725;215;152;160;85;;;;;;;;;;;;113;;;;;;;;
010560039039;01056003903910;56039011;STIMMBEZIRK;;;N;1838;1559;279;0;747;493;254;0;254;22;725;260;155;183;55;;;;;;;;;;;;72;;;;;;;;
010560039039;01056003903911;56039012;STIMMBEZIRK;;;N;1847;1434;413;0;907;534;373;0;373;19;888;268;197;228;96;;;;;;;;;;;;99;;;;;;;;
010560039039;01056003903912;56039013;STIMMBEZIRK;;;N;1909;1611;298;0;783;516;267;0;267;20;763;292;130;143;76;;;;;;;;;;;;122;;;;;;;;
010560039039;01056003903913;56039014;STIMMBEZIRK;;;N;1847;1497;350;0;725;408;317;1;316;14;711;260;141;142;55;;;;;;;;;;;;113;;;;;;;;
010560039039;01056003903914;56039015;STIMMBEZIRK;;;N;1982;1539;443;0;937;550;387;0;387;24;913;216;235;241;95;;;;;;;;;;;;126;;;;;;;;
010560039039;01056003903915;56039016;STIMMBEZIRK;;;N;1993;1667;326;0;1006;723;283;0;283;20;986;326;217;215;70;;;;;;;;;;;;158;;;;;;;;
010560039039;01056003903916;56039017;STIMMBEZIRK;;;N;1784;1540;244;0;614;404;210;2;208;17;597;194;123;157;55;;;;;;;;;;;;68;;;;;;;;
010560039039;01056003903917;56039018;STIMMBEZIRK;;;N;1940;1549;391;0;945;581;364;0;364;17;928;390;225;138;100;;;;;;;;;;;;75;;;;;;;;
010560039039;01056003903918;56039019;STIMMBEZIRK;;;N;2062;1758;304;0;1024;756;268;0;268;31;993;385;171;267;107;;;;;;;;;;;;63;;;;;;;;
010560041041;01056004104101;56041001;STIMMBEZIRK;;;N;356;325;31;0;195;168;27;0;27;7;188;75;37;31;32;;;;;;;;;;;;13;;;;;;;;
010560041041;01056004104101;56041002;STIMMBEZIRK;;;N;915;768;147;0;458;319;139;0;139;8;450;162;65;101;112;;;;;;;;;;;;10;;;;;;;;
010560041041;01056004104102;56041003;STIMMBEZIRK;;;N;1308;1107;201;0;580;415;165;0;165;7;573;156;138;88;191;;;;;;;;;;;;0;;;;;;;;
010560041041;01056004104103;56041004;STIMMBEZIRK;;;N;1461;1247;214;0;603;397;206;0;206;23;580;235;79;118;148;;;;;;;;;;;;0;;;;;;;;
010560041041;01056004104104;56041005;STIMMBEZIRK;;;N;1307;1156;151;0;533;395;138;0;138;19;514;148;73;132;161;;;;;;;;;;;;0;;;;;;;;
010560041041;01056004104105;56041006;STIMMBEZIRK;;;N;1261;1031;230;0;693;471;222;0;222;8;685;199;106;131;249;;;;;;;;;;;;0;;;;;;;;
010560041041;01056004104106;56041007;STIMMBEZIRK;;;N;1153;975;178;0;550;391;159;0;159;10;540;174;86;101;179;;;;;;;;;;;;0;;;;;;;;
010560041041;01056004104107;56041008;STIMMBEZIRK;;;N;1215;1069;146;0;531;396;135;0;135;13;518;171;90;117;140;;;;;;;;;;;;0;;;;;;;;
010560041041;01056004104108;56041009;STIMMBEZIRK;;;N;1289;1073;216;0;550;366;184;0;184;18;532;158;73;112;189;;;;;;;;;;;;0;;;;;;;;
010560041041;01056004104109;56041010;STIMMBEZIRK;;;N;1212;1000;212;0;593;407;186;0;186;4;589;164;112;79;234;;;;;;;;;;;;0;;;;;;;;
010560041041;01056004104110;56041011;STIMMBEZIRK;;;N;1278;1099;179;0;514;351;163;0;163;10;504;181;79;108;136;;;;;;;;;;;;0;;;;;;;;
010560041041;01056004104111;56041012;STIMMBEZIRK;;;N;1422;1245;177;0;534;383;151;0;151;12;522;137;85;79;221;;;;;;;;;;;;0;;;;;;;;
010560041041;01056004104112;56041013;STIMMBEZIRK;;;N;1285;1117;168;0;537;387;150;0;150;12;525;156;88;97;184;;;;;;;;;;;;0;;;;;;;;
010560041041;01056004104113;56041014;STIMMBEZIRK;;;N;1169;975;194;0;592;421;171;0;171;17;575;197;105;91;182;;;;;;;;;;;;0;;;;;;;;
010560041041;01056004104114;56041015;STIMMBEZIRK;;;N;1276;1121;155;0;637;500;137;0;137;14;623;202;97;86;238;;;;;;;;;;;;0;;;;;;;;
010560043043;01056004304301;56043001;STIMMBEZIRK;;;N;1073;861;212;0;581;381;200;0;200;24;557;343;107;75;32;;;;;;;;;;;;;;;;;;;;
010560043043;01056004304302;56043002;STIMMBEZIRK;;;N;1098;873;225;0;615;405;210;0;210;6;609;296;136;106;71;;;;;;;;;;;;;;;;;;;;
010560043043;01056004304303;56043003;STIMMBEZIRK;;;N;1018;738;280;0;628;370;258;0;258;11;617;376;97;101;43;;;;;;;;;;;;;;;;;;;;
010560043043;01056004304304;56043004;STIMMBEZIRK;;;N;956;736;220;0;488;292;196;0;196;11;477;220;91;112;54;;;;;;;;;;;;;;;;;;;;
010560043043;01056004304305;56043005;STIMMBEZIRK;;;N;1010;806;204;0;528;344;184;0;184;6;522;294;89;107;32;;;;;;;;;;;;;;;;;;;;
010560043043;01056004304306;56043006;STIMMBEZIRK;;;N;1004;790;214;0;569;385;184;0;184;13;556;282;128;95;51;;;;;;;;;;;;;;;;;;;;
010560043043;01056004304307;56043007;STIMMBEZIRK;;;N;1141;934;207;0;526;346;180;1;179;13;513;231;104;127;51;;;;;;;;;;;;;;;;;;;;
010560043043;01056004304308;56043008;STIMMBEZIRK;;;N;926;790;136;0;334;214;120;0;120;7;327;142;58;102;25;;;;;;;;;;;;;;;;;;;;
010560043043;01056004304309;56043009;STIMMBEZIRK;;;N;856;693;163;0;386;239;147;0;147;8;378;209;72;67;30;;;;;;;;;;;;;;;;;;;;
010560043043;01056004304310;56043010;STIMMBEZIRK;;;N;891;695;196;0;432;259;173;0;173;9;423;160;126;87;50;;;;;;;;;;;;;;;;;;;;
010560043043;01056004304311;56043011;STIMMBEZIRK;;;N;1001;788;213;0;511;321;190;0;190;13;498;218;95;122;63;;;;;;;;;;;;;;;;;;;;
010560043043;01056004304312;56043012;STIMMBEZIRK;;;N;1084;851;233;0;631;418;213;0;213;6;625;385;99;102;39;;;;;;;;;;;;;;;;;;;;
010560044044;01056004404401;56044001;STIMMBEZIRK;;;N;1053;817;236;0;600;376;224;0;224;6;594;236;164;96;42;;;;;;;;;;;;56;;;;;;;;
010560044044;01056004404402;56044002;STIMMBEZIRK;;;N;1232;999;233;0;610;388;222;0;222;7;603;218;169;114;34;;;;;;;;;;;;68;;;;;;;;
010560044044;01056004404403;56044003;STIMMBEZIRK;;;N;1249;1086;163;0;469;323;146;0;146;6;463;182;100;98;32;;;;;;;;;;;;51;;;;;;;;
010560044044;01056004404404;56044004;STIMMBEZIRK;;;N;1080;916;164;0;460;315;145;0;145;8;452;139;85;132;28;;;;;;;;;;;;68;;;;;;;;
010560044044;01056004404405;56044005;STIMMBEZIRK;;;N;1139;925;214;0;514;321;193;1;192;3;511;157;101;126;41;;;;;;;;;;;;86;;;;;;;;
010560044044;01056004404406;56044006;STIMMBEZIRK;;;N;1102;955;147;0;365;233;132;0;132;7;358;84;64;108;40;;;;;;;;;;;;62;;;;;;;;
010560044044;01056004404407;56044007;STIMMBEZIRK;;;N;1019;858;161;0;404;261;143;0;143;5;399;130;68;110;20;;;;;;;;;;;;71;;;;;;;;
010560044044;01056004404408;56044008;STIMMBEZIRK;;;N;1049;897;152;0;452;311;141;1;140;10;442;130;87;111;21;;;;;;;;;;;;93;;;;;;;;
010560044044;01056004404409;56044009;STIMMBEZIRK;;;N;1078;916;162;0;493;340;153;0;153;4;489;161;105;90;43;;;;;;;;;;;;90;;;;;;;;
010560044044;01056004404410;56044010;STIMMBEZIRK;;;N;1129;951;178;0;475;307;168;5;163;8;467;154;112;95;39;;;;;;;;;;;;67;;;;;;;;
010560044044;01056004404411;56044011;STIMMBEZIRK;;;N;1175;949;226;0;582;376;206;2;204;5;577;150;189;91;40;;;;;;;;;;;;107;;;;;;;;
010560044044;01056004404412;56044012;STIMMBEZIRK;;;N;1058;877;181;0;536;367;169;1;168;2;534;173;150;99;37;;;;;;;;;;;;75;;;;;;;;
010560044044;01056004404413;56044013;STIMMBEZIRK;;;N;1144;985;159;0;399;250;149;0;149;2;397;107;87;88;22;;;;;;;;;;;;93;;;;;;;;
010560044044;01056004404414;56044014;STIMMBEZIRK;;;N;1116;970;146;0;541;407;134;1;133;4;537;172;151;116;40;;;;;;;;;;;;58;;;;;;;;
010560048048;01056004804801;56048001;STIMMBEZIRK;;;N;927;779;148;0;397;267;130;0;130;7;390;107;71;77;19;;;;;;;;;;;;116;;;;;;;;
010560048048;01056004804802;56048002;STIMMBEZIRK;;;N;903;771;132;0;466;339;127;0;127;7;459;170;83;93;29;;;;;;;;;;;;84;;;;;;;;
010560048048;01056004804803;56048003;STIMMBEZIRK;;;N;844;765;79;0;373;298;75;0;75;7;366;125;88;67;24;;;;;;;;;;;;62;;;;;;;;
010560048048;01056004804804;56048004;STIMMBEZIRK;;;N;984;806;178;0;570;398;172;0;172;7;563;221;136;81;49;;;;;;;;;;;;76;;;;;;;;
010560048048;01056004804805;56048005;STIMMBEZIRK;;;N;1143;967;176;0;634;475;159;0;159;10;624;254;118;113;44;;;;;;;;;;;;95;;;;;;;;
010560048048;01056004804806;56048006;STIMMBEZIRK;;;N;947;781;166;0;557;400;157;1;156;4;553;215;143;91;29;;;;;;;;;;;;75;;;;;;;;
010560048048;01056004804807;56048007;STIMMBEZIRK;;;N;840;720;120;0;442;327;115;0;115;3;439;190;62;62;28;;;;;;;;;;;;97;;;;;;;;
010560048048;01056004804808;56048009;STIMMBEZIRK;;;N;1016;840;176;0;603;439;164;0;164;7;596;242;101;141;23;;;;;;;;;;;;89;;;;;;;;
010560048048;01056004804809;56048010;STIMMBEZIRK;;;N;1069;844;225;0;642;429;213;0;213;8;634;237;142;111;46;;;;;;;;;;;;98;;;;;;;;
010560048048;01056004804810;56048011;STIMMBEZIRK;;;N;932;803;129;0;542;420;122;2;120;7;535;276;85;78;30;;;;;;;;;;;;66;;;;;;;;
010560048048;01056004804811;56048012;STIMMBEZIRK;;;N;1079;962;117;0;516;411;105;2;103;11;505;191;102;78;25;;;;;;;;;;;;109;;;;;;;;
010560048048;01056004804812;56048013;STIMMBEZIRK;;;N;938;762;176;0;601;434;167;0;167;6;595;249;123;98;21;;;;;;;;;;;;104;;;;;;;;
010560049049;01056004904901;56049001;STIMMBEZIRK;;;N;1018;846;172;0;482;326;156;0;156;7;475;147;85;120;44;;;;;;;;;;;;79;;;;;;;;
010560049049;01056004904902;56049002;STIMMBEZIRK;;;N;1070;896;174;0;435;284;151;0;151;5;430;123;60;128;47;;;;;;;;;;;;72;;;;;;;;
010560049049;01056004904903;56049003;STIMMBEZIRK;;;N;1039;864;175;0;413;266;147;0;147;14;399;126;102;70;37;;;;;;;;;;;;64;;;;;;;;
010560049049;01056004904904;56049004;STIMMBEZIRK;;;N;1058;907;151;0;410;276;134;0;134;11;399;144;57;102;26;;;;;;;;;;;;70;;;;;;;;
010560049049;01056004904905;56049005;STIMMBEZIRK;;;N;948;847;101;0;281;197;84;0;84;7;274;92;40;59;19;;;;;;;;;;;;64;;;;;;;;
010560049049;01056004904906;56049006;STIMMBEZIRK;;;N;975;865;110;0;370;270;100;0;100;10;360;128;46;95;27;;;;;;;;;;;;64;;;;;;;;
010560049049;01056004904907;56049007;STIMMBEZIRK;;;N;903;777;126;0;300;184;116;0;116;5;295;105;53;75;16;;;;;;;;;;;;46;;;;;;;;
010560049049;01056004904908;56049008;STIMMBEZIRK;;;N;1109;859;250;0;566;345;221;0;221;13;553;218;155;93;37;;;;;;;;;;;;50;;;;;;;;
010560049049;01056004904909;56049009;STIMMBEZIRK;;;N;1168;927;241;0;509;298;211;0;211;8;501;182;154;80;34;;;;;;;;;;;;51;;;;;;;;
010560049049;01056004904910;56049010;STIMMBEZIRK;;;N;986;821;165;0;423;270;153;0;153;17;406;147;55;116;34;;;;;;;;;;;;54;;;;;;;;
010560049049;01056004904911;56049011;STIMMBEZIRK;;;N;1044;855;189;0;519;337;182;0;182;8;511;223;64;125;33;;;;;;;;;;;;66;;;;;;;;
010560049049;01056004904912;56049012;STIMMBEZIRK;;;N;1083;926;157;0;360;228;132;0;132;8;352;141;47;101;28;;;;;;;;;;;;35;;;;;;;;
010560049049;01056004904913;56049013;STIMMBEZIRK;;;N;1000;866;134;0;349;229;120;0;120;17;332;86;52;100;33;;;;;;;;;;;;61;;;;;;;;
010560049049;01056004904914;56049014;STIMMBEZIRK;;;N;1146;905;241;0;544;333;211;0;211;17;527;176;91;152;40;;;;;;;;;;;;68;;;;;;;;
010560050050;01056005005001;56050001;STIMMBEZIRK;;;N;1793;1368;425;0;867;473;394;0;394;8;859;300;196;147;76;;;35;;;;;;;;;105;;;;;;;;
010560050050;01056005005002;56050002;STIMMBEZIRK;;;N;1876;1347;529;0;1045;561;484;5;479;12;1033;353;243;153;73;;;29;;;;;;;;;182;;;;;;;;
010560050050;01056005005003;56050003;STIMMBEZIRK;;;N;1778;1419;359;0;929;609;320;1;319;15;914;332;222;123;98;;;54;;;;;;;;;85;;;;;;;;
010560050050;01056005005004;56050004;STIMMBEZIRK;;;N;1818;1399;419;0;907;537;370;0;370;12;895;317;211;150;103;;;42;;;;;;;;;72;;;;;;;;
010560050050;01056005005005;56050005;STIMMBEZIRK;;;N;1382;1195;187;0;387;235;152;0;152;13;374;95;94;82;45;;;23;;;;;;;;;35;;;;;;;;
010560050050;01056005005006;56050006;STIMMBEZIRK;;;N;1697;1406;291;0;678;423;255;1;254;10;668;167;181;98;71;;;61;;;;;;;;;90;;;;;;;;
010560050050;01056005005007;56050007;STIMMBEZIRK;;;N;1685;1486;199;0;477;303;174;0;174;13;464;129;137;70;43;;;31;;;;;;;;;54;;;;;;;;
010560050050;01056005005008;56050008;STIMMBEZIRK;;;N;1807;1397;410;0;845;485;360;0;360;24;821;274;194;144;81;;;43;;;;;;;;;85;;;;;;;;
010560050050;01056005005009;56050009;STIMMBEZIRK;;;N;1972;1602;370;0;831;498;333;0;333;21;810;213;207;160;60;;;58;;;;;;;;;112;;;;;;;;
010560050050;01056005005010;56050010;STIMMBEZIRK;;;N;1581;1318;263;0;513;289;224;0;224;16;497;167;78;113;45;;;38;;;;;;;;;56;;;;;;;;
010560050050;01056005005011;56050011;STIMMBEZIRK;;;N;2147;1583;564;0;970;470;500;2;498;22;948;336;171;191;76;;;41;;;;;;;;;133;;;;;;;;
010560050050;01056005005012;56050012;STIMMBEZIRK;;;N;1830;1316;514;0;1009;552;457;0;457;18;991;330;226;148;90;;;38;;;;;;;;;159;;;;;;;;
010560050050;01056005005013;56050013;STIMMBEZIRK;;;N;1616;1325;291;0;672;399;273;2;271;14;658;206;145;130;57;;;35;;;;;;;;;85;;;;;;;;
010560050050;01056005005014;56050014;STIMMBEZIRK;;;N;1457;1277;180;0;372;215;157;2;155;11;361;101;58;72;36;;;38;;;;;;;;;56;;;;;;;;
010560050050;01056005005015;56050015;STIMMBEZIRK;;;N;1512;1212;300;0;642;372;270;1;269;21;621;165;144;126;67;;;50;;;;;;;;;69;;;;;;;;
010560050050;01056005005016;56050016;STIMMBEZIRK;;;N;1339;1099;240;0;543;332;211;0;211;20;523;113;141;128;46;;;40;;;;;;;;;55;;;;;;;;
010570001001;01057000100101;57001001;STIMMBEZIRK;;;N;909;781;128;0;558;440;118;0;118;15;1452;667;;538;70;;;;;;;;;;;;177;;;;;;;;
010570001001;01057000100102;57001002;STIMMBEZIRK;;;N;864;657;207;0;573;385;188;0;188;5;1523;621;;551;119;;;;;;;;;;;;232;;;;;;;;
010570001001;01057000100103;57001003;STIMMBEZIRK;;;N;780;665;115;0;383;285;98;0;98;6;1046;493;;374;61;;;;;;;;;;;;118;;;;;;;;
010570008008;01057000800801;57008001;STIMMBEZIRK;;;N;789;642;147;0;513;380;133;1;132;7;2863;1204;700;;;;;;;;;;;;;;959;;;;;;;;
010570008008;01057000800801;57008002;STIMMBEZIRK;;;N;957;807;150;0;556;430;126;0;126;16;2972;1264;665;;;;;;;;;;;;;;1043;;;;;;;;
010570057057;01057005705701;57057001;STIMMBEZIRK;;;N;1671;1362;309;0;860;579;281;1;280;17;1565;407;342;294;141;;;61;;0;;;;;;;320;;;;;;;;
010570057057;01057005705702;57057002;STIMMBEZIRK;;;N;1484;1193;291;0;757;482;275;0;275;15;1386;364;393;270;77;;;45;;0;;;;;;;237;;;;;;;;
010570057057;01057005705703;57057003;STIMMBEZIRK;;;N;1590;1293;297;0;791;551;240;0;240;17;1446;449;328;307;77;;;72;;0;;;;;;;213;;;;;;;;
010570057057;01057005705704;57057004;STIMMBEZIRK;;;N;1257;1079;178;0;518;358;160;0;160;23;881;286;145;180;45;;;76;;0;;;;;;;149;;;;;;;;
010570057057;01057005705705;57057005;STIMMBEZIRK;;;N;1469;1192;277;0;699;449;250;0;250;14;1364;373;222;310;229;;;47;;58;;;;;;;125;;;;;;;;
010570009009;01057000900901;57009001;STIMMBEZIRK;;;N;1121;929;192;0;630;466;164;0;164;20;3563;1693;;738;;;;;;;;;;;;;1132;;;;;;;;
010570062062;01057006206201;57062001;STIMMBEZIRK;;;N;969;782;187;0;407;245;162;0;162;10;397;112;84;111;36;;;;;0;;;;;;;28;26;;;;;;;
010570062062;01057006206202;57062002;STIMMBEZIRK;;;N;973;828;145;0;443;313;130;0;130;10;433;127;90;83;53;;;;;19;;;;;;;30;31;;;;;;;
010570062062;01057006206203;57062003;STIMMBEZIRK;;;N;902;739;163;0;384;232;152;0;152;10;374;111;81;81;32;;;;;0;;;;;;;28;41;;;;;;;
010570062062;01057006206204;57062004;STIMMBEZIRK;;;N;910;780;130;0;375;251;124;0;124;3;372;128;87;66;21;;;;;0;;;;;;;43;27;;;;;;;
010570062062;01057006206205;57062005;STIMMBEZIRK;;;N;1119;948;171;0;389;247;142;0;142;5;384;105;105;81;20;;;;;10;;;;;;;19;44;;;;;;;
010570062062;01057006206206;57062006;STIMMBEZIRK;;;N;1019;911;108;0;337;237;100;0;100;12;325;125;48;71;18;;;;;0;;;;;;;26;37;;;;;;;
010570062062;01057006206207;57062007;STIMMBEZIRK;;;N;1055;874;181;0;525;366;159;0;159;5;520;124;104;143;45;;;;;0;;;;;;;39;65;;;;;;;
010570062062;01057006206208;57062008;STIMMBEZIRK;;;N;926;775;151;0;385;252;133;0;133;10;375;107;95;62;47;;;;;0;;;;;;;27;37;;;;;;;
010570062062;01057006206209;57062009;STIMMBEZIRK;;;N;810;627;183;0;436;273;163;0;163;8;428;123;126;78;26;;;;;0;;;;;;;41;34;;;;;;;
010570062062;01057006206210;57062010;STIMMBEZIRK;;;N;957;773;184;0;426;258;168;0;168;4;422;106;106;113;41;;;;;0;;;;;;;17;39;;;;;;;
010570062062;01057006206211;57062011;STIMMBEZIRK;;;N;827;651;176;0;441;284;157;0;157;11;430;109;123;81;28;;;;;0;;;;;;;40;49;;;;;;;
010570062062;01057006206212;57062012;STIMMBEZIRK;;;N;844;734;110;0;271;171;100;0;100;5;266;58;44;84;28;;;;;0;;;;;;;26;26;;;;;;;
010570062062;01057006206213;57062013;STIMMBEZIRK;;;N;971;820;151;0;441;306;135;0;135;7;434;96;89;93;37;;;;;32;;;;;;;33;54;;;;;;;
010570062062;01057006206214;57062014;STIMMBEZIRK;;;N;1073;916;157;0;447;312;135;0;135;13;434;151;77;84;27;;;;;0;;;;;;;43;52;;;;;;;
010570091091;01057009109101;57091001;STIMMBEZIRK;;;N;971;759;212;0;573;375;198;0;198;11;562;156;118;89;35;;;;;;;;;;;;46;118;;;;;;;
010570091091;01057009109102;57091002;STIMMBEZIRK;;;N;1020;830;190;0;553;380;173;0;173;8;545;127;90;104;29;;;;;;;;;;;;55;140;;;;;;;
010570091091;01057009109103;57091003;STIMMBEZIRK;;;N;961;780;181;0;512;349;163;0;163;11;501;141;79;117;16;;;;;;;;;;;;30;118;;;;;;;
010570091091;01057009109104;57091004;STIMMBEZIRK;;;N;891;688;203;0;557;365;192;0;192;2;555;119;86;89;32;;;;;;;;;;;;73;156;;;;;;;
010570091091;01057009109105;57091005;STIMMBEZIRK;;;N;934;757;177;0;483;322;161;0;161;6;477;111;106;85;37;;;;;;;;;;;;47;91;;;;;;;
010570091091;01057009109106;57091006;STIMMBEZIRK;;;N;778;639;139;0;367;237;130;0;130;5;362;83;50;75;42;;;;;;;;;;;;44;68;;;;;;;
010570091091;01057009109107;57091007;STIMMBEZIRK;;;N;800;705;95;0;382;296;86;0;86;7;375;108;59;72;39;;;;;;;;;;;;51;46;;;;;;;
010570091091;01057009109108;57091008;STIMMBEZIRK;;;N;962;816;146;0;454;321;133;0;133;12;442;113;47;120;34;;;;;;;;;;;;57;71;;;;;;;
010570091091;01057009109109;57091009;STIMMBEZIRK;;;N;998;818;180;0;525;365;160;0;160;13;512;154;64;106;41;;;;;;;;;;;;82;65;;;;;;;
010570091091;01057009109110;57091010;STIMMBEZIRK;;;N;935;784;151;0;472;331;141;0;141;8;464;139;51;114;33;;;;;;;;;;;;65;62;;;;;;;
010570091091;01057009109111;57091011;STIMMBEZIRK;;;N;978;810;168;0;498;340;158;0;158;10;488;151;75;101;38;;;;;;;;;;;;77;46;;;;;;;
010570091091;01057009109112;57091012;STIMMBEZIRK;;;N;1045;812;233;0;501;297;204;0;204;7;494;169;67;93;25;;;;;;;;;;;;55;85;;;;;;;
010580005005;01058000500501;58005001;STIMMBEZIRK;;;N;888;689;199;0;442;264;178;0;178;2;440;118;77;103;21;;;;;;;;;;;;121;;;;;;;;
010580005005;01058000500502;58005002;STIMMBEZIRK;;;N;573;441;132;0;339;213;126;0;126;6;333;101;52;54;29;;;;;;;;;;;;97;;;;;;;;
010580005005;01058000500503;58005003;STIMMBEZIRK;;;N;651;491;160;0;391;242;149;0;149;1;390;147;62;64;21;;;;;;;;;;;;96;;;;;;;;
010580005005;01058000500504;58005004;STIMMBEZIRK;;;N;732;555;177;0;450;274;176;0;176;3;447;173;72;82;20;;;;;;;;;;;;100;;;;;;;;
010580005005;01058000500505;58005005;STIMMBEZIRK;;;N;696;557;139;0;385;264;121;0;121;7;378;122;63;43;22;;;;;;;;;;;;128;;;;;;;;
010580005005;01058000500506;58005006;STIMMBEZIRK;;;N;601;488;113;0;314;210;104;3;101;3;311;103;50;60;13;;;;;;;;;;;;85;;;;;;;;
010580005005;01058000500507;58005007;STIMMBEZIRK;;;N;642;480;162;0;383;223;160;0;160;6;377;137;40;75;13;;;;;;;;;;;;112;;;;;;;;
010580005005;01058000500508;58005008;STIMMBEZIRK;;;N;614;488;126;0;357;238;119;1;118;7;350;97;68;62;25;;;;;;;;;;;;98;;;;;;;;
010580005005;01058000500509;58005009;STIMMBEZIRK;;;N;739;573;166;0;419;267;152;152;0;6;413;110;83;77;24;;;;;;;;;;;;119;;;;;;;;
010580005005;01058000500510;58005010;STIMMBEZIRK;;;N;654;489;165;0;403;247;156;0;156;5;398;147;85;89;24;;;;;;;;;;;;53;;;;;;;;
010580005005;01058000500511;58005011;STIMMBEZIRK;;;N;653;553;100;0;277;179;98;98;0;10;267;82;46;61;12;;;;;;;;;;;;66;;;;;;;;
010580005005;01058000500512;58005012;STIMMBEZIRK;;;N;684;556;128;0;324;211;113;1;112;4;320;65;92;56;19;;;;;;;;;;;;88;;;;;;;;
010580034034;01058003403401;58034001;STIMMBEZIRK;;;N;799;706;93;0;276;191;85;0;85;9;267;77;;82;21;46;;;;;;;;;;;41;;;;;;;;
010580034034;01058003403402;58034002;STIMMBEZIRK;;;N;728;640;88;0;302;220;82;0;82;4;298;77;;94;17;55;;;;;;;;;;;55;;;;;;;;
010580034034;01058003403403;58034003;STIMMBEZIRK;;;N;580;504;76;0;254;181;73;0;73;7;247;96;;48;20;51;;;;;;;;;;;32;;;;;;;;
010580034034;01058003403404;58034004;STIMMBEZIRK;;;N;732;596;136;0;409;283;126;0;126;11;398;154;;90;21;44;;;;;;;;;;;89;;;;;;;;
010580034034;01058003403405;58034005;STIMMBEZIRK;;;N;717;630;87;0;307;224;83;0;83;6;301;118;;77;11;51;;;;;;;;;;;44;;;;;;;;
010580034034;01058003403406;58034006;STIMMBEZIRK;;;N;658;614;44;0;203;163;40;0;40;5;198;60;;60;11;42;;;;;;;;;;;25;;;;;;;;
010580034034;01058003403407;58034007;STIMMBEZIRK;;;N;752;645;107;0;405;299;106;0;106;7;398;158;;93;24;65;;;;;;;;;;;58;;;;;;;;
010580034034;01058003403408;58034008;STIMMBEZIRK;;;N;776;665;111;0;373;264;109;0;109;22;351;86;;104;22;55;;;;;;;;;;;84;;;;;;;;
010580034034;01058003403409;58034009;STIMMBEZIRK;;;N;879;744;135;0;382;262;120;0;120;4;378;131;;128;7;58;;;;;;;;;;;54;;;;;;;;
010580034034;01058003403410;58034010;STIMMBEZIRK;;;N;806;679;127;0;331;209;122;0;122;8;323;91;;109;11;70;;;;;;;;;;;42;;;;;;;;
010580034034;01058003403411;58034011;STIMMBEZIRK;;;N;689;602;87;0;330;255;75;0;75;1;329;127;;90;20;44;;;;;;;;;;;48;;;;;;;;
010580034034;01058003403412;58034012;STIMMBEZIRK;;;N;804;725;79;0;404;328;76;0;76;13;391;138;;104;27;76;;;;;;;;;;;46;;;;;;;;
010580043043;01058004304301;58043001;STIMMBEZIRK;;;N;1494;1203;291;0;626;358;268;1;267;6;620;125;97;207;38;117;36;;;;;;;;;;;;;;;;;;
010580043043;01058004304302;58043002;STIMMBEZIRK;;;N;1415;1071;344;0;806;494;312;0;312;7;799;163;129;270;39;146;52;;;;;;;;;;;;;;;;;;
010580043043;01058004304303;58043003;STIMMBEZIRK;;;N;1298;1035;263;0;702;472;230;0;230;2;700;124;104;260;47;116;49;;;;;;;;;;;;;;;;;;
010580043043;01058004304304;58043004;STIMMBEZIRK;;;N;1223;1087;136;0;537;413;124;0;124;7;530;104;73;170;33;95;55;;;;;;;;;;;;;;;;;;
010580043043;01058004304305;58043005;STIMMBEZIRK;;;N;1415;1160;255;0;656;422;234;1;233;9;647;111;84;230;42;104;76;;;;;;;;;;;;;;;;;;
010580043043;01058004304306;58043006;STIMMBEZIRK;;;N;1578;1244;334;0;666;353;313;0;313;3;663;148;114;150;56;136;59;;;;;;;;;;;;;;;;;;
010580043043;01058004304307;58043007;STIMMBEZIRK;;;N;1220;964;256;0;596;356;240;0;240;9;587;122;109;205;45;75;31;;;;;;;;;;;;;;;;;;
010580043043;01058004304308;58043008;STIMMBEZIRK;;;N;1295;1049;246;0;571;334;237;0;237;4;567;151;110;162;39;70;35;;;;;;;;;;;;;;;;;;
010580043043;01058004304309;58043009;STIMMBEZIRK;;;N;1464;1115;349;0;805;489;316;0;316;13;792;235;125;203;46;121;62;;;;;;;;;;;;;;;;;;
010580043043;01058004304310;58043010;STIMMBEZIRK;;;N;1202;1008;194;0;592;410;182;0;182;4;588;113;70;199;51;98;57;;;;;;;;;;;;;;;;;;
010580043043;01058004304311;58043011;STIMMBEZIRK;;;N;1303;1129;174;0;545;390;155;0;155;7;538;131;65;180;27;83;52;;;;;;;;;;;;;;;;;;
010580043043;01058004304312;58043012;STIMMBEZIRK;;;N;1380;1150;230;0;586;380;206;0;206;8;578;134;97;149;29;121;48;;;;;;;;;;;;;;;;;;
010580043043;01058004304313;58043013;STIMMBEZIRK;;;N;1190;983;207;0;623;422;201;0;201;10;613;177;111;141;42;103;39;;;;;;;;;;;;;;;;;;
010580043043;01058004304314;58043014;STIMMBEZIRK;;;N;1161;950;211;0;588;390;198;1;197;6;582;174;74;174;33;81;46;;;;;;;;;;;;;;;;;;
010580092092;01058009209201;58092001;STIMMBEZIRK;;;N;858;638;220;0;508;297;211;0;211;5;503;171;119;73;;;;;;;;;;;;;140;;;;;;;;
010580092092;01058009209202;58092002;STIMMBEZIRK;;;N;899;707;192;0;484;301;183;0;183;7;477;175;101;104;;;;;;;;;;;;;97;;;;;;;;
010580092092;01058009209203;58092003;STIMMBEZIRK;;;N;857;637;220;0;446;236;210;0;210;5;441;159;99;80;;;;;;;;;;;;;103;;;;;;;;
010580092092;01058009209204;58092004;STIMMBEZIRK;;;N;913;669;244;0;542;309;233;0;233;9;533;233;85;106;;;;;;;;;;;;;109;;;;;;;;
010580092092;01058009209205;58092005;STIMMBEZIRK;;;N;939;729;210;0;491;291;200;0;200;10;481;179;131;92;;;;;;;;;;;;;79;;;;;;;;
010580092092;01058009209206;58092006;STIMMBEZIRK;;;N;787;621;166;0;448;290;158;0;158;1;447;130;128;91;;;;;;;;;;;;;98;;;;;;;;
010580092092;01058009209207;58092007;STIMMBEZIRK;;;N;823;674;149;0;445;303;142;1;141;10;435;171;129;60;;;;;;;;;;;;;75;;;;;;;;
010580092092;01058009209208;58092008;STIMMBEZIRK;;;N;813;586;227;0;455;245;210;0;210;3;452;175;142;59;;;;;;;;;;;;;76;;;;;;;;
010580092092;01058009209209;58092009;STIMMBEZIRK;;;N;827;698;129;0;359;243;116;1;115;4;355;101;110;88;;;;;;;;;;;;;56;;;;;;;;
010580092092;01058009209210;58092010;STIMMBEZIRK;;;N;893;650;243;0;530;304;226;0;226;9;521;191;132;119;;;;;;;;;;;;;79;;;;;;;;
010580092092;01058009209211;58092011;STIMMBEZIRK;;;N;724;538;186;0;430;254;176;1;175;8;422;162;93;70;;;;;;;;;;;;;97;;;;;;;;
010580092092;01058009209212;58092012;STIMMBEZIRK;;;N;741;614;127;0;282;167;115;1;114;5;277;87;31;103;;;;;;;;;;;;;56;;;;;;;;
010580135135;01058013513501;58135001;STIMMBEZIRK;;;N;1354;1224;130;0;522;401;121;0;121;7;515;136;59;109;31;99;81;0;0;0;;;;;;;;;;;;;;;
010580135135;01058013513502;58135002;STIMMBEZIRK;;;N;1464;1338;126;0;464;350;114;0;114;2;462;100;86;100;28;78;54;0;0;16;;;;;;;;;;;;;;;
010580135135;01058013513503;58135003;STIMMBEZIRK;;;N;1264;1152;112;0;482;372;110;0;110;4;478;177;43;76;23;64;72;8;0;15;;;;;;;;;;;;;;;
010580135135;01058013513504;58135004;STIMMBEZIRK;;;N;1244;1133;111;0;446;347;99;0;99;3;443;119;80;100;24;57;31;11;9;12;;;;;;;;;;;;;;;
010580135135;01058013513505;58135005;STIMMBEZIRK;;;N;1370;1245;125;0;412;295;117;0;117;8;404;108;61;79;23;67;51;0;0;15;;;;;;;;;;;;;;;
010580135135;01058013513506;58135006;STIMMBEZIRK;;;N;1655;1349;306;0;646;375;271;0;271;7;639;220;93;107;52;79;58;14;0;16;;;;;;;;;;;;;;;
010580135135;01058013513507;58135007;STIMMBEZIRK;;;N;1475;1220;255;0;754;513;241;0;241;3;751;244;151;105;67;118;56;10;0;0;;;;;;;;;;;;;;;
010580135135;01058013513508;58135008;STIMMBEZIRK;;;N;1393;1203;190;0;501;334;167;0;167;1;500;107;126;75;50;74;33;16;0;19;;;;;;;;;;;;;;;
010580135135;01058013513509;58135009;STIMMBEZIRK;;;N;1447;1319;128;0;439;321;118;0;118;2;437;83;82;72;21;74;51;20;9;25;;;;;;;;;;;;;;;
010580135135;01058013513510;58135010;STIMMBEZIRK;;;N;1396;1157;239;0;556;340;216;0;216;5;551;163;76;113;50;86;52;11;0;0;;;;;;;;;;;;;;;
010580135135;01058013513511;58135011;STIMMBEZIRK;;;N;1343;1259;84;0;365;291;74;0;74;5;360;96;34;84;14;55;63;4;0;10;;;;;;;;;;;;;;;
010580135135;01058013513512;58135012;STIMMBEZIRK;;;N;1264;1121;143;0;431;302;129;0;129;7;424;100;105;86;18;60;42;13;0;0;;;;;;;;;;;;;;;
010580135135;01058013513513;58135013;STIMMBEZIRK;;;N;1353;1193;160;0;579;430;149;0;149;5;574;207;61;90;35;88;93;0;0;0;;;;;;;;;;;;;;;
010580135135;01058013513514;58135014;STIMMBEZIRK;;;N;1234;1142;92;0;332;261;71;0;71;1;331;85;27;51;13;66;56;16;0;17;;;;;;;;;;;;;;;
010580135135;01058013513515;58135015;STIMMBEZIRK;;;N;1188;1108;80;0;348;271;77;0;77;0;348;91;28;53;12;52;88;4;9;11;;;;;;;;;;;;;;;
010580135135;01058013513516;58135016;STIMMBEZIRK;;;N;1164;1105;59;0;279;229;50;0;50;2;277;81;16;48;11;35;73;11;0;2;;;;;;;;;;;;;;;
010580169169;01058016916901;58169001;STIMMBEZIRK;;;N;1022;831;191;0;607;447;160;0;160;17;3548;1448;;618;;;;;;;;;;;;;703;779;;;;;;;
010580169169;01058016916901;58169002;STIMMBEZIRK;;;N;982;820;162;0;521;360;161;4;157;7;2869;1342;;578;;;;;;;;;;;;;430;519;;;;;;;
010590045045;01059004504501;59045001;STIMMBEZIRK;;;N;1336;1023;313;0;649;365;284;0;284;0;1157;317;150;240;;251;;;;;;;;;;;199;;;;;;;;
010590045045;01059004504502;59045002;STIMMBEZIRK;;;N;1604;1380;224;0;610;410;200;0;200;16;1049;268;164;236;;237;;;;;;;;;;;144;;;;;;;;
010590045045;01059004504503;59045003;STIMMBEZIRK;;;N;1514;1222;292;0;691;411;280;0;280;9;1238;408;182;348;;194;;;;;;;;;;;106;;;;;;;;
010590045045;01059004504504;59045004;STIMMBEZIRK;;;N;1339;1126;213;0;602;420;182;0;182;6;1076;224;161;360;;181;;;;;;;;;;;150;;;;;;;;
010590045045;01059004504505;59045005;STIMMBEZIRK;;;N;1582;1287;295;0;871;597;274;0;274;13;1602;469;268;386;;324;;;;;;;;;;;155;;;;;;;;
010590075075;01059007507501;59075001;STIMMBEZIRK;;;N;1505;1219;286;0;764;502;262;0;262;10;754;242;159;130;29;100;;13;;;;38;;;;;43;;;;;;;;
010590075075;01059007507502;59075002;STIMMBEZIRK;;;N;1385;1105;280;0;705;459;246;0;246;6;699;270;117;111;25;104;;12;;;;24;;;;;36;;;;;;;;
010590075075;01059007507503;59075003;STIMMBEZIRK;;;N;1208;1079;129;0;425;314;111;0;111;7;418;94;47;128;18;72;;22;;;;15;;;;;22;;;;;;;;
010590075075;01059007507504;59075004;STIMMBEZIRK;;;N;1194;1098;96;0;387;318;69;0;69;7;380;82;62;74;17;83;;15;;;;18;;;;;29;;;;;;;;
010590075075;01059007507505;59075005;STIMMBEZIRK;;;N;1290;1085;205;0;653;484;169;0;169;4;649;173;85;183;22;113;;20;;;;20;;;;;33;;;;;;;;
010590075075;01059007507506;59075006;STIMMBEZIRK;;;N;1481;1230;251;0;671;451;220;1;219;19;652;191;75;143;23;135;;19;;;;24;;;;;42;;;;;;;;
010590075075;01059007507507;59075007;STIMMBEZIRK;;;N;1306;1123;183;0;574;412;162;0;162;5;569;160;95;84;39;85;;31;;;;26;;;;;49;;;;;;;;
010590075075;01059007507508;59075008;STIMMBEZIRK;;;N;1224;1070;154;0;563;428;135;0;135;7;556;149;74;138;27;101;;13;;;;5;;;;;49;;;;;;;;
010590075075;01059007507509;59075009;STIMMBEZIRK;;;N;1416;1280;136;0;646;522;124;0;124;8;638;120;68;172;22;126;;35;;;;35;;;;;60;;;;;;;;
010590075075;01059007507510;59075010;STIMMBEZIRK;;;N;1373;1139;234;0;847;629;218;0;218;6;841;249;129;165;35;143;;22;;;;45;;;;;53;;;;;;;;
010590075075;01059007507511;59075011;STIMMBEZIRK;;;N;1344;1116;228;0;615;412;203;0;203;6;609;145;158;114;38;100;;13;;;;14;;;;;27;;;;;;;;
010590075075;01059007507512;59075012;STIMMBEZIRK;;;N;1436;1206;230;0;724;525;199;0;199;11;713;195;117;121;45;143;;18;;;;26;;;;;48;;;;;;;;
010590075075;01059007507513;59075013;STIMMBEZIRK;;;N;1124;970;154;0;426;290;136;0;136;4;422;121;72;84;19;65;;11;;;;22;;;;;28;;;;;;;;
010590075075;01059007507514;59075014;STIMMBEZIRK;;;N;1168;1010;158;0;513;366;147;0;147;3;510;138;77;96;26;104;;10;;;;29;;;;;30;;;;;;;;
010590075075;01059007507515;59075015;STIMMBEZIRK;;;N;1122;990;132;0;407;288;119;0;119;5;402;103;34;102;12;82;;4;;;;15;;;;;50;;;;;;;;
010590075075;01059007507516;59075016;STIMMBEZIRK;;;N;1066;986;80;0;334;264;70;3;67;7;327;81;20;77;17;73;;16;;;;26;;;;;17;;;;;;;;
010590113113;01059011311301;59113001;STIMMBEZIRK;;;N;514;410;104;0;299;212;87;0;87;5;520;148;149;32;70;121;;;;;;;;;;;;;;;;;;;
010590113113;01059011311301;59113002;STIMMBEZIRK;;;N;405;306;99;0;225;135;90;0;90;1;420;102;102;28;57;131;;;;;;;;;;;;;;;;;;;
010590113113;01059011311302;59113003;STIMMBEZIRK;;;N;1077;844;233;0;595;398;197;0;197;6;1115;393;254;100;101;267;;;;;;;;;;;;;;;;;;;
010590113113;01059011311303;59113004;STIMMBEZIRK;;;N;1200;1020;180;0;601;444;157;0;157;8;975;322;265;122;67;199;;;;;;;;;;;;;;;;;;;
010590113113;01059011311304;59113005;STIMMBEZIRK;;;N;1044;828;216;0;554;365;189;0;189;5;1004;355;269;70;126;184;;;;;;;;;;;;;;;;;;;
010590113113;01059011311305;59113006;STIMMBEZIRK;;;N;1143;858;285;0;624;364;260;69;191;11;1092;263;258;238;56;277;;;;;;;;;;;;;;;;;;;
010590120120;01059012012001;59120001;STIMMBEZIRK;;;N;771;678;93;0;327;243;84;1;83;6;321;83;37;64;;137;;;;;;;;;;;;;;;;;;;
010590120120;01059012012002;59120002;STIMMBEZIRK;;;N;732;652;80;0;297;225;72;2;70;4;293;80;30;52;;131;;;;;;;;;;;;;;;;;;;
010590120120;01059012012003;59120003;STIMMBEZIRK;;;N;747;671;76;0;234;164;70;1;69;4;230;62;37;41;;90;;;;;;;;;;;;;;;;;;;
010590120120;01059012012004;59120004;STIMMBEZIRK;;;N;924;776;148;0;470;335;135;0;135;8;462;105;83;112;;145;;;;;;;;;;;17;;;;;;;;
010590120120;01059012012005;59120005;STIMMBEZIRK;;;N;880;714;166;0;447;300;147;0;147;6;441;117;66;102;;156;;;;;;;;;;;;;;;;;;;
010590120120;01059012012006;59120006;STIMMBEZIRK;;;N;801;669;132;0;380;261;119;1;118;5;375;98;44;84;;149;;;;;;;;;;;;;;;;;;;
010590120120;01059012012007;59120007;STIMMBEZIRK;;;N;951;766;185;0;515;351;164;0;164;7;508;141;65;96;;198;;;;;;;;;;;8;;;;;;;;
010590120120;01059012012008;59120008;STIMMBEZIRK;;;N;757;666;91;0;270;189;81;0;81;5;265;70;18;58;;119;;;;;;;;;;;;;;;;;;;
010590120120;01059012012009;59120009;STIMMBEZIRK;;;N;888;722;166;0;416;264;152;2;150;4;412;118;56;60;;178;;;;;;;;;;;;;;;;;;;
010590120120;01059012012010;59120010;STIMMBEZIRK;;;N;829;686;143;0;432;301;131;1;130;3;429;130;50;106;;143;;;;;;;;;;;;;;;;;;;
010590120120;01059012012011;59120011;STIMMBEZIRK;;;N;486;391;95;0;291;200;91;0;91;2;289;84;48;62;;95;;;;;;;;;;;;;;;;;;;
010590120120;01059012012011;59120012;STIMMBEZIRK;;;N;193;165;28;0;106;84;22;3;19;1;105;4;13;7;;81;;;;;;;;;;;;;;;;;;;
010590120120;01059012012012;59120013;STIMMBEZIRK;;;N;720;587;133;0;324;197;127;1;126;9;315;57;90;47;;121;;;;;;;;;;;;;;;;;;;
010590183183;01059018318301;59183001;STIMMBEZIRK;;;N;697;618;79;0;381;316;65;0;65;4;377;120;41;61;;71;;;;;;;;;;;84;;;;;;;;
010590183183;01059018318302;59183002;STIMMBEZIRK;;;N;797;722;75;0;365;297;68;0;68;9;356;141;23;30;;89;;;;;;;;;;;73;;;;;;;;
010590183183;01059018318303;59183003;STIMMBEZIRK;;;N;1015;856;159;0;440;288;152;4;148;6;434;169;58;41;;79;;;;;;;;;;;87;;;;;;;;
010590183183;01059018318304;59183004;STIMMBEZIRK;;;N;846;739;107;0;403;301;102;0;102;5;398;111;68;45;;86;;;;;;;;;;;88;;;;;;;;
010590183183;01059018318305;59183005;STIMMBEZIRK;;;N;827;674;153;0;444;298;146;0;146;2;442;121;55;69;;105;;;;;;;;;;;92;;;;;;;;
010590183183;01059018318306;59183006;STIMMBEZIRK;;;N;837;690;147;0;425;295;130;0;130;4;421;118;58;39;;97;;;;;;;;;;;109;;;;;;;;
010590183183;01059018318307;59183007;STIMMBEZIRK;;;N;704;618;86;0;389;309;80;1;79;7;382;137;39;30;;98;;;;;;;;;;;78;;;;;;;;
010590183183;01059018318308;59183008;STIMMBEZIRK;;;N;694;602;92;0;296;224;72;1;71;1;295;112;21;41;;88;;;;;;;;;;;33;;;;;;;;
010590183183;01059018318309;59183009;STIMMBEZIRK;;;N;741;659;82;0;391;319;72;0;72;0;391;126;41;68;;82;;;;;;;;;;;74;;;;;;;;
010590183183;01059018318310;59183010;STIMMBEZIRK;;;N;764;680;84;0;346;269;77;0;77;6;340;71;50;49;;74;;;;;;;;;;;96;;;;;;;;
010590183183;01059018318311;59183011;STIMMBEZIRK;;;N;686;589;97;0;371;281;90;0;90;11;360;74;57;24;;83;;;;;;;;;;;122;;;;;;;;
010590183183;01059018318312;59183012;STIMMBEZIRK;;;N;689;594;95;0;353;267;86;0;86;6;347;77;44;29;;104;;;;;;;;;;;93;;;;;;;;
010600004004;01060000400401;60004001;STIMMBEZIRK;;;N;895;801;94;0;407;320;87;0;87;21;386;170;53;105;58;;;;;;;;;;;;;;;;;;;;
010600004004;01060000400402;60004002;STIMMBEZIRK;;;N;878;720;158;0;549;410;139;0;139;9;540;220;81;138;101;;;;;;;;;;;;;;;;;;;;
010600004004;01060000400403;60004003;STIMMBEZIRK;;;N;888;766;122;0;396;283;113;0;113;21;375;150;52;102;71;;;;;;;;;;;;;;;;;;;;
010600004004;01060000400404;60004004;STIMMBEZIRK;;;N;881;762;119;0;459;344;115;0;115;13;446;169;80;148;49;;;;;;;;;;;;;;;;;;;;
010600004004;01060000400405;60004005;STIMMBEZIRK;;;N;804;722;82;0;408;332;76;0;76;10;398;191;56;78;73;;;;;;;;;;;;;;;;;;;;
010600004004;01060000400406;60004006;STIMMBEZIRK;;;N;867;757;110;0;393;300;93;0;93;18;375;169;54;72;80;;;;;;;;;;;;;;;;;;;;
010600004004;01060000400407;60004007;STIMMBEZIRK;;;N;944;820;124;0;401;291;110;0;110;11;390;254;50;55;31;;;;;;;;;;;;;;;;;;;;
010600004004;01060000400408;60004008;STIMMBEZIRK;;;N;936;836;100;0;403;314;89;0;89;13;390;188;79;75;48;;;;;;;;;;;;;;;;;;;;
010600004004;01060000400409;60004009;STIMMBEZIRK;;;N;818;695;123;0;376;267;109;0;109;7;369;161;56;65;87;;;;;;;;;;;;;;;;;;;;
010600004004;01060000400410;60004010;STIMMBEZIRK;;;N;914;770;144;0;400;272;128;0;128;20;380;157;58;70;95;;;;;;;;;;;;;;;;;;;;
010600004004;01060000400411;60004011;STIMMBEZIRK;;;N;801;702;99;0;345;258;87;0;87;11;334;149;62;63;60;;;;;;;;;;;;;;;;;;;;
010600004004;01060000400412;60004012;STIMMBEZIRK;;;N;729;622;107;0;293;205;88;0;88;5;288;129;37;64;58;;;;;;;;;;;;;;;;;;;;
010600004004;01060000400413;60004013;STIMMBEZIRK;;;N;856;759;97;0;305;227;78;1;77;8;297;134;47;62;54;;;;;;;;;;;;;;;;;;;;
010600004004;01060000400414;60004014;STIMMBEZIRK;;;N;767;648;119;0;316;207;109;0;109;12;304;121;41;80;62;;;;;;;;;;;;;;;;;;;;
010600005005;01060000500501;60005001;STIMMBEZIRK;;;N;1049;870;179;0;594;428;166;0;166;10;584;207;98;121;;;;;;;;;;;;;158;;;;;;;;
010600005005;01060000500502;60005002;STIMMBEZIRK;;;N;923;735;188;0;530;352;178;0;178;14;516;198;79;112;;;;;;;;;;;;;127;;;;;;;;
010600005005;01060000500503;60005003;STIMMBEZIRK;;;N;1115;964;151;0;505;371;134;0;134;3;502;155;104;90;;;;;;;;;;;;;153;;;;;;;;
010600005005;01060000500504;60005004;STIMMBEZIRK;;;N;1123;967;156;0;530;383;147;0;147;6;524;168;121;115;;;;;;;;;;;;;120;;;;;;;;
010600005005;01060000500505;60005005;STIMMBEZIRK;;;N;990;811;179;0;463;308;155;0;155;7;456;165;90;85;;;;;;;;;;;;;116;;;;;;;;
010600005005;01060000500506;60005006;STIMMBEZIRK;;;N;898;765;133;0;407;289;118;0;118;7;400;150;76;91;;;;;;;;;;;;;83;;;;;;;;
010600005005;01060000500507;60005007;STIMMBEZIRK;;;N;1052;848;204;0;460;279;181;0;181;13;447;180;51;88;;;;;;;;;;;;;128;;;;;;;;
010600005005;01060000500508;60005008;STIMMBEZIRK;;;N;885;793;92;0;266;189;77;0;77;7;259;79;46;43;;;;;;;;;;;;;91;;;;;;;;
010600005005;01060000500509;60005009;STIMMBEZIRK;;;N;950;806;144;0;417;292;125;0;125;12;405;119;71;74;;;;;;;;;;;;;141;;;;;;;;
010600005005;01060000500510;60005010;STIMMBEZIRK;;;N;747;694;53;0;182;140;42;0;42;3;179;67;22;41;;;;;;;;;;;;;49;;;;;;;;
010600005005;01060000500511;60005011;STIMMBEZIRK;;;N;906;781;125;0;410;293;117;0;117;7;403;158;67;58;;;;;;;;;;;;;120;;;;;;;;
010600005005;01060000500512;60005012;STIMMBEZIRK;;;N;1207;1056;151;0;593;453;140;0;140;13;580;182;95;120;;;;;;;;;;;;;183;;;;;;;;
010600005005;01060000500513;60005013;STIMMBEZIRK;;;N;1216;989;227;0;589;400;189;0;189;7;582;214;81;106;;;;;;;;;;;;;181;;;;;;;;
010600005005;01060000500514;60005014;STIMMBEZIRK;;;N;1114;954;160;0;469;324;145;1;144;8;461;152;93;93;;;;;;;;;;;;;123;;;;;;;;
010600019019;01060001901901;60019001;STIMMBEZIRK;;;N;1077;856;221;0;693;484;209;0;209;7;1284;414;;280;;;;;;;;;;;;;590;;;;;;;;
010600019019;01060001901902;60019002;STIMMBEZIRK;;;N;1046;854;192;0;616;432;184;0;184;12;1076;257;;369;;;;;;;;;;;;;450;;;;;;;;
010600019019;01060001901903;60019003;STIMMBEZIRK;;;N;961;830;131;0;402;285;117;0;117;1;744;145;;233;;;;;;;;;;;;;366;;;;;;;;
010600019019;01060001901904;60019004;STIMMBEZIRK;;;N;934;791;143;0;459;328;131;0;131;7;784;165;;210;;;;;;;;;;;;;409;;;;;;;;
010600019019;01060001901905;60019005;STIMMBEZIRK;;;N;1069;896;173;0;591;435;156;1;155;7;1044;260;;299;;;;;;;;;;;;;485;;;;;;;;
010600039039;01060003903901;60039001;STIMMBEZIRK;;;N;1628;1359;269;0;756;512;244;3;241;10;746;187;96;95;71;;;;;;;;;;;;126;171;;;;;;;
010600039039;01060003903902;60039002;STIMMBEZIRK;;;N;1588;1307;281;0;765;513;252;0;252;12;753;221;119;108;108;;;;;;;;;;;;100;97;;;;;;;
010600039039;01060003903903;60039003;STIMMBEZIRK;;;N;1746;1444;302;0;742;467;275;0;275;3;739;213;105;130;83;;;;;;;;;;;;87;121;;;;;;;
010600039039;01060003903904;60039004;STIMMBEZIRK;;;N;1621;1400;221;0;714;512;202;0;202;8;706;229;105;107;93;;;;;;;;;;;;97;75;;;;;;;
010600039039;01060003903905;60039005;STIMMBEZIRK;;;N;1502;1273;229;0;654;453;201;0;201;13;641;178;106;89;83;;;;;;;;;;;;94;91;;;;;;;
010600039039;01060003903906;60039006;STIMMBEZIRK;;;N;1180;989;191;0;604;428;176;0;176;5;599;160;88;94;67;;;;;;;;;;;;111;79;;;;;;;
010600039039;01060003903907;60039007;STIMMBEZIRK;;;N;1146;994;152;0;534;398;136;0;136;9;525;164;74;73;72;;;;;;;;;;;;74;68;;;;;;;
010600039039;01060003903908;60039008;STIMMBEZIRK;;;N;1243;997;246;0;565;344;221;0;221;6;559;170;81;113;52;;;;;;;;;;;;72;71;;;;;;;
010600039039;01060003903909;60039009;STIMMBEZIRK;;;N;1231;1021;210;0;448;448;0;0;0;2;446;145;61;45;49;;;;;;;;;;;;85;61;;;;;;;
010600039039;01060003903909;60039017;STIMMBEZIRK;;;N;371;334;37;0;387;161;226;0;226;7;380;139;52;38;33;;;;;;;;;;;;86;32;;;;;;;
010600039039;01060003903910;60039010;STIMMBEZIRK;;;N;1493;1235;258;0;753;527;226;2;224;17;736;208;124;97;106;;;;;;;;;;;;86;115;;;;;;;
010600039039;01060003903911;60039011;STIMMBEZIRK;;;N;1456;1230;226;0;735;527;208;0;208;8;727;210;110;104;94;;;;;;;;;;;;80;92;37;;;;;;
010600039039;01060003903912;60039012;STIMMBEZIRK;;;N;1343;1155;188;0;608;444;164;0;164;11;597;153;97;126;77;;;;;;;;;;;;52;92;;;;;;;
010600039039;01060003903913;60039013;STIMMBEZIRK;;;N;1432;1207;225;0;683;471;212;2;210;7;676;195;123;85;114;;;;;;;;;;;;87;72;;;;;;;
010600039039;01060003903914;60039014;STIMMBEZIRK;;;N;1416;1171;245;0;646;430;216;1;215;9;637;138;105;72;121;;;;;;;;;;;;135;66;;;;;;;
010600039039;01060003903915;60039015;STIMMBEZIRK;;;N;1344;1089;255;0;726;499;227;0;227;5;721;253;94;90;122;;;;;;;;;;;;90;72;;;;;;;
010600039039;01060003903916;60039016;STIMMBEZIRK;;;N;1299;1027;272;0;713;454;259;0;259;14;699;223;139;88;98;;;;;;;;;;;;77;74;;;;;;;
010600044044;01060004404401;60044001;STIMMBEZIRK;;;N;1414;1283;131;0;428;313;115;1;114;7;421;142;;89;41;;67;21;0;;;;;;;;61;;;;;;;;
010600044044;01060004404402;60044002;STIMMBEZIRK;;;N;1367;1201;166;0;548;398;150;0;150;8;540;175;;126;34;;96;23;0;;;;;;;;86;;;;;;;;
010600044044;01060004404403;60044003;STIMMBEZIRK;;;N;1341;1166;175;0;610;459;151;0;151;1;609;200;;169;70;;53;10;0;;;;;;;;107;;;;;;;;
010600044044;01060004404404;60044004;STIMMBEZIRK;;;N;1309;1111;198;0;565;383;182;0;182;5;560;203;;125;35;;64;14;0;;;;;;;;119;;;;;;;;
010600044044;01060004404405;60044005;STIMMBEZIRK;;;N;1293;1151;142;0;376;248;128;0;128;5;371;119;;82;30;;44;12;8;;;;;;;;76;;;;;;;;
010600044044;01060004404406;60044006;STIMMBEZIRK;;;N;1246;1033;213;0;591;396;195;0;195;6;585;145;;127;51;;55;19;6;;;;;;;;182;;;;;;;;
010600044044;01060004404407;60044007;STIMMBEZIRK;;;N;1261;1082;179;0;519;359;160;0;160;4;515;191;;103;34;;72;12;0;;;;;;;;103;;;;;;;;
010600044044;01060004404408;60044008;STIMMBEZIRK;;;N;1012;948;64;0;234;180;54;0;54;0;234;74;;62;10;;41;9;0;;;;;;;;38;;;;;;;;
010600044044;01060004404409;60044009;STIMMBEZIRK;;;N;1179;1053;126;0;352;247;105;0;105;3;349;96;;71;28;;68;18;0;;;;;;;;68;;;;;;;;
010600044044;01060004404410;60044010;STIMMBEZIRK;;;N;1428;1208;220;0;797;591;206;0;206;7;790;206;;134;46;;82;19;0;;;;;;;;303;;;;;;;;
010600044044;01060004404411;60044011;STIMMBEZIRK;;;N;1289;1115;174;0;664;514;150;0;150;5;659;165;;110;61;;61;19;0;;;;;;;;243;;;;;;;;
010600044044;01060004404412;60044012;STIMMBEZIRK;;;N;1400;1240;160;0;632;476;156;0;156;5;627;185;;112;72;;70;20;0;;;;;;;;168;;;;;;;;
010600044044;01060004404413;60044013;STIMMBEZIRK;;;N;1324;1213;111;0;472;374;98;0;98;5;467;123;;88;41;;67;16;0;;;;;;;;132;;;;;;;;
010600044044;01060004404414;60044014;STIMMBEZIRK;;;N;1183;1108;75;0;280;212;68;0;68;2;278;85;;77;14;;54;5;0;;;;;;;;43;;;;;;;;
010600063063;01060006306301;60063001;STIMMBEZIRK;;;N;2079;1726;353;0;856;535;321;7;314;4;852;255;175;144;62;;97;31;6;;;23;;0;;;0;0;59;;;;;;
010600063063;01060006306301;60063002;STIMMBEZIRK;;;N;1459;1273;186;0;566;396;170;0;170;3;563;137;80;139;36;;61;25;9;;;29;;0;;;0;0;47;;;;;;
010600063063;01060006306302;60063003;STIMMBEZIRK;;;N;1453;1239;214;0;591;400;191;0;191;4;587;180;86;116;45;;70;21;5;;;14;;0;;;1;0;49;;;;;;
010600063063;01060006306302;60063004;STIMMBEZIRK;;;N;1835;1529;306;0;694;417;277;1;276;4;690;269;109;136;39;;52;9;13;;;21;;0;;;2;0;40;;;;;;
010600063063;01060006306303;60063005;STIMMBEZIRK;;;N;1480;1275;205;0;664;479;185;0;185;2;662;174;144;151;57;;49;21;17;;;10;;7;;;0;0;32;;;;;;
010600063063;01060006306303;60063006;STIMMBEZIRK;;;N;1545;1252;293;0;686;415;271;271;0;6;680;197;145;149;41;;50;27;2;;;13;;8;;;0;0;48;;;;;;
010600063063;01060006306304;60063007;STIMMBEZIRK;;;N;1311;1101;210;0;454;260;194;0;194;4;450;110;70;111;30;;55;13;4;;;14;;0;;;0;10;33;;;;;;
010600063063;01060006306304;60063008;STIMMBEZIRK;;;N;1611;1293;318;0;693;394;299;1;298;3;690;162;115;166;57;;81;19;10;;;25;;0;;;0;7;48;;;;;;
010600063063;01060006306305;60063009;STIMMBEZIRK;;;N;1487;1205;282;0;715;461;254;0;254;3;712;194;157;126;47;;71;12;11;;;13;;0;;;0;0;81;;;;;;
010600063063;01060006306305;60063010;STIMMBEZIRK;;;N;1762;1418;344;0;809;493;316;1;315;2;807;228;149;151;62;;77;15;12;;;28;;0;;;0;0;85;;;;;;
010600063063;01060006306306;60063011;STIMMBEZIRK;;;N;2493;1999;494;0;1042;594;448;0;448;11;1031;272;178;216;73;;95;46;10;;;24;;0;;;0;7;110;;;;;;
010600063063;01060006306306;60063012;STIMMBEZIRK;;;N;1663;1394;269;0;707;454;253;0;253;2;705;196;72;247;40;;61;25;5;;;14;;0;;;0;10;35;;;;;;
010600063063;01060006306307;60063013;STIMMBEZIRK;;;N;1563;1281;282;0;633;376;257;0;257;9;624;204;120;111;61;;34;10;10;;;16;;0;;;0;0;58;;;;;;
010600063063;01060006306307;60063014;STIMMBEZIRK;;;N;1543;1288;255;0;762;532;230;0;230;10;752;165;197;141;46;;49;25;6;;;24;;0;;;0;0;99;;;;;;
010600063063;01060006306308;60063015;STIMMBEZIRK;;;N;1552;1272;280;0;606;346;260;0;260;5;601;127;126;134;59;;56;16;12;;;7;;7;;;0;8;49;;;;;;
010600063063;01060006306308;60063016;STIMMBEZIRK;;;N;1605;1336;269;0;558;321;237;1;236;0;558;113;104;119;65;;51;28;5;;;16;;7;;;0;7;43;;;;;;
010600063063;01060006306309;60063017;STIMMBEZIRK;;;N;1765;1492;273;0;711;481;230;0;230;3;708;213;124;113;42;;68;17;8;;;20;;0;;;0;10;93;;;;;;
010600063063;01060006306309;60063018;STIMMBEZIRK;;;N;1550;1332;218;0;608;415;193;0;193;4;604;168;72;130;38;;47;15;12;;;10;;0;;;0;6;106;;;;;;
010600063063;01060006306310;60063019;STIMMBEZIRK;;;N;1446;1198;248;0;614;402;212;0;212;3;611;135;77;94;44;;46;20;2;;;14;;0;;;0;0;179;;;;;;
010600063063;01060006306310;60063020;STIMMBEZIRK;;;N;1470;1226;244;0;586;366;220;0;220;4;582;130;84;125;39;;38;14;5;;;21;;0;;;0;0;126;;;;;;
010600063063;01060006306311;60063021;STIMMBEZIRK;;;N;1539;1278;261;0;610;375;235;0;235;0;610;171;93;104;54;;59;12;6;;;23;;0;;;0;0;88;;;;;;
010600063063;01060006306311;60063022;STIMMBEZIRK;;;N;1834;1585;249;0;749;535;214;0;214;8;741;206;136;150;42;;58;26;11;;;23;;0;;;0;0;89;;;;;;
010600063063;01060006306312;60063023;STIMMBEZIRK;;;N;1340;1110;230;0;600;380;220;0;220;5;595;172;88;117;32;;67;12;9;;;30;;0;;;0;0;68;;;;;;
010600063063;01060006306312;60063024;STIMMBEZIRK;;;N;1802;1459;343;0;893;604;289;0;289;9;884;257;131;157;67;;101;25;14;;;74;;0;;;0;0;58;;;;;;
010600063063;01060006306313;60063025;STIMMBEZIRK;;;N;1679;1386;293;0;703;460;243;0;243;5;698;204;131;119;39;;75;28;6;;;22;;0;;;7;2;65;;;;;;
010600063063;01060006306313;60063026;STIMMBEZIRK;;;N;1399;1042;357;0;748;426;322;0;322;3;745;236;151;145;70;;59;12;7;;;18;;0;;;2;4;41;;;;;;
010600063063;01060006306314;60063027;STIMMBEZIRK;;;N;1954;1525;429;0;998;622;376;0;376;3;995;334;197;172;57;;51;22;22;;;47;;3;;;0;0;90;;;;;;
010600063063;01060006306314;60063028;STIMMBEZIRK;;;N;1014;836;178;0;441;280;161;0;161;1;440;157;71;93;24;;32;6;7;;;9;;3;;;0;0;38;;;;;;
010600063063;01060006306315;60063029;STIMMBEZIRK;;;N;1673;1304;369;0;881;549;332;0;332;6;875;238;176;202;61;;58;33;7;;;22;;0;;;0;18;60;;;;;;
010600063063;01060006306315;60063030;STIMMBEZIRK;;;N;1216;1060;156;0;499;357;142;0;142;1;498;156;96;96;43;;45;8;10;;;6;;0;;;0;10;28;;;;;;
010600063063;01060006306316;60063031;STIMMBEZIRK;;;N;1471;1208;263;0;570;342;228;1;227;0;570;194;102;86;36;;42;16;13;;;23;;0;;;0;0;58;;;;;;
010600063063;01060006306316;60063032;STIMMBEZIRK;;;N;1594;1341;253;0;723;489;234;0;234;9;714;234;126;141;43;;61;21;4;;;23;;0;;;0;0;61;;;;;;
010600063063;01060006306317;60063033;STIMMBEZIRK;;;N;1562;1346;216;0;568;409;159;0;159;2;566;175;96;100;42;;50;4;17;;;24;;0;;;0;7;51;;;;;;
010600063063;01060006306317;60063034;STIMMBEZIRK;;;N;1803;1404;399;0;919;560;359;0;359;5;914;311;163;165;72;;57;13;10;;;37;;0;;;0;9;77;;;;;;
010600063063;01060006306318;60063035;STIMMBEZIRK;;;N;1505;1254;251;0;623;398;225;1;224;0;623;152;104;139;53;;61;25;12;;;26;;0;;;0;10;41;;;;;;
010600063063;01060006306318;60063036;STIMMBEZIRK;;;N;1572;1298;274;0;626;379;247;0;247;6;620;165;118;131;49;;36;19;14;;;29;;0;;;0;16;43;;;;;;
010600063063;01060006306319;60063037;STIMMBEZIRK;;;N;1663;1349;314;0;739;463;276;0;276;2;737;280;104;124;62;;50;17;6;;;24;;9;;;0;14;47;;;;;;
010600063063;01060006306319;60063038;STIMMBEZIRK;;;N;2208;1853;355;0;879;568;311;0;311;2;877;294;150;136;64;;77;18;10;;;28;;18;;;0;11;71;;;;;;
010600063063;01060006306320;60063039;STIMMBEZIRK;;;N;1635;1366;269;0;642;406;236;0;236;1;641;166;101;163;38;;79;13;16;;;18;;0;;;0;19;28;;;;;;
010600063063;01060006306320;60063040;STIMMBEZIRK;;;N;1484;1294;190;0;420;255;165;0;165;1;419;121;51;86;24;;52;23;14;;;8;;0;;;0;23;17;;;;;;
010600092092;01060009209201;60092001;STIMMBEZIRK;;;N;1757;1583;174;0;631;471;160;0;160;13;1058;434;107;;;;;;;;;;;;;;318;199;;;;;;;
010600092092;01060009209202;60092002;STIMMBEZIRK;;;N;1547;1341;206;0;587;397;190;0;190;14;1032;748;79;;;;;;;;;;;;;;135;70;;;;;;;
010600092092;01060009209203;60092003;STIMMBEZIRK;;;N;1454;1342;112;0;461;360;101;0;101;9;812;347;98;;;;;;;;;;;;;;302;65;;;;;;;
010600092092;01060009209204;60092004;STIMMBEZIRK;;;N;1606;1466;140;0;551;425;126;0;126;6;938;456;88;;;;;;;;;;;;;;322;72;;;;;;;
010600092092;01060009209205;60092005;STIMMBEZIRK;;;N;1665;1474;191;0;613;463;150;0;150;26;988;281;193;;;;;;;;;;;;;;382;132;;;;;;;
010610029029;01061002902901;61029001;STIMMBEZIRK;;;N;717;596;121;0;341;227;114;0;114;5;336;68;59;46;21;;;;;;;;;;;;142;;;;;;;;
010610029029;01061002902902;61029002;STIMMBEZIRK;;;N;695;585;110;0;276;174;102;0;102;5;271;80;40;47;23;;;;;;;;;;;;81;;;;;;;;
010610029029;01061002902903;61029003;STIMMBEZIRK;;;N;810;714;96;0;325;235;90;0;90;15;310;96;51;60;28;;;;;;;;;;;;75;;;;;;;;
010610029029;01061002902904;61029004;STIMMBEZIRK;;;N;643;500;143;0;337;216;121;0;121;12;325;95;35;55;60;;;;;;;;;;;;80;;;;;;;;
010610029029;01061002902905;61029005;STIMMBEZIRK;;;N;779;675;104;0;341;247;94;0;94;6;335;100;52;60;46;;;;;;;;;;;;77;;;;;;;;
010610029029;01061002902906;61029006;STIMMBEZIRK;;;N;886;748;138;0;387;262;125;0;125;5;382;99;61;68;42;;;;;;;;;;;;112;;;;;;;;
010610029029;01061002902907;61029007;STIMMBEZIRK;;;N;813;708;105;0;422;326;96;0;96;11;411;125;47;74;46;;;;;;;;;;;;119;;;;;;;;
010610029029;01061002902908;61029008;STIMMBEZIRK;;;N;788;688;100;0;426;336;90;0;90;5;421;134;58;83;40;;;;;;;;;;;;106;;;;;;;;
010610029029;01061002902909;61029009;STIMMBEZIRK;;;N;861;758;103;0;310;221;89;0;89;7;303;100;40;54;21;;;;;;;;;;;;88;;;;;;;;
010610029029;01061002902910;61029010;STIMMBEZIRK;;;N;717;502;215;0;472;274;198;0;198;1;471;201;52;65;68;;;;;;;;;;;;85;;;;;;;;
010610029029;01061002902911;61029011;STIMMBEZIRK;;;N;689;636;53;0;183;137;46;0;46;4;179;56;23;37;12;;;;;;;;;;;;51;;;;;;;;
010610029029;01061002902912;61029012;STIMMBEZIRK;;;N;719;643;76;0;226;157;69;0;69;9;217;53;37;38;18;;;;;;;;;;;;71;;;;;;;;
010610046046;01061004604601;61046001;STIMMBEZIRK;;;N;1264;1123;141;0;584;445;139;0;139;5;579;228;103;108;25;;79;;;;;;;;;;36;;;;;;;;
010610046046;01061004604602;61046002;STIMMBEZIRK;;;N;1459;1388;71;0;394;332;62;0;62;3;391;102;24;127;17;;89;;;;;;;;;;32;;;;;;;;
010610046046;01061004604603;61046003;STIMMBEZIRK;;;N;1321;1240;81;0;460;389;71;0;71;5;455;140;42;111;31;;102;;;;;;;;;;29;;;;;;;;
010610046046;01061004604604;61046004;STIMMBEZIRK;;;N;1350;1225;125;0;446;332;114;0;114;2;444;164;81;96;22;;44;;;;;;;;;;37;;;;;;;;
010610046046;01061004604605;61046005;STIMMBEZIRK;;;N;1353;1279;74;0;365;299;66;0;66;10;355;101;73;72;40;;0;;;;;;;;;;69;;;;;;;;
010610046046;01061004604606;61046006;STIMMBEZIRK;;;N;1669;1446;223;0;760;557;203;0;203;10;750;277;148;164;66;;0;;;;;;;;;;95;;;;;;;;
010610046046;01061004604607;61046007;STIMMBEZIRK;;;N;1767;1622;145;0;536;402;134;0;134;7;529;168;110;91;21;;72;;;;;;;;;;67;;;;;;;;
010610046046;01061004604608;61046008;STIMMBEZIRK;;;N;1489;1292;197;0;699;519;180;0;180;10;689;259;144;131;49;;64;;;;;;;;;;42;;;;;;;;
010610046046;01061004604609;61046009;STIMMBEZIRK;;;N;1843;1625;218;0;652;449;203;0;203;18;634;279;115;130;47;;0;;;;;;;;;;63;;;;;;;;
010610046046;01061004604610;61046010;STIMMBEZIRK;;;N;1882;1643;239;0;871;646;225;0;225;9;862;302;178;194;86;;0;;;;;;;;;;102;;;;;;;;
010610046046;01061004604611;61046011;STIMMBEZIRK;;;N;1586;1410;176;0;693;531;162;0;162;9;684;264;159;149;47;;0;;;;;;;;;;65;;;;;;;;
010610046046;01061004604612;61046012;STIMMBEZIRK;;;N;1721;1572;149;0;524;394;130;0;130;4;520;157;78;122;29;;72;;;;;;;;;;62;;;;;;;;
010610046046;01061004604613;61046013;STIMMBEZIRK;;;N;1531;1424;107;0;603;509;94;0;94;4;599;212;109;104;37;;100;;;;;;;;;;37;;;;;;;;
010610046046;01061004604614;61046014;STIMMBEZIRK;;;N;1840;1649;191;0;675;494;181;0;181;8;667;236;137;122;51;;74;;;;;;;;;;47;;;;;;;;
010610046046;01061004604615;61046015;STIMMBEZIRK;;;N;1775;1611;164;0;690;542;148;0;148;10;680;239;94;140;70;;93;;;;;;;;;;44;;;;;;;;
010610046046;01061004604616;61046016;STIMMBEZIRK;;;N;1707;1478;229;0;916;692;224;0;224;17;899;366;141;211;88;;0;;;;;;;;;;93;;;;;;;;
010610113113;01061011311301;61113001;STIMMBEZIRK;;;N;1317;1107;210;0;724;525;199;0;199;25;1877;1047;;830;;;;;;;;;;;;;;;;;;;;;
010610113113;01061011311302;61113002;STIMMBEZIRK;;;N;1225;1027;198;0;652;463;189;0;189;16;1648;900;;748;;;;;;;;;;;;;;;;;;;;;
010610113113;01061011311303;61113003;STIMMBEZIRK;;;N;1109;947;162;0;541;391;150;0;150;19;1276;536;;556;;;;;;;;;;;;;184;;;;;;;;
010620001001;01062000100101;62001001;STIMMBEZIRK;;;N;1580;1340;240;0;765;557;208;0;208;14;751;196;226;173;72;;;;;;;;;;;;84;;;;;;;;
010620001001;01062000100102;62001002;STIMMBEZIRK;;;N;1690;1332;358;0;954;639;315;0;315;15;939;238;235;194;171;;;;;;;;;;;;101;;;;;;;;
010620001001;01062000100103;62001003;STIMMBEZIRK;;;N;822;664;158;0;487;338;149;1;148;7;480;124;140;107;64;;;;;;;;;;;;45;;;;;;;;
010620001001;01062000100103;62001004;STIMMBEZIRK;;;N;1148;932;216;0;669;480;189;0;189;18;651;189;165;143;102;;;;;;;;;;;;52;;;;;;;;
010620001001;01062000100104;62001005;STIMMBEZIRK;;;N;1527;1214;313;0;702;424;278;1;277;7;695;134;164;132;168;;;;;;;;;;;;97;;;;;;;;
010620001001;01062000100105;62001006;STIMMBEZIRK;;;N;1774;1329;445;0;931;571;360;0;360;3;928;260;216;121;245;;;;;;;;;;;;86;;;;;;;;
010620001001;01062000100106;62001007;STIMMBEZIRK;;;N;1650;1392;258;0;609;382;227;1;226;13;596;154;124;132;103;;;;;;;;;;;;83;;;;;;;;
010620001001;01062000100107;62001008;STIMMBEZIRK;;;N;2110;1744;366;0;851;523;328;1;327;8;843;209;198;209;124;;;;;;;;;;;;103;;;;;;;;
010620001001;01062000100108;62001009;STIMMBEZIRK;;;N;1535;1221;314;0;789;507;282;0;282;6;783;178;253;194;56;;;;;;;;;;;;102;;;;;;;;
010620001001;01062000100109;62001010;STIMMBEZIRK;;;N;776;629;147;0;365;230;135;0;135;4;361;53;201;51;17;;;;;;;;;;;;39;;;;;;;;
010620001001;01062000100109;62001011;STIMMBEZIRK;;;N;1017;866;151;0;405;271;134;0;134;9;396;89;88;97;57;;;;;;;;;;;;65;;;;;;;;
010620001001;01062000100110;62001012;STIMMBEZIRK;;;N;1351;1101;250;0;791;560;231;0;231;9;782;197;219;165;104;;;;;;;;;;;;97;;;;;;;;
010620001001;01062000100111;62001013;STIMMBEZIRK;;;N;1439;1186;253;0;820;591;229;0;229;13;807;165;264;164;107;;;;;;;;;;;;107;;;;;;;;
010620001001;01062000100112;62001014;STIMMBEZIRK;;;N;1531;1189;342;0;848;539;309;4;305;10;838;246;217;177;112;;;;;;;;;;;;86;;;;;;;;
010620001001;01062000100113;62001015;STIMMBEZIRK;;;N;1873;1623;250;0;670;449;221;0;221;18;652;155;121;173;81;;;;;;;;;;;;122;;;;;;;;
010620001001;01062000100114;62001016;STIMMBEZIRK;;;N;1548;1344;204;0;661;475;186;1;185;19;642;152;132;161;89;;;;;;;;;;;;108;;;;;;;;
010620001001;01062000100114;62001017;STIMMBEZIRK;;;N;449;395;54;0;162;115;47;0;47;2;160;72;25;24;25;;;;;;;;;;;;14;;;;;;;;
010620001001;01062000100115;62001018;STIMMBEZIRK;;;N;1438;1161;277;0;728;487;241;4;237;9;719;213;172;148;104;;;;;;;;;;;;82;;;;;;;;
010620001001;01062000100116;62001019;STIMMBEZIRK;;;N;571;483;88;0;239;163;76;0;76;4;235;62;51;53;41;;;;;;;;;;;;28;;;;;;;;
010620001001;01062000100116;62001020;STIMMBEZIRK;;;N;1392;1191;201;0;659;476;183;0;183;6;653;129;155;176;79;;;;;;;;;;;;114;;;;;;;;
010620004004;01062000400401;62004001;STIMMBEZIRK;;;N;1319;1087;230;2;677;461;216;3;213;10;667;191;161;136;;;;21;;;;23;0;;;;135;;;;;;;;
010620004004;01062000400402;62004002;STIMMBEZIRK;;;N;520;425;95;0;314;226;88;0;88;5;309;112;48;67;;;;8;;;;15;0;;;;59;;;;;;;;
010620004004;01062000400402;62004003;STIMMBEZIRK;;;N;367;318;49;0;202;154;48;0;48;2;200;67;27;33;;;;4;;;;9;0;;;;60;;;;;;;;
010620004004;01062000400402;62004004;STIMMBEZIRK;;;N;423;348;75;0;252;183;69;0;69;5;247;90;34;56;;;;10;;;;14;0;;;;43;;;;;;;;
010620004004;01062000400403;62004005;STIMMBEZIRK;;;N;1047;935;112;0;490;390;100;0;100;7;483;144;69;124;;;;28;;;;30;0;;;;88;;;;;;;;
010620004004;01062000400404;62004006;STIMMBEZIRK;;;N;1594;1256;338;0;859;539;320;0;320;19;840;271;170;209;;;;15;;;;44;0;;;;131;;;;;;;;
010620004004;01062000400405;62004007;STIMMBEZIRK;;;N;1443;1224;219;0;585;389;196;2;194;20;565;139;84;157;;;;25;;;;17;0;;;;143;;;;;;;;
010620004004;01062000400406;62004008;STIMMBEZIRK;;;N;1570;1346;224;0;671;462;209;1;208;7;664;172;143;122;;;;37;;;;31;0;;;;159;;;;;;;;
010620004004;01062000400407;62004009;STIMMBEZIRK;;;N;1077;837;240;0;401;226;175;42;133;8;393;82;74;120;;;;14;;;;12;0;;;;91;;;;;;;;
010620004004;01062000400407;62004010;STIMMBEZIRK;;;N;514;423;91;0;272;189;83;0;83;0;272;62;23;28;;;;7;;;;12;0;;;;140;;;;;;;;
010620004004;01062000400408;62004011;STIMMBEZIRK;;;N;1386;1140;246;0;611;391;220;2;218;9;602;173;95;153;;;;44;;;;18;0;;;;119;;;;;;;;
010620004004;01062000400409;62004012;STIMMBEZIRK;;;N;1558;1272;286;0;595;345;250;23;227;8;587;173;102;112;;;;31;;;;30;9;;;;130;;;;;;;;
010620004004;01062000400410;62004013;STIMMBEZIRK;;;N;1416;1184;232;0;544;353;191;38;153;12;532;177;84;117;;;;29;;;;18;0;;;;107;;;;;;;;
010620004004;01062000400411;62004014;STIMMBEZIRK;;;N;1283;1029;254;0;637;399;238;2;236;12;625;168;127;123;;;;22;;;;36;0;;;;149;;;;;;;;
010620004004;01062000400412;62004015;STIMMBEZIRK;;;N;1252;1021;231;0;684;467;217;0;217;3;681;161;193;130;;;;23;;;;34;0;;;;140;;;;;;;;
010620004004;01062000400413;62004016;STIMMBEZIRK;;;N;1331;1048;283;0;668;403;265;0;265;9;659;190;144;101;;;;27;;;;18;0;;;;179;;;;;;;;
010620004004;01062000400414;62004017;STIMMBEZIRK;;;N;1268;1058;210;0;738;543;195;0;195;13;725;249;186;100;;;;22;;;;28;0;;;;140;;;;;;;;
010620006006;01062000600601;62006001;STIMMBEZIRK;;;N;1003;880;123;0;535;420;115;0;115;3;532;198;116;120;33;;;;;;;;;;;;65;;;;;;;;
010620006006;01062000600602;62006002;STIMMBEZIRK;;;N;903;753;150;0;512;377;135;0;135;9;503;219;87;102;36;;;;;;;;;;;;59;;;;;;;;
010620006006;01062000600603;62006003;STIMMBEZIRK;;;N;1008;867;141;0;499;372;127;1;126;8;491;185;75;132;44;;;;;;;;;;;;55;;;;;;;;
010620006006;01062000600604;62006004;STIMMBEZIRK;;;N;900;748;152;0;551;409;142;0;142;6;545;215;123;93;23;;;;;;;;;;;;91;;;;;;;;
010620006006;01062000600605;62006005;STIMMBEZIRK;;;N;815;645;170;0;497;337;160;3;157;2;495;192;74;124;32;;;;;;;;;;;;73;;;;;;;;
010620006006;01062000600606;62006006;STIMMBEZIRK;;;N;1079;922;157;0;462;325;137;0;137;6;456;176;72;105;29;;;;;;;;;;;;74;;;;;;;;
010620006006;01062000600607;62006007;STIMMBEZIRK;;;N;894;760;134;0;451;335;116;0;116;8;443;144;91;110;22;;;;;;;;;;;;61;15;;;;;;;
010620006006;01062000600608;62006008;STIMMBEZIRK;;;N;814;674;140;0;443;312;131;0;131;7;436;135;75;103;40;;;;;;;;;;;;83;;;;;;;;
010620006006;01062000600609;62006009;STIMMBEZIRK;;;N;880;708;172;0;506;348;158;1;157;10;496;132;125;124;44;;;;;;;;;;;;36;35;;;;;;;
010620006006;01062000600610;62006010;STIMMBEZIRK;;;N;1098;941;157;0;513;368;145;0;145;12;501;193;106;114;24;;;;;;;;;;;;64;;;;;;;;
010620006006;01062000600611;62006011;STIMMBEZIRK;;;N;1004;857;147;0;432;296;136;0;136;8;424;138;92;118;23;;;;;;;;;;;;53;;;;;;;;
010620006006;01062000600612;62006012;STIMMBEZIRK;;;N;932;718;214;0;568;361;207;2;205;6;562;197;145;147;28;;;;;;;;;;;;45;;;;;;;;
010620006006;01062000600613;62006013;STIMMBEZIRK;;;N;921;692;229;0;589;383;206;1;205;5;584;199;143;136;36;;;;;;;;;;;;70;;;;;;;;
010620006006;01062000600614;62006014;STIMMBEZIRK;;;N;963;741;222;0;566;365;201;3;198;5;561;204;121;120;47;;;;;;;;;;;;69;;;;;;;;
010620009009;01062000900901;62009001;STIMMBEZIRK;;;N;986;844;142;0;433;305;128;0;128;3;430;188;49;71;17;;;;;;;;;;;;105;;;;;;;;
010620009009;01062000900902;62009002;STIMMBEZIRK;;;N;934;755;179;0;520;370;150;0;150;7;513;251;74;63;18;;;;;;;;;;;;107;;;;;;;;
010620009009;01062000900903;62009003;STIMMBEZIRK;;;N;946;813;133;0;351;231;120;0;120;3;348;147;26;80;13;;;;;;;;;;;;82;;;;;;;;
010620009009;01062000900904;62009004;STIMMBEZIRK;;;N;977;854;123;0;356;241;115;1;114;6;350;131;40;66;19;;;;;;;;;;;;94;;;;;;;;
010620009009;01062000900905;62009005;STIMMBEZIRK;;;N;833;702;131;0;381;263;118;0;118;7;374;124;63;44;13;;;;;;;;;;;;130;;;;;;;;
010620009009;01062000900906;62009006;STIMMBEZIRK;;;N;914;768;146;0;431;298;133;0;133;6;425;129;48;77;26;;;;;;;;;;;;145;;;;;;;;
010620009009;01062000900907;62009007;STIMMBEZIRK;;;N;805;733;72;0;257;187;70;1;69;3;254;112;38;40;9;;;;;;;;;;;;55;;;;;;;;
010620009009;01062000900908;62009008;STIMMBEZIRK;;;N;747;614;133;0;477;352;125;0;125;2;475;158;90;81;19;;;;;;;;;;;;127;;;;;;;;
010620009009;01062000900909;62009009;STIMMBEZIRK;;;N;943;840;103;0;464;372;92;0;92;14;450;183;55;135;21;;;;;;;;;;;6;50;;;;;;;;
010620009009;01062000900910;62009010;STIMMBEZIRK;;;N;909;754;155;0;462;331;131;0;131;7;455;232;60;85;31;;;;;;;;;;;;47;;;;;;;;
010620009009;01062000900911;62009011;STIMMBEZIRK;;;N;595;501;94;0;318;233;85;0;85;10;308;82;26;148;27;;;;;;;;;;;;25;;;;;;;;
010620009009;01062000900911;62009012;STIMMBEZIRK;;;N;256;226;30;0;138;112;26;0;26;0;138;80;15;26;6;;;;;;;;;;;;11;;;;;;;;
010620009009;01062000900912;62009013;STIMMBEZIRK;;;N;780;674;106;0;356;262;94;0;94;3;353;220;51;33;14;;;;;;;;;;;;35;;;;;;;;
010620018018;01062001801801;62018001;STIMMBEZIRK;;;N;1093;943;150;0;446;322;124;0;124;24;422;171;42;100;109;;;;;;;;;;;;;;;;;;;;
010620018018;01062001801802;62018002;STIMMBEZIRK;;;N;948;820;128;0;424;315;109;0;109;14;410;130;71;128;81;;;;;;;;;;;;;;;;;;;;
010620018018;01062001801803;62018003;STIMMBEZIRK;;;N;1040;883;157;0;493;355;138;0;138;17;476;163;68;171;74;;;;;;;;;;;;;;;;;;;;
010620018018;01062001801804;62018004;STIMMBEZIRK;;;N;1086;924;162;0;575;425;150;1;149;14;561;192;89;155;125;;;;;;;;;;;;;;;;;;;;
010620018018;01062001801805;62018005;STIMMBEZIRK;;;N;1084;863;221;0;472;306;166;32;134;12;460;168;67;145;80;;;;;;;;;;;;;;;;;;;;
010620018018;01062001801806;62018006;STIMMBEZIRK;;;N;991;884;107;0;283;187;96;1;95;11;272;82;50;87;53;;;;;;;;;;;;;;;;;;;;
010620018018;01062001801807;62018007;STIMMBEZIRK;;;N;1171;916;255;0;477;289;188;1;187;13;464;175;62;137;90;;;;;;;;;;;;;;;;;;;;
010620018018;01062001801808;62018008;STIMMBEZIRK;;;N;1080;926;154;0;413;281;132;1;131;17;396;175;56;112;53;;;;;;;;;;;;;;;;;;;;
010620018018;01062001801809;62018009;STIMMBEZIRK;;;N;1003;906;97;0;262;178;84;0;84;7;255;104;34;60;57;;;;;;;;;;;;;;;;;;;;
010620018018;01062001801810;62018010;STIMMBEZIRK;;;N;1063;956;107;0;363;274;89;0;89;17;346;131;78;92;45;;;;;;;;;;;;;;;;;;;;
010620018018;01062001801811;62018011;STIMMBEZIRK;;;N;910;771;139;0;398;271;127;0;127;6;392;124;72;107;89;;;;;;;;;;;;;;;;;;;;
010620018018;01062001801812;62018012;STIMMBEZIRK;;;N;1041;910;131;0;431;310;121;0;121;7;424;161;77;114;72;;;;;;;;;;;;;;;;;;;;
010620018018;01062001801813;62018013;STIMMBEZIRK;;;N;746;681;65;0;238;187;51;0;51;11;227;104;33;60;30;;;;;;;;;;;;;;;;;;;;
010620018018;01062001801814;62018014;STIMMBEZIRK;;;N;816;761;55;0;158;114;44;0;44;10;148;56;21;37;34;;;;;;;;;;;;;;;;;;;;
010620023023;01062002302301;62023001;STIMMBEZIRK;;;N;1641;1309;332;0;975;678;297;291;6;6;1856;787;473;350;246;;;;;;;;;;;;;;;;;;;;
010620023023;01062002302302;62023002;STIMMBEZIRK;;;N;1513;1218;295;0;864;584;280;280;0;20;1600;618;434;286;262;;;;;;;;;;;;;;;;;;;;
010620023023;01062002302303;62023003;STIMMBEZIRK;;;N;1465;1154;311;0;796;510;286;0;286;9;1474;610;390;225;249;;;;;;;;;;;;;;;;;;;;
010620023023;01062002302304;62023004;STIMMBEZIRK;;;N;1489;1146;343;0;871;551;320;0;320;15;1651;741;483;192;235;;;;;;;;;;;;;;;;;;;;
010620023023;01062002302305;62023005;STIMMBEZIRK;;;N;1500;1247;253;0;814;589;225;0;225;11;1499;624;395;299;181;;;;;;;;;;;;;;;;;;;;
010620053053;01062005305301;62053001;STIMMBEZIRK;;;N;1582;1321;261;0;684;442;242;0;242;12;1222;439;136;306;;;;;;;;;;;;;341;;;;;;;;
010620053053;01062005305302;62053002;STIMMBEZIRK;;;N;1464;1187;277;0;737;492;245;0;245;14;1327;549;163;294;;;;;;;;;;;;;321;;;;;;;;
010620053053;01062005305303;62053003;STIMMBEZIRK;;;N;1390;1162;228;0;614;414;200;0;200;8;1111;442;167;209;;;;;;;;;;;;;293;;;;;;;;
010620053053;01062005305304;62053004;STIMMBEZIRK;;;N;1397;1166;231;0;671;469;202;0;202;9;1235;474;132;278;;;;;;;;;;;;;351;;;;;;;;
010620053053;01062005305305;62053005;STIMMBEZIRK;;;N;1286;1117;169;0;542;393;149;0;149;8;1001;449;119;156;;;;;;;;;;;;;277;;;;;;;;
010620060060;01062006006001;62060001;STIMMBEZIRK;;;N;1443;1204;239;0;582;379;203;2;201;17;565;222;81;86;78;;;;;;;;;;;;98;;;;;;;;
010620060060;01062006006002;62060002;STIMMBEZIRK;;;N;1447;1170;277;0;653;411;242;0;242;5;648;231;108;108;70;;;;;;;;;;;;131;;;;;;;;
010620060060;01062006006003;62060003;STIMMBEZIRK;;;N;1610;1389;221;0;572;372;200;2;198;18;554;171;59;109;62;;;;;;;;;;;;153;;;;;;;;
010620060060;01062006006004;62060004;STIMMBEZIRK;;;N;1587;1352;235;0;617;410;207;0;207;6;611;191;82;102;53;;;;;;;;;;;;183;;;;;;;;
010620060060;01062006006005;62060005;STIMMBEZIRK;;;N;1208;1022;186;0;612;446;166;2;164;17;595;196;156;98;98;;;;;;;;;;;;47;;;;;;;;
010620060060;01062006006006;62060006;STIMMBEZIRK;;;N;1358;974;384;0;730;387;343;0;343;7;723;220;224;138;113;;;;;;;;;;;;28;;;;;;;;
010620060060;01062006006007;62060007;STIMMBEZIRK;;;N;1356;1068;288;0;642;396;246;1;245;12;630;181;160;112;140;;;;;;;;;;;;37;;;;;;;;
010620060060;01062006006008;62060008;STIMMBEZIRK;;;N;1432;1093;339;0;632;320;312;4;308;12;620;262;125;88;86;;;;;;;;;;;;59;;;;;;;;
010620060060;01062006006009;62060009;STIMMBEZIRK;;;N;1473;1129;344;0;830;511;319;2;317;12;818;190;171;116;303;;;;;;;;;;;;38;;;;;;;;
010620060060;01062006006010;62060010;STIMMBEZIRK;;;N;1269;1091;178;0;460;305;155;1;154;13;447;145;88;105;63;;;;;;;;;;;;46;;;;;;;;
010620060060;01062006006011;62060011;STIMMBEZIRK;;;N;1373;1114;259;0;581;356;225;1;224;5;576;166;145;140;73;;;;;;;;;;;;52;;;;;;;;
010620060060;01062006006012;62060012;STIMMBEZIRK;;;N;1301;1015;286;0;667;399;268;0;268;17;650;221;152;143;90;;;;;;;;;;;;44;;;;;;;;
010620060060;01062006006013;62060013;STIMMBEZIRK;;;N;1579;1286;293;0;719;458;261;0;261;13;706;147;225;150;134;;;;;;;;;;;;50;;;;;;;;
010620060060;01062006006014;62060014;STIMMBEZIRK;;;N;1354;1076;278;0;598;352;246;0;246;11;587;175;174;128;69;;;;;;;;;;;;41;;;;;;;;
010620060060;01062006006015;62060015;STIMMBEZIRK;;;N;1215;1043;172;0;524;366;158;0;158;7;517;177;100;113;67;;;;;;;;;;;;60;;;;;;;;
010620060060;01062006006016;62060016;STIMMBEZIRK;;;N;1328;1065;263;0;687;448;239;1;238;9;678;191;215;121;106;;;;;;;;;;;;45;;;;;;;;
010620061061;01062006106101;62061001;STIMMBEZIRK;;;N;1477;1163;314;0;864;567;297;0;297;15;1583;585;318;367;;;;35;;;;;;;;;278;;;;;;;;
010620061061;01062006106102;62061002;STIMMBEZIRK;;;N;1430;1156;274;0;740;496;244;4;240;8;1373;439;236;344;;;;40;;;;;;;;;314;;;;;;;;
010620061061;01062006106103;62061003;STIMMBEZIRK;;;N;1421;1147;274;0;682;423;259;8;251;7;1232;463;181;236;;;;40;;;;;;;;;312;;;;;;;;
010620061061;01062006106104;62061004;STIMMBEZIRK;;;N;1511;1234;277;0;718;479;239;0;239;8;1270;444;244;371;;;;41;;;;;;;;;170;;;;;;;;
010620061061;01062006106105;62061005;STIMMBEZIRK;;;N;1436;1159;277;0;786;546;240;0;240;9;1431;467;306;329;;;;40;;;;;;;;;289;;;;;;;;
010620076076;01062007607601;62076001;STIMMBEZIRK;;;N;1060;811;249;0;647;416;231;0;231;10;1190;407;317;234;232;;;;;;;;;;;;;;;;;;;;
010620076076;01062007607602;62076002;STIMMBEZIRK;;;N;897;712;185;0;527;362;165;0;165;13;934;281;227;161;230;;;;;;;;;;;;35;;;;;;;;
010620076076;01062007607603;62076003;STIMMBEZIRK;;;N;1175;914;261;0;723;489;234;3;231;15;1291;546;301;156;288;;;;;;;;;;;;;;;;;;;;
010620076076;01062007607604;62076004;STIMMBEZIRK;;;N;1088;887;201;0;652;469;183;0;183;24;1157;510;292;180;175;;;;;;;;;;;;;;;;;;;;
010620076076;01062007607605;62076005;STIMMBEZIRK;;;N;1059;866;193;0;587;421;166;0;166;12;1074;435;241;211;187;;;;;;;;;;;;;;;;;;;;
010620090090;01062009009001;62090001;STIMMBEZIRK;;;N;1597;1349;248;0;619;400;219;0;219;3;1115;208;356;284;64;;;;;;;;;;;;203;;;;;;;;
010620090090;01062009009002;62090002;STIMMBEZIRK;;;N;1562;1288;274;0;775;525;250;0;250;12;1429;365;406;313;101;;;;;;;;;;;;244;;;;;;;;
010620090090;01062009009003;62090003;STIMMBEZIRK;;;N;1513;1253;260;0;734;503;231;0;231;10;1356;414;285;289;238;;;;;;;;;;;;130;;;;;;;;
010620090090;01062009009004;62090006;STIMMBEZIRK;;;N;1062;897;165;0;400;400;0;0;0;17;724;192;194;139;114;;;;;;;;;;;;85;;;;;;;;
010620090090;01062009009004;62090007;STIMMBEZIRK;;;N;617;527;90;0;488;258;230;0;230;3;883;296;217;150;116;;;;;;;;;;;;104;;;;;;;;
010620090090;01062009009005;62090008;STIMMBEZIRK;;;N;1686;1380;306;0;902;621;281;4;277;12;1660;462;317;412;265;;;;;;;;;;;;204;;;;;;;;
010515163003;01051516300301;51003001;STIMMBEZIRK;;;N;512;428;84;0;286;204;82;0;82;9;1149;331;;;;;;;;;;;;;;;818;;;;;;;;
010515163010;01051516301001;51010001;STIMMBEZIRK;;;N;172;142;30;0;94;67;27;0;27;4;247;;;;;;;;;;;;;;;;247;;;;;;;;
010515163012;01051516301201;51012001;STIMMBEZIRK;;;N;877;771;106;0;486;383;103;0;103;4;2606;1053;;;;;;;;;;;;;;;1553;;;;;;;;
010515163016;01051516301601;51016001;STIMMBEZIRK;;;N;1083;933;150;0;519;384;135;0;135;13;1335;416;;170;172;;;;;;;;;;;;321;221;35;;;;;;
010515163016;01051516301602;51016002;STIMMBEZIRK;;;N;1276;1017;259;0;637;395;242;0;242;9;1662;577;;147;233;;;;;;;;;;;;461;244;;;;;;;
010515163016;01051516301603;51016003;STIMMBEZIRK;;;N;1261;1049;212;0;586;417;169;0;169;12;1501;516;;108;169;;;;;;;;;;;;494;214;;;;;;;
010515163022;01051516302201;51022001;STIMMBEZIRK;;;N;551;462;89;0;377;292;85;0;85;4;1735;;;1132;;;;;;;;;;;;;603;;;;;;;;
010515163024;01051516302401;51024001;STIMMBEZIRK;;;N;1163;962;201;0;651;462;189;0;189;7;3583;1534;;;;;;;;;;;;;;;2049;;;;;;;;
010515163026;01051516302601;51026001;STIMMBEZIRK;;;N;664;599;65;0;355;293;62;0;62;8;1276;;;;;;;;;;;;;;;;1276;;;;;;;;
010515163032;01051516303201;51032001;STIMMBEZIRK;;;N;314;273;41;0;207;169;38;0;38;4;651;;;;;;;;;;;;;;;;504;75;72;;;;;;
010515163037;01051516303701;51037001;STIMMBEZIRK;;;N;412;369;43;0;229;190;39;1;38;2;532;;;;;;;;;;;;;;;;532;;;;;;;;
010515163051;01051516305101;51051001;STIMMBEZIRK;;;N;968;818;150;0;531;393;138;0;138;22;2523;1428;;1095;;;;;;;;;;;;;;;;;;;;;
010515163064;01051516306401;51064001;STIMMBEZIRK;;;N;522;450;72;0;303;236;67;0;67;4;1236;;;;;;;;;;;;;;;;803;433;;;;;;;
010515163089;01051516308901;51089001;STIMMBEZIRK;;;N;161;139;22;0;97;76;21;0;21;0;263;;;;;;;;;;;;;;;;263;;;;;;;;
010515163097;01051516309701;51097001;STIMMBEZIRK;;;N;875;766;109;0;422;320;102;0;102;4;1099;496;;152;;;;;;;;136;;;;;315;;;;;;;;
010515163097;01051516309702;51097002;STIMMBEZIRK;;;N;1022;845;177;0;510;352;158;0;158;4;1325;497;;231;;;;;;;;217;;;;;380;;;;;;;;
010515163097;01051516309703;51097003;STIMMBEZIRK;;;N;1085;864;221;0;600;398;202;0;202;8;1629;718;;381;;;;;;;;170;;;;;360;;;;;;;;
010515163110;01051516311001;51110001;STIMMBEZIRK;;;N;638;543;95;0;386;304;82;0;82;6;1885;1011;;;;;;;;;;;;;;;874;;;;;;;;
010515166021;01051516602101;51021001;STIMMBEZIRK;;;N;589;495;94;0;334;244;90;0;90;4;877;;;;;;;;;;;;;;;;877;;;;;;;;
010515166034;01051516603401;51034001;STIMMBEZIRK;;;N;754;626;128;0;426;308;118;0;118;5;1103;280;;363;;;;;;;;;;;;;243;217;;;;;;;
010515166034;01051516603402;51034002;STIMMBEZIRK;;;N;783;629;154;0;438;301;137;1;136;7;1089;363;;335;;;;;;;;;;;;;205;186;;;;;;;
010515166034;01051516603403;51034003;STIMMBEZIRK;;;N;317;258;59;0;168;112;56;0;56;1;437;70;;187;;;;;;;;;;;;;116;64;;;;;;;
010515166034;01051516603403;51034004;STIMMBEZIRK;;;N;296;255;41;0;170;133;37;0;37;2;437;167;;130;;;;;;;;;;;;;57;83;;;;;;;
010515166046;01051516604601;51046001;STIMMBEZIRK;;;N;716;603;113;0;411;307;104;0;104;6;1883;;;733;;;;;;;;;;;;;1125;25;;;;;;;
010515166057;01051516605701;51057001;STIMMBEZIRK;;;N;320;266;54;0;204;150;54;0;54;2;900;;;;;;;;;;;;;;;;288;329;283;;;;;;
010515166062;01051516606201;51062001;STIMMBEZIRK;;;N;172;136;36;0;119;86;33;0;33;0;671;80;;;;;;;;;;;;;;;259;303;29;;;;;;
010515166062;01051516606201;51062002;STIMMBEZIRK;;;N;546;442;104;0;379;278;101;0;101;2;2151;127;;;;;;;;;;;;;;;784;888;352;;;;;;
010515166072;01051516607201;51072001;STIMMBEZIRK;;;N;944;810;134;0;390;265;125;0;125;5;723;244;;96;210;;;52;;;;;;;;;121;;;;;;;;
010515166072;01051516607202;51072002;STIMMBEZIRK;;;N;953;834;119;0;433;325;108;0;108;7;750;236;;99;278;;;17;;;;;;;;;120;;;;;;;;
010515166072;01051516607203;51072003;STIMMBEZIRK;;;N;967;837;130;0;484;357;127;0;127;8;840;217;;175;252;;;50;;;;;;;;;146;;;;;;;;
010515166072;01051516607204;51072004;STIMMBEZIRK;;;N;996;838;158;0;462;315;147;0;147;9;824;297;;94;230;;;20;;;;;;;;;183;;;;;;;;
010515166072;01051516607205;51072005;STIMMBEZIRK;;;N;1122;953;169;0;621;453;168;0;168;6;1101;300;;106;449;;;39;;;;;;;;;207;;;;;;;;
010515166073;01051516607301;51073001;STIMMBEZIRK;;;N;333;260;73;0;200;132;68;0;68;0;887;;;;;;;;;;;;;;;;460;272;155;;;;;;
010515166076;01051516607601;51076001;STIMMBEZIRK;;;N;523;429;94;0;314;222;92;0;92;3;1135;;;;;;;;;;;;;;;;504;631;;;;;;;
010515166077;01051516607701;51077001;STIMMBEZIRK;;;N;106;100;6;0;83;79;4;0;4;0;208;;;;;;;;;;;;;;;;208;;;;;;;;
010515166090;01051516609001;51090001;STIMMBEZIRK;;;N;129;118;11;0;78;70;8;0;8;1;159;;;;;;;;;;;;;;;;159;;;;;;;;
010515166103;01051516610301;51103001;STIMMBEZIRK;;;N;153;126;27;0;117;91;26;0;26;1;432;;;;;;;;;;;;;;;;282;150;;;;;;;
010515166118;01051516611801;51118001;STIMMBEZIRK;;;N;214;197;17;0;119;102;17;0;17;0;324;;;;;;;;;;;;;;;;324;;;;;;;;
010515166119;01051516611901;51119001;STIMMBEZIRK;;;N;284;231;53;0;175;125;50;0;50;3;469;;;;;;;;;;;;;;;;469;;;;;;;;
010515169005;01051516900501;51005001;STIMMBEZIRK;;;N;155;132;23;0;116;93;23;0;23;2;268;;;;;;;;;;;;;;;;268;;;;;;;;
010515169019;01051516901901;51019001;STIMMBEZIRK;;;N;640;561;79;0;368;297;71;0;71;2;1642;907;;;;;;;;;;;;;;;735;;;;;;;;
010515169020;01051516902001;51020001;STIMMBEZIRK;;;N;666;575;91;0;373;288;85;1;84;6;1036;;;;;;;;;;;;;;;;1036;;;;;;;;
010515169023;01051516902301;51023001;STIMMBEZIRK;;;N;539;463;76;0;252;187;65;0;65;7;678;;;;;;;;;;;;;;;;678;;;;;;;;
010515169030;01051516903001;51030001;STIMMBEZIRK;;;N;240;206;34;0;143;110;33;0;33;0;425;;;;;;;;;;;;;;;;425;;;;;;;;
010515169035;01051516903501;51035001;STIMMBEZIRK;;;N;151;126;25;0;79;54;25;0;25;1;172;;;;;;;;;;;;;;;;172;;;;;;;;
010515169036;01051516903601;51036001;STIMMBEZIRK;;;N;96;87;9;0;72;66;6;0;6;0;172;;;;;;;;;;;;;;;;172;;;;;;;;
010515169038;01051516903801;51038001;STIMMBEZIRK;;;N;82;76;6;0;40;34;6;0;6;0;112;;;;;;;;;;;;;;;;112;;;;;;;;
010515169047;01051516904701;51047001;STIMMBEZIRK;;;N;431;368;63;0;190;136;54;0;54;4;527;;;;;;;;;;;;;;;;527;;;;;;;;
010515169049;01051516904901;51049001;STIMMBEZIRK;;;N;915;723;192;0;540;359;181;0;181;9;2947;1261;;;1686;;;;;;;;;;;;;;;;;;;;
010515169049;01051516904901;51049002;STIMMBEZIRK;;;N;860;692;168;0;491;333;158;0;158;13;2583;1270;;;1313;;;;;;;;;;;;;;;;;;;;
010515169053;01051516905301;51053001;STIMMBEZIRK;;;N;261;230;31;0;140;109;31;0;31;2;531;;;;;;;;;;;;;;;;531;;;;;;;;
010515169058;01051516905801;51058001;STIMMBEZIRK;;;N;125;107;18;0;79;62;17;0;17;0;192;;;;;;;;;;;;;;;;192;;;;;;;;
010515169060;01051516906001;51060001;STIMMBEZIRK;;;N;356;299;57;0;232;177;55;2;53;1;584;;;;;;;;;;;;;;;;584;;;;;;;;
010515169061;01051516906101;51061001;STIMMBEZIRK;;;N;526;443;83;0;292;218;74;0;74;3;1227;;;720;;;;;;;;;;;;;507;;;;;;;;
010515169065;01051516906501;51065001;STIMMBEZIRK;;;N;922;760;162;0;507;354;153;0;153;11;2345;;;1006;;;;;;;;;;;;;1339;;;;;;;;
010515169068;01051516906801;51068001;STIMMBEZIRK;;;N;705;572;133;0;451;323;128;0;128;2;2330;;;;;;;;;;;;;;;;1132;1198;;;;;;;
010515169071;01051516907101;51071001;STIMMBEZIRK;;;N;696;593;103;0;278;182;96;0;96;5;1539;438;;450;;;;;;;;;;;;;651;;;;;;;;
010515169071;01051516907101;51071002;STIMMBEZIRK;;;N;681;560;121;0;245;142;103;0;103;1;1511;410;;444;;;;;;;;;;;;;657;;;;;;;;
010515169080;01051516908001;51080001;STIMMBEZIRK;;;N;109;99;10;0;68;59;9;0;9;1;155;;;;;;;;;;;;;;;;155;;;;;;;;
010515169088;01051516908801;51088001;STIMMBEZIRK;;;N;986;826;160;0;611;459;152;0;152;4;3154;1660;;;;;;;;;;;;;;;1494;;;;;;;;
010515169092;01051516909201;51092001;STIMMBEZIRK;;;N;465;394;71;0;261;193;68;0;68;4;761;;;;;;;;;;;;;;;;761;;;;;;;;
010515169096;01051516909601;51096001;STIMMBEZIRK;;;N;258;217;41;0;170;130;40;0;40;10;563;;;;;;;;;;;;;;;;563;;;;;;;;
010515169100;01051516910001;51100001;STIMMBEZIRK;;;N;512;441;71;0;297;232;65;0;65;3;1266;519;;;;;;;;;;;;;;;747;;;;;;;;
010515169102;01051516910201;51102001;STIMMBEZIRK;;;N;207;182;25;0;134;111;23;0;23;1;362;;;;;;;;;;;;;;;;362;;;;;;;;
010515169114;01051516911401;51114001;STIMMBEZIRK;;;N;722;594;128;0;429;311;118;0;118;8;1131;727;;123;;;;;;;;;;;;;281;;;;;;;;
010515169114;01051516911402;51114002;STIMMBEZIRK;;;N;714;598;116;0;367;267;100;0;100;6;955;519;;136;;;;;;;;;;;;;300;;;;;;;;
010515169114;01051516911403;51114003;STIMMBEZIRK;;;N;712;554;158;0;418;268;150;0;150;5;1137;566;;190;;;;;;;;;;;;;381;;;;;;;;
010515169114;01051516911403;51114004;STIMMBEZIRK;;;N;98;87;11;0;59;48;11;0;11;1;155;121;;1;;;;;;;;;;;;;33;;;;;;;;
010515169117;01051516911701;51117001;STIMMBEZIRK;;;N;140;117;23;0;100;82;18;0;18;3;247;;;;;;;;;;;;;;;;247;;;;;;;;
010515169125;01051516912501;51125001;STIMMBEZIRK;;;N;344;281;63;0;193;137;56;0;56;3;536;;;;;;;;;;;;;;;;536;;;;;;;;
010515169131;01051516913101;51131001;STIMMBEZIRK;;;N;92;71;21;0;75;54;21;0;21;1;183;;;;;;;;;;;;;;;;183;;;;;;;;
010515169133;01051516913301;51133001;STIMMBEZIRK;;;N;127;114;13;0;95;84;11;0;11;5;185;;;;;;;;;;;;;;;;185;;;;;;;;
010515169136;01051516913601;51136001;STIMMBEZIRK;;;N;612;540;72;0;345;277;68;0;68;4;1053;;;;;;;;;;;;;;;;1053;;;;;;;;
010515169139;01051516913901;51139001;STIMMBEZIRK;;;N;283;243;40;0;189;151;38;0;38;5;499;;;;;;;;;;;;;;;;499;;;;;;;;
010515169141;01051516914101;51141001;STIMMBEZIRK;;;N;440;371;69;0;244;181;63;0;63;5;672;;;;;;;;;;;;;;;;672;;;;;;;;
010515172048;01051517204801;51048001;STIMMBEZIRK;;;N;868;724;144;0;488;347;141;0;141;6;1275;453;;220;;;;;;;;;;;;;602;;;;;;;;
010515172048;01051517204802;51048002;STIMMBEZIRK;;;N;727;609;118;0;369;266;103;0;103;2;989;185;;226;;;;;;;;;;;;;578;;;;;;;;
010515172048;01051517204803;51048003;STIMMBEZIRK;;;N;756;627;129;0;414;289;125;0;125;2;1081;406;;175;;;;;;;;;;;;;500;;;;;;;;
010515172067;01051517206701;51067001;STIMMBEZIRK;;;N;345;313;32;0;217;188;29;0;29;7;922;561;;361;;;;;;;;;;;;;;;;;;;;;
010515172069;01051517206901;51069001;STIMMBEZIRK;;;N;900;755;145;0;521;389;132;1;131;10;2990;554;;982;;;;;;;;;;;;;449;1005;;;;;;;
010515172069;01051517206901;51069002;STIMMBEZIRK;;;N;857;672;185;0;555;383;172;0;172;7;3301;580;;988;;;;;;;;;;;;;521;1212;;;;;;;
010515172075;01051517207501;51075001;STIMMBEZIRK;;;N;821;692;129;0;478;370;108;0;108;6;2527;;;819;;;;;;;;;;;;;820;888;;;;;;;
010515172081;01051517208101;51081001;STIMMBEZIRK;;;N;211;166;45;0;124;85;39;0;39;9;320;;;;;;;;;;;;;;;;320;;;;;;;;
010515172082;01051517208201;51082001;STIMMBEZIRK;;;N;759;628;131;0;442;324;118;0;118;13;1104;587;;337;;;;;;;;;;;;;180;;;;;;;;
010515172082;01051517208202;51082002;STIMMBEZIRK;;;N;757;601;156;0;502;369;133;0;133;11;1305;750;;331;;;;;;;;;;;;;224;;;;;;;;
010515172082;01051517208203;51082003;STIMMBEZIRK;;;N;786;663;123;0;461;346;115;0;115;12;1183;567;;384;;;;;;;;;;;;;232;;;;;;;;
010515172087;01051517208701;51087001;STIMMBEZIRK;;;N;780;631;149;0;501;371;130;0;130;8;2624;982;;;;;;;;;;;;;;;842;800;;;;;;;
010515172107;01051517210701;51107001;STIMMBEZIRK;;;N;406;362;44;0;196;155;41;0;41;4;840;;;;;;;;;;;;;;;;368;472;;;;;;;
010515172113;01051517211301;51113001;STIMMBEZIRK;;;N;1085;882;203;0;627;437;190;2;188;5;3585;1450;;;;;;;;;;;;;;;2135;;;;;;;;
010515172122;01051517212201;51122001;STIMMBEZIRK;;;N;960;759;201;0;539;352;187;1;186;12;3117;;;755;;;;;;;;;;;;;1488;874;;;;;;;
010515172122;01051517212201;51122002;STIMMBEZIRK;;;N;1000;872;128;0;539;420;119;0;119;7;3054;;;650;;;;;;;;;;;;;1536;868;;;;;;;
010515172130;01051517213001;51130001;STIMMBEZIRK;;;N;1169;950;219;0;760;554;206;0;206;8;4316;;;;;;;;;;;;;;;;2939;1377;;;;;;;
010515175001;01051517500101;51001001;STIMMBEZIRK;;;N;1040;865;175;0;602;435;167;1;166;11;1645;633;;405;147;;;;;;;;;;;;304;156;;;;;;;
010515175001;01051517500102;51001002;STIMMBEZIRK;;;N;956;828;128;0;363;259;104;0;104;10;967;430;;151;125;;;;;;;;;;;;158;103;;;;;;;
010515175001;01051517500103;51001003;STIMMBEZIRK;;;N;899;768;131;0;443;328;115;0;115;6;1185;419;;248;119;;;;;;;;;;;;251;148;;;;;;;
010515175002;01051517500201;51002001;STIMMBEZIRK;;;N;181;160;21;0;131;115;16;0;16;2;451;;;;;;;;;;;;;;;;451;;;;;;;;
010515175004;01051517500401;51004001;STIMMBEZIRK;;;N;780;663;117;0;441;347;94;0;94;11;1387;;;;;;;;;;;;;;;;1387;;;;;;;;
010515175006;01051517500601;51006001;STIMMBEZIRK;;;N;621;542;79;0;386;314;72;0;72;0;2004;666;;406;;;;;;;;;;;;;932;;;;;;;;
010515175015;01051517501501;51015001;STIMMBEZIRK;;;N;656;549;107;0;398;303;95;0;95;2;1990;;;;;;;;;;;;;;;;1281;709;;;;;;;
010515175017;01051517501701;51017001;STIMMBEZIRK;;;N;270;234;36;0;150;115;35;0;35;0;394;;;;;;;;;;;;;;;;394;;;;;;;;
010515175027;01051517502701;51027001;STIMMBEZIRK;;;N;752;616;136;0;485;361;124;0;124;11;1379;;;;;;;;;;;;;;;;1379;;;;;;;;
010515175028;01051517502801;51028001;STIMMBEZIRK;;;N;647;566;81;0;339;266;73;0;73;5;1212;;;;;;;;;;;;;;;;1212;;;;;;;;
010515175039;01051517503901;51039001;STIMMBEZIRK;;;N;339;278;61;0;232;175;57;0;57;5;746;;;;;;;;;;;;;;;;746;;;;;;;;
010515175054;01051517505401;51054001;STIMMBEZIRK;;;N;91;71;20;0;54;39;15;0;15;0;165;;;;;;;;;;;;;;;;165;;;;;;;;
010515175063;01051517506301;51063001;STIMMBEZIRK;;;N;435;375;60;0;290;236;54;0;54;0;793;;;;;;;;;;;;;;;;793;;;;;;;;
010515175074;01051517507401;51074001;STIMMBEZIRK;;;N;1349;1130;219;0;741;541;200;0;200;8;1321;386;110;280;126;;;157;;;;;;;;;262;;;;;;;;
010515175074;01051517507402;51074002;STIMMBEZIRK;;;N;1129;955;174;0;500;340;160;0;160;11;871;299;55;244;48;;;46;;;;;;;;;179;;;;;;;;
010515175074;01051517507403;51074003;STIMMBEZIRK;;;N;1087;888;199;0;526;345;181;1;180;14;952;351;84;231;43;;;76;;;;;;;;;167;;;;;;;;
010515175074;01051517507404;51074004;STIMMBEZIRK;;;N;1368;1052;316;0;794;507;287;0;287;12;1428;396;148;304;142;;;89;;;;;;;;;349;;;;;;;;
010515175074;01051517507405;51074005;STIMMBEZIRK;;;N;1114;929;185;0;567;402;165;0;165;6;1001;270;71;289;91;;;81;;;;;;;;;199;;;;;;;;
010515175078;01051517507801;51078001;STIMMBEZIRK;;;N;752;644;108;0;474;379;95;0;95;9;2154;;;;;;;;;;;;;;;;1681;473;;;;;;;
010515175078;01051517507801;51078002;STIMMBEZIRK;;;N;182;148;34;0;139;108;31;0;31;7;713;;;;;;;;;;;;;;;;123;590;;;;;;;
010515175083;01051517508301;51083001;STIMMBEZIRK;;;N;280;229;51;0;177;130;47;0;47;5;493;;;;;;;;;;;;;;;;493;;;;;;;;
010515175085;01051517508501;51085001;STIMMBEZIRK;;;N;211;187;24;0;144;124;20;0;20;2;405;;;;;;;;;;;;;;;;405;;;;;;;;
010515175086;01051517508601;51086001;STIMMBEZIRK;;;N;360;296;64;0;246;188;58;1;57;5;1003;;;;;;;;;;;;;;;;355;648;;;;;;;
010515175098;01051517509801;51098001;STIMMBEZIRK;;;N;635;530;105;0;373;278;95;0;95;3;1150;;;;;;;;;;;;;;;;1150;;;;;;;;
010515175099;01051517509901;51099001;STIMMBEZIRK;;;N;1112;979;133;0;694;576;118;0;118;8;4029;;;;;;;;;;;;;;;;1627;2402;;;;;;;
010515175126;01051517512601;51126001;STIMMBEZIRK;;;N;66;44;22;0;53;33;20;0;20;0;113;;;;;;;;;;;;;;;;113;;;;;;;;
010515175134;01051517513401;51134001;STIMMBEZIRK;;;N;627;538;89;0;395;313;82;1;81;3;1961;;;;;;;;;;;;;;;;746;1215;;;;;;;
010515175135;01051517513501;51135001;STIMMBEZIRK;;;N;275;229;46;0;200;158;42;0;42;5;577;;;;;;;;;;;;;;;;577;;;;;;;;
010515175137;01051517513701;51137001;STIMMBEZIRK;;;N;524;439;85;0;307;237;70;0;70;7;1361;;;;;;;;;;;;;;;;249;464;648;;;;;;
010515175138;01051517513801;51138001;STIMMBEZIRK;;;N;555;506;49;0;310;265;45;0;45;2;1026;;;;;;;;;;;;;;;;1026;;;;;;;;
010515178013;01051517801301;51013001;STIMMBEZIRK;;;N;1372;1058;314;0;701;406;295;0;295;15;1796;729;200;440;;;;;;;;;;;;;427;;;;;;;;
010515178013;01051517801302;51013002;STIMMBEZIRK;;;N;1367;1084;283;0;689;427;262;0;262;14;1809;864;254;403;;;;;;;;;;;;;288;;;;;;;;
010515178013;01051517801303;51013003;STIMMBEZIRK;;;N;1537;1265;272;0;796;561;235;0;235;28;2012;805;225;538;;;;;;;;;;;;;444;;;;;;;;
010515178014;01051517801401;51014001;STIMMBEZIRK;;;N;324;266;58;0;196;139;57;0;57;5;449;;;;;;;;;;;;;;;;449;;;;;;;;
010515178043;01051517804301;51043001;STIMMBEZIRK;;;N;193;134;59;0;138;81;57;0;57;2;598;;;;;;;;;;;;;;;;312;286;;;;;;;
010515178045;01051517804501;51045001;STIMMBEZIRK;;;N;137;122;15;0;88;75;13;0;13;3;168;;;;;;;;;;;;;;;;168;;;;;;;;
010515178079;01051517807901;51079001;STIMMBEZIRK;;;N;368;323;45;0;200;155;45;0;45;0;617;;;;;;;;;;;;;;;;617;;;;;;;;
010515178084;01051517808401;51084001;STIMMBEZIRK;;;N;231;212;19;0;106;87;19;0;19;0;335;;;;;;;;;;;;;;;;335;;;;;;;;
010515178093;01051517809301;51093001;STIMMBEZIRK;;;N;333;291;42;0;200;166;34;0;34;2;489;;;;;;;;;;;;;;;;489;;;;;;;;
010515178105;01051517810501;51105001;STIMMBEZIRK;;;N;347;294;53;0;208;157;51;0;51;2;494;;;;;;;;;;;;;;;;494;;;;;;;;
010515178108;01051517810801;51108001;STIMMBEZIRK;;;N;88;79;9;0;63;54;9;0;9;0;152;;;;;;;;;;;;;;;;152;;;;;;;;
010515178109;01051517810901;51109001;STIMMBEZIRK;;;N;396;348;48;0;210;164;46;0;46;10;558;;;;;;;;;;;;;;;;558;;;;;;;;
010515178121;01051517812101;51121001;STIMMBEZIRK;;;N;223;173;50;0;142;93;49;0;49;8;246;;;;;;;;;;;;;;;;246;;;;;;;;
010515178127;01051517812701;51127001;STIMMBEZIRK;;;N;909;799;110;0;397;294;103;0;103;4;993;430;;221;96;;;;;;;;;;;;120;126;;;;;;;
010515178127;01051517812702;51127002;STIMMBEZIRK;;;N;1005;928;77;0;361;293;68;0;68;2;905;325;;264;53;;;;;;;;;;;;137;126;;;;;;;
010515178127;01051517812703;51127003;STIMMBEZIRK;;;N;991;879;112;0;360;250;110;0;110;9;917;304;;302;113;;;;;;;;;;;;111;87;;;;;;;
010515178128;01051517812801;51128001;STIMMBEZIRK;;;N;102;99;3;0;71;68;3;0;3;2;144;;;;;;;;;;;;;;;;144;;;;;;;;
010515178129;01051517812901;51129001;STIMMBEZIRK;;;N;150;142;8;0;79;71;8;0;8;0;145;;;;;;;;;;;;;;;;145;;;;;;;;
010515178132;01051517813201;51132001;STIMMBEZIRK;;;N;737;628;109;0;355;250;105;0;105;10;1155;;;;;;;;;;;;;;;;1155;;;;;;;;
010515178140;01051517814001;51140001;STIMMBEZIRK;;;N;226;186;40;0;138;98;40;0;40;1;350;;;;;;;;;;;;;;;;350;;;;;;;;
010535308008;01053530800801;53008001;STIMMBEZIRK;;;N;342;294;48;0;263;220;43;0;43;1;1243;641;;;;;;;;;;;;;;;123;479;;;;;;;
010535308009;01053530800901;53009001;STIMMBEZIRK;;;N;1765;1475;290;0;879;620;259;0;259;20;4220;;;1739;;;;;;;;;;;;;2112;369;;;;;;;
010535308011;01053530801101;53011001;STIMMBEZIRK;;;N;509;430;79;0;362;290;72;0;72;0;1712;;;558;;;;;;;;;;;;;264;890;;;;;;;
010535308024;01053530802401;53024001;STIMMBEZIRK;;;N;131;120;11;0;82;71;11;0;11;3;211;;;;;;;;;;;;;;;;211;;;;;;;;
010535308034;01053530803401;53034001;STIMMBEZIRK;;;N;198;170;28;0;157;129;28;0;28;2;670;429;;;;;;;;;;;;;;;241;;;;;;;;
010535308061;01053530806101;53061001;STIMMBEZIRK;;;N;977;798;179;0;606;450;156;0;156;2;3382;;;839;;;;;;;;;;;;;658;1885;;;;;;;
010535308067;01053530806701;53067001;STIMMBEZIRK;;;N;513;421;92;0;378;292;86;0;86;3;1590;697;;;;;;;;;;;;;;;392;331;;;;;;170;
010535308075;01053530807501;53075001;STIMMBEZIRK;;;N;1355;1139;216;0;923;727;196;0;196;15;5597;2011;;1502;;;;;;;;;;;;;2084;;;;;;;;
010535308094;01053530809401;53094001;STIMMBEZIRK;;;N;164;128;36;0;129;93;36;0;36;2;447;;;;;;;;;;;;;;;;265;182;;;;;;;
010535308103;01053530810301;53103001;STIMMBEZIRK;;;N;647;559;88;0;381;305;76;0;76;2;1994;621;;;;;;;;;;;;;;;593;780;;;;;;;
010535308120;01053530812001;53120001;STIMMBEZIRK;;;N;314;273;41;0;165;132;33;0;33;4;527;;;;;;;;;;;;;;;;444;83;;;;;;;
010535313002;01053531300201;53002001;STIMMBEZIRK;;;N;672;552;120;0;363;256;107;2;105;9;1783;;;368;;;;;;;;;;;;;1415;;;;;;;;
010535313005;01053531300501;53005001;STIMMBEZIRK;;;N;193;162;31;0;119;89;30;0;30;0;296;;;;;;;;;;;;;;;;296;;;;;;;;
010535313013;01053531301301;53013001;STIMMBEZIRK;;;N;274;236;38;0;219;183;36;1;35;0;1021;;;;;;;;;;;;;;;;561;460;;;;;;;
010535313014;01053531301401;53014001;STIMMBEZIRK;;;N;1680;1414;266;0;1002;750;252;0;252;9;6309;;;;;;;;;;;;;;;;3240;3069;;;;;;;
010535313037;01053531303701;53037001;STIMMBEZIRK;;;N;417;353;64;0;301;240;61;0;61;6;1368;;;;;;;;;;;;;;;;583;785;;;;;;;
010535313056;01053531305601;53056001;STIMMBEZIRK;;;N;171;157;14;0;99;87;12;0;12;1;206;;;;;;;;;;;;;;;;206;;;;;;;;
010535313084;01053531308401;53084001;STIMMBEZIRK;;;N;497;423;74;0;303;232;71;0;71;2;1444;;;;;;;;;;;;;;;;623;602;219;;;;;;
010535313095;01053531309501;53095001;STIMMBEZIRK;;;N;569;490;79;0;397;318;79;1;78;4;1795;;;;;;;;;;;;;;;;1212;507;76;;;;;;
010535313113;01053531311301;53113001;STIMMBEZIRK;;;N;437;383;54;0;276;224;52;0;52;6;1206;;;;;;;;;;;;;;;;358;848;;;;;;;
010535313125;01053531312501;53125001;STIMMBEZIRK;;;N;433;357;76;0;242;169;73;2;71;4;639;;;;;;;;;;;;;;;;639;;;;;;;;
010535313134;01053531313401;53134001;STIMMBEZIRK;;;N;286;259;27;0;156;134;22;0;22;1;471;;;;;;;;;;;;;;;;471;;;;;;;;
010535318010;01053531801001;53010001;STIMMBEZIRK;;;N;76;70;6;0;60;56;4;0;4;5;148;;;;;;;;;;;;;;;;148;;;;;;;;
010535318015;01053531801501;53015001;STIMMBEZIRK;;;N;255;210;45;0;156;114;42;0;42;1;467;;;;;;;;;;;;;;;;467;;;;;;;;
010535318020;01053531802001;53020001;STIMMBEZIRK;;;N;567;495;72;0;295;228;67;0;67;6;551;182;97;91;;;;;;;;;;;;;181;;;;;;;;
010535318020;01053531802001;53020002;STIMMBEZIRK;;;N;604;495;109;0;347;250;97;2;95;0;647;145;155;124;;;;;;;;;;;;;223;;;;;;;;
010535318020;01053531802002;53020003;STIMMBEZIRK;;;N;177;159;18;0;119;102;17;0;17;0;228;55;21;78;;;;;;;;;;;;;74;;;;;;;;
010535318020;01053531802002;53020004;STIMMBEZIRK;;;N;804;660;144;0;414;281;133;0;133;7;761;206;103;128;;;;;;;;;;;;;324;;;;;;;;
010535318020;01053531802003;53020005;STIMMBEZIRK;;;N;560;483;77;0;338;270;68;0;68;1;633;215;75;132;;;;;;;;;;;;;211;;;;;;;;
010535318020;01053531802003;53020006;STIMMBEZIRK;;;N;513;400;113;0;262;164;98;0;98;6;473;124;83;109;;;;;;;;;;;;;157;;;;;;;;
010535318020;01053531802004;53020007;STIMMBEZIRK;;;N;465;361;104;0;281;187;94;0;94;4;531;154;87;167;;;;;;;;;;;;;123;;;;;;;;
010535318020;01053531802004;53020008;STIMMBEZIRK;;;N;525;421;104;0;293;198;95;0;95;9;522;153;105;146;;;;;;;;;;;;;118;;;;;;;;
010535318020;01053531802005;53020009;STIMMBEZIRK;;;N;520;404;116;0;356;245;111;0;111;6;639;157;104;194;;;;;;;;;;;;;184;;;;;;;;
010535318020;01053531802005;53020010;STIMMBEZIRK;;;N;535;453;82;0;286;211;75;0;75;5;512;156;86;95;;;;;;;;;;;;;175;;;;;;;;
010535318029;01053531802901;53029001;STIMMBEZIRK;;;N;319;289;30;0;185;163;22;0;22;2;607;;;;;;;;;;;;;;;;607;;;;;;;;
010535318046;01053531804601;53046001;STIMMBEZIRK;;;N;1144;952;192;0;557;446;111;0;111;4;3580;1346;133;754;;;;31;;;;;;;;;523;668;125;;;;;;
010535318046;01053531804601;53046002;STIMMBEZIRK;;;N;342;283;59;0;251;131;120;0;120;1;1567;526;60;197;;;;29;;;;;;;;;95;481;179;;;;;;
010535318048;01053531804801;53048001;STIMMBEZIRK;;;N;605;483;122;0;384;255;129;0;129;3;2306;344;;194;102;;;;;;;;;;;;1108;558;;;;;;;
010535318048;01053531804801;53048002;STIMMBEZIRK;;;N;558;430;128;0;338;237;101;2;99;5;2028;355;;121;137;;;;;;;;;;;;871;544;;;;;;;
010535318064;01053531806401;53064001;STIMMBEZIRK;;;N;541;455;86;0;343;260;83;0;83;3;1489;;;307;;;;;;;;;;;;;784;398;;;;;;;
010535318080;01053531808001;53080001;STIMMBEZIRK;;;N;132;104;28;0;94;70;24;0;24;3;224;;;;;;;;;;;;;;;;224;;;;;;;;
010535318092;01053531809201;53092001;STIMMBEZIRK;;;N;958;830;128;0;565;447;118;0;118;2;3044;;;531;;;;;;;;;;;;;837;1676;;;;;;;
010535318104;01053531810401;53104001;STIMMBEZIRK;;;N;469;404;65;0;312;249;63;0;63;4;1357;;;434;;;;;;;;;;;;;923;;;;;;;;
010535318115;01053531811501;53115001;STIMMBEZIRK;;;N;373;318;55;0;261;207;54;1;53;7;1086;;;;;;;;;;;;;;;;337;749;;;;;;;
010535318119;01053531811901;53119001;STIMMBEZIRK;;;N;243;191;52;0;201;149;52;0;52;0;907;;;;;;;;;;;;;;;;334;573;;;;;;;
010535318126;01053531812601;53126001;STIMMBEZIRK;;;N;291;248;43;0;204;166;38;0;38;1;933;;;;;;;;;;;;;;;;376;557;;;;;;;
010535318132;01053531813201;53132001;STIMMBEZIRK;;;N;770;671;99;0;489;398;91;0;91;2;2607;863;;;;;;;;;;;;;;;1614;130;;;;;;;
010535323003;01053532300301;53003001;STIMMBEZIRK;;;N;908;631;277;0;569;316;253;2;251;7;1557;462;394;227;;;;;;;;;;;;;474;;;;;;;;
010535323003;01053532300302;53003002;STIMMBEZIRK;;;N;846;625;221;0;506;306;200;0;200;7;1421;502;280;211;;;;;;;21;;;;;;407;;;;;;;;
010535323003;01053532300303;53003003;STIMMBEZIRK;;;N;846;621;225;0;551;357;194;0;194;4;1513;420;422;151;;;;;;;;;;;;;447;73;;;;;;;
010535323012;01053532301201;53012001;STIMMBEZIRK;;;N;1443;1165;278;0;763;511;252;0;252;47;1958;;731;1227;;;;;;;;;;;;;;;;;;;;;
010535323012;01053532301202;53012002;STIMMBEZIRK;;;N;1268;966;302;0;745;479;266;3;263;44;1891;;641;1250;;;;;;;;;;;;;;;;;;;;;
010535323012;01053532301203;53012003;STIMMBEZIRK;;;N;1122;992;130;0;439;329;110;0;110;23;1087;;330;757;;;;;;;;;;;;;;;;;;;;;
010535323023;01053532302301;53023001;STIMMBEZIRK;;;N;1007;775;232;0;654;439;215;2;213;6;1828;300;;454;;;;;;;;;;;;;1074;;;;;;;;
010535323023;01053532302302;53023002;STIMMBEZIRK;;;N;882;714;168;0;499;348;151;0;151;3;1406;263;;500;;;;;;;;;;;;;643;;;;;;;;
010535323023;01053532302303;53023003;STIMMBEZIRK;;;N;878;633;245;0;585;364;221;0;221;7;1599;319;;309;;;;;;;;;;;;;971;;;;;;;;
010535323028;01053532302801;53028001;STIMMBEZIRK;;;N;1050;882;168;0;490;351;139;4;135;30;1277;456;156;227;;;;;;;;;;;;;438;;;;;;;;
010535323028;01053532302802;53028002;STIMMBEZIRK;;;N;938;793;145;0;561;424;137;8;129;3;1591;302;331;352;;;;;;;;;;;;;606;;;;;;;;
010535323028;01053532302803;53028003;STIMMBEZIRK;;;N;1093;911;182;0;625;453;172;1;171;8;1728;422;319;241;;;;;;;;;;;;;746;;;;;;;;
010535323050;01053532305001;53050001;STIMMBEZIRK;;;N;690;573;117;0;453;342;111;0;111;7;2235;1358;;877;;;;;;;;;;;;;;;;;;;;;
010535323053;01053532305301;53053001;STIMMBEZIRK;;;N;426;341;85;0;299;221;78;0;78;2;1353;;;;;;;;;;;;;;;;730;623;;;;;;;
010535323072;01053532307201;53072001;STIMMBEZIRK;;;N;1036;802;234;0;674;453;221;0;221;10;3894;1653;;207;;;;;;;;;;;;;1374;660;;;;;;;
010535323131;01053532313101;53131001;STIMMBEZIRK;;;N;158;121;37;0;130;93;37;0;37;1;615;;;;;;;;;;;;;;;;365;250;;;;;;;
010535323133;01053532313301;53133001;STIMMBEZIRK;;;N;648;502;146;0;443;309;134;0;134;14;2557;;854;299;508;;;;;;;;;;;;896;;;;;;;;
010535323133;01053532313301;53133002;STIMMBEZIRK;;;N;704;548;156;0;405;273;132;2;130;8;2359;;505;414;742;;;;;;;;;;;;698;;;;;;;;
010535323133;01053532313301;53133003;STIMMBEZIRK;;;N;645;484;161;0;395;253;142;0;142;8;2344;;674;320;473;;;;;;;;;;;;877;;;;;;;;
010535323135;01053532313501;53135001;STIMMBEZIRK;;;N;142;129;13;0;96;84;12;0;12;1;259;;;;;;;;;;;;;;;;259;;;;;;;;
010535343006;01053534300601;53006001;STIMMBEZIRK;;;N;569;485;84;0;311;235;76;0;76;5;995;;;;;;;;;;;;;;;;995;;;;;;;;
010535343019;01053534301901;53019001;STIMMBEZIRK;;;N;136;121;15;0;74;59;15;0;15;4;162;;;;;;;;;;;;;;;;162;;;;;;;;
010535343022;01053534302201;53022001;STIMMBEZIRK;;;N;298;253;45;0;183;140;43;0;43;1;546;;;;;;;;;;;;;;;;546;;;;;;;;
010535343058;01053534305801;53058001;STIMMBEZIRK;;;N;156;142;14;0;101;88;13;0;13;0;218;;;;;;;;;;;;;;;;218;;;;;;;;
010535343073;01053534307301;53073001;STIMMBEZIRK;;;N;296;261;35;0;185;152;33;0;33;1;507;;;;;;;;;;;;;;;;507;;;;;;;;
010535343074;01053534307401;53074001;STIMMBEZIRK;;;N;133;108;25;0;112;92;20;0;20;0;432;;;;;;;;;;;;;;;;;304;128;;;;;;
010535343082;01053534308201;53082001;STIMMBEZIRK;;;N;242;208;34;0;155;121;34;0;34;0;517;;;;;;;;;;;;;;;;395;122;;;;;;;
010535343087;01053534308701;53087001;STIMMBEZIRK;;;N;579;516;63;0;337;278;59;1;58;4;1223;;;;;;;;;;;;;;;;1080;143;;;;;;;
010535343111;01053534311101;53111001;STIMMBEZIRK;;;N;739;618;121;0;418;306;112;1;111;5;1220;;;;;;;;;;;;;;;;1220;;;;;;;;
010535343128;01053534312801;53128001;STIMMBEZIRK;;;N;176;158;18;0;105;88;17;0;17;1;300;;;;;;;;;;;;;;;;300;;;;;;;;
010535358004;01053535800401;53004001;STIMMBEZIRK;;;N;733;600;133;0;425;304;121;0;121;8;1504;1339;;;;;;;;;;;;;;;165;;;;;;;;
010535358016;01053535801601;53016001;STIMMBEZIRK;;;N;136;111;25;0;92;68;24;0;24;2;243;;;;;;;;;;;;;;;;243;;;;;;;;
010535358018;01053535801801;53018001;STIMMBEZIRK;;;N;199;158;41;0;171;133;38;0;38;1;829;;;;;;;;;;;;;;;;296;301;232;;;;;;
010535358026;01053535802601;53026001;STIMMBEZIRK;;;N;338;273;65;0;220;155;65;0;65;8;666;;;;;;;;;;;;;;;;666;;;;;;;;
010535358033;01053535803301;53033001;STIMMBEZIRK;;;N;122;106;16;0;71;55;16;0;16;0;211;;;;;;;;;;;;;;;;211;;;;;;;;
010535358040;01053535804001;53040001;STIMMBEZIRK;;;N;67;57;10;0;49;42;7;0;7;4;110;;;;;;;;;;;;;;;;110;;;;;;;;
010535358041;01053535804101;53041001;STIMMBEZIRK;;;N;1113;947;166;0;643;498;145;0;145;17;1608;733;;741;134;;;;;;;;;;;;;;;;;;;;
010535358041;01053535804102;53041002;STIMMBEZIRK;;;N;969;786;183;0;641;476;165;0;165;14;1694;781;;814;99;;;;;;;;;;;;;;;;;;;;
010535358041;01053535804103;53041003;STIMMBEZIRK;;;N;954;801;153;0;662;525;137;0;137;11;1715;823;;763;129;;;;;;;;;;;;;;;;;;;;
010535358043;01053535804301;53043001;STIMMBEZIRK;;;N;820;672;148;0;521;383;138;0;138;9;1649;;;;;;;;;;;;;;;;1649;;;;;;;;
010535358051;01053535805101;53051001;STIMMBEZIRK;;;N;250;212;38;0;181;145;36;0;36;4;288;;;;;;;;;;;;;;;;288;;;;;;;;
010535358054;01053535805401;53054001;STIMMBEZIRK;;;N;385;324;61;0;235;182;53;0;53;6;725;;;;;;;;;;;;;;;;725;;;;;;;;
010535358057;01053535805701;53057001;STIMMBEZIRK;;;N;219;169;50;0;157;111;46;0;46;2;693;261;;;;;;;;;;;;;;;432;;;;;;;;
010535358062;01053535806201;53062001;STIMMBEZIRK;;;N;231;197;34;0;157;125;32;0;32;4;410;;;;;;;;;;;;;;;;410;;;;;;;;
010535358066;01053535806601;53066001;STIMMBEZIRK;;;N;206;185;21;0;129;109;20;0;20;2;467;;;;;;;;;;;;;;;;467;;;;;;;;
010535358078;01053535807801;53078001;STIMMBEZIRK;;;N;168;145;23;0;112;90;22;0;22;0;320;;;;;;;;;;;;;;;;320;;;;;;;;
010535358088;01053535808801;53088001;STIMMBEZIRK;;;N;106;98;8;0;91;83;8;0;8;1;241;;;;;;;;;;;;;;;;241;;;;;;;;
010535358093;01053535809301;53093001;STIMMBEZIRK;;;N;607;481;126;0;441;319;122;0;122;0;2053;;;;;;;;;;;;;;;;844;1209;;;;;;;
010535358098;01053535809801;53098001;STIMMBEZIRK;;;N;405;349;56;0;244;192;52;0;52;4;733;;;;;;;;;;;;;;;;733;;;;;;;;
010535358107;01053535810701;53107001;STIMMBEZIRK;;;N;343;272;71;0;282;216;66;0;66;0;1302;;212;;;;;;;;;;;;;;401;689;;;;;;;
010535358107;01053535810701;53107002;STIMMBEZIRK;;;N;160;108;52;0;112;64;48;0;48;1;515;;145;;;;;;;;;;;;;;81;289;;;;;;;
010535358110;01053535811001;53110001;STIMMBEZIRK;;;N;482;412;70;0;309;245;64;0;64;4;1356;;;;;;;;;;;;;;;;811;545;;;;;;;
010535358117;01053535811701;53117001;STIMMBEZIRK;;;N;340;267;73;0;215;149;66;0;66;5;627;;;;;;;;;;;;;;;;627;;;;;;;;
010535358117;01053535811701;53117002;STIMMBEZIRK;;;N;121;107;14;0;84;71;13;0;13;2;305;;;;;;;;;;;;;;;;305;;;;;;;;
010535358123;01053535812301;53123001;STIMMBEZIRK;;;N;773;702;71;0;388;324;64;0;64;24;1503;;;;;;;;;;;;;;;;1503;;;;;;;;
010535358136;01053535813601;53136001;STIMMBEZIRK;;;N;932;778;154;0;599;454;145;0;145;8;2966;1105;;;;;;;;;;;;;;;1861;;;;;;;;
010535373007;01053537300701;53007001;STIMMBEZIRK;;;N;337;260;77;0;236;166;70;4;66;0;1072;;;;;;;;;;;;;;;;407;645;20;;;;;;
010535373017;01053537301701;53017001;STIMMBEZIRK;;;N;600;507;93;0;340;254;86;0;86;4;1553;;;;;;;;;;;;;;;;982;571;;;;;;;
010535373021;01053537302101;53021001;STIMMBEZIRK;;;N;137;102;35;0;107;78;29;2;27;0;307;;;;;;;;;;;;;;;;307;;;;;;;;
010535373027;01053537302701;53027001;STIMMBEZIRK;;;N;680;594;86;0;348;267;81;1;80;3;1221;;;;;;;;;;;;;;;;1221;;;;;;;;
010535373031;01053537303101;53031001;STIMMBEZIRK;;;N;326;279;47;0;216;175;41;0;41;1;926;;;;;;;;;;;;;;;;464;235;227;;;;;;
010535373036;01053537303601;53036001;STIMMBEZIRK;;;N;298;256;42;0;216;177;39;0;39;1;917;;;;;;;;;;;;;;;;565;352;;;;;;;
010535373042;01053537304201;53042001;STIMMBEZIRK;;;N;136;125;11;0;90;82;8;0;8;0;236;;;;;;;;;;;;;;;;236;;;;;;;;
010535373045;01053537304501;53045001;STIMMBEZIRK;;;N;229;193;36;0;187;154;33;0;33;0;879;;;;;;;;;;;;;;;;242;268;369;;;;;;
010535373047;01053537304701;53047001;STIMMBEZIRK;;;N;1068;934;134;0;596;486;110;0;110;14;2483;;;;;;;;;;;;;;;;2483;;;;;;;;
010535373049;01053537304901;53049001;STIMMBEZIRK;;;N;419;351;68;0;281;222;59;0;59;2;1165;;;;;;;;;;;;;;;;633;532;;;;;;;
010535373052;01053537305201;53052001;STIMMBEZIRK;;;N;155;124;31;0;109;82;27;0;27;2;383;;;;;;;;;;;;;;;;137;246;;;;;;;
010535373059;01053537305901;53059001;STIMMBEZIRK;;;N;183;153;30;0;143;119;24;0;24;0;408;;;;;;;;;;;;;;;;408;;;;;;;;
010535373060;01053537306001;53060001;STIMMBEZIRK;;;N;484;399;85;0;369;293;76;1;75;1;1715;;;;;;;;;;;;;;;;572;1143;;;;;;;
010535373070;01053537307001;53070001;STIMMBEZIRK;;;N;260;203;57;0;176;123;53;0;53;1;451;;;;;;;;;;;;;;;;451;;;;;;;;
010535373071;01053537307101;53071001;STIMMBEZIRK;;;N;511;418;93;0;310;233;77;0;77;4;1072;;;;;;;;;;;;;;;;1072;;;;;;;;
010535373076;01053537307601;53076001;STIMMBEZIRK;;;N;1241;978;263;0;744;513;231;5;226;16;4206;;;;;;;;;;;;;;;;2834;1372;;;;;;;
010535373089;01053537308901;53089001;STIMMBEZIRK;;;N;430;381;49;0;324;277;47;0;47;6;1481;;;;;;;;;;;;;;;;861;620;;;;;;;
010535373091;01053537309101;53091001;STIMMBEZIRK;;;N;165;148;17;0;105;89;16;0;16;2;242;;;;;;;;;;;;;;;;242;;;;;;;;
010535373106;01053537310601;53106001;STIMMBEZIRK;;;N;364;318;46;0;224;182;42;0;42;6;565;;;;;;;;;;;;;;;;565;;;;;;;;
010535391025;01053539102501;53025001;STIMMBEZIRK;;;N;456;386;70;0;357;293;64;0;64;1;1724;;;;;;;;;;;;;;;;779;407;538;;;;;;
010535391038;01053539103801;53038001;STIMMBEZIRK;;;N;260;235;25;0;134;111;23;0;23;4;412;;;;;;;;;;;;;;;;412;;;;;;;;
010535391039;01053539103901;53039001;STIMMBEZIRK;;;N;182;158;24;0;157;133;24;0;24;1;591;;;;;;;;;;;;;;;;310;281;;;;;;;
010535391044;01053539104401;53044001;STIMMBEZIRK;;;N;465;411;54;0;336;285;51;0;51;6;1584;;;;;;;;;;;;;;;;697;515;372;;;;;;
010535391068;01053539106801;53068001;STIMMBEZIRK;;;N;478;434;44;0;309;272;37;0;37;2;1366;;;;;;;;;;;;;;;;708;658;;;;;;;
010535391069;01053539106901;53069001;STIMMBEZIRK;;;N;683;614;69;0;383;320;63;1;62;3;1938;;;;;;;;;;;;;;;;1014;924;;;;;;;
010535391077;01053539107701;53077001;STIMMBEZIRK;;;N;296;263;33;0;184;157;27;0;27;9;618;;;;;;;;;;;;;;;;618;;;;;;;;
010535391079;01053539107901;53079001;STIMMBEZIRK;;;N;732;647;85;0;516;441;75;0;75;7;2662;1000;;1552;;;;;;;;;;;;;110;;;;;;;;
010535391081;01053539108101;53081001;STIMMBEZIRK;;;N;384;327;57;0;240;184;56;0;56;2;1097;;;;;;;;;;;;;;;;436;661;;;;;;;
010535391085;01053539108501;53085001;STIMMBEZIRK;;;N;1013;1013;0;0;533;446;87;0;87;31;1913;1913;;;;;;;;;;;;;;;;;;;;;;;
010535391086;01053539108601;53086001;STIMMBEZIRK;;;N;248;222;26;0;137;114;23;0;23;4;327;;;;;;;;;;;;;;;;327;;;;;;;;
010535391096;01053539109601;53096001;STIMMBEZIRK;;;N;936;798;138;0;502;376;126;0;126;7;2690;1506;;587;597;;;;;;;;;;;;;;;;;;;;
010535391097;01053539109701;53097001;STIMMBEZIRK;;;N;560;497;63;0;267;211;56;1;55;11;665;;;;;;;;;;;;;;;;665;;;;;;;;
010535391099;01053539109901;53099001;STIMMBEZIRK;;;N;310;291;19;0;190;172;18;0;18;5;537;;;;;;;;;;;;;;;;537;;;;;;;;
010535391101;01053539110101;53101001;STIMMBEZIRK;;;N;259;221;38;0;153;115;38;1;37;4;501;;;;;;;;;;;;;;;;501;;;;;;;;
010535391108;01053539110801;53108001;STIMMBEZIRK;;;N;1513;1242;271;0;892;647;245;1;244;16;5650;;1038;;;;;;;;;;;;;;1104;3508;;;;;;;
010535391109;01053539110901;53109001;STIMMBEZIRK;;;N;567;478;89;0;363;278;85;0;85;2;1683;;;;;;;;;;;;;;;;162;1086;435;;;;;;
010535391112;01053539111201;53112001;STIMMBEZIRK;;;N;1187;1018;169;0;686;540;146;0;146;6;4320;1558;;;;;;;;;;;;;;;996;1766;;;;;;;
010535391114;01053539111401;53114001;STIMMBEZIRK;;;N;144;135;9;0;97;89;8;0;8;0;294;;;;;;;;;;;;;;;;294;;;;;;;;
010535391118;01053539111801;53118001;STIMMBEZIRK;;;N;506;435;71;0;346;278;68;0;68;2;1601;518;;482;;;;;;;;;;;;;601;;;;;;;;
010535391121;01053539112101;53121001;STIMMBEZIRK;;;N;274;250;24;0;159;137;22;0;22;5;464;;;;;;;;;;;;;;;;464;;;;;;;;
010535391122;01053539112201;53122001;STIMMBEZIRK;;;N;471;398;73;0;307;237;70;0;70;6;1275;;;;;;;;;;;;;;;;763;467;45;;;;;;
010535391124;01053539112401;53124001;STIMMBEZIRK;;;N;334;277;57;0;229;180;49;0;49;8;1029;;;;;;;;;;;;;;;;428;601;;;;;;;
010535391127;01053539112701;53127001;STIMMBEZIRK;;;N;175;147;28;0;113;85;28;0;28;10;328;;;;;;;;;;;;;;;;328;;;;;;;;
010535391130;01053539113001;53130001;STIMMBEZIRK;;;N;623;534;89;0;330;249;81;0;81;12;905;;;;;;;;;;;;;;;;905;;;;;;;;
010545417035;01054541703501;54035001;STIMMBEZIRK;;;N;299;235;64;0;166;107;59;0;59;1;437;;;;;;;;;;;;;;;;437;;;;;;;;
010545417036;01054541703601;54036001;STIMMBEZIRK;;;N;835;691;144;0;429;298;131;0;131;4;1116;425;;277;;414;;;;;;;;;;;;;;;;;;;
010545417036;01054541703602;54036002;STIMMBEZIRK;;;N;808;707;101;0;326;231;95;1;94;1;865;287;;278;;300;;;;;;;;;;;;;;;;;;;
010545417036;01054541703603;54036003;STIMMBEZIRK;;;N;718;573;145;0;336;202;134;0;134;6;877;284;;239;;354;;;;;;;;;;;;;;;;;;;
010545417063;01054541706301;54063001;STIMMBEZIRK;;;N;147;119;28;0;109;85;24;0;24;1;257;;;;;;;;;;;;;;;;257;;;;;;;;
010545417072;01054541707201;54072001;STIMMBEZIRK;;;N;157;142;15;0;121;106;15;0;15;1;453;;;;;;;;;;;;;;;;286;167;;;;;;;
010545417095;01054541709501;54095001;STIMMBEZIRK;;;N;1108;903;205;0;722;542;180;0;180;11;4217;1095;;2334;;;;;;;;;;;;;788;;;;;;;;
010545417100;01054541710001;54100001;STIMMBEZIRK;;;N;198;157;41;0;138;98;40;0;40;3;645;99;;;;;;;;;;;;;;;229;317;;;;;;;
010545417104;01054541710401;54104001;STIMMBEZIRK;;;N;199;160;39;0;125;90;35;0;35;2;368;;;;;;;;;;;;;;;;368;;;;;;;;
010545417113;01054541711301;54113001;STIMMBEZIRK;;;N;1182;851;331;0;654;351;303;0;303;4;1746;451;271;211;92;;;;;;;;;;;;394;327;;;;;;;
010545417113;01054541711302;54113002;STIMMBEZIRK;;;N;1130;857;273;0;564;330;234;0;234;14;1507;417;314;128;123;;;;;;;;;;;;525;;;;;;;;
010545417113;01054541711303;54113003;STIMMBEZIRK;;;N;991;747;244;0;583;353;230;0;230;19;1513;399;328;275;112;;;;;;;;;;;;399;;;;;;;;
010545417134;01054541713401;54134001;STIMMBEZIRK;;;N;820;662;158;0;446;299;147;0;147;4;2275;803;476;;;;;;;;;;;;;;996;;;;;;;;
010545417135;01054541713501;54135001;STIMMBEZIRK;;;N;538;398;140;0;360;241;119;0;119;7;1543;628;488;;;;;;;;;;;;;;427;;;;;;;;
010545417140;01054541714001;54140001;STIMMBEZIRK;;;N;93;71;22;0;61;44;17;0;17;0;227;;;;;;;;;;;;;;;;117;110;;;;;;;
010545417145;01054541714501;54145001;STIMMBEZIRK;;;N;183;137;46;0;125;84;41;0;41;8;290;;;;;;;;;;;;;;;;290;;;;;;;;
010545417148;01054541714801;54148001;STIMMBEZIRK;;;N;174;140;34;0;115;84;31;0;31;4;253;;;;;;;;;;;;;;;;253;;;;;;;;
010545417150;01054541715001;54150001;STIMMBEZIRK;;;N;81;70;11;0;56;48;8;0;8;1;139;;;;;;;;;;;;;;;;139;;;;;;;;
010545439046;01054543904601;54046001;STIMMBEZIRK;;;N;802;643;159;0;433;294;139;0;139;4;2341;1085;;;;;;;;;;;;;;;1256;;;;;;;;
010545439061;01054543906101;54061001;STIMMBEZIRK;;;N;464;360;104;0;228;142;86;1;85;7;699;;;;;;;;;;;;;;;;699;;;;;;;;
010545439078;01054543907801;54078001;STIMMBEZIRK;;;N;1296;1035;261;0;647;426;221;0;221;11;3780;1824;874;1082;;;;;;;;;;;;;;;;;;;;;
010545439149;01054543914901;54149001;STIMMBEZIRK;;;N;1301;950;351;0;651;347;304;5;299;12;3894;556;807;;;;;;;;;;;;237;;1691;603;;;;;;;
010545453003;01054545300301;54003001;STIMMBEZIRK;;;N;437;399;38;0;257;220;37;0;37;1;781;;;;;;;;;;;;;;;;781;;;;;;;;
010545453004;01054545300401;54004001;STIMMBEZIRK;;;N;183;150;33;0;128;99;29;0;29;4;353;;;;;;;;;;;;;;;;353;;;;;;;;
010545453011;01054545301101;54011001;STIMMBEZIRK;;;N;462;415;47;0;293;249;44;0;44;4;1223;;;;;;;;;;;;;;;;573;650;;;;;;;
010545453013;01054545301301;54013001;STIMMBEZIRK;;;N;147;141;6;0;95;90;5;0;5;0;226;;;;;;;;;;;;;;;;226;;;;;;;;
010545453041;01054545304101;54041001;STIMMBEZIRK;;;N;766;686;80;0;478;406;72;0;72;1;2584;;;;;;;;;;;;;;;;883;706;995;;;;;;
010545453057;01054545305701;54057001;STIMMBEZIRK;;;N;595;536;59;0;319;263;56;0;56;5;1026;;;;;;;;;;;;;;;;1026;;;;;;;;
010545453079;01054545307901;54079001;STIMMBEZIRK;;;N;574;481;93;0;416;327;89;0;89;2;1906;;;;;;;;;;;;;;;;784;405;717;;;;;;
010545453092;01054545309201;54092001;STIMMBEZIRK;;;N;332;295;37;0;197;162;35;0;35;3;691;;;;;;;;;;;;;;;;691;;;;;;;;
010545453101;01054545310101;54101001;STIMMBEZIRK;;;N;541;482;59;0;278;222;56;0;56;1;1077;;;;;;;;;;;;;;;;660;417;;;;;;;
010545453118;01054545311801;54118001;STIMMBEZIRK;;;N;800;683;117;0;459;358;101;0;101;5;2060;;;;;;;;;;;;;;;;1106;954;;;;;;;
010545453123;01054545312301;54123001;STIMMBEZIRK;;;N;258;230;28;0;158;131;27;0;27;4;520;;;;;;;;;;;;;;;;520;;;;;;;;
010545453144;01054545314401;54144001;STIMMBEZIRK;;;N;806;692;114;0;317;317;0;0;0;3;1697;818;;;;;;;;;;;;;;;879;;;;;;;;
010545453144;01054545314401;54144002;STIMMBEZIRK;;;N;1000;849;151;0;698;458;240;0;240;11;3752;2042;;;;;;;;;;;;;;;1710;;;;;;;;
010545453152;01054545315201;54152001;STIMMBEZIRK;;;N;877;789;88;0;447;363;84;0;84;6;1995;;;;;;;;;;;;;;;;750;1245;;;;;;;
010545459050;01054545905001;54050001;STIMMBEZIRK;;;N;87;71;16;0;74;59;15;0;15;3;268;23;;121;;;;;;;;;;;;;124;;;;;;;;
010545459074;01054545907401;54074001;STIMMBEZIRK;;;N;121;68;53;0;103;53;50;0;50;2;336;;;;;;;;;;;;;;;;72;89;89;86;;;;;
010545459103;01054545910301;54103001;STIMMBEZIRK;;;N;1050;678;372;0;794;443;351;0;351;6;4402;1632;435;1373;;;;;;;;;;;;;962;;;;;;;;
010545488005;01054548800501;54005001;STIMMBEZIRK;;;N;321;298;23;0;157;135;22;0;22;1;441;;;;;;;;;;;;;;;;441;;;;;;;;
010545488015;01054548801501;54015001;STIMMBEZIRK;;;N;275;242;33;0;183;156;27;0;27;2;622;;;;;;;;;;;;;;;;622;;;;;;;;
010545488083;01054548808301;54083001;STIMMBEZIRK;;;N;323;268;55;0;214;161;53;0;53;1;826;;;;;;;;;;;;;;;;344;88;58;50;83;85;118;;
010545488085;01054548808501;54085001;STIMMBEZIRK;;;N;835;661;174;0;507;339;168;0;168;4;2607;850;;629;;;;;;;;;;;;;1128;;;;;;;;
010545488087;01054548808701;54087001;STIMMBEZIRK;;;N;492;412;80;0;267;195;72;1;71;9;789;;;;;;;;;;;;;;;;789;;;;;;;;
010545488089;01054548808901;54089001;STIMMBEZIRK;;;N;485;413;72;0;270;201;69;0;69;6;826;;;;;;;;;;;;;;;;826;;;;;;;;
010545488094;01054548809401;54094001;STIMMBEZIRK;;;N;392;341;51;0;224;177;47;0;47;3;684;;;;;;;;;;;;;;;;684;;;;;;;;
010545488098;01054548809801;54098001;STIMMBEZIRK;;;N;451;400;51;0;272;225;47;0;47;1;966;;;;;;;;;;;;;;;;821;145;;;;;;;
010545488129;01054548812901;54129001;STIMMBEZIRK;;;N;160;143;17;0;113;96;17;0;17;1;320;;;;;;;;;;;;;;;;308;12;;;;;;;
010545488143;01054548814301;54143001;STIMMBEZIRK;;;N;336;255;81;0;212;134;78;0;78;3;671;;;;;;;;;;;;;;;;578;93;;;;;;;
010545488160;01054548816001;54160001;STIMMBEZIRK;;;N;679;545;134;0;323;205;118;0;118;4;1060;;;;;;;;;;;;;;;;1060;;;;;;;;
010545488163;01054548816301;54163001;STIMMBEZIRK;;;N;506;411;95;0;291;199;92;0;92;1;1001;;;;;;;;;;;;;;;;734;132;135;;;;;;
010545488164;01054548816401;54164001;STIMMBEZIRK;;;N;1265;1027;238;0;561;355;206;0;206;9;1430;368;257;208;193;;;;;;;;;;;;404;;;;;;;;
010545488164;01054548816402;54164002;STIMMBEZIRK;;;N;1207;960;247;0;585;353;232;0;232;5;1503;422;351;223;204;;;;;;;;;;;;267;36;;;;;;;
010545488164;01054548816403;54164003;STIMMBEZIRK;;;N;1273;1026;247;0;635;398;237;2;235;7;1668;373;461;220;90;;;;;;;;;;;;524;;;;;;;;
010545489001;01054548900101;54001001;STIMMBEZIRK;;;N;1296;1118;178;0;740;580;160;0;160;7;4157;1004;;;;1331;;;;;;;;;;;1822;;;;;;;;
010545489009;01054548900901;54009001;STIMMBEZIRK;;;N;366;305;61;0;218;169;49;0;49;7;848;;;;;265;;;;;;;;;;;583;;;;;;;;
010545489016;01054548901601;54016001;STIMMBEZIRK;;;N;201;181;20;0;125;108;17;0;17;0;288;;;;;;;;;;;;;;;;288;;;;;;;;
010545489017;01054548901701;54017001;STIMMBEZIRK;;;N;556;446;110;0;366;260;106;0;106;2;1596;;112;;;254;;;;;;;;;;;659;571;;;;;;;
010545489018;01054548901801;54018001;STIMMBEZIRK;;;N;177;157;20;0;105;86;19;0;19;0;327;;;;;;;;;;;;;;;;327;;;;;;;;
010545489022;01054548902201;54022001;STIMMBEZIRK;;;N;318;250;68;0;179;123;56;0;56;5;849;101;;;;;;;;;;;;;;;105;89;479;75;;;;;
010545489022;01054548902201;54022002;STIMMBEZIRK;;;N;505;383;122;0;345;235;110;0;110;2;1802;100;;;;;;;;;;;;;;;661;218;289;534;;;;;
010545489027;01054548902701;54027001;STIMMBEZIRK;;;N;83;68;15;0;52;36;16;0;16;0;111;;;;;;;;;;;;;;;;111;;;;;;;;
010545489034;01054548903401;54034001;STIMMBEZIRK;;;N;135;117;18;0;96;78;18;0;18;1;337;126;;;;;;;;;;;;;;;211;;;;;;;;
010545489048;01054548904801;54048001;STIMMBEZIRK;;;N;80;71;9;0;55;47;8;0;8;0;124;;;;;;;;;;;;;;;;124;;;;;;;;
010545489055;01054548905501;54055001;STIMMBEZIRK;;;N;641;534;107;0;379;285;94;0;94;6;1974;;;;;511;;;;;;;;;;;892;571;;;;;;;
010545489062;01054548906201;54062001;STIMMBEZIRK;;;N;179;154;25;0;107;83;24;0;24;2;268;;;;;;;;;;;;;;;;268;;;;;;;;
010545489065;01054548906501;54065001;STIMMBEZIRK;;;N;847;718;129;0;422;309;113;0;113;2;1588;271;;;;;;;;;;;;;;;1254;63;;;;;;;
010545489068;01054548906801;54068001;STIMMBEZIRK;;;N;852;727;125;0;484;374;110;0;110;3;2418;;;;;631;;;;;;;;;;;1787;;;;;;;;
010545489073;01054548907301;54073001;STIMMBEZIRK;;;N;1196;1051;145;0;694;568;126;0;126;7;4000;1910;;510;;660;;;;;;;;;;;920;;;;;;;;
010545489076;01054548907601;54076001;STIMMBEZIRK;;;N;1393;1218;175;0;628;464;164;0;164;2;1088;305;;235;;233;53;;;;;;;;;;262;;;;;;;;
010545489076;01054548907602;54076002;STIMMBEZIRK;;;N;1228;1065;163;0;560;423;137;0;137;2;964;266;;219;;202;44;;;;;;;;;;233;;;;;;;;
010545489076;01054548907603;54076003;STIMMBEZIRK;;;N;1157;1022;135;0;460;337;123;2;121;2;739;134;;152;;188;77;;;;;;;;;;188;;;;;;;;
010545489076;01054548907604;54076004;STIMMBEZIRK;;;N;1154;1033;121;0;426;314;112;0;112;8;793;190;;139;;198;89;;;;;;;;;;177;;;;;;;;
010545489076;01054548907605;54076005;STIMMBEZIRK;;;N;103;93;10;0;75;66;9;0;9;0;132;17;;17;;18;8;;;;;;;;;;72;;;;;;;;
010545489076;01054548907605;54076006;STIMMBEZIRK;;;N;555;486;69;0;297;232;65;0;65;2;477;91;;66;;85;21;;;;;;;;;;214;;;;;;;;
010545489076;01054548907605;54076007;STIMMBEZIRK;;;N;620;547;73;0;323;256;67;0;67;3;497;119;;112;;107;30;;;;;;;;;;129;;;;;;;;
010545489086;01054548908601;54086001;STIMMBEZIRK;;;N;951;837;114;0;490;386;104;0;104;4;2479;179;;;;390;;;;;;;;;;;767;1143;;;;;;;
010545489088;01054548908801;54088001;STIMMBEZIRK;;;N;729;551;178;0;366;207;159;0;159;7;359;127;48;77;;84;;;;;;;;;;;23;;;;;;;;
010545489088;01054548908802;54088002;STIMMBEZIRK;;;N;747;656;91;0;301;230;71;0;71;4;297;92;57;49;;80;;;;;;;;;;;19;;;;;;;;
010545489088;01054548908803;54088003;STIMMBEZIRK;;;N;619;535;84;0;257;182;75;0;75;0;257;107;30;44;;46;;;;;;;;;;;30;;;;;;;;
010545489088;01054548908804;54088004;STIMMBEZIRK;;;N;749;629;120;0;337;228;109;0;109;6;331;76;67;71;;72;;;;;;;;;;;45;;;;;;;;
010545489088;01054548908805;54088005;STIMMBEZIRK;;;N;556;474;82;0;220;148;72;0;72;6;214;50;33;44;;55;;;;;;;;;;;32;;;;;;;;
010545489088;01054548908806;54088006;STIMMBEZIRK;;;N;566;484;82;0;210;146;64;0;64;3;207;57;37;44;;47;;;;;;;;;;;22;;;;;;;;
010545489088;01054548908807;54088007;STIMMBEZIRK;;;N;601;530;71;0;214;157;57;0;57;2;212;60;44;44;;44;;;;;;;;;;;20;;;;;;;;
010545489088;01054548908808;54088008;STIMMBEZIRK;;;N;710;590;120;0;353;274;79;0;79;1;352;81;95;35;;103;;;;;;;;;;;38;;;;;;;;
010545489088;01054548908809;54088009;STIMMBEZIRK;;;N;686;559;127;0;344;239;105;0;105;2;342;93;105;48;;58;;;;;;;;;;;38;;;;;;;;
010545489088;01054548908810;54088010;STIMMBEZIRK;;;N;731;590;141;0;416;291;125;0;125;5;411;134;70;92;;77;;;;;;;;;;;38;;;;;;;;
010545489088;01054548908811;54088011;STIMMBEZIRK;;;N;675;568;107;0;251;162;89;0;89;3;248;96;31;56;;45;;;;;;;;;;;20;;;;;;;;
010545489088;01054548908812;54088012;STIMMBEZIRK;;;N;738;612;126;0;369;259;110;0;110;11;358;110;60;80;;72;;;;;;;;;;;36;;;;;;;;
010545489109;01054548910901;54109001;STIMMBEZIRK;;;N;1178;989;189;0;730;563;167;0;167;5;1953;506;;253;;375;;;;;;;;;;;819;;;;;;;;
010545489109;01054548910902;54109002;STIMMBEZIRK;;;N;958;819;139;0;515;391;124;0;124;3;1378;303;;190;;252;;;;;;;;;;;633;;;;;;;;
010545489109;01054548910903;54109003;STIMMBEZIRK;;;N;1147;1007;140;0;652;531;121;0;121;5;1787;319;;356;;248;;;;;;;;;;;864;;;;;;;;
010545489110;01054548911001;54110001;STIMMBEZIRK;;;N;346;287;59;0;217;164;53;0;53;3;850;;;;;;;;;;;;;;;;448;402;;;;;;;
010545489124;01054548912401;54124001;STIMMBEZIRK;;;N;218;198;20;0;146;130;16;0;16;2;643;;;;;;;;;;;;;;;;347;296;;;;;;;
010545489125;01054548912501;54125001;STIMMBEZIRK;;;N;771;661;110;0;436;346;90;0;90;9;2013;;;;;;;;;;;;;;;;1070;943;;;;;;;
010545489126;01054548912601;54126001;STIMMBEZIRK;;;N;739;677;62;0;436;380;56;0;56;4;2340;;;;;;;;;;;;;;;;979;488;873;;;;;;
010545489131;01054548913101;54131001;STIMMBEZIRK;;;N;2048;1765;283;0;1000;742;258;0;258;17;5397;1515;;986;;1687;;;;;;;;;;;1209;;;;;;;;
010545489136;01054548913601;54136001;STIMMBEZIRK;;;N;196;185;11;0;108;97;11;0;11;2;363;;;;;;;;;;;;;;;;363;;;;;;;;
010545489142;01054548914201;54142001;STIMMBEZIRK;;;N;297;245;52;0;178;131;47;0;47;0;463;;;;;;;;;;;;;;;;463;;;;;;;;
010545489154;01054548915401;54154001;STIMMBEZIRK;;;N;302;279;23;0;171;150;21;0;21;1;781;;;;;227;;;;;;;;;;;554;;;;;;;;
010545489165;01054548916501;54165001;STIMMBEZIRK;;;N;487;399;88;0;314;237;77;0;77;3;1465;;;;;;;;;;;;;;;;651;814;;;;;;;
010545489166;01054548916601;54166001;STIMMBEZIRK;;;N;745;595;150;0;429;295;134;0;134;8;2242;;;;;;;;;;;;;;;;1000;578;664;;;;;;
010545489167;01054548916701;54167001;STIMMBEZIRK;;;N;936;780;156;0;563;425;138;0;138;11;2792;1018;;;;;;;;;;;;;;;1774;;;;;;;;
010545492007;01054549200701;54007001;STIMMBEZIRK;;;N;284;246;38;0;187;153;34;0;34;3;607;;;;;;;;;;;;;;;;607;;;;;;;;
010545492023;01054549202301;54023001;STIMMBEZIRK;;;N;553;469;84;0;372;298;74;0;74;13;1498;;;;;537;;;;;;;;;;;961;;;;;;;;
010545492032;01054549203201;54032001;STIMMBEZIRK;;;N;77;59;18;0;66;51;15;0;15;6;131;;;;;;;;;;;;;;;;131;;;;;;;;
010545492042;01054549204201;54042001;STIMMBEZIRK;;;N;722;591;131;0;421;303;118;0;118;6;1097;477;;268;;;;;;;;;;;;;352;;;;;;;;
010545492042;01054549204202;54042002;STIMMBEZIRK;;;N;723;566;157;0;461;313;148;0;148;4;1270;660;;267;;;;;;;;;;;;;343;;;;;;;;
010545492042;01054549204203;54042003;STIMMBEZIRK;;;N;769;622;147;0;508;374;134;1;133;12;1329;599;;413;;;;;;;;;;;;;317;;;;;;;;
010545492043;01054549204301;54043001;STIMMBEZIRK;;;N;234;202;32;0;153;125;28;0;28;1;459;;;;;;;;;;;;;;;;459;;;;;;;;
010545492052;01054549205201;54052001;STIMMBEZIRK;;;N;673;615;58;0;408;355;53;0;53;0;2176;;;;;;;;;;;;;;;;1103;1073;;;;;;;
010545492054;01054549205401;54054001;STIMMBEZIRK;;;N;170;139;31;0;115;86;29;2;27;0;275;;;;;;;;;;;;;;;;275;;;;;;;;
010545492070;01054549207001;54070001;STIMMBEZIRK;;;N;774;666;108;0;490;393;97;0;97;3;2195;;;503;;;;;;;;;;;;;1692;;;;;;;;
010545492084;01054549208401;54084001;STIMMBEZIRK;;;N;1033;820;213;0;629;431;198;1;197;2;1694;486;;590;164;;;;;;;;;;;;454;;;;;;;;
010545492084;01054549208402;54084002;STIMMBEZIRK;;;N;1050;824;226;0;639;435;204;0;204;4;1694;568;;697;114;;;;;;;;;;;;315;;;;;;;;
010545492084;01054549208403;54084003;STIMMBEZIRK;;;N;1187;966;221;0;665;464;201;0;201;6;1731;596;;621;136;;;;;;;;;;;;378;;;;;;;;
010545492091;01054549209101;54091001;STIMMBEZIRK;;;N;1012;769;243;0;655;432;223;0;223;5;3841;1150;449;1774;;;;;;;;;;;;;468;;;;;;;;
010545492091;01054549209101;54091002;STIMMBEZIRK;;;N;944;670;274;0;604;365;239;0;239;3;3601;1129;392;1727;;;;;;;;;;;;;353;;;;;;;;
010545492096;01054549209601;54096001;STIMMBEZIRK;;;N;601;539;62;0;351;289;62;0;62;6;1529;;;;;;;;;;;;;;;;992;537;;;;;;;
010545492097;01054549209701;54097001;STIMMBEZIRK;;;N;349;305;44;0;212;177;35;0;35;0;625;;;;;;;;;;;;;;;;625;;;;;;;;
010545492099;01054549209901;54099001;STIMMBEZIRK;;;N;664;550;114;0;399;295;104;0;104;4;2403;1155;;;;;;;;;;;;;;;1248;;;;;;;;
010545492099;01054549209901;54099002;STIMMBEZIRK;;;N;651;510;141;0;424;299;125;0;125;3;2448;1474;;;;;;;;;;;;;;;974;;;;;;;;
010545492105;01054549210501;54105001;STIMMBEZIRK;;;N;383;334;49;0;238;197;41;0;41;4;805;;;;;;;;;;;;;;;;805;;;;;;;;
010545492106;01054549210601;54106001;STIMMBEZIRK;;;N;820;636;184;0;499;319;180;0;180;13;3008;591;;562;;;;;;;;;;;;;529;745;581;;;;;;
010545492106;01054549210601;54106002;STIMMBEZIRK;;;N;777;611;166;0;510;369;141;0;141;4;3098;489;;516;;;;;;;;;;;;;541;949;603;;;;;;
010545492116;01054549211601;54116001;STIMMBEZIRK;;;N;589;479;110;0;322;219;103;0;103;27;966;421;;301;;;;;;;;;;;;;244;;;;;;;;
010545492116;01054549211601;54116002;STIMMBEZIRK;;;N;530;438;92;0;297;222;75;0;75;42;910;445;;270;;;;;;;;;;;;;195;;;;;;;;
010545492119;01054549211901;54119001;STIMMBEZIRK;;;N;523;434;89;0;336;250;86;0;86;9;1651;;;325;;;;;;;;;;;;;1276;50;;;;;;;
010545492120;01054549212001;54120001;STIMMBEZIRK;;;N;684;533;151;0;393;269;124;0;124;2;1371;;;;;;;;;;;;;;;;1371;;;;;;;;
010545492132;01054549213201;54132001;STIMMBEZIRK;;;N;129;108;21;0;88;69;19;0;19;0;222;;;;;;;;;;;;;;;;222;;;;;;;;
010545492141;01054549214101;54141001;STIMMBEZIRK;;;N;245;202;43;0;170;137;33;0;33;2;748;290;;;;;;;;;;;;;;;458;;;;;;;;
010545492156;01054549215601;54156001;STIMMBEZIRK;;;N;598;516;82;0;347;273;74;0;74;2;868;;;;;;;;;;;;;;;;868;;;;;;;;
010545492157;01054549215701;54157001;STIMMBEZIRK;;;N;87;75;12;0;55;45;10;0;10;5;112;;;;;;;;;;;;;;;;112;;;;;;;;
010545492159;01054549215901;54159001;STIMMBEZIRK;;;N;674;565;109;0;421;328;93;0;93;3;2204;;;;;;;;;;;;;;;;1177;1027;;;;;;;
010545492161;01054549216101;54161001;STIMMBEZIRK;;;N;861;703;158;0;503;357;146;0;146;16;2435;955;;;;;;;;;;;;;;;1480;;;;;;;;
010545492162;01054549216201;54162001;STIMMBEZIRK;;;N;388;314;74;0;282;214;68;2;66;3;1219;;;651;;;;;;;;;;;;;568;;;;;;;;
010545494002;01054549400201;54002001;STIMMBEZIRK;;;N;444;387;57;0;284;230;54;0;54;1;1177;;;;;;;;;;;;;;;;490;687;;;;;;;
010545494006;01054549400601;54006001;STIMMBEZIRK;;;N;445;392;53;0;230;187;43;0;43;2;787;;;;;;;;;;;;;;;;787;;;;;;;;
010545494010;01054549401001;54010001;STIMMBEZIRK;;;N;529;485;44;0;332;297;35;1;34;1;1403;;;;;;;;;;;;;;;;561;842;;;;;;;
010545494012;01054549401201;54012001;STIMMBEZIRK;;;N;659;602;57;0;369;317;52;0;52;8;1453;;;;;;;;;;;;;;;;924;529;;;;;;;
010545494014;01054549401401;54014001;STIMMBEZIRK;;;N;684;551;133;0;451;329;122;0;122;1;2717;1324;;;;;;;;;;;;;;;806;587;;;;;;;
010545494014;01054549401401;54014002;STIMMBEZIRK;;;N;613;498;115;0;348;240;108;0;108;8;1950;977;;;;;;;;;;;;;;;672;301;;;;;;;
010545494014;01054549401401;54014003;STIMMBEZIRK;;;N;403;359;44;0;263;223;40;0;40;1;1585;858;;;;;;;;;;;;;;;551;176;;;;;;;
010545494019;01054549401901;54019001;STIMMBEZIRK;;;N;884;743;141;0;382;255;127;0;127;1;701;142;;84;;200;;;;;;;;;;;48;227;;;;;;;
010545494019;01054549401902;54019002;STIMMBEZIRK;;;N;885;737;148;0;429;287;142;0;142;5;792;239;;116;;165;;;;;;;;;;;99;173;;;;;;;
010545494019;01054549401903;54019003;STIMMBEZIRK;;;N;959;771;188;0;528;348;180;0;180;7;950;230;;109;;135;;;;;;;;;;;161;315;;;;;;;
010545494019;01054549401904;54019004;STIMMBEZIRK;;;N;890;747;143;0;377;254;123;1;122;1;713;175;;129;;182;;;;;;;;;;;104;123;;;;;;;
010545494019;01054549401905;54019005;STIMMBEZIRK;;;N;813;681;132;0;370;248;122;0;122;4;697;160;;114;;141;;;;;;;;;;;54;228;;;;;;;
010545494020;01054549402001;54020001;STIMMBEZIRK;;;N;914;743;171;0;525;371;154;3;151;5;2966;713;;524;;;;;;;;;;;;;1729;;;;;;;;
010545494020;01054549402001;54020002;STIMMBEZIRK;;;N;951;811;140;0;516;382;134;0;134;6;2924;949;;552;;;;;;;;;;;;;1423;;;;;;;;
010545494024;01054549402401;54024001;STIMMBEZIRK;;;N;1058;920;138;0;610;481;129;0;129;7;3509;;;;;;;;;;;;;;;;1853;1656;;;;;;;
010545494037;01054549403701;54037001;STIMMBEZIRK;;;N;297;281;16;0;191;179;12;0;12;2;630;;;;;;;;;;;;;;;;630;;;;;;;;
010545494038;01054549403801;54038001;STIMMBEZIRK;;;N;347;297;50;0;222;180;42;0;42;4;908;;;;;;;;;;;;;;;;413;495;;;;;;;
010545494045;01054549404501;54045001;STIMMBEZIRK;;;N;356;301;55;0;236;185;51;1;50;1;1082;;;;;;;;;;;;;;;;350;732;;;;;;;
010545494059;01054549405901;54059001;STIMMBEZIRK;;;N;619;559;60;0;368;316;52;0;52;5;1179;;;;;;;;;;;;;;;;1179;;;;;;;;
010545494071;01054549407101;54071001;STIMMBEZIRK;;;N;78;75;3;0;31;29;2;0;2;0;72;;;;;;;;;;;;;;;;72;;;;;;;;
010545494075;01054549407501;54075001;STIMMBEZIRK;;;N;960;803;157;0;494;347;147;0;147;19;1176;603;;573;;;;;;;;;;;;;;;;;;;;;
010545494075;01054549407502;54075002;STIMMBEZIRK;;;N;1015;859;156;0;575;434;141;3;138;13;1363;557;;806;;;;;;;;;;;;;;;;;;;;;
010545494075;01054549407503;54075003;STIMMBEZIRK;;;N;801;661;140;0;492;360;132;0;132;11;1242;773;;469;;;;;;;;;;;;;;;;;;;;;
010545494080;01054549408001;54080001;STIMMBEZIRK;;;N;279;249;30;0;182;155;27;0;27;0;779;;;;;;;;;;;;;;;;426;353;;;;;;;
010545494093;01054549409301;54093001;STIMMBEZIRK;;;N;275;238;37;0;182;151;31;0;31;0;567;;;;;;;;;;;;;;;;567;;;;;;;;
010545494121;01054549412101;54121001;STIMMBEZIRK;;;N;237;202;35;0;136;101;35;0;35;3;380;;;;;;;;;;;;;;;;380;;;;;;;;
010545494128;01054549412801;54128001;STIMMBEZIRK;;;N;804;708;96;0;481;388;93;0;93;11;2449;;;844;;;;;;;;;;;;;829;776;;;;;;;
010545494146;01054549414601;54146001;STIMMBEZIRK;;;N;153;134;19;0;104;85;19;0;19;2;244;;;;;;;;;;;;;;;;244;;;;;;;;
010555543014;01055554301401;55014001;STIMMBEZIRK;;;N;958;757;201;0;597;410;187;0;187;18;3038;1170;;;;;;;;;;;;;;;1791;77;;;;;;;
010555543015;01055554301501;55015001;STIMMBEZIRK;;;N;584;474;110;0;325;226;99;0;99;4;1790;1188;;602;;;;;;;;;;;;;;;;;;;;;
010555543015;01055554301501;55015002;STIMMBEZIRK;;;N;316;257;59;0;197;145;52;0;52;6;1014;682;;332;;;;;;;;;;;;;;;;;;;;;
010555543015;01055554301501;55015003;STIMMBEZIRK;;;N;384;331;53;0;217;167;50;0;50;3;1263;770;;493;;;;;;;;;;;;;;;;;;;;;
010555543017;01055554301701;55017001;STIMMBEZIRK;;;N;1979;1447;532;0;1285;800;485;0;485;22;7971;2490;;728;516;;;;;;;;;;;;1944;2293;;;;;;;
010555543022;01055554302201;55022001;STIMMBEZIRK;;;N;539;442;97;0;335;244;91;0;91;12;1456;751;;568;;;;;;;;;;;;;;137;;;;;;;
010555543022;01055554302201;55022002;STIMMBEZIRK;;;N;428;357;71;0;231;168;63;0;63;4;981;616;;296;;;;;;;;;;;;;;69;;;;;;;
010555543031;01055554303101;55031001;STIMMBEZIRK;;;N;1000;822;178;0;541;373;168;1;167;8;2870;1280;;512;;;;;;;;;;;;;1078;;;;;;;;
010555543043;01055554304301;55043001;STIMMBEZIRK;;;N;285;223;62;0;199;139;60;0;60;1;1179;336;60;;;;;;;;;;;;;;783;;;;;;;;
010555543043;01055554304301;55043002;STIMMBEZIRK;;;N;263;213;50;0;160;116;44;1;43;0;941;386;49;;;;;;;;;;;;;;506;;;;;;;;
010555543043;01055554304301;55043003;STIMMBEZIRK;;;N;918;707;211;0;593;398;195;0;195;4;3542;783;230;;;;;;;;;;;;;;2529;;;;;;;;
010555543043;01055554304301;55043004;STIMMBEZIRK;;;N;418;328;90;0;272;189;83;0;83;2;1533;478;55;;;;;;;;;;;;;;1000;;;;;;;;
010555546006;01055554600601;55006001;STIMMBEZIRK;;;N;441;384;57;0;279;228;51;0;51;1;1209;647;;;;;;;;;;;;;;;562;;;;;;;;
010555546011;01055554601101;55011001;STIMMBEZIRK;;;N;524;432;92;0;368;284;84;0;84;0;1615;172;;500;;;;;;;;;;;;;943;;;;;;;;
010555546020;01055554602001;55020001;STIMMBEZIRK;;;N;534;434;100;0;333;237;96;0;96;5;1336;715;;139;;;;;;;;;;;;;482;;;;;;;;
010555546023;01055554602301;55023001;STIMMBEZIRK;;;N;368;320;48;0;222;178;44;0;44;4;983;454;;529;;;;;;;;;;;;;;;;;;;;;
010555546027;01055554602701;55027004;STIMMBEZIRK;;;N;836;720;116;0;353;247;106;0;106;5;933;318;156;212;;;;;;;;;;;;;247;;;;;;;;
010555546027;01055554602701;55027005;STIMMBEZIRK;;;N;650;551;99;0;276;185;91;0;91;3;753;266;114;155;;;;;;;;;;;;;218;;;;;;;;
010555546027;01055554602702;55027002;STIMMBEZIRK;;;N;745;641;104;0;320;226;94;0;94;1;883;323;112;176;;;;;;;;;;;;;272;;;;;;;;
010555546027;01055554602702;55027003;STIMMBEZIRK;;;N;813;678;135;0;330;200;130;0;130;4;897;333;86;263;;;;;;;;;;;;;215;;;;;;;;
010555546027;01055554602703;55027001;STIMMBEZIRK;;;N;211;184;27;0;101;75;26;0;26;2;255;111;33;48;;;;;;;;;;;;;63;;;;;;;;
010555546027;01055554602703;55027006;STIMMBEZIRK;;;N;1030;882;148;0;500;364;136;0;136;7;1325;583;182;296;;;;;;;;;;;;;264;;;;;;;;
010555546029;01055554602901;55029001;STIMMBEZIRK;;;N;317;287;30;0;191;165;26;2;24;2;745;439;;;;;;;;;;;;;;;306;;;;;;;;
010555546036;01055554603601;55036001;STIMMBEZIRK;;;N;482;396;86;0;325;248;77;0;77;1;1739;770;108;;;;;;;;;;;;;;861;;;;;;;;
010555546036;01055554603601;55036002;STIMMBEZIRK;;;N;379;322;57;0;271;216;55;0;55;2;1460;387;112;;;;;;;;;;;;;;961;;;;;;;;
010555591002;01055559100201;55002001;STIMMBEZIRK;;;N;594;501;93;0;344;260;84;0;84;11;1662;555;;;;;;;;;;;;;;;1107;;;;;;;;
010555591002;01055559100201;55002002;STIMMBEZIRK;;;N;358;273;85;0;206;134;72;0;72;9;974;361;;;;;;;;;;;;;;;613;;;;;;;;
010555591024;01055559102401;55024001;STIMMBEZIRK;;;N;641;543;98;0;394;304;90;0;90;13;2271;1064;;518;;;;;;;;;;;;;689;;;;;;;;
010555591024;01055559102401;55024002;STIMMBEZIRK;;;N;318;248;70;0;219;155;64;0;64;2;1246;708;;268;;;;;;;;;;;;;270;;;;;;;;
010555591024;01055559102401;55024003;STIMMBEZIRK;;;N;257;217;40;0;166;126;40;0;40;2;949;319;;323;;;;;;;;;;;;;307;;;;;;;;
010555591037;01055559103701;55037001;STIMMBEZIRK;;;N;613;535;78;0;317;249;68;0;68;9;1862;388;;354;;;;;;;;;;;;;504;616;;;;;;;
010555591037;01055559103701;55037002;STIMMBEZIRK;;;N;710;538;172;0;445;285;160;1;159;1;2768;631;;379;;;;;;;;;;;;;1260;498;;;;;;;
010555591037;01055559103701;55037003;STIMMBEZIRK;;;N;462;364;98;0;257;172;85;0;85;4;1531;559;;241;;;;;;;;;;;;;336;395;;;;;;;
010555591038;01055559103801;55038001;STIMMBEZIRK;;;N;808;688;120;0;477;364;113;0;113;14;1176;613;;563;;;;;;;;;;;;;;;;;;;;;
010555591038;01055559103802;55038002;STIMMBEZIRK;;;N;717;595;122;0;372;257;115;0;115;18;878;568;;310;;;;;;;;;;;;;;;;;;;;;
010555591038;01055559103803;55038003;STIMMBEZIRK;;;N;585;497;88;0;304;224;80;0;80;6;796;448;;348;;;;;;;;;;;;;;;;;;;;;
010555591039;01055559103901;55039001;STIMMBEZIRK;;;N;1039;849;190;0;519;356;163;1;162;10;3241;1382;;1054;;;;;;;;;;;;;805;;;;;;;;
010555591039;01055559103901;55039002;STIMMBEZIRK;;;N;364;309;55;0;229;178;51;0;51;2;1402;600;;199;;;;;;;;;;;;;603;;;;;;;;
010565616029;01056561602901;56029001;STIMMBEZIRK;;;N;920;759;161;0;547;411;136;0;136;9;1471;396;181;193;;;;;;;;;;;;;701;;;;;;;;
010565616029;01056561602902;56029002;STIMMBEZIRK;;;N;916;753;163;0;623;474;149;0;149;2;1747;389;278;309;;;;;;;;;;;;;771;;;;;;;;
010565616029;01056561602903;56029003;STIMMBEZIRK;;;N;994;753;241;0;662;449;213;0;213;6;1785;338;293;276;;;;;;;;;;;;;878;;;;;;;;
010565616030;01056561603001;56030001;STIMMBEZIRK;;;N;830;676;154;0;520;382;138;3;135;12;1368;;214;427;;;;;;;;;;;;;727;;;;;;;;
010565616030;01056561603002;56030002;STIMMBEZIRK;;;N;849;655;194;0;587;403;184;1;183;16;1508;;280;338;;;;;;;;;;;;;890;;;;;;;;
010565616030;01056561603003;56030003;STIMMBEZIRK;;;N;871;713;158;0;551;409;142;0;142;6;1429;;171;471;;;;;;;;;;;;;787;;;;;;;;
010565616031;01056561603101;56031001;STIMMBEZIRK;;;N;952;759;193;0;677;500;177;4;173;10;1764;823;373;512;;;;;;;;;;;;;56;;;;;;;;
010565616031;01056561603102;56031002;STIMMBEZIRK;;;N;857;692;165;0;544;392;152;0;152;21;1394;511;279;604;;;;;;;;;;;;;;;;;;;;;
010565616031;01056561603103;56031003;STIMMBEZIRK;;;N;910;748;162;0;551;397;154;1;153;8;1497;649;277;571;;;;;;;;;;;;;;;;;;;;;
010565616033;01056561603301;56033001;STIMMBEZIRK;;;N;853;722;131;0;591;472;119;2;117;3;3166;2003;;1163;;;;;;;;;;;;;;;;;;;;;
010565616042;01056561604201;56042001;STIMMBEZIRK;;;N;439;334;105;0;295;197;98;0;98;2;1216;648;;;;;;;;;;;;;;;568;;;;;;;;
010565616045;01056561604501;56045001;STIMMBEZIRK;;;N;764;626;138;0;557;426;131;0;131;5;3031;890;;1590;;;;;;;;;;;;;551;;;;;;;;
010565616046;01056561604601;56046001;STIMMBEZIRK;;;N;777;643;134;0;490;379;111;0;111;6;2412;1148;;;;;;;;;;;;;;;1264;;;;;;;;
010565636006;01056563600601;56006001;STIMMBEZIRK;;;N;514;440;74;0;340;273;67;0;67;2;1549;812;;;;;;;;;;;;;;;737;;;;;;;;
010565636010;01056563601001;56010001;STIMMBEZIRK;;;N;1383;1142;241;0;850;634;216;0;216;1;4822;1969;;1097;;;;;;;;;;;;;1756;;;;;;;;
010565636038;01056563603801;56038001;STIMMBEZIRK;;;N;350;297;53;0;195;145;50;0;50;6;565;;;;;;;;;;;;;;;;565;;;;;;;;
010565636051;01056563605101;56051001;STIMMBEZIRK;;;N;1111;951;160;0;629;488;141;0;141;5;3516;1855;;;;;;;;;;;;;;;1661;;;;;;;;
010565660003;01056566000301;56003001;STIMMBEZIRK;;;N;524;446;78;0;332;259;73;0;73;1;1085;;;;;;;;;;;;;;;;1085;;;;;;;;
010565660004;01056566000401;56004001;STIMMBEZIRK;;;N;667;535;132;0;488;362;126;0;126;2;2790;1249;;;;;;;;;;;;;;;1541;;;;;;;;
010565660008;01056566000801;56008001;STIMMBEZIRK;;;N;1079;911;168;0;626;479;147;0;147;26;2394;;;;;;;;;;;;;;;;2394;;;;;;;;
010565660011;01056566001101;56011001;STIMMBEZIRK;;;N;320;280;40;0;229;191;38;0;38;3;508;;;;;;;;;;;;;;;;508;;;;;;;;
010565660014;01056566001401;56014001;STIMMBEZIRK;;;N;1265;1033;232;0;794;581;213;0;213;12;4559;2307;;;;;;;;;;;;;;;2252;;;;;;;;
010565660017;01056566001701;56017001;STIMMBEZIRK;;;N;404;354;50;0;198;154;44;0;44;4;462;;;;;;;;;;;;;;;;462;;;;;;;;
010565660022;01056566002201;56022001;STIMMBEZIRK;;;N;639;571;68;0;420;360;60;0;60;2;2320;;;;;;;;;;;;;;;;1320;1000;;;;;;;
010565660026;01056566002601;56026001;STIMMBEZIRK;;;N;1425;1163;262;0;945;712;233;0;233;14;5614;1363;;1371;;;;;;;;;;;;;2628;252;;;;;;;
010565660034;01056566003401;56034001;STIMMBEZIRK;;;N;482;419;63;0;271;212;59;0;59;5;873;;;;;;;;;;;;;;;;873;;;;;;;;
010565660035;01056566003501;56035001;STIMMBEZIRK;;;N;660;577;83;0;420;347;73;0;73;4;1101;;;;;;;;;;;;;;;;1101;;;;;;;;
010565687009;01056568700901;56009001;STIMMBEZIRK;;;N;2048;1654;394;0;1326;970;356;0;356;13;7986;2005;;1419;;;;;;;;;;;;;4562;;;;;;;;
010565687013;01056568701301;56013001;STIMMBEZIRK;;;N;1195;1000;195;0;710;523;187;4;183;5;1979;756;348;235;640;;;;;;;;;;;;;;;;;;;;
010565687013;01056568701302;56013002;STIMMBEZIRK;;;N;1189;921;268;0;678;433;245;0;245;13;1862;668;360;285;549;;;;;;;;;;;;;;;;;;;;
010565687013;01056568701303;56013003;STIMMBEZIRK;;;N;1107;847;260;0;721;491;230;1;229;3;1978;618;496;313;551;;;;;;;;;;;;;;;;;;;;
010565687032;01056568703201;56032001;STIMMBEZIRK;;;N;1854;1403;451;0;1162;742;420;0;420;22;7107;3073;1737;2297;;;;;;;;;;;;;;;;;;;;;
010565687040;01056568704001;56040001;STIMMBEZIRK;;;N;1831;1418;413;0;1249;862;387;2;385;9;8039;2810;;1341;;;;;;;;;;;;;1702;2186;;;;;;;
010565687047;01056568704701;56047001;STIMMBEZIRK;;;N;1889;1564;325;0;1027;743;284;0;284;21;5826;3657;;2169;;;;;;;;;;;;;;;;;;;;;
010565690001;01056569000101;56001001;STIMMBEZIRK;;;N;1413;1187;226;0;768;565;203;0;203;20;2088;746;;303;304;;;;;;;;;;;;690;45;;;;;;;
010565690001;01056569000102;56001002;STIMMBEZIRK;;;N;1288;993;295;0;749;486;263;1;262;8;2070;631;;532;146;;;;;;;;;;;;761;;;;;;;;
010565690001;01056569000103;56001003;STIMMBEZIRK;;;N;1271;1026;245;0;597;377;220;0;220;11;1614;648;;451;168;;;;;;;;;;;;347;;;;;;;;
010565690016;01056569001601;56016001;STIMMBEZIRK;;;N;645;539;106;0;381;287;94;0;94;1;1994;;;;;;;;;;;;;;;;1348;646;;;;;;;
010565690019;01056569001901;56019001;STIMMBEZIRK;;;N;944;693;251;0;607;372;235;0;235;1;3048;1716;;121;;;;;;;;;;;;;1211;;;;;;;;
010565690020;01056569002001;56020001;STIMMBEZIRK;;;N;1511;1187;324;0;1012;711;301;0;301;6;6137;2343;;907;;;;;;;;;;;;;2887;;;;;;;;
010565690023;01056569002301;56023001;STIMMBEZIRK;;;N;670;564;106;0;408;312;96;0;96;8;1038;444;164;430;;;;;;;;;;;;;;;;;;;;;
010565690023;01056569002302;56023002;STIMMBEZIRK;;;N;817;637;180;0;551;379;172;0;172;8;1489;602;282;605;;;;;;;;;;;;;;;;;;;;;
010565690023;01056569002303;56023003;STIMMBEZIRK;;;N;706;572;134;0;440;316;124;0;124;12;1156;478;251;427;;;;;;;;;;;;;;;;;;;;;
010565690024;01056569002401;56024001;STIMMBEZIRK;;;N;744;610;134;0;382;261;121;0;121;7;1015;478;;273;;;;;;;;;;;;;264;;;;;;;;
010565690024;01056569002402;56024002;STIMMBEZIRK;;;N;790;631;159;0;433;290;143;0;143;8;1153;533;;260;;;;;;;;;;;;;360;;;;;;;;
010565690024;01056569002403;56024003;STIMMBEZIRK;;;N;920;779;141;0;509;380;129;1;128;13;1330;654;;330;;;;;;;;;;;;;346;;;;;;;;
010565690027;01056569002701;56027001;STIMMBEZIRK;;;N;1190;931;259;0;795;557;238;0;238;10;4909;1970;;;;;;;;;;;;;;;2939;;;;;;;;
010565690028;01056569002801;56028001;STIMMBEZIRK;;;N;960;781;179;0;566;407;159;0;159;11;1529;882;330;317;;;;;;;;;;;;;;;;;;;;;
010565690028;01056569002802;56028002;STIMMBEZIRK;;;N;861;741;120;0;513;403;110;0;110;12;1353;760;323;270;;;;;;;;;;;;;;;;;;;;;
010565690028;01056569002803;56028003;STIMMBEZIRK;;;N;894;741;153;0;591;451;140;0;140;12;1599;889;420;290;;;;;;;;;;;;;;;;;;;;;
010565690036;01056569003601;56036001;STIMMBEZIRK;;;N;1250;969;281;0;752;497;255;0;255;17;2020;890;443;;;;;;;;;;;;;;687;;;;;;;;
010565690036;01056569003602;56036002;STIMMBEZIRK;;;N;1266;1027;239;0;754;527;227;0;227;12;1977;1038;267;;;;;;;;;;;;;;672;;;;;;;;
010565690036;01056569003603;56036003;STIMMBEZIRK;;;N;1250;1015;235;0;662;450;212;0;212;17;1767;801;297;;;;;;;;;;;;;;669;;;;;;;;
010565690037;01056569003701;56037001;STIMMBEZIRK;;;N;424;329;95;0;333;241;92;0;92;0;1517;786;;731;;;;;;;;;;;;;;;;;;;;;
010575727004;01057572700401;57004001;STIMMBEZIRK;;;N;563;442;121;0;380;272;108;0;108;4;1702;591;;;;;;;;;;;;;;;790;321;;;;;;;
010575727007;01057572700701;57007001;STIMMBEZIRK;;;N;708;589;119;0;448;339;109;0;109;7;2721;1066;;1655;;;;;;;;;;;;;;;;;;;;;
010575727007;01057572700701;57007002;STIMMBEZIRK;;;N;580;438;142;0;355;233;122;0;122;4;2080;974;;1106;;;;;;;;;;;;;;;;;;;;;
010575727007;01057572700701;57007003;STIMMBEZIRK;;;N;195;157;38;0;130;92;38;0;38;0;759;497;;262;;;;;;;;;;;;;;;;;;;;;
010575727013;01057572701301;57013001;STIMMBEZIRK;;;N;502;415;87;0;327;241;86;0;86;4;864;;;;;;;;;;;;;;;;864;;;;;;;;
010575727021;01057572702101;57021001;STIMMBEZIRK;;;N;571;469;102;0;395;305;90;0;90;3;2045;923;;469;;;;;;;;;;;;;653;;;;;;;;
010575727021;01057572702101;57021002;STIMMBEZIRK;;;N;319;272;47;0;223;176;47;0;47;0;1161;261;;173;;;;;;;;;;;;;727;;;;;;;;
010575727026;01057572702601;57026001;STIMMBEZIRK;;;N;272;243;29;0;155;127;28;0;28;0;463;;;;;;;;;;;;;;;;463;;;;;;;;
010575727027;01057572702701;57027001;STIMMBEZIRK;;;N;354;284;70;0;216;152;64;0;64;0;645;;;;;;;;;;;;;;;;645;;;;;;;;
010575727029;01057572702901;57029001;STIMMBEZIRK;;;N;919;794;125;0;536;420;116;0;116;2;2980;463;;1262;;;;;;;;;;;;;1255;;;;;;;;
010575727030;01057572703001;57030001;STIMMBEZIRK;;;N;739;570;169;0;459;307;152;4;148;12;2257;1003;;;;;;;;;;;;;;;1166;88;;;;;;;
010575727034;01057572703401;57034001;STIMMBEZIRK;;;N;167;146;21;0;105;86;19;0;19;5;196;;;;;;;;;;;;;;;;196;;;;;;;;
010575727035;01057572703501;57035001;STIMMBEZIRK;;;N;566;478;88;0;368;285;83;0;83;7;1622;379;;515;;;;;;;;;;;;;687;41;;;;;;;
010575727038;01057572703801;57038001;STIMMBEZIRK;;;N;80;64;16;0;53;37;16;0;16;1;89;;;;;;;;;;;;;;;;89;;;;;;;;
010575727048;01057572704801;57048001;STIMMBEZIRK;;;N;901;763;138;0;394;274;120;0;120;6;712;290;112;159;;;;60;;;;;;;;;91;;;;;;;;
010575727048;01057572704802;57048002;STIMMBEZIRK;;;N;855;754;101;0;323;234;89;0;89;10;570;247;60;159;;;;50;;;;;;;;;54;;;;;;;;
010575727048;01057572704803;57048003;STIMMBEZIRK;;;N;1060;897;163;0;412;278;134;0;134;4;739;314;108;190;;;;46;;;;;;;;;81;;;;;;;;
010575727048;01057572704804;57048004;STIMMBEZIRK;;;N;767;623;144;0;382;260;122;0;122;10;678;264;116;163;;;;55;;;;;;;;;80;;;;;;;;
010575727048;01057572704805;57048005;STIMMBEZIRK;;;N;862;696;166;0;477;331;146;0;146;3;881;430;201;137;;;;66;;;;;;;;;47;;;;;;;;
010575727055;01057572705501;57055001;STIMMBEZIRK;;;N;588;461;127;0;357;243;114;0;114;8;1945;970;;;;;;;;;;;;;;;975;;;;;;;;
010575727055;01057572705501;57055002;STIMMBEZIRK;;;N;634;522;112;0;372;267;105;0;105;10;1952;1177;;;;;;;;;;;;;;;775;;;;;;;;
010575727076;01057572707601;57076001;STIMMBEZIRK;;;N;674;565;109;0;405;309;96;0;96;4;2121;404;;749;;;;;;;;;;;;;940;28;;;;;;;
010575727082;01057572708201;57082001;STIMMBEZIRK;;;N;332;286;46;0;229;185;44;0;44;6;698;;;;;;;;;;;;;;;;698;;;;;;;;
010575739015;01057573901501;57015001;STIMMBEZIRK;;;N;801;707;94;0;521;439;82;0;82;6;2781;637;;501;;;;;;;;;;;;;1181;462;;;;;;;
010575739017;01057573901701;57017001;STIMMBEZIRK;;;N;211;171;40;0;162;125;37;0;37;0;783;;;;;;;;;;;;;;;;524;259;;;;;;;
010575739022;01057573902201;57022001;STIMMBEZIRK;;;N;852;733;119;0;539;440;99;0;99;3;2972;861;605;;;;;;;;;;;;;;1140;366;;;;;;;
010575739032;01057573903201;57032001;STIMMBEZIRK;;;N;473;406;67;0;324;273;51;0;51;5;1494;694;;;;;;;;;;;;;;;800;;;;;;;;
010575739045;01057573904501;57045001;STIMMBEZIRK;;;N;503;448;55;0;342;294;48;1;47;6;1564;423;;579;;;;;;;;;;;;;459;58;45;;;;;;
010575739053;01057573905301;57053001;STIMMBEZIRK;;;N;257;199;58;0;178;134;44;2;42;4;815;;;136;;;;;;;;;;;;;167;512;;;;;;;
010575739065;01057573906501;57065001;STIMMBEZIRK;;;N;288;250;38;0;163;139;24;0;24;1;695;455;;;;;;;;;;;;;;;240;;;;;;;;
010575739067;01057573906701;57067001;STIMMBEZIRK;;;N;402;348;54;0;289;239;50;2;48;2;1198;396;;127;;;;;;;;;;;;;675;;;;;;;;
010575739089;01057573908901;57089001;STIMMBEZIRK;;;N;146;101;45;0;116;75;41;0;41;0;437;;;146;;;;;;;;;;;;;291;;;;;;;;
010575747002;01057574700201;57002001;STIMMBEZIRK;;;N;136;114;22;0;97;77;20;0;20;2;207;;;;;;;;;;;;;;;;207;;;;;;;;
010575747010;01057574701001;57010001;STIMMBEZIRK;;;N;405;339;66;0;266;210;56;1;55;9;1078;;;;;;;;;;;;;;;;572;506;;;;;;;
010575747011;01057574701101;57011001;STIMMBEZIRK;;;N;210;181;29;0;139;115;24;0;24;2;379;;;;;;;;;;;;;;;;379;;;;;;;;
010575747023;01057574702301;57023001;STIMMBEZIRK;;;N;186;162;24;0;131;109;22;0;22;2;519;;;;;;;;;;;;;;;;236;283;;;;;;;
010575747031;01057574703101;57031001;STIMMBEZIRK;;;N;378;325;53;0;230;180;50;0;50;4;738;;;;;;;;;;;;;;;;738;;;;;;;;
010575747033;01057574703301;57033001;STIMMBEZIRK;;;N;657;550;107;0;473;373;100;0;100;11;2094;;;345;;;;;;;;;;;;;1139;610;;;;;;;
010575747037;01057574703701;57037001;STIMMBEZIRK;;;N;224;199;25;0;153;129;24;0;24;2;435;;;;;;;;;;;;;;;;435;;;;;;;;
010575747042;01057574704201;57042001;STIMMBEZIRK;;;N;537;440;97;0;296;206;90;0;90;11;826;;;;;;;;;;;;;;;;826;;;;;;;;
010575747046;01057574704601;57046001;STIMMBEZIRK;;;N;432;356;76;0;252;187;65;0;65;6;1226;420;;;;;;;;;;;;;;;806;;;;;;;;
010575747046;01057574704601;57046002;STIMMBEZIRK;;;N;639;540;99;0;377;284;93;0;93;5;1927;313;;;;;;;;;;;;;;;1614;;;;;;;;
010575747047;01057574704701;57047001;STIMMBEZIRK;;;N;242;204;38;0;141;107;34;0;34;0;413;;;;;;;;;;;;;;;;413;;;;;;;;
010575747054;01057574705401;57054001;STIMMBEZIRK;;;N;338;290;48;0;192;150;42;0;42;5;537;;;;;;;;;;;;;;;;537;;;;;;;;
010575747058;01057574705801;57058001;STIMMBEZIRK;;;N;322;272;50;0;228;180;48;0;48;4;944;388;;;;;;;;;;;;;;;556;;;;;;;;
010575747059;01057574705901;57059001;STIMMBEZIRK;;;N;371;283;88;0;270;187;83;0;83;2;1152;;;;;;;;;;;;;;;;793;359;;;;;;;
010575747066;01057574706601;57066001;STIMMBEZIRK;;;N;679;569;110;0;415;317;98;0;98;13;2051;448;;;;;;;;;;;;;;;541;1062;;;;;;;
010575747070;01057574707001;57070001;STIMMBEZIRK;;;N;631;449;182;0;424;248;176;3;173;10;2195;127;;;;;;;;;;;;;;;838;1230;;;;;;;
010575747070;01057574707001;57070002;STIMMBEZIRK;;;N;638;459;179;0;398;241;157;0;157;13;2200;121;;;;;;;;;;;;;;;738;1341;;;;;;;
010575747084;01057574708401;57084001;STIMMBEZIRK;;;N;384;311;73;0;287;220;67;1;66;7;1165;;312;;;;;;;;;;;;;;853;;;;;;;;
010575747086;01057574708601;57086001;STIMMBEZIRK;;;N;317;256;61;0;221;167;54;2;52;5;976;;;;;;;;;;;;;;;;530;446;;;;;;;
010575755003;01057575500301;57003001;STIMMBEZIRK;;;N;494;402;92;0;339;256;83;0;83;16;1133;;;;;;;;;;;;;;;;1133;;;;;;;;
010575755006;01057575500601;57006001;STIMMBEZIRK;;;N;167;138;29;0;130;101;29;0;29;3;475;;;;;;;;;;;;;;;;253;222;;;;;;;
010575755012;01057575501201;57012001;STIMMBEZIRK;;;N;346;299;47;0;235;195;40;0;40;6;712;;;;;;;;;;;;;;;;712;;;;;;;;
010575755018;01057575501801;57018001;STIMMBEZIRK;;;N;112;96;16;0;82;68;14;0;14;1;217;;;;;;;;;;;;;;;;217;;;;;;;;
010575755020;01057575502001;57020001;STIMMBEZIRK;;;N;475;405;70;0;304;237;67;0;67;14;864;;;;;;;;;;;;;;;;864;;;;;;;;
010575755028;01057575502801;57028001;STIMMBEZIRK;;;N;363;337;26;0;235;213;22;0;22;1;887;544;;;;;;;;;;;;;;;343;;;;;;;;
010575755039;01057575503901;57039001;STIMMBEZIRK;;;N;678;572;106;0;409;317;92;0;92;9;1882;;;;;;;;;;;;;;;;1123;759;;;;;;;
010575755040;01057575504001;57040001;STIMMBEZIRK;;;N;357;316;41;0;194;155;39;0;39;2;574;;;;;;;;;;;;;;;;574;;;;;;;;
010575755041;01057575504101;57041001;STIMMBEZIRK;;;N;330;283;47;0;215;171;44;0;44;3;930;;;187;;;;;;;;;;;;;716;27;;;;;;;
010575755043;01057575504301;57043001;STIMMBEZIRK;;;N;974;789;185;0;585;419;166;0;166;8;1045;176;147;99;;;;;;;;;;;;;80;202;341;;;;;;
010575755043;01057575504302;57043002;STIMMBEZIRK;;;N;853;617;236;0;516;288;228;0;228;12;910;208;121;102;;;;;;;;;;;;;67;120;292;;;;;;
010575755043;01057575504303;57043003;STIMMBEZIRK;;;N;852;718;134;0;506;387;119;0;119;16;904;155;191;116;;;;;;;;;;;;;54;146;242;;;;;;
010575755043;01057575504304;57043004;STIMMBEZIRK;;;N;1172;959;213;0;637;437;200;0;200;7;1145;163;135;168;;;;;;;;;;;;;67;135;477;;;;;;
010575755043;01057575504305;57043005;STIMMBEZIRK;;;N;872;695;177;0;535;366;169;0;169;4;990;192;112;89;;;;;;;;;;;;;62;113;422;;;;;;
010575755049;01057575504901;57049001;STIMMBEZIRK;;;N;291;223;68;0;235;167;68;0;68;2;1065;;;;;;;;;;;;;;;;613;427;25;;;;;;
010575755056;01057575505601;57056001;STIMMBEZIRK;;;N;285;249;36;0;196;163;33;1;32;2;701;;;;;;;;;;;;;;;;701;;;;;;;;
010575755060;01057575506001;57060001;STIMMBEZIRK;;;N;368;289;79;0;254;189;65;0;65;3;1058;;;244;;;;;;;;;;;;;814;;;;;;;;
010575755063;01057575506301;57063001;STIMMBEZIRK;;;N;1924;1621;303;0;1090;815;275;0;275;18;5990;2030;;;;;;;;;;;;;;;3960;;;;;;;;
010575755073;01057575507301;57073001;STIMMBEZIRK;;;N;1157;951;206;0;613;421;192;0;192;11;1085;336;212;232;69;;;;;;;;;;;;236;;;;;;;;
010575755073;01057575507302;57073002;STIMMBEZIRK;;;N;923;734;189;0;531;358;173;0;173;1;961;244;229;194;44;;;;;;;;;;;;250;;;;;;;;
010575755073;01057575507303;57073003;STIMMBEZIRK;;;N;1003;817;186;0;457;286;171;0;171;4;813;324;119;180;25;;;;;;;;;;;;165;;;;;;;;
010575755073;01057575507304;57073004;STIMMBEZIRK;;;N;1111;930;181;0;569;394;175;0;175;17;992;297;186;310;31;;;;;;;;;;;;168;;;;;;;;
010575755073;01057575507305;57073005;STIMMBEZIRK;;;N;1007;788;219;0;440;250;190;0;190;4;794;299;201;161;41;;;;;;;;;;;;92;;;;;;;;
010575755078;01057575507801;57078001;STIMMBEZIRK;;;N;386;339;47;0;252;206;46;0;46;8;1128;;;;;;;;;;;;;;;;628;500;;;;;;;
010575755079;01057575507901;57079001;STIMMBEZIRK;;;N;709;566;143;0;473;342;131;0;131;5;2301;1500;;801;;;;;;;;;;;;;;;;;;;;;
010575755081;01057575508101;57081001;STIMMBEZIRK;;;N;263;201;62;0;215;159;56;0;56;3;937;;;467;;;;;;;;;;;;;470;;;;;;;;
010575755087;01057575508701;57087001;STIMMBEZIRK;;;N;835;704;131;0;565;447;118;0;118;12;2853;805;;1711;337;;;;;;;;;;;;;;;;;;;;
010575755088;01057575508801;57088001;STIMMBEZIRK;;;N;601;488;113;0;413;312;101;0;101;4;1684;;;515;;;;;;;;;;;;;1169;;;;;;;;
010575775016;01057577501601;57016001;STIMMBEZIRK;;;N;929;751;178;0;625;453;172;2;170;11;3303;863;263;205;;;;;;;;;;;;;1972;;;;;;;;
010575775044;01057577504401;57044001;STIMMBEZIRK;;;N;209;162;47;0;144;99;45;1;44;0;608;;206;59;;;;;;;;;;;;;343;;;;;;;;
010575775050;01057577505001;57050001;STIMMBEZIRK;;;N;812;671;141;0;471;348;123;1;122;13;2223;;;776;;;;;;;;;;;;;1447;;;;;;;;
010575775052;01057577505201;57052001;STIMMBEZIRK;;;N;486;393;93;0;333;254;79;0;79;5;1402;;;;;;;;;;;;;;;;894;508;;;;;;;
010575775072;01057577507201;57072001;STIMMBEZIRK;;;N;481;410;71;0;352;285;67;0;67;5;1616;;;175;;;;;;;;;;;;;896;332;213;;;;;;
010575775077;01057577507701;57077001;STIMMBEZIRK;;;N;1334;1137;197;0;726;545;181;0;181;14;4283;1060;660;784;;;;;;;;;;;;;1779;;;;;;;;
010575775090;01057577509001;57090001;STIMMBEZIRK;;;N;657;524;133;0;397;275;122;0;122;5;1454;;;;;;;;;;;;;;;;1141;149;164;;;;;;
010575782025;01057578202501;57025001;STIMMBEZIRK;;;N;1428;1087;341;0;922;614;308;0;308;7;1651;409;449;164;201;;81;;;;;;;;;;347;;;;;;;;
010575782025;01057578202502;57025002;STIMMBEZIRK;;;N;1406;1163;243;0;857;630;227;0;227;11;1604;309;325;305;231;;68;;;;;;;;;;366;;;;;;;;
010575782025;01057578202503;57025003;STIMMBEZIRK;;;N;1526;1170;356;0;954;619;335;0;335;9;1731;422;470;238;196;;64;;;;;;;;;;341;;;;;;;;
010575782025;01057578202504;57025004;STIMMBEZIRK;;;N;1351;1063;288;0;822;547;275;0;275;3;1471;319;332;206;230;;90;;;;;;;;;;294;;;;;;;;
010575782025;01057578202505;57025005;STIMMBEZIRK;;;N;1497;1232;265;0;958;718;240;0;240;8;1765;479;449;311;240;;62;;;;;;;;;;224;;;;;;;;
010575782051;01057578205101;57051001;STIMMBEZIRK;;;N;1194;976;218;0;673;470;203;0;203;12;1778;527;328;324;48;;;;;;;;;;;;551;;;;;;;;
010575782051;01057578205102;57051002;STIMMBEZIRK;;;N;1254;987;267;0;732;482;250;0;250;10;1937;565;233;471;61;;;;;;;;;;;;607;;;;;;;;
010575782051;01057578205103;57051003;STIMMBEZIRK;;;N;957;728;229;0;652;443;209;0;209;2;1784;631;346;358;50;;;;;;;;;;;;399;;;;;;;;
010575782074;01057578207401;57074001;STIMMBEZIRK;;;N;1114;959;155;0;517;384;133;0;133;18;893;367;268;164;94;;;;;;;;;;;;;;;;;;;;
010575782074;01057578207402;57074002;STIMMBEZIRK;;;N;1236;1001;235;0;635;419;216;0;216;24;1126;384;368;281;93;;;;;;;;;;;;;;;;;;;;
010575782074;01057578207403;57074003;STIMMBEZIRK;;;N;1001;877;124;0;476;360;116;0;116;7;839;399;186;185;69;;;;;;;;;;;;;;;;;;;;
010575782074;01057578207404;57074004;STIMMBEZIRK;;;N;1157;992;165;0;624;482;142;0;142;9;1126;436;309;315;66;;;;;;;;;;;;;;;;;;;;
010575782074;01057578207405;57074005;STIMMBEZIRK;;;N;678;595;83;0;301;225;76;0;76;14;506;193;115;154;44;;;;;;;;;;;;;;;;;;;;
010575782074;01057578207405;57074006;STIMMBEZIRK;;;N;376;339;37;0;219;186;33;1;32;6;389;204;107;62;16;;;;;;;;;;;;;;;;;;;;
010575785005;01057578500501;57005001;STIMMBEZIRK;;;N;325;270;55;0;225;178;47;0;47;1;983;;;;;;;;;;;;;;;;479;504;;;;;;;
010575785024;01057578502401;57024001;STIMMBEZIRK;;;N;411;345;66;0;312;252;60;0;60;2;1435;;;;;;;;;;;;;;;;686;749;;;;;;;
010575785068;01057578506801;57068001;STIMMBEZIRK;;;N;639;566;73;0;483;413;70;0;70;5;2511;753;;;;;;;;;;;;;;;1758;;;;;;;;
010575785069;01057578506901;57069001;STIMMBEZIRK;;;N;812;701;111;0;526;417;109;0;109;4;2793;;;;;;;;;;;;;;;;1768;1025;;;;;;;
010575785071;01057578507101;57071001;STIMMBEZIRK;;;N;721;651;70;0;453;390;63;0;63;4;2215;993;;;;;;;;;;;;;;;1222;;;;;;;;
010575785080;01057578508001;57080001;STIMMBEZIRK;;;N;1063;906;157;0;635;494;141;0;141;6;3732;1607;861;;;;;;;;;;;;;;1264;;;;;;;;
010575785083;01057578508301;57083001;STIMMBEZIRK;;;N;293;252;41;0;195;158;37;0;37;3;833;244;;204;;;;;;;;;;;;;385;;;;;;;;
010575785085;01057578508501;57085001;STIMMBEZIRK;;;N;738;656;82;0;364;295;69;0;69;19;847;469;178;200;;;;;;;;;;;;;;;;;;;;;
010575785085;01057578508502;57085002;STIMMBEZIRK;;;N;849;746;103;0;361;267;94;0;94;17;897;462;199;236;;;;;;;;;;;;;;;;;;;;;
010575785085;01057578508503;57085003;STIMMBEZIRK;;;N;793;682;111;0;422;323;99;0;99;9;1069;474;311;284;;;;;;;;;;;;;;;;;;;;;
010585803001;01058580300101;58001001;STIMMBEZIRK;;;N;588;434;154;0;450;304;146;0;146;2;2321;723;;562;;;;;;;;;;;;;1036;;;;;;;;
010585803001;01058580300101;58001002;STIMMBEZIRK;;;N;226;177;49;0;154;107;47;0;47;3;788;436;;170;;;;;;;;;;;;;182;;;;;;;;
010585803028;01058580302801;58028001;STIMMBEZIRK;;;N;1219;971;248;0;795;569;226;0;226;6;4836;1017;;1299;;;;;;;;;;;;;2520;;;;;;;;
010585803050;01058580305001;58050001;STIMMBEZIRK;;;N;785;572;213;0;487;282;205;0;205;25;2433;;;;;;;;;;;;;;;;1295;1138;;;;;;;
010585803050;01058580305001;58050002;STIMMBEZIRK;;;N;905;679;226;0;553;352;201;0;201;31;2835;;;;;;;;;;;;;;;;1638;1197;;;;;;;
010585803093;01058580309301;58093001;STIMMBEZIRK;;;N;596;463;133;0;403;277;126;0;126;10;1660;;;;;;;;;;;;;;;;850;741;69;;;;;;
010585803104;01058580310401;58104001;STIMMBEZIRK;;;N;1582;1278;304;0;1239;953;286;0;286;15;5710;3367;;2343;;;;;;;;;;;;;;;;;;;;;
010585803126;01058580312601;58126001;STIMMBEZIRK;;;N;759;559;200;0;524;339;185;0;185;13;2642;1349;;;;;;;;;;;;;;;1293;;;;;;;;
010585803130;01058580313001;58130001;STIMMBEZIRK;;;N;1450;1048;402;0;1016;632;384;0;384;9;6655;1682;2023;;;;;;;;;;;;;;1357;1477;116;;;;;;
010585803171;01058580317101;58171001;STIMMBEZIRK;;;N;823;658;165;0;537;381;156;0;156;5;3325;974;;968;;;;;;;;;;;;;1383;;;;;;;;
010585803171;01058580317101;58171002;STIMMBEZIRK;;;N;444;328;116;0;288;180;108;0;108;6;1703;731;;504;;;;;;;;;;;;;468;;;;;;;;
010585822037;01058582203701;58037001;STIMMBEZIRK;;;N;1095;827;268;0;746;493;253;5;248;5;2049;449;456;250;;;;;;;;;;;;;894;;;;;;;;
010585822037;01058582203702;58037002;STIMMBEZIRK;;;N;1015;750;265;0;699;457;242;0;242;5;1845;403;442;250;;;;;;;;;;;;;750;;;;;;;;
010585822037;01058582203703;58037003;STIMMBEZIRK;;;N;1085;794;291;0;752;481;271;0;271;12;2005;502;543;261;;;;;;;;;;;;;699;;;;;;;;
010585822116;01058582211601;58116001;STIMMBEZIRK;;;N;730;562;168;0;485;348;137;1;136;16;2309;1269;;1040;;;;;;;;;;;;;;;;;;;;;
010585822150;01058582215001;58150001;STIMMBEZIRK;;;N;764;640;124;0;506;393;113;0;113;8;1354;478;260;278;;;;;;;;;;;;;338;;;;;;;;
010585822150;01058582215002;58150002;STIMMBEZIRK;;;N;833;601;232;0;545;345;200;0;200;4;1497;433;338;404;;;;;;;;;;;;;322;;;;;;;;
010585822150;01058582215003;58150003;STIMMBEZIRK;;;N;786;604;182;0;506;328;178;0;178;5;1413;581;297;228;;;;;;;;;;;;;307;;;;;;;;
010585822157;01058582215701;58157001;STIMMBEZIRK;;;N;1217;788;429;0;886;499;387;9;378;13;4272;1922;1074;598;678;;;;;;;;;;;;;;;;;;;;
010585824051;01058582405101;58051001;STIMMBEZIRK;;;N;944;744;200;0;604;417;187;0;187;11;2986;926;;516;;;;;;;;;;;;;1544;;;;;;;;
010585824058;01058582405801;58058001;STIMMBEZIRK;;;N;1301;916;385;0;801;460;341;20;321;5;1470;638;332;269;101;130;;;;;;;;;;;;;;;;;;;
010585824058;01058582405802;58058002;STIMMBEZIRK;;;N;1227;954;273;0;683;430;253;0;253;13;1220;594;147;290;113;76;;;;;;;;;;;;;;;;;;;
010585824058;01058582405803;58058003;STIMMBEZIRK;;;N;1231;960;271;0;715;466;249;0;249;3;1300;582;222;215;187;94;;;;;;;;;;;;;;;;;;;
010585824058;01058582405804;58058004;STIMMBEZIRK;;;N;1290;969;321;0;804;505;299;0;299;12;1482;582;228;332;188;152;;;;;;;;;;;;;;;;;;;
010585824058;01058582405805;58058005;STIMMBEZIRK;;;N;1253;911;342;0;875;549;326;0;326;16;1585;745;290;268;170;112;;;;;;;;;;;;;;;;;;;
010585824096;01058582409601;58096001;STIMMBEZIRK;;;N;920;756;164;0;466;466;0;0;0;2;2883;1686;;317;;;;;;;;;;;;;880;;;;;;;;
010585824096;01058582409601;58096002;STIMMBEZIRK;;;N;206;169;37;0;328;134;194;0;194;1;1946;1059;;409;;;;;;;;;;;;;478;;;;;;;;
010585824110;01058582411001;58110001;STIMMBEZIRK;;;N;604;491;113;0;296;296;0;0;0;5;1581;915;;666;;;;;;;;;;;;;;;;;;;;;
010585824110;01058582411001;58110002;STIMMBEZIRK;;;N;284;230;54;0;301;146;155;0;155;4;1527;951;;576;;;;;;;;;;;;;;;;;;;;;
010585824112;01058582411201;58112001;STIMMBEZIRK;;;N;941;750;191;0;617;440;177;1;176;7;3179;1183;;880;;;;;;;;;;;;;1116;;;;;;;;
010585824121;01058582412101;58121001;STIMMBEZIRK;;;N;678;532;146;0;472;330;142;0;142;5;1304;319;;717;;;;;;;;;;;;;268;;;;;;;;
010585824121;01058582412102;58121002;STIMMBEZIRK;;;N;671;475;196;0;481;299;182;1;181;3;1310;369;;726;;;;;;;;;;;;;215;;;;;;;;
010585824121;01058582412103;58121003;STIMMBEZIRK;;;N;751;562;189;0;409;315;94;5;89;6;1121;405;;502;;;;;;;;;;;;;214;;;;;;;;
010585824142;01058582414201;58142001;STIMMBEZIRK;;;N;837;666;171;0;545;381;164;1;163;4;2848;1334;;607;;;;;;;;;;;;;907;;;;;;;;
010585824165;01058582416501;58165001;STIMMBEZIRK;;;N;515;412;103;0;254;253;1;1;0;2;1381;602;;199;;;;;;;;;;;;;580;;;;;;;;
010585824165;01058582416501;58165002;STIMMBEZIRK;;;N;500;410;90;0;435;253;182;0;182;4;2255;1006;;449;;;;;;;;;;;;;800;;;;;;;;
010585830019;01058583001901;58019001;STIMMBEZIRK;;;N;247;205;42;0;183;143;40;0;40;4;825;;;;;;;;;;;;;;;;485;340;;;;;;;
010585830053;01058583005301;58053001;STIMMBEZIRK;;;N;1017;849;168;0;522;377;145;3;142;7;951;262;285;192;52;;;;;;;;;;;;160;;;;;;;;
010585830053;01058583005302;58053002;STIMMBEZIRK;;;N;874;643;231;0;436;306;130;0;130;5;795;229;173;191;77;;;;;;;;;;;;125;;;;;;;;
010585830053;01058583005302;58053003;STIMMBEZIRK;;;N;392;311;81;0;345;196;149;0;149;6;641;218;175;106;55;;;;;;;;;;;;87;;;;;;;;
010585830053;01058583005303;58053004;STIMMBEZIRK;;;N;1163;915;248;0;635;406;229;0;229;9;1143;317;261;331;51;;;;;;;;;;;;183;;;;;;;;
010585830053;01058583005304;58053005;STIMMBEZIRK;;;N;1487;1125;362;0;909;582;327;0;327;8;1702;574;396;328;129;;;;;;;;;;;;275;;;;;;;;
010585830053;01058583005305;58053006;STIMMBEZIRK;;;N;1349;1096;253;0;644;423;221;1;220;14;1192;301;261;326;64;;;;;;;;;;;;240;;;;;;;;
010585830145;01058583014501;58145001;STIMMBEZIRK;;;N;271;214;57;0;156;102;54;0;54;20;431;;;;;;;;;;;;;;;;431;;;;;;;;
010585830160;01058583016001;58160001;STIMMBEZIRK;;;N;137;120;17;0;102;85;17;0;17;1;256;;;;;;;;;;;;;;;;256;;;;;;;;
010585833003;01058583300301;58003001;STIMMBEZIRK;;;N;1549;1311;238;0;967;740;227;0;227;15;5534;2675;;2704;;;;;;;;;;;;;155;;;;;;;;
010585833054;01058583305401;58054001;STIMMBEZIRK;;;N;1178;1048;130;0;479;360;119;0;119;5;857;346;;319;;;;;;;;;;;;;192;;;;;;;;
010585833054;01058583305402;58054002;STIMMBEZIRK;;;N;1077;928;149;0;471;337;134;0;134;13;849;281;;355;;;;;;;;;;;;;213;;;;;;;;
010585833054;01058583305403;58054003;STIMMBEZIRK;;;N;1137;969;168;0;575;420;155;0;155;18;1027;384;;360;;;;;;;;;;;;;283;;;;;;;;
010585833054;01058583305404;58054004;STIMMBEZIRK;;;N;1169;979;190;0;563;387;176;0;176;6;1026;393;;396;;;;;;;;;;;;;237;;;;;;;;
010585833054;01058583305405;58054005;STIMMBEZIRK;;;N;1014;790;224;0;586;379;207;0;207;5;1079;525;;317;;;;;;;;;;;;;237;;;;;;;;
010585833118;01058583311801;58118001;STIMMBEZIRK;;;N;1277;1054;223;0;901;688;213;0;213;9;5793;1439;;814;;;;;;;;;;;;;2642;898;;;;;;;
010585833136;01058583313601;58136001;STIMMBEZIRK;;;N;882;732;150;0;545;410;135;0;135;7;2763;;;964;;;;;;;;;;;;;1799;;;;;;;;
010585847010;01058584701001;58010001;STIMMBEZIRK;;;N;141;114;27;0;116;89;27;0;27;1;409;;;;;;;;;;;;;;;;215;194;;;;;;;
010585847029;01058584702901;58029001;STIMMBEZIRK;;;N;1172;1000;172;0;737;575;162;0;162;5;4594;1792;;788;;;;;;;;;;;;;2014;;;;;;;;
010585847036;01058584703601;58036001;STIMMBEZIRK;;;N;203;191;12;0;107;95;12;0;12;2;353;;;;;;;;;;;;;;;;353;;;;;;;;
010585847047;01058584704701;58047001;STIMMBEZIRK;;;N;1366;1165;201;0;807;635;172;0;172;10;5018;3113;;677;;;;;;;;;;;;;622;606;;;;;;;
010585847056;01058584705601;58056001;STIMMBEZIRK;;;N;318;293;25;0;166;142;24;0;24;2;507;;;;;;;;;;;;;;;;507;;;;;;;;
010585847070;01058584707001;58070001;STIMMBEZIRK;;;N;1143;993;150;0;672;539;133;0;133;5;3864;1434;;957;;;;;;;;;;;;;1473;;;;;;;;
010585847078;01058584707801;58078001;STIMMBEZIRK;;;N;1073;940;133;0;600;479;121;0;121;8;3352;1516;;409;;;;;;;;;;;;;1427;;;;;;;;
010585847078;01058584707801;58078002;STIMMBEZIRK;;;N;1113;949;164;0;666;510;156;0;156;7;3692;1684;;353;;;;;;;;;;;;;1655;;;;;;;;
010585847089;01058584708901;58089001;STIMMBEZIRK;;;N;147;123;24;0;91;74;17;0;17;0;198;;;;;;;;;;;;;;;;198;;;;;;;;
010585847097;01058584709701;58097001;STIMMBEZIRK;;;N;393;340;53;0;222;172;50;0;50;3;534;;;;;;;;;;;;;;;;534;;;;;;;;
010585847129;01058584712901;58129001;STIMMBEZIRK;;;N;137;122;15;0;101;86;15;0;15;0;228;;;;;;;;;;;;;;;;228;;;;;;;;
010585847154;01058584715401;58154001;STIMMBEZIRK;;;N;264;234;30;0;150;122;28;0;28;14;352;;;;;;;;;;;;;;;;352;;;;;;;;
010585853031;01058585303101;58031001;STIMMBEZIRK;;;N;95;86;9;0;63;55;8;0;8;0;127;;;;;;;;;;;;;;;;127;;;;;;;;
010585853048;01058585304801;58048001;STIMMBEZIRK;;;N;171;154;17;0;108;93;15;0;15;1;247;;;;;;;;;;;;;;;;247;;;;;;;;
010585853068;01058585306801;58068001;STIMMBEZIRK;;;N;429;375;54;0;249;199;50;0;50;3;792;;;;;;;;;;;;;;;;792;;;;;;;;
010585853071;01058585307101;58071001;STIMMBEZIRK;;;N;398;362;36;0;214;179;35;0;35;1;600;;;;;;;;;;;;;;;;600;;;;;;;;
010585853086;01058585308601;58086001;STIMMBEZIRK;;;N;924;784;140;0;553;428;125;0;125;5;1464;627;;263;;;;;;;;;;;;;574;;;;;;;;
010585853086;01058585308602;58086002;STIMMBEZIRK;;;N;917;789;128;0;491;377;114;0;114;4;1298;612;;300;;;;;;;;;;;;;386;;;;;;;;
010585853086;01058585308603;58086003;STIMMBEZIRK;;;N;966;823;143;0;511;376;135;0;135;9;1371;605;;291;;;;;;;;;;;;;475;;;;;;;;
010585853101;01058585310101;58101001;STIMMBEZIRK;;;N;327;285;42;0;215;175;40;0;40;0;979;;;;;;;;;;;;;;;;257;722;;;;;;;
010585853148;01058585314801;58148001;STIMMBEZIRK;;;N;933;791;142;0;548;418;130;0;130;9;1937;;;;;;;;;;;;;;;;1937;;;;;;;;
010585853155;01058585315501;58155001;STIMMBEZIRK;;;N;300;262;38;0;191;155;36;0;36;3;542;;;;;;;;;;;;;;;;542;;;;;;;;
010585853172;01058585317201;58172001;STIMMBEZIRK;;;N;855;721;134;0;477;349;128;0;128;4;854;355;139;216;;;;;;;;;;;;;144;;;;;;;;
010585853172;01058585317202;58172002;STIMMBEZIRK;;;N;863;717;146;0;506;368;138;0;138;8;900;331;142;181;;;;;;;;;;;;;246;;;;;;;;
010585853172;01058585317203;58172003;STIMMBEZIRK;;;N;723;619;104;0;352;259;93;0;93;4;630;277;59;123;;;;;;;;;;;;;171;;;;;;;;
010585853172;01058585317204;58172004;STIMMBEZIRK;;;N;927;783;144;0;483;350;133;2;131;5;869;275;137;240;;;;;;;;;;;;;170;47;;;;;;;
010585853172;01058585317205;58172005;STIMMBEZIRK;;;N;815;666;149;0;452;320;132;0;132;5;813;357;164;148;;;;;;;;;;;;;144;;;;;;;;
010585859018;01058585901801;58018001;STIMMBEZIRK;;;N;553;441;112;0;333;234;99;0;99;40;768;;;;;;;;;;;;;;;;768;;;;;;;;
010585859105;01058585910501;58105001;STIMMBEZIRK;;;N;1114;910;204;0;640;461;179;3;176;12;3768;;;;;;;;;;;;;;;;1928;1840;;;;;;;
010585859107;01058585910701;58107001;STIMMBEZIRK;;;N;939;678;261;0;594;348;246;0;246;3;1121;418;260;203;112;;;;;;;;;;;;128;;;;;;;;
010585859107;01058585910702;58107002;STIMMBEZIRK;;;N;1002;714;288;0;600;340;260;0;260;7;1117;305;336;250;112;;;;;;;;;;;;114;;;;;;;;
010585859107;01058585910703;58107003;STIMMBEZIRK;;;N;961;761;200;0;567;380;187;0;187;6;1088;467;268;173;97;;;;;;;;;;;;83;;;;;;;;
010585859107;01058585910704;58107004;STIMMBEZIRK;;;N;676;521;155;0;409;278;131;0;131;2;761;289;118;109;160;;;;;;;;;;;;51;34;;;;;;;
010585859107;01058585910705;58107005;STIMMBEZIRK;;;N;661;476;185;0;411;248;163;0;163;5;764;241;256;95;76;;;;;;;;;;;;96;;;;;;;;
010585859138;01058585913801;58138001;STIMMBEZIRK;;;N;393;324;69;0;303;238;65;0;65;2;1359;;;;;;;;;;;;;;;;857;502;;;;;;;
010585859139;01058585913901;58139001;STIMMBEZIRK;;;N;712;635;77;0;369;305;64;0;64;7;1289;;;;;;;;;;;;;;;;1289;;;;;;;;
010585859141;01058585914101;58141001;STIMMBEZIRK;;;N;328;275;53;0;188;144;44;0;44;5;498;;;;;;;;;;;;;;;;498;;;;;;;;
010585864011;01058586401101;58011001;STIMMBEZIRK;;;N;630;566;64;0;389;328;61;0;61;6;1219;;;;;;;;;;;;;;;;1219;;;;;;;;
010585864021;01058586402101;58021001;STIMMBEZIRK;;;N;503;434;69;0;338;279;59;0;59;7;1534;;287;374;;;;;;;;;;;;;873;;;;;;;;
010585864023;01058586402301;58023001;STIMMBEZIRK;;;N;434;358;76;0;235;166;69;0;69;18;668;;;;;;;;;;;;;;;;668;;;;;;;;
010585864027;01058586402701;58027001;STIMMBEZIRK;;;N;304;268;36;0;180;147;33;0;33;5;501;;;;;;;;;;;;;;;;501;;;;;;;;
010585864038;01058586403801;58038001;STIMMBEZIRK;;;N;494;432;62;0;277;218;59;0;59;0;784;;;;;;;;;;;;;;;;784;;;;;;;;
010585864045;01058586404501;58045001;STIMMBEZIRK;;;N;243;204;39;0;166;130;36;0;36;1;496;;;;;;;;;;;;;;;;496;;;;;;;;
010585864046;01058586404601;58046001;STIMMBEZIRK;;;N;404;358;46;0;235;193;42;1;41;2;727;;;;;;;;;;;;;;;;727;;;;;;;;
010585864049;01058586404901;58049001;STIMMBEZIRK;;;N;435;379;56;0;275;220;55;0;55;9;1656;551;;240;;;;;;;;;;;;;843;;22;;;;;;
010585864049;01058586404901;58049002;STIMMBEZIRK;;;N;735;642;93;0;441;352;89;0;89;9;2768;969;;546;;;;;;;;;;;;;1224;;29;;;;;;
010585864059;01058586405901;58059001;STIMMBEZIRK;;;N;1004;876;128;0;518;390;128;0;128;7;1866;;;;;;;;;;;;;;;;1866;;;;;;;;
010585864065;01058586406501;58065001;STIMMBEZIRK;;;N;850;697;153;0;613;470;143;0;143;15;3321;;;1214;;;;;;364;;;;;;;1743;;;;;;;;
010585864091;01058586409101;58091001;STIMMBEZIRK;;;N;364;310;54;0;218;170;48;0;48;20;603;;;;;;;;;;;;;;;;603;;;;;;;;
010585864094;01058586409401;58094001;STIMMBEZIRK;;;N;1329;1079;250;0;783;557;226;0;226;10;4658;;;678;;;;;;;;;;;;;2556;1424;;;;;;;
010585864117;01058586411701;58117001;STIMMBEZIRK;;;N;1117;985;132;0;470;350;120;0;120;19;834;389;133;232;80;;;;;;;;;;;;;;;;;;;;
010585864117;01058586411702;58117002;STIMMBEZIRK;;;N;1148;968;180;0;554;382;172;0;172;14;1026;462;175;247;142;;;;;;;;;;;;;;;;;;;;
010585864117;01058586411703;58117003;STIMMBEZIRK;;;N;1255;1100;155;0;493;352;141;0;141;15;876;406;166;218;86;;;;;;;;;;;;;;;;;;;;
010585864117;01058586411704;58117004;STIMMBEZIRK;;;N;1230;1057;173;0;537;382;155;0;155;7;990;506;173;178;133;;;;;;;;;;;;;;;;;;;;
010585864117;01058586411705;58117005;STIMMBEZIRK;;;N;1078;913;165;0;563;410;153;0;153;15;1011;485;226;206;94;;;;;;;;;;;;;;;;;;;;
010585864120;01058586412001;58120001;STIMMBEZIRK;;;N;128;102;26;0;105;79;26;0;26;0;388;;;;;;;;;;;;;;;;265;123;;;;;;;
010585864147;01058586414701;58147001;STIMMBEZIRK;;;N;672;549;123;0;401;287;114;0;114;6;2204;;;;;;;;;;;;;;;;1002;1202;;;;;;;
010585864163;01058586416301;58163001;STIMMBEZIRK;;;N;925;802;123;0;448;349;99;0;99;11;1583;;;;;;;;;;;;;;;;1583;;;;;;;;
010585864168;01058586416801;58168001;STIMMBEZIRK;;;N;616;483;133;0;326;206;120;0;120;8;920;;;;;;;;;;;;;;;;920;;;;;;;;
010585888026;01058588802601;58026001;STIMMBEZIRK;;;N;911;734;177;0;602;441;161;1;160;7;3176;1094;;;;;;;;;;;;;;;932;1035;115;;;;;;
010585888073;01058588807301;58073001;STIMMBEZIRK;;;N;231;191;40;0;143;106;37;0;37;1;647;;;;;;;;;;;;;;;;278;369;;;;;;;
010585888122;01058588812201;58122001;STIMMBEZIRK;;;N;506;433;73;0;313;242;71;0;71;3;1347;;;;;;;;;;;;;;;;352;995;;;;;;;
010585888124;01058588812401;58124001;STIMMBEZIRK;;;N;859;703;156;0;468;336;132;0;132;9;862;202;;243;118;;;;;;;;;;;;299;;;;;;;;
010585888124;01058588812402;58124002;STIMMBEZIRK;;;N;854;726;128;0;438;317;121;0;121;23;740;197;;153;144;;;;;;;;;;;;246;;;;;;;;
010585888124;01058588812403;58124003;STIMMBEZIRK;;;N;852;706;146;0;418;287;131;0;131;5;754;259;;112;135;;;;;;;;;;;;248;;;;;;;;
010585888124;01058588812404;58124004;STIMMBEZIRK;;;N;848;724;124;0;468;353;115;0;115;10;860;236;;191;97;;;;;;;;;;;;336;;;;;;;;
010585888124;01058588812405;58124005;STIMMBEZIRK;;;N;922;787;135;0;540;414;126;0;126;17;924;277;;247;123;;;;;;;;;;;;277;;;;;;;;
010585888132;01058588813201;58132001;STIMMBEZIRK;;;N;176;137;39;0;125;86;39;0;39;1;574;;;;;;;;;;;;;;;;224;350;;;;;;;
010585888140;01058588814001;58140001;STIMMBEZIRK;;;N;1324;1126;198;0;739;551;188;2;186;16;1935;853;;750;;;;;;;;;;;;;332;;;;;;;;
010585888140;01058588814002;58140002;STIMMBEZIRK;;;N;1381;1189;192;0;724;550;174;1;173;10;1769;708;;818;;;;;;;;;;;;;243;;;;;;;;
010585888140;01058588814003;58140003;STIMMBEZIRK;;;N;1325;1124;201;0;681;507;174;0;174;14;1717;641;;747;;;;;;;;;;;;;329;;;;;;;;
010585888146;01058588814601;58146001;STIMMBEZIRK;;;N;590;474;116;0;367;264;103;0;103;5;1573;;;;;;;;;;;;;;;;800;773;;;;;;;
010585889016;01058588901601;58016001;STIMMBEZIRK;;;N;141;122;19;0;103;84;19;0;19;2;345;154;;;;;;;;;;;;;;;191;;;;;;;;
010585889022;01058588902201;58022001;STIMMBEZIRK;;;N;1290;974;316;0;864;577;287;25;262;16;1564;504;507;344;;;;;;;;;;;;;209;;;;;;;;
010585889022;01058588902202;58022002;STIMMBEZIRK;;;N;1323;1051;272;0;761;504;257;0;257;5;1392;481;290;400;;;;;;;;;;;;;221;;;;;;;;
010585889022;01058588902203;58022003;STIMMBEZIRK;;;N;1347;1083;264;0;765;518;247;0;247;10;1402;437;361;424;;;;;;;;;;;;;180;;;;;;;;
010585889022;01058588902204;58022004;STIMMBEZIRK;;;N;1375;1059;316;0;798;498;300;0;300;11;1456;426;310;464;;;;;;;;;;;;;256;;;;;;;;
010585889022;01058588902205;58022005;STIMMBEZIRK;;;N;1227;1025;202;0;636;453;183;0;183;33;1089;320;208;336;;;;;;;;;;;;;225;;;;;;;;
010585889033;01058588903301;58033001;STIMMBEZIRK;;;N;906;716;190;0;613;435;178;0;178;18;2952;1704;974;;;;;;;;;;;;;;107;167;;;;;;;
010585889063;01058588906301;58063001;STIMMBEZIRK;;;N;188;167;21;0;86;69;17;0;17;3;245;;;;;;;;;;;;;;;;245;;;;;;;;
010585889064;01058588906401;58064001;STIMMBEZIRK;;;N;303;253;50;0;240;190;50;0;50;5;1077;502;;;;;;;;;;;;;;;575;;;;;;;;
010585889076;01058588907601;58076001;STIMMBEZIRK;;;N;152;129;23;0;114;94;20;0;20;0;353;;;;;;;;;;;;;;;;353;;;;;;;;
010585889098;01058588909801;58098001;STIMMBEZIRK;;;N;167;155;12;0;114;106;8;0;8;0;277;;;;;;;;;;;;;;;;277;;;;;;;;
010585889108;01058588910801;58108001;STIMMBEZIRK;;;N;463;375;88;0;310;229;81;0;81;1;799;;;;;;;;;;;;;;;;799;;;;;;;;
010585889109;01058588910901;58109001;STIMMBEZIRK;;;N;309;268;41;0;216;178;38;0;38;1;941;;;;;;;;;;;;;;;;519;422;;;;;;;
010585889133;01058588913301;58133001;STIMMBEZIRK;;;N;120;100;20;0;89;69;20;0;20;1;231;;;;;;;;;;;;;;;;231;;;;;;;;
010585889143;01058588914301;58143001;STIMMBEZIRK;;;N;226;191;35;0;148;119;29;0;29;3;402;;;;;;;;;;;;;;;;402;;;;;;;;
010585889144;01058588914401;58144001;STIMMBEZIRK;;;N;188;167;21;0;113;100;13;0;13;0;338;;;;;;;;;;;;;;;;338;;;;;;;;
010585889153;01058588915301;58153001;STIMMBEZIRK;;;N;154;131;23;0;104;83;21;0;21;4;218;;;;;;;;;;;;;;;;218;;;;;;;;
010585889170;01058588917001;58170001;STIMMBEZIRK;;;N;784;636;148;0;468;331;137;0;137;15;1261;;;;;;;;;;;;;;;;690;349;222;;;;;;
010585889170;01058588917002;58170002;STIMMBEZIRK;;;N;814;658;156;0;459;321;138;0;138;13;1196;;;;;;;;;;;;;;;;577;421;198;;;;;;
010585889170;01058588917003;58170003;STIMMBEZIRK;;;N;726;564;162;0;435;295;140;7;133;5;1203;;;;;;;;;;;;;;;;345;606;252;;;;;;
010585890008;01058589000801;58008001;STIMMBEZIRK;;;N;853;721;132;0;463;338;125;0;125;7;1671;;;;;;;;;;;;;;;;1671;;;;;;;;
010585890024;01058589002401;58024001;STIMMBEZIRK;;;N;1477;1209;268;0;831;593;238;0;238;14;4022;2217;;;;;;;;;;;;;;;1805;;;;;;;;
010585890030;01058589003001;58030001;STIMMBEZIRK;;;N;875;769;106;0;534;430;104;7;97;6;2765;1148;;399;;;;;;;;;;;;;1218;;;;;;;;
010585890035;01058589003501;58035001;STIMMBEZIRK;;;N;500;380;120;0;364;250;114;0;114;1;1747;;;;;;;;;;;;;;;;886;861;;;;;;;
010585890039;01058589003901;58039001;STIMMBEZIRK;;;N;397;344;53;0;205;153;52;0;52;0;661;;;;;;;;;;;;;;;;661;;;;;;;;
010585890066;01058589006601;58066001;STIMMBEZIRK;;;N;1073;858;215;0;706;505;201;0;201;0;4472;1354;;;;;;;;;;;;;;;823;1137;1158;;;;;;
010585890069;01058589006901;58069001;STIMMBEZIRK;;;N;491;388;103;0;340;245;95;0;95;2;1544;;;;;;;;;;;;;;;;645;899;;;;;;;
010585890080;01058589008001;58080001;STIMMBEZIRK;;;N;1062;816;246;0;734;498;236;0;236;5;4409;2013;;1156;;;;;;;;;;;;;1135;105;;;;;;;
010585890081;01058589008101;58081001;STIMMBEZIRK;;;N;297;235;62;0;193;131;62;1;61;3;534;;;;;;;;;;;;;;;;534;;;;;;;;
010585890083;01058589008301;58083001;STIMMBEZIRK;;;N;192;153;39;0;132;95;37;0;37;4;335;;;;;;;;;;;;;;;;335;;;;;;;;
010585890088;01058589008801;58088001;STIMMBEZIRK;;;N;187;154;33;0;113;83;30;0;30;3;309;;;;;;;;;;;;;;;;309;;;;;;;;
010585890111;01058589011101;58111001;STIMMBEZIRK;;;N;107;93;14;0;70;62;8;0;8;0;186;;;;;;;;;;;;;;;;186;;;;;;;;
010585890123;01058589012301;58123001;STIMMBEZIRK;;;N;852;736;116;0;606;494;112;1;111;7;3108;1275;825;;;;;;;;;;;;;;1008;;;;;;;;
010585890127;01058589012701;58127001;STIMMBEZIRK;;;N;948;785;163;0;521;375;146;0;146;12;1360;389;;;;;;;;;;;;;;;971;;;;;;;;
010585890127;01058589012702;58127002;STIMMBEZIRK;;;N;973;831;142;0;545;413;132;2;130;6;1457;666;;;;;;;;;;;;;;;791;;;;;;;;
010585890127;01058589012703;58127003;STIMMBEZIRK;;;N;1121;919;202;0;656;469;187;6;181;5;1768;496;;;;;;;;;;;;;;;1272;;;;;;;;
010585890152;01058589015201;58152001;STIMMBEZIRK;;;N;704;530;174;0;496;337;159;0;159;6;2574;891;;805;;;;;;;;;;;;;878;;;;;;;;
010585890175;01058589017501;58175001;STIMMBEZIRK;;;N;419;342;77;0;299;227;72;0;72;4;1268;558;;;;;;;;;;;;;;;710;;;;;;;;
010585893004;01058589300401;58004001;STIMMBEZIRK;;;N;258;188;70;0;151;89;62;0;62;5;648;;;;;;;;;;;;;;;;288;308;;52;;;;;
010585893012;01058589301201;58012001;STIMMBEZIRK;;;N;1266;1014;252;0;827;591;236;3;233;25;5058;576;;865;;;;;;;;;;;;;1050;2505;62;;;;;;
010585893032;01058589303201;58032001;STIMMBEZIRK;;;N;604;449;155;0;380;241;139;0;139;2;1694;404;;199;;;;;;;;;;;;;1091;;;;;;;;
010585893040;01058589304001;58040001;STIMMBEZIRK;;;N;1264;1036;228;0;627;429;198;0;198;8;3554;1509;522;1299;;;;;;;;;;;;;224;;;;;;;;
010585893042;01058589304201;58042001;STIMMBEZIRK;;;N;600;516;84;0;330;257;73;0;73;3;1429;802;;98;;;;;;;;;;;;;529;;;;;;;;
010585893052;01058589305201;58052001;STIMMBEZIRK;;;N;928;703;225;0;606;407;199;0;199;4;3775;834;532;672;;661;;;;;;;;;;;1058;18;;;;;;;
010585893052;01058589305201;58052002;STIMMBEZIRK;;;N;850;676;174;0;534;376;158;0;158;14;3341;482;504;508;;417;;;;;;;;;;;1411;19;;;;;;;
010585893057;01058589305701;58057001;STIMMBEZIRK;;;N;439;363;76;0;307;234;73;0;73;5;1325;;;;;;;;;;;;;;;;510;815;;;;;;;
010585893067;01058589306701;58067001;STIMMBEZIRK;;;N;535;441;94;0;319;231;88;0;88;4;1725;941;;;;;;;;;;;;;;;784;;;;;;;;
010585893082;01058589308201;58082001;STIMMBEZIRK;;;N;704;544;160;0;419;268;151;1;150;12;1990;;;;;;;;;;;;;;;;1281;709;;;;;;;
010585893084;01058589308401;58084001;STIMMBEZIRK;;;N;231;206;25;0;148;123;25;0;25;1;481;;;;;;;;;;;;;;;;481;;;;;;;;
010585893087;01058589308701;58087001;STIMMBEZIRK;;;N;473;390;83;0;314;232;82;0;82;2;1362;529;;276;;;;;;;;;;;;;557;;;;;;;;
010585893090;01058589309001;58090001;STIMMBEZIRK;;;N;944;727;217;0;640;440;200;0;200;14;3581;1559;735;;;;;;;;;;;;;;1287;;;;;;;;
010585893090;01058589309001;58090002;STIMMBEZIRK;;;N;253;207;46;0;196;159;37;1;36;0;1125;706;254;;;;;;;;;;;;;;165;;;;;;;;
010585893099;01058589309901;58099001;STIMMBEZIRK;;;N;670;541;129;0;433;310;123;1;122;6;2328;1133;;277;;;;;;;;;;;;;918;;;;;;;;
010585893102;01058589310201;58102001;STIMMBEZIRK;;;N;629;517;112;0;380;278;102;0;102;7;1692;;;;;;;;;;;;;;;;424;1268;;;;;;;
010585893137;01058589313701;58137001;STIMMBEZIRK;;;N;808;663;145;0;471;341;130;0;130;8;1291;288;126;317;;155;;;;;;;;;;;405;;;;;;;;
010585893137;01058589313702;58137002;STIMMBEZIRK;;;N;699;525;174;0;481;318;163;1;162;5;1349;314;141;395;;143;;;;;;;;;;;356;;;;;;;;
010585893137;01058589313703;58137003;STIMMBEZIRK;;;N;741;559;182;0;493;336;157;0;157;2;1414;380;218;290;;128;;;;;;;;;;;398;;;;;;;;
010585893162;01058589316201;58162001;STIMMBEZIRK;;;N;336;258;78;0;223;153;70;0;70;5;965;551;;414;;;;;;;;;;;;;;;;;;;;;
010585893166;01058589316601;58166001;STIMMBEZIRK;;;N;1234;971;263;0;746;514;232;0;232;10;4356;1955;;1327;;;;;;;;;;;;;1074;;;;;;;;
010585893173;01058589317301;58173001;STIMMBEZIRK;;;N;888;697;191;0;562;391;171;0;171;17;2893;738;;795;;;;;;;;;;;;;1360;;;;;;;;
010585893174;01058589317401;58174001;STIMMBEZIRK;;;N;441;321;120;0;244;145;99;0;99;2;1022;627;;395;;;;;;;;;;;;;;;;;;;;;
010585895007;01058589500701;58007001;STIMMBEZIRK;;;N;254;184;70;0;221;154;67;0;67;1;1017;;;;;;;;;;;;;;;;608;409;;;;;;;
010585895009;01058589500901;58009001;STIMMBEZIRK;;;N;994;804;190;0;586;418;168;0;168;4;1610;372;;737;77;;;;;;;;;;;;212;212;;;;;;;
010585895009;01058589500902;58009002;STIMMBEZIRK;;;N;648;549;99;0;418;325;93;0;93;0;1197;412;;409;58;;;;;;;;;;;;189;129;;;;;;;
010585895009;01058589500902;58009003;STIMMBEZIRK;;;N;631;493;138;0;436;306;130;0;130;3;1007;449;;327;43;;;;;;;;;;;;102;86;;;;;;;
010585895009;01058589500903;58009004;STIMMBEZIRK;;;N;333;283;50;0;211;168;43;0;43;1;592;208;;201;37;;;;;;;;;;;;88;58;;;;;;;
010585895009;01058589500903;58009005;STIMMBEZIRK;;;N;283;243;40;0;180;147;33;0;33;1;506;114;;103;70;;;;;;;;;;;;95;124;;;;;;;
010585895009;01058589500903;58009006;STIMMBEZIRK;;;N;387;344;43;0;146;113;33;0;33;0;399;114;;116;37;;;;;;;;;;;;79;53;;;;;;;
010585895013;01058589501301;58013001;STIMMBEZIRK;;;N;242;224;18;0;153;135;18;0;18;0;330;;;;;;;;;;;;;;;;330;;;;;;;;
010585895014;01058589501401;58014001;STIMMBEZIRK;;;N;373;337;36;0;238;209;29;0;29;0;1028;;;;;;;;;;;;;;;;562;466;;;;;;;
010585895015;01058589501501;58015001;STIMMBEZIRK;;;N;591;497;94;0;368;288;80;1;79;6;1681;793;;;;;;;;;;;;;;;888;;;;;;;;
010585895025;01058589502501;58025001;STIMMBEZIRK;;;N;158;145;13;0;105;93;12;0;12;0;229;;;;;;;;;;;;;;;;229;;;;;;;;
010585895044;01058589504401;58044001;STIMMBEZIRK;;;N;518;439;79;0;329;255;74;0;74;4;1349;890;;459;;;;;;;;;;;;;;;;;;;;;
010585895061;01058589506101;58061001;STIMMBEZIRK;;;N;488;417;71;0;260;192;68;0;68;6;782;;;;;;;;;;;;;;;;782;;;;;;;;
010585895062;01058589506201;58062001;STIMMBEZIRK;;;N;224;199;25;0;132;110;22;0;22;0;407;;;;;;;;;;;;;;;;361;46;;;;;;;
010585895072;01058589507201;58072001;STIMMBEZIRK;;;N;829;705;124;0;423;302;121;0;121;3;1098;482;;330;;;;;;;;;27;;;;259;;;;;;;;
010585895072;01058589507202;58072002;STIMMBEZIRK;;;N;881;733;148;0;482;344;138;3;135;5;1259;468;;491;;;;;;;;;0;;;;300;;;;;;;;
010585895072;01058589507203;58072003;STIMMBEZIRK;;;N;772;622;150;0;373;229;144;0;144;4;1009;535;;258;;;;;;;;;0;;;;216;;;;;;;;
010585895074;01058589507401;58074001;STIMMBEZIRK;;;N;121;110;11;0;84;73;11;0;11;0;220;;;;;;;;;;;;;;;;220;;;;;;;;
010585895077;01058589507701;58077001;STIMMBEZIRK;;;N;939;762;177;0;447;285;162;1;161;10;822;391;;259;172;;;;;;;;;;;;;;;;;;;;
010585895077;01058589507702;58077002;STIMMBEZIRK;;;N;928;728;200;0;533;350;183;0;183;11;931;494;;220;217;;;;;;;;;;;;;;;;;;;;
010585895077;01058589507703;58077003;STIMMBEZIRK;;;N;876;706;170;0;375;234;141;0;141;12;674;319;;207;148;;;;;;;;;;;;;;;;;;;;
010585895077;01058589507704;58077004;STIMMBEZIRK;;;N;664;558;106;0;337;242;95;0;95;10;608;310;;142;156;;;;;;;;;;;;;;;;;;;;
010585895077;01058589507705;58077005;STIMMBEZIRK;;;N;988;745;243;0;552;333;219;0;219;10;993;538;;259;196;;;;;;;;;;;;;;;;;;;;
010585895085;01058589508501;58085001;STIMMBEZIRK;;;N;177;156;21;0;116;96;20;2;18;4;245;;;;;;;;;;;;;;;;245;;;;;;;;
010585895100;01058589510001;58100001;STIMMBEZIRK;;;N;481;428;53;0;284;233;51;0;51;1;975;;;;;;;;;;;;;;;;975;;;;;;;;
010585895103;01058589510301;58103001;STIMMBEZIRK;;;N;310;258;52;0;242;190;52;0;52;1;1108;;;;;;;;;;;;;;;;366;742;;;;;;;
010585895106;01058589510601;58106001;STIMMBEZIRK;;;N;215;172;43;0;128;87;41;0;41;1;380;;;;;;;;;;;;;;;;380;;;;;;;;
010585895113;01058589511301;58113001;STIMMBEZIRK;;;N;501;457;44;0;279;239;40;0;40;4;882;;;;;;;;;;;;;;;;882;;;;;;;;
010585895115;01058589511501;58115001;STIMMBEZIRK;;;N;539;474;65;0;368;304;64;0;64;8;1031;;;;;;;;;;;;;;;;1031;;;;;;;;
010585895119;01058589511901;58119001;STIMMBEZIRK;;;N;297;271;26;0;154;140;14;0;14;2;444;;;;;;;;;;;;;;;;444;;;;;;;;
010585895125;01058589512501;58125001;STIMMBEZIRK;;;N;552;482;70;0;320;255;65;0;65;2;1494;;;;;;;;;;;;;;;;669;825;;;;;;;
010585895128;01058589512801;58128001;STIMMBEZIRK;;;N;1516;1288;228;0;802;596;206;0;206;11;4086;1290;;;154;;;;;;;;;;;;2642;;;;;;;;
010585895131;01058589513101;58131001;STIMMBEZIRK;;;N;82;75;7;0;53;48;5;0;5;2;113;;;;;;;;;;;;;;;;113;;;;;;;;
010585895134;01058589513401;58134001;STIMMBEZIRK;;;N;340;291;49;0;190;146;44;0;44;2;504;;;;;;;;;;;;;;;;504;;;;;;;;
010585895151;01058589515101;58151001;STIMMBEZIRK;;;N;304;272;32;0;174;144;30;0;30;1;477;;;;;;;;;;;;;;;;477;;;;;;;;
010585895156;01058589515601;58156001;STIMMBEZIRK;;;N;296;260;36;0;211;176;35;0;35;3;859;296;;;;;;;;;;;;;;;519;44;;;;;;;
010585895159;01058589515901;58159001;STIMMBEZIRK;;;N;279;220;59;0;194;143;51;0;51;2;447;;;;;;;;;;;;;;;;447;;;;;;;;
010585895161;01058589516101;58161001;STIMMBEZIRK;;;N;221;197;24;0;146;122;24;0;24;1;326;;;;;;;;;;;;;;;;326;;;;;;;;
010585895164;01058589516401;58164001;STIMMBEZIRK;;;N;861;769;92;0;503;417;86;0;86;6;1641;;;;;;;;;;;;;;;;1641;;;;;;;;
010585895167;01058589516701;58167001;STIMMBEZIRK;;;N;282;241;41;0;146;108;38;0;38;5;382;;;;;;;;;;;;;;;;382;;;;;;;;
010595912107;01059591210701;59107001;STIMMBEZIRK;;;N;673;615;58;0;244;202;42;0;42;15;410;;;;;;;;;;;;;;;;410;;;;;;;;
010595912107;01059591210702;59107002;STIMMBEZIRK;;;N;720;616;104;0;308;216;92;2;90;5;524;;;;;;;;;;;;;;;;524;;;;;;;;
010595912107;01059591210703;59107003;STIMMBEZIRK;;;N;649;536;113;0;281;173;108;0;108;13;462;;;;;;;;;;;;;;;;462;;;;;;;;
010595912128;01059591212801;59128001;STIMMBEZIRK;;;N;348;316;32;0;175;148;27;0;27;2;513;;;;;;;;;;;;;;;;513;;;;;;;;
010595912131;01059591213101;59131001;STIMMBEZIRK;;;N;849;753;96;0;532;441;91;0;91;4;2635;;;;;;;;;;;;;;;;1357;1278;;;;;;;
010595912132;01059591213201;59132001;STIMMBEZIRK;;;N;660;578;82;0;349;279;70;0;70;6;1042;;;;;;;;;;;;;;;;1042;;;;;;;;
010595912138;01059591213801;59138001;STIMMBEZIRK;;;N;864;736;128;0;471;357;114;0;114;18;1968;;;;;;;;;;;;;;;;1786;182;;;;;;;
010595912162;01059591216201;59162001;STIMMBEZIRK;;;N;393;349;44;0;233;192;41;0;41;4;708;;;;;;;;;;;;;;;;708;;;;;;;;
010595912169;01059591216901;59169001;STIMMBEZIRK;;;N;286;267;19;0;160;145;15;0;15;0;479;;;;;;;;;;;;;;;;479;;;;;;;;
010595912174;01059591217401;59174001;STIMMBEZIRK;;;N;782;681;101;0;431;337;94;0;94;6;1056;497;;127;;432;;;;;;;;;;;;;;;;;;;
010595912174;01059591217402;59174002;STIMMBEZIRK;;;N;695;581;114;0;361;253;108;2;106;5;904;509;;87;;308;;;;;;;;;;;;;;;;;;;
010595912174;01059591217403;59174003;STIMMBEZIRK;;;N;748;625;123;0;415;301;114;2;112;3;979;421;;147;;411;;;;;;;;;;;;;;;;;;;
010595915012;01059591501201;59012001;STIMMBEZIRK;;;N;647;483;164;0;433;280;153;1;152;5;1949;420;;477;;;;;;;;;;;;;1052;;;;;;;;
010595915018;01059591501801;59018001;STIMMBEZIRK;;;N;878;754;124;0;497;385;112;1;111;6;2760;1022;;524;;477;;;;;;;;;;;737;;;;;;;;
010595915018;01059591501801;59018002;STIMMBEZIRK;;;N;797;687;110;0;472;362;110;0;110;10;2582;982;;622;;389;;;;;;;;;;;589;;;;;;;;
010595915019;01059591501901;59019001;STIMMBEZIRK;;;N;951;822;129;0;567;450;117;0;117;9;3046;826;;338;;538;;;;;;;;;;;520;824;;;;;;;
010595915026;01059591502601;59026001;STIMMBEZIRK;;;N;765;577;188;0;444;294;150;0;150;25;1130;570;;412;148;;;;;;;;;;;;;;;;;;;;
010595915026;01059591502602;59026002;STIMMBEZIRK;;;N;751;604;147;0;463;327;136;0;136;10;1210;623;;431;156;;;;;;;;;;;;;;;;;;;;
010595915026;01059591502603;59026003;STIMMBEZIRK;;;N;682;495;187;0;457;282;175;0;175;4;1205;503;;438;264;;;;;;;;;;;;;;;;;;;;
010595915032;01059591503201;59032001;STIMMBEZIRK;;;N;315;264;51;0;230;183;47;1;46;1;1056;;;;;;;;;;;;;;;;573;483;;;;;;;
010595915043;01059591504301;59043001;STIMMBEZIRK;;;N;850;753;97;0;472;380;92;1;91;2;2435;;;;;;;;;;;;;;;;1570;865;;;;;;;
010595915056;01059591505601;59056001;STIMMBEZIRK;;;N;195;169;26;0;121;98;23;0;23;0;303;;;;;;;;;;;;;;;;303;;;;;;;;
010595915078;01059591507801;59078001;STIMMBEZIRK;;;N;683;560;123;0;453;345;108;0;108;6;1209;;;;;;;;;;;;;;;;1209;;;;;;;;
010595919103;01059591910301;59103001;STIMMBEZIRK;;;N;443;383;60;0;273;233;40;0;40;2;806;;;;;;;;;;;;;;;;806;;;;;;;;
010595919182;01059591918201;59182001;STIMMBEZIRK;;;N;1314;1140;174;0;706;554;152;0;152;12;4077;2058;;;;;;;;;;;;;;;2019;;;;;;;;
010595919116;01059591911601;59116001;STIMMBEZIRK;;;N;1483;1300;183;0;777;616;161;0;161;14;4206;1320;;;562;;;;;;;;;;;;2324;;;;;;;;
010595919126;01059591912601;59126001;STIMMBEZIRK;;;N;1035;861;174;0;656;490;166;0;166;6;3889;1053;;;;564;;;;;;;;;;;832;1440;;;;;;;
010595919126;01059591912601;59126002;STIMMBEZIRK;;;N;585;503;82;0;388;316;72;0;72;8;2157;290;;;;504;;;;;;;;;;;492;871;;;;;;;
010595919126;01059591912601;59126003;STIMMBEZIRK;;;N;352;307;45;0;237;193;44;0;44;1;1324;144;;;;160;;;;;;;;;;;262;758;;;;;;;
010595919127;01059591912701;59127001;STIMMBEZIRK;;;N;1911;1570;341;0;1117;815;302;0;302;21;6016;2408;;2084;;1524;;;;;;;;;;;;;;;;;;;
010595920002;01059592000201;59002001;STIMMBEZIRK;;;N;239;189;50;0;175;128;47;0;47;0;758;;;;;405;;;;;;;;;;;353;;;;;;;;
010595920034;01059592003401;59034001;STIMMBEZIRK;;;N;202;169;33;0;147;114;33;0;33;10;481;199;;;;;;;;;;;;;;;282;;;;;;;;
010595920067;01059592006701;59067001;STIMMBEZIRK;;;N;258;225;33;0;131;105;26;0;26;0;373;;;;;;;;;;;;;;;;373;;;;;;;;
010595920068;01059592006801;59068001;STIMMBEZIRK;;;N;543;433;110;0;323;220;103;0;103;2;1249;;;354;;;;;;;;;;;;;895;;;;;;;;
010595937106;01059593710601;59106001;STIMMBEZIRK;;;N;855;742;113;0;513;407;106;1;105;8;2414;1053;;;;;;;;;;;;;;;1361;;;;;;;;
010595937118;01059593711801;59118001;STIMMBEZIRK;;;N;725;580;145;0;510;378;132;4;128;6;2573;1407;;485;;;;;;;;;;;;;681;;;;;;;;
010595937137;01059593713701;59137001;STIMMBEZIRK;;;N;686;594;92;0;296;210;86;1;85;1;1781;808;401;179;;126;;;;;;;;;;;267;;;;;;;;
010595937137;01059593713701;59137002;STIMMBEZIRK;;;N;684;593;91;0;334;246;88;0;88;5;2052;966;359;240;;162;;;;;;;;;;;325;;;;;;;;
010595937145;01059593714501;59145001;STIMMBEZIRK;;;N;952;771;181;0;601;437;164;3;161;8;2971;;;;;;;;;;;;;;;;1358;1613;;;;;;;
010595937157;01059593715701;59157001;STIMMBEZIRK;;;N;442;382;60;0;266;209;57;0;57;3;1169;289;;;;;;;;;;;;;;;880;;;;;;;;
010595937176;01059593717601;59176001;STIMMBEZIRK;;;N;1068;921;147;0;641;502;139;1;138;5;3533;1254;589;628;;;;;;;;;;;;;1062;;;;;;;;
010595937176;01059593717601;59176002;STIMMBEZIRK;;;N;932;782;150;0;544;402;142;0;142;7;3161;1062;678;511;;;;;;;;;;;;;910;;;;;;;;
010595937178;01059593717801;59178001;STIMMBEZIRK;;;N;654;532;122;0;420;304;116;0;116;20;1997;672;;;;;;;;;;;;;;;1325;;;;;;;;
010595940159;01059594015901;59159001;STIMMBEZIRK;;;N;850;737;113;0;470;370;100;0;100;8;2695;1392;;;;;;;;;;;;;;;1303;;;;;;;;
010595940159;01059594015901;59159002;STIMMBEZIRK;;;N;476;451;25;0;267;245;22;0;22;6;1535;875;;;;;;;;;;;;;;;660;;;;;;;;
010595940171;01059594017101;59171001;STIMMBEZIRK;;;N;1104;839;265;0;642;402;240;0;240;2;1126;388;;425;;313;;;;;;;;;;;;;;;;;;;
010595940171;01059594017102;59171002;STIMMBEZIRK;;;N;911;759;152;0;434;300;134;0;134;5;757;280;;265;;212;;;;;;;;;;;;;;;;;;;
010595940171;01059594017103;59171003;STIMMBEZIRK;;;N;937;727;210;0;582;381;201;0;201;6;1019;385;;270;;364;;;;;;;;;;;;;;;;;;;
010595940171;01059594017104;59171004;STIMMBEZIRK;;;N;1024;872;152;0;479;341;138;0;138;2;888;312;;317;;259;;;;;;;;;;;;;;;;;;;
010595940171;01059594017105;59171005;STIMMBEZIRK;;;N;994;803;191;0;446;276;170;0;170;1;794;271;;340;;183;;;;;;;;;;;;;;;;;;;
010595940184;01059594018401;59184001;STIMMBEZIRK;;;N;1061;921;140;0;571;447;124;0;124;0;1515;432;;;;469;;;;;;;;;;;614;;;;;;;;
010595940184;01059594018402;59184002;STIMMBEZIRK;;;N;936;812;124;0;480;373;107;1;106;7;1222;498;;;;371;;;;;;;;;;;353;;;;;;;;
010595940184;01059594018403;59184003;STIMMBEZIRK;;;N;932;818;114;0;517;413;104;0;104;10;1255;564;;;;167;;;;;;;;;;;524;;;;;;;;
010595949076;01059594907601;59076001;STIMMBEZIRK;;;N;444;371;73;0;281;213;68;0;68;3;1280;;;;;;;;;;;;;;;;663;617;;;;;;;
010595949161;01059594916101;59161001;STIMMBEZIRK;;;N;1271;1058;213;0;730;542;188;2;186;10;1882;834;445;348;255;;;;;;;;;;;;;;;;;;;;
010595949161;01059594916102;59161002;STIMMBEZIRK;;;N;1224;1050;174;0;671;507;164;0;164;15;1688;1001;268;295;124;;;;;;;;;;;;;;;;;;;;
010595949161;01059594916103;59161003;STIMMBEZIRK;;;N;1075;907;168;0;691;541;150;0;150;18;1834;1019;323;281;211;;;;;;;;;;;;;;;;;;;;
010595949185;01059594918501;59185001;STIMMBEZIRK;;;N;950;818;132;0;444;322;122;0;122;2;809;242;;179;145;113;;;;;;;;;;;130;;;;;;;;
010595949185;01059594918502;59185002;STIMMBEZIRK;;;N;880;770;110;0;398;304;94;0;94;5;725;208;;199;87;157;;;;;;;;;;;74;;;;;;;;
010595949185;01059594918503;59185003;STIMMBEZIRK;;;N;786;665;121;0;429;317;112;1;111;3;772;323;;219;36;108;;;;;;;;;;;86;;;;;;;;
010595949185;01059594918504;59185004;STIMMBEZIRK;;;N;766;653;113;0;432;328;104;1;103;5;760;350;;163;41;151;;;;;;;;;;;55;;;;;;;;
010595949185;01059594918505;59185005;STIMMBEZIRK;;;N;862;750;112;0;421;321;100;0;100;5;758;288;;198;53;102;;;;;;;;;;;117;;;;;;;;
010595952105;01059595210501;59105001;STIMMBEZIRK;;;N;95;89;6;0;50;44;6;0;6;0;147;;;;;;;;;;;;;;;;147;;;;;;;;
010595952115;01059595211501;59115001;STIMMBEZIRK;;;N;1003;851;152;0;537;402;135;0;135;1;1401;417;;317;;351;;;;;;;;;;;316;;;;;;;;
010595952115;01059595211502;59115002;STIMMBEZIRK;;;N;923;826;97;0;463;382;81;0;81;6;1195;443;;252;;247;;;;;;;;;;;253;;;;;;;;
010595952115;01059595211503;59115003;STIMMBEZIRK;;;N;761;641;120;0;376;274;102;2;100;5;883;301;;173;;156;;;;;;;;;;;253;;;;;;;;
010595952123;01059595212301;59123001;STIMMBEZIRK;;;N;513;477;36;0;322;291;31;0;31;3;1091;;;;;;;;;;;;;;;;1091;;;;;;;;
010595952124;01059595212401;59124001;STIMMBEZIRK;;;N;126;94;32;0;78;49;29;0;29;1;165;;;;;;;;;;;;;;;;165;;;;;;;;
010595952129;01059595212901;59129001;STIMMBEZIRK;;;N;241;221;20;0;133;113;20;0;20;1;390;;;;;;;;;;;;;;;;390;;;;;;;;
010595952143;01059595214301;59143001;STIMMBEZIRK;;;N;839;684;155;0;497;353;144;0;144;2;2662;777;;402;;576;;;;;;;;;;;415;492;;;;;;;
010595952144;01059595214401;59144001;STIMMBEZIRK;;;N;613;573;40;0;302;268;34;0;34;4;946;;;;;;;;;;;;;;;;946;;;;;;;;
010595952149;01059595214901;59149001;STIMMBEZIRK;;;N;398;343;55;0;221;168;53;0;53;0;716;;;;;;;;;;;;;;;;716;;;;;;;;
010595952151;01059595215101;59151001;STIMMBEZIRK;;;N;267;229;38;0;189;151;38;0;38;1;592;;;;;;;;;;;;;;;;592;;;;;;;;
010595952158;01059595215801;59158001;STIMMBEZIRK;;;N;756;631;125;0;439;321;118;0;118;9;1154;;128;165;;377;;;;;;;;;;;484;;;;;;;;
010595952158;01059595215802;59158002;STIMMBEZIRK;;;N;754;609;145;0;418;284;134;0;134;1;1148;;191;136;;313;;;;;;;;;;;508;;;;;;;;
010595952158;01059595215803;59158003;STIMMBEZIRK;;;N;781;632;149;0;468;328;140;0;140;5;1258;;171;198;;321;;;;;;;;;;;568;;;;;;;;
010595952173;01059595217301;59173001;STIMMBEZIRK;;;N;801;719;82;0;458;385;73;0;73;5;2285;;;;;719;;;;;;;;;;;1566;;;;;;;;
010595952177;01059595217701;59177001;STIMMBEZIRK;;;N;367;306;61;0;249;193;56;0;56;3;1114;;;;;;;;;;;;;;;;273;447;327;67;;;;;
010595952179;01059595217901;59179001;STIMMBEZIRK;;;N;223;199;24;0;122;101;21;0;21;8;408;;;;;;;;;;;;;;;;408;;;;;;;;
010595952179;01059595217901;59179002;STIMMBEZIRK;;;N;391;342;49;0;187;149;38;0;38;13;598;;;;;;;;;;;;;;;;598;;;;;;;;
010595952179;01059595217901;59179003;STIMMBEZIRK;;;N;295;275;20;0;148;132;16;0;16;4;568;;;;;;;;;;;;;;;;568;;;;;;;;
010595952179;01059595217901;59179004;STIMMBEZIRK;;;N;182;175;7;0;110;103;7;0;7;0;413;;;;;;;;;;;;;;;;413;;;;;;;;
010595952179;01059595217901;59179005;STIMMBEZIRK;;;N;528;474;54;0;266;223;43;0;43;6;1011;;;;;;;;;;;;;;;;1011;;;;;;;;
010595974006;01059597400601;59006001;STIMMBEZIRK;;;N;612;489;123;0;381;272;109;0;109;5;1506;579;;;;;;;;;;;;;;;927;;;;;;;;
010595974055;01059597405501;59055001;STIMMBEZIRK;;;N;225;205;20;0;130;114;16;0;16;3;539;;;;;;;;;;;;;;;;215;324;;;;;;;
010595974060;01059597406001;59060001;STIMMBEZIRK;;;N;823;709;114;0;550;444;106;0;106;5;3002;966;;1076;;;;;;;;;;;;;960;;;;;;;;
010595974063;01059597406301;59063001;STIMMBEZIRK;;;N;559;474;85;0;354;272;82;0;82;11;1340;;;613;;;;;;;;;;;;;727;;;;;;;;
010595974065;01059597406501;59065001;STIMMBEZIRK;;;N;105;93;12;0;69;58;11;0;11;0;197;;;;;;;;;;;;;;;;197;;;;;;;;
010595974070;01059597407001;59070001;STIMMBEZIRK;;;N;210;184;26;0;154;130;24;0;24;6;474;;;;;;;;;;;;;;;;474;;;;;;;;
010595974072;01059597407201;59072001;STIMMBEZIRK;;;N;170;142;28;0;112;88;24;0;24;3;446;;;;;;;;;;;;;;;;223;223;;;;;;;
010595974074;01059597407401;59074001;STIMMBEZIRK;;;N;306;249;57;0;203;151;52;0;52;2;881;460;;;;;;;;;;;;;;;421;;;;;;;;
010595974080;01059597408001;59080001;STIMMBEZIRK;;;N;690;558;132;0;407;290;117;0;117;12;2105;527;;;;;;;;;;;;;;;387;1073;118;;;;;;
010595974083;01059597408301;59083001;STIMMBEZIRK;;;N;808;674;134;0;426;300;126;0;126;12;766;235;;113;122;;;;;;;;;;;;271;25;;;;;;;
010595974083;01059597408302;59083002;STIMMBEZIRK;;;N;813;666;147;0;391;258;133;0;133;1;712;282;;113;133;;;;;;;;;;;;126;58;;;;;;;
010595974083;01059597408303;59083003;STIMMBEZIRK;;;N;911;797;114;0;415;305;110;0;110;10;807;243;;166;198;;;;;;;;;;;;125;75;;;;;;;
010595974083;01059597408304;59083004;STIMMBEZIRK;;;N;969;795;174;0;464;301;163;0;163;12;855;326;;133;162;;;;;;;;;;;;201;33;;;;;;;
010595974083;01059597408305;59083005;STIMMBEZIRK;;;N;811;657;154;0;455;310;145;0;145;5;843;269;;207;132;;;;;;;;;;;;190;45;;;;;;;
010595974094;01059597409401;59094001;STIMMBEZIRK;;;N;616;481;135;0;438;314;124;0;124;1;1888;;;;;;;;;;;;;;;;1007;809;72;;;;;;
010595974095;01059597409501;59095001;STIMMBEZIRK;;;N;194;159;35;0;117;86;31;0;31;4;343;;;;;;;;;;;;;;;;343;;;;;;;;
010595974187;01059597418701;59187001;STIMMBEZIRK;;;N;1005;786;219;0;636;430;206;0;206;7;3144;1119;;;;;;;;;;;;;;;1186;839;;;;;;;
010595987008;01059598700801;59008001;STIMMBEZIRK;;;N;1306;1138;168;0;623;488;135;0;135;16;3549;1537;;;;1024;;;;;;;;;;;988;;;;;;;;
010595987037;01059598703701;59037001;STIMMBEZIRK;;;N;715;662;53;0;403;353;50;0;50;5;2068;572;;;;424;;;;;;;;;;;1072;;;;;;;;
010595987042;01059598704201;59042001;STIMMBEZIRK;;;N;724;613;111;0;435;339;96;3;93;10;1878;;;697;;;;;;;;;;;;;1181;;;;;;;;
010595987049;01059598704901;59049001;STIMMBEZIRK;;;N;396;363;33;0;208;176;32;0;32;7;522;;;;;;;;;;;;;;;;522;;;;;;;;
010595987062;01059598706201;59062001;STIMMBEZIRK;;;N;967;816;151;0;592;456;136;0;136;7;2792;;;1221;;;;;;;;;;;;;1571;;;;;;;;
010595987073;01059598707301;59073002;STIMMBEZIRK;;;N;997;782;215;0;628;418;210;1;209;13;3607;1268;671;1072;;596;;;;;;;;;;;;;;;;;;;
010595987073;01059598707301;59073001;STIMMBEZIRK;;;N;308;247;61;0;187;134;53;0;53;2;1132;327;139;397;;269;;;;;;;;;;;;;;;;;;;
010595987081;01059598708101;59081001;STIMMBEZIRK;;;N;734;627;107;0;421;332;89;0;89;4;2195;667;407;280;;;;;;;;;;;;;841;;;;;;;;
010595987082;01059598708201;59082001;STIMMBEZIRK;;;N;567;487;80;0;383;318;65;0;65;4;1636;638;;200;;;;;;;;;;;;;798;;;;;;;;
010595987084;01059598708401;59084001;STIMMBEZIRK;;;N;395;358;37;0;235;200;35;0;35;3;755;;;;;;;;;;;;;;;;660;40;55;;;;;;
010595987086;01059598708601;59086001;STIMMBEZIRK;;;N;753;629;124;0;459;340;119;1;118;10;2207;1095;;411;;;;;;;;;;;;;701;;;;;;;;
010595987090;01059598709001;59090001;STIMMBEZIRK;;;N;870;755;115;0;462;362;100;0;100;15;2162;1259;;903;;;;;;;;;;;;;;;;;;;;;
010595987093;01059598709301;59093001;STIMMBEZIRK;;;N;341;303;38;0;182;145;37;0;37;7;547;;;;;;;;;;;;;;;;506;41;;;;;;;
010595987097;01059598709701;59097001;STIMMBEZIRK;;;N;389;329;60;0;230;172;58;0;58;26;630;630;;;;;;;;;;;;;;;;;;;;;;;
010595987098;01059598709801;59098001;STIMMBEZIRK;;;N;1111;893;218;0;687;476;211;0;211;15;3934;;;2394;;;;;;;;;;;;;1540;;;;;;;;
010595987189;01059598718901;59189001;STIMMBEZIRK;;;N;573;473;100;0;370;278;92;6;86;10;1127;;;;;;;;;;;;;;;;1127;;;;;;;;
010595990102;01059599010201;59102001;STIMMBEZIRK;;;N;162;137;25;0;116;93;23;0;23;5;283;;;;;;;;;;;;;;;;283;;;;;;;;
010595990109;01059599010901;59109001;STIMMBEZIRK;;;N;616;506;110;0;339;250;89;0;89;11;1200;;;;;;;;;;;;;;;;1200;;;;;;;;
010595990112;01059599011201;59112001;STIMMBEZIRK;;;N;866;726;140;0;620;364;256;0;256;4;3660;1306;;328;;;;;;;;;;;;;2026;;;;;;;;
010595990112;01059599011201;59112002;STIMMBEZIRK;;;N;950;814;136;0;435;435;0;0;0;6;2562;924;;143;;;;;;;;;;;;;1495;;;;;;;;
010595990121;01059599012101;59121001;STIMMBEZIRK;;;N;763;630;133;0;455;340;115;0;115;1;2158;1207;;;;;;;;;;;;;;;757;194;;;;;;;
010595990136;01059599013601;59136001;STIMMBEZIRK;;;N;215;174;41;0;145;109;36;0;36;0;610;250;;;;;;;;;;;;;;;360;;;;;;;;
010595990142;01059599014201;59142001;STIMMBEZIRK;;;N;544;417;127;0;365;246;119;0;119;5;1613;719;;894;;;;;;;;;;;;;;;;;;;;;
010595990147;01059599014701;59147001;STIMMBEZIRK;;;N;116;90;26;0;75;51;24;0;24;3;233;;;;;;;;;;;;;;;;210;23;;;;;;;
010595990148;01059599014801;59148001;STIMMBEZIRK;;;N;483;338;145;0;312;180;132;0;132;3;919;;;;;;;;;;;;;;;;919;;;;;;;;
010595990152;01059599015201;59152001;STIMMBEZIRK;;;N;123;97;26;0;94;72;22;0;22;1;345;149;;;;;;;;;;;;;;;196;;;;;;;;
010595990154;01059599015401;59154001;STIMMBEZIRK;;;N;534;430;104;0;341;250;91;0;91;1;1357;776;;;;;;;;;;;;;;;581;;;;;;;;
010595990155;01059599015501;59155001;STIMMBEZIRK;;;N;240;206;34;0;140;109;31;0;31;1;436;;;;;;;;;;;;;;;;436;;;;;;;;
010595990163;01059599016301;59163001;STIMMBEZIRK;;;N;189;148;41;0;124;91;33;0;33;2;450;;;;;;;;;;;;;;;;417;33;;;;;;;
010595990164;01059599016401;59164001;STIMMBEZIRK;;;N;723;571;152;0;461;319;142;0;142;6;2403;565;;;;;;;;;;;;;;;655;1183;;;;;;;
010595990167;01059599016701;59167001;STIMMBEZIRK;;;N;1157;953;204;0;658;478;180;0;180;8;3774;1954;;;;;;;;;;;;;;;1820;;;;;;;;
010595990168;01059599016801;59168001;STIMMBEZIRK;;;N;577;470;107;0;388;294;94;0;94;6;1808;;354;;;;;;;;;;;;;;815;639;;;;;;;
010595990186;01059599018601;59186001;STIMMBEZIRK;;;N;778;639;139;0;457;331;126;0;126;5;1212;568;157;216;;;;;;;;;;;;;271;;;;;;;;
010595990186;01059599018602;59186002;STIMMBEZIRK;;;N;834;634;200;0;529;352;177;0;177;9;1473;490;335;126;;;;;;;;;;;;;522;;;;;;;;
010595990186;01059599018603;59186003;STIMMBEZIRK;;;N;763;621;142;0;472;347;125;1;124;7;1279;314;227;195;;;;;;;;;;;;;543;;;;;;;;
010595993010;01059599301001;59010001;STIMMBEZIRK;;;N;601;536;65;0;407;345;62;0;62;6;2441;686;;;;291;;;;;;;;;;;499;965;;;;;;;
010595993010;01059599301001;59010002;STIMMBEZIRK;;;N;644;533;111;0;433;328;105;0;105;2;2775;450;;;;392;;;;;;;;;;;1763;170;;;;;;;
010595993023;01059599302301;59023001;STIMMBEZIRK;;;N;637;571;66;0;366;302;64;1;63;11;1185;;;;;;;;;;;;;;;;1185;;;;;;;;
010595993039;01059599303901;59039001;STIMMBEZIRK;;;N;837;712;125;0;493;379;114;0;114;7;2546;1291;;;;;;;;;;;;;;;1255;;;;;;;;
010595993041;01059599304101;59041001;STIMMBEZIRK;;;N;679;550;129;0;402;287;115;0;115;3;1569;;;;;;;;;;;;;;;;1569;;;;;;;;
010595993044;01059599304401;59044001;STIMMBEZIRK;;;N;439;369;70;0;241;174;67;2;65;5;603;273;;;;;;;;;;;;;;;330;;;;;;;;
010595993044;01059599304401;59044002;STIMMBEZIRK;;;N;363;316;47;0;196;152;44;0;44;5;489;227;;;;;;;;;;;;;;;262;;;;;;;;
010595993044;01059599304402;59044003;STIMMBEZIRK;;;N;723;612;111;0;406;305;101;0;101;8;1009;440;;;;;;;;;;;;;;;569;;;;;;;;
010595993044;01059599304403;59044004;STIMMBEZIRK;;;N;720;621;99;0;384;293;91;1;90;6;951;334;;;;;;;;;;;;;;;617;;;;;;;;
010595993057;01059599305701;59057001;STIMMBEZIRK;;;N;888;753;135;0;503;382;121;0;121;10;1405;;;;;;;;;;;;;;;;1405;;;;;;;;
010595993077;01059599307701;59077001;STIMMBEZIRK;;;N;746;604;142;0;475;337;138;0;138;9;1280;327;;472;;198;;;;;;;;;;;283;;;;;;;;
010595993077;01059599307702;59077002;STIMMBEZIRK;;;N;743;645;98;0;375;293;82;0;82;1;1034;319;;307;;147;;;;;;;;;;;261;;;;;;;;
010595993077;01059599307703;59077003;STIMMBEZIRK;;;N;831;727;104;0;514;419;95;0;95;4;1335;319;;625;;175;;;;;;;;;;;216;;;;;;;;
010595993079;01059599307901;59079001;STIMMBEZIRK;;;N;876;727;149;0;466;327;139;0;139;7;2556;1078;;630;;;;;;;;;;;;;848;;;;;;;;
010595993079;01059599307901;59079002;STIMMBEZIRK;;;N;733;638;95;0;421;342;79;0;79;12;2304;971;;409;;;;;;;;;;;;;924;;;;;;;;
010595993079;01059599307901;59079003;STIMMBEZIRK;;;N;377;345;32;0;201;174;27;0;27;3;1083;557;;254;;;;;;;;;;;;;272;;;;;;;;
010595993092;01059599309201;59092001;STIMMBEZIRK;;;N;707;582;125;0;405;301;104;0;104;1;2472;530;;316;;;;;;;;;;;;;1626;;;;;;;;
010595993092;01059599309201;59092002;STIMMBEZIRK;;;N;602;502;100;0;360;273;87;0;87;9;2161;514;;283;;;;;;;;;;;;;1364;;;;;;;;
010595996001;01059599600101;59001001;STIMMBEZIRK;;;N;287;257;30;0;169;141;28;1;27;0;503;;;;;;;;;;;;;;;;503;;;;;;;;
010595996005;01059599600501;59005001;STIMMBEZIRK;;;N;615;529;86;0;412;336;76;0;76;9;1796;637;;;;;;;;;;;;;;;1159;;;;;;;;
010595996009;01059599600901;59009001;STIMMBEZIRK;;;N;639;563;76;0;408;341;67;0;67;1;2190;;;;;;;;;;;;;;;;1288;902;;;;;;;
010595996020;01059599602001;59020001;STIMMBEZIRK;;;N;483;424;59;0;249;193;56;0;56;1;1027;;;;;;;;;;;;;;;;475;552;;;;;;;
010595996024;01059599602401;59024001;STIMMBEZIRK;;;N;902;796;106;0;560;462;98;0;98;6;3404;2105;;648;;;;;;;;;;;;;651;;;;;;;;
010595996024;01059599602401;59024002;STIMMBEZIRK;;;N;870;715;155;0;581;429;152;0;152;17;3470;1845;;806;;;;;;;;;;;;;819;;;;;;;;
010595996035;01059599603501;59035001;STIMMBEZIRK;;;N;782;691;91;0;442;355;87;0;87;7;2195;;;;;;;;;;;;;;;;842;1353;;;;;;;
010595996050;01059599605001;59050001;STIMMBEZIRK;;;N;455;386;69;0;270;203;67;0;67;2;1181;;;;;;;;;;;;;;;;428;753;;;;;;;
010595996051;01059599605101;59051001;STIMMBEZIRK;;;N;291;260;31;0;178;147;31;0;31;2;444;;;;;;;;;;;;;;;;444;;;;;;;;
010595996053;01059599605301;59053001;STIMMBEZIRK;;;N;1074;927;147;0;382;269;113;1;112;1;680;301;105;139;;;;;;;;;;;;;135;;;;;;;;
010595996053;01059599605302;59053002;STIMMBEZIRK;;;N;1117;902;215;0;544;350;194;1;193;8;958;419;129;245;;;;;;;;;;;;;165;;;;;;;;
010595996053;01059599605303;59053003;STIMMBEZIRK;;;N;1183;953;230;0;623;423;200;0;200;7;1137;406;196;252;;;;;;;;;;;;;283;;;;;;;;
010595996053;01059599605304;59053004;STIMMBEZIRK;;;N;1108;940;168;0;476;330;146;0;146;10;843;373;107;181;;;;;;;;;;;;;182;;;;;;;;
010595996053;01059599605305;59053005;STIMMBEZIRK;;;N;1002;844;158;0;463;312;151;0;151;10;795;334;80;167;;;;;;;;;;;;;214;;;;;;;;
010595996058;01059599605801;59058001;STIMMBEZIRK;;;N;576;523;53;0;346;298;48;0;48;3;1591;;;;;;;;;;;;;;;;826;765;;;;;;;
010595996087;01059599608701;59087001;STIMMBEZIRK;;;N;788;685;103;0;558;461;97;0;97;4;3022;1475;;;;;;;;;;;;;;;1547;;;;;;;;
010595996088;01059599608801;59088001;STIMMBEZIRK;;;N;236;217;19;0;165;149;16;0;16;3;590;;;;;;;;;;;;;;;;590;;;;;;;;
010595996096;01059599609601;59096001;STIMMBEZIRK;;;N;440;399;41;0;262;232;30;0;30;5;1181;375;;;;;;;;;;;;;;;806;;;;;;;;
010595996188;01059599618801;59188001;STIMMBEZIRK;;;N;921;731;190;0;583;404;179;4;175;12;3329;645;;413;;;;;;;;;;;;;922;1102;247;;;;;;
010595996188;01059599618801;59188002;STIMMBEZIRK;;;N;670;550;120;0;387;275;112;0;112;4;2167;725;;456;;;;;;;;;;;;;368;500;118;;;;;;
010605005003;01060500500301;60003001;STIMMBEZIRK;;;N;338;306;32;0;228;199;29;0;29;4;509;;;;;;;;;;;;;;;;509;;;;;;;;
010605005009;01060500500901;60009001;STIMMBEZIRK;;;N;856;747;109;0;398;295;103;2;101;3;1977;1102;;;;;;;;;;;;;;;875;;;;;;;;
010605005013;01060500501301;60013001;STIMMBEZIRK;;;N;111;106;5;0;73;68;5;0;5;0;216;;;;;;;;;;;;;;;;216;;;;;;;;
010605005021;01060500502101;60021001;STIMMBEZIRK;;;N;242;221;21;0;139;119;20;0;20;6;390;;;;;;;;;;;;;;;;390;;;;;;;;
010605005023;01060500502301;60023001;STIMMBEZIRK;;;N;345;309;36;0;188;157;31;0;31;3;595;;;;;;;;;;;;;;;;595;;;;;;;;
010605005027;01060500502701;60027001;STIMMBEZIRK;;;N;882;762;120;0;522;411;111;0;111;11;1410;763;;;;;;;;;;;;;;;300;347;;;;;;;
010605005027;01060500502702;60027002;STIMMBEZIRK;;;N;832;737;95;0;438;354;84;0;84;2;1169;749;;;;;;;;;;;;;;;191;229;;;;;;;
010605005027;01060500502703;60027003;STIMMBEZIRK;;;N;750;640;110;0;438;346;92;0;92;5;1188;789;;;;;;;;;;;;;;;186;213;;;;;;;
010605005031;01060500503101;60031001;STIMMBEZIRK;;;N;396;325;71;0;223;160;63;0;63;6;664;;;;;;;;;;;;;;;;664;;;;;;;;
010605005033;01060500503301;60033001;STIMMBEZIRK;;;N;422;373;49;0;243;198;45;0;45;0;698;;;;;;;;;;;;;;;;698;;;;;;;;
010605005035;01060500503501;60035001;STIMMBEZIRK;;;N;309;260;49;0;244;200;44;0;44;1;1092;;;;;;;;;;;;;;;;298;794;;;;;;;
010605005037;01060500503701;60037001;STIMMBEZIRK;;;N;251;214;37;0;165;135;30;0;30;7;474;;;;;;;;;;;;;;;;474;;;;;;;;
010605005040;01060500504001;60040001;STIMMBEZIRK;;;N;1064;895;169;0;606;457;149;0;149;26;1874;1874;;;;;;;;;;;;;;;;;;;;;;;
010605005056;01060500505601;60056001;STIMMBEZIRK;;;N;219;176;43;0;178;136;42;1;41;1;825;;;;;;;;;;;;;;;;365;460;;;;;;;
010605005095;01060500509501;60095001;STIMMBEZIRK;;;N;856;723;133;0;597;478;119;0;119;3;3308;875;;;;;;;;;;;;;;;1140;1293;;;;;;;
010605005099;01060500509901;60099001;STIMMBEZIRK;;;N;615;512;103;0;336;242;94;0;94;7;1439;;;;;;;;;;;;;;;;1439;;;;;;;;
010605005099;01060500509901;60099002;STIMMBEZIRK;;;N;739;617;122;0;397;286;111;0;111;8;1552;;;;;;;;;;;;;;;;1552;;;;;;;;
010605024012;01060502401201;60012001;STIMMBEZIRK;;;N;1045;905;140;0;524;400;124;1;123;1;1427;500;;149;;;;;;;;;;;;;778;;;;;;;;
010605024012;01060502401202;60012002;STIMMBEZIRK;;;N;863;749;114;0;446;340;106;1;105;8;1191;428;;209;;;;;;;;;;;;;554;;;;;;;;
010605024012;01060502401203;60012003;STIMMBEZIRK;;;N;948;818;130;0;503;386;117;0;117;4;1324;450;;227;;;;;;;;;;;;;647;;;;;;;;
010605024017;01060502401701;60017001;STIMMBEZIRK;;;N;199;175;24;0;131;107;24;0;24;2;336;;;;;;;;;;;;;;;;336;;;;;;;;
010605024026;01060502402601;60026001;STIMMBEZIRK;;;N;416;360;56;0;256;205;51;0;51;3;793;;;;;;;;;;;;;;;;793;;;;;;;;
010605024072;01060502407201;60072001;STIMMBEZIRK;;;N;419;346;73;0;280;217;63;0;63;1;1131;;;;;;;;;;;;;;;;840;291;;;;;;;
010605024080;01060502408001;60080001;STIMMBEZIRK;;;N;344;304;40;0;224;189;35;1;34;1;1036;;;;;;;;;;;;;;;;369;667;;;;;;;
010605024086;01060502408601;60086001;STIMMBEZIRK;;;N;136;125;11;0;86;77;9;0;9;2;165;;;;;;;;;;;;;;;;165;;;;;;;;
010605024087;01060502408701;60087001;STIMMBEZIRK;;;N;599;539;60;0;278;225;53;1;52;0;755;;;;;;;;;;;;;;;;755;;;;;;;;
010605024089;01060502408901;60089001;STIMMBEZIRK;;;N;781;668;113;0;383;277;106;0;106;21;608;168;;440;;;;;;;;;;;;;;;;;;;;;
010605024089;01060502408902;60089002;STIMMBEZIRK;;;N;946;861;85;0;271;197;74;0;74;22;404;138;;266;;;;;;;;;;;;;;;;;;;;;
010605024089;01060502408903;60089003;STIMMBEZIRK;;;N;822;689;133;0;356;235;121;0;121;20;556;193;;363;;;;;;;;;;;;;;;;;;;;;
010605024089;01060502408904;60089004;STIMMBEZIRK;;;N;916;789;127;0;329;214;115;0;115;20;524;231;;293;;;;;;;;;;;;;;;;;;;;;
010605024089;01060502408905;60089005;STIMMBEZIRK;;;N;730;644;86;0;303;224;79;0;79;7;521;151;;370;;;;;;;;;;;;;;;;;;;;;
010605034043;01060503404301;60043001;STIMMBEZIRK;;;N;973;805;168;0;513;365;148;0;148;22;2828;917;509;561;841;;;;;;;;;;;;;;;;;;;;
010605034043;01060503404301;60043002;STIMMBEZIRK;;;N;1216;1007;209;0;628;437;191;0;191;22;3353;1184;616;750;803;;;;;;;;;;;;;;;;;;;;
010605034046;01060503404601;60046001;STIMMBEZIRK;;;N;1007;849;158;0;658;513;145;1;144;7;3633;1970;542;;;;;;;;;;;;;;1121;;;;;;;;
010605034058;01060503405801;60058001;STIMMBEZIRK;;;N;683;553;130;0;374;261;113;0;113;8;965;313;;208;;;;;;;;;;;;;444;;;;;;;;
010605034058;01060503405802;60058002;STIMMBEZIRK;;;N;670;536;134;0;424;298;126;0;126;9;1164;429;;294;;;;;;;;;;;;;441;;;;;;;;
010605034058;01060503405803;60058003;STIMMBEZIRK;;;N;737;629;108;0;437;335;102;1;101;6;1108;491;;269;;;;;;;;;;;;;348;;;;;;;;
010605034065;01060503406501;60065001;STIMMBEZIRK;;;N;1138;966;172;0;715;563;152;0;152;9;3579;;;;1095;;;;;;;;;;;;2214;270;;;;;;;
010605034076;01060503407601;60076001;STIMMBEZIRK;;;N;1612;1361;251;0;967;746;221;0;221;14;5306;1736;;1694;;;;;;;;;;;;;1499;377;;;;;;;
010605034085;01060503408501;60085001;STIMMBEZIRK;;;N;976;840;136;0;555;431;124;10;114;9;1524;598;317;189;;;;;;;;;;;;;420;;;;;;;;
010605034085;01060503408502;60085002;STIMMBEZIRK;;;N;767;614;153;0;442;306;136;0;136;3;1189;492;151;222;;;;;;;;;;;;;324;;;;;;;;
010605034085;01060503408503;60085003;STIMMBEZIRK;;;N;392;320;72;0;220;196;24;0;24;9;591;267;81;67;;;;;;;;;;;;;176;;;;;;;;
010605034085;01060503408503;60085004;STIMMBEZIRK;;;N;562;485;77;0;310;244;66;0;66;6;833;409;93;95;;;;;;;;;;;;;236;;;;;;;;
010605043002;01060504300201;60002001;STIMMBEZIRK;;;N;767;646;121;0;445;332;113;0;113;1;1194;;370;;;;;;;;;;;;;;329;495;;;;;;;
010605043002;01060504300202;60002002;STIMMBEZIRK;;;N;773;658;115;0;384;279;105;0;105;3;1054;;347;;;;;;;;;;;;;;264;443;;;;;;;
010605043002;01060504300203;60002003;STIMMBEZIRK;;;N;762;661;101;0;430;335;95;1;94;3;1185;;362;;;;;;;;;;;;;;343;480;;;;;;;
010605043034;01060504303401;60034001;STIMMBEZIRK;;;N;1624;1396;228;0;843;641;202;0;202;7;4364;1675;;;;;;;;;;;;;;;2689;;;;;;;;
010605043036;01060504303601;60036001;STIMMBEZIRK;;;N;616;536;80;0;294;227;67;0;67;28;991;991;;;;;;;;;;;;;;;;;;;;;;;
010605043054;01060504305401;60054001;STIMMBEZIRK;;;N;724;591;133;0;392;268;124;0;124;11;1080;391;;;;;;;;;;;;;;;383;306;;;;;;;
010605043054;01060504305402;60054002;STIMMBEZIRK;;;N;705;593;112;0;306;202;104;0;104;12;772;183;;;;;;;;;;;;;;;221;368;;;;;;;
010605043054;01060504305403;60054003;STIMMBEZIRK;;;N;722;615;107;0;351;251;100;0;100;11;904;319;;;;;;;;;;;;;;;245;340;;;;;;;
010605043064;01060504306401;60064001;STIMMBEZIRK;;;N;1079;946;133;0;567;459;108;1;107;35;1849;;;;;;;;;;;;;;;;1849;;;;;;;;
010605043073;01060504307301;60073001;STIMMBEZIRK;;;N;1641;1435;206;0;857;651;206;1;205;20;4896;;;1123;;;;;;;;;;;;;3773;;;;;;;;
010605048042;01060504804201;60042001;STIMMBEZIRK;;;N;336;276;60;0;194;146;48;0;48;5;563;;;;;;;;;;;;;;;;563;;;;;;;;
010605048045;01060504804501;60045001;STIMMBEZIRK;;;N;705;579;126;0;449;338;111;0;111;11;2137;1512;;625;;;;;;;;;;;;;;;;;;;;;
010605048047;01060504804701;60047001;STIMMBEZIRK;;;N;1035;837;198;0;593;414;179;0;179;5;1578;749;;;254;;;;;;;;;;;;575;;;;;;;;
010605048047;01060504804702;60047002;STIMMBEZIRK;;;N;1034;865;169;0;538;387;151;1;150;17;1365;691;;;203;;;;;;;;;;;;471;;;;;;;;
010605048047;01060504804703;60047003;STIMMBEZIRK;;;N;747;590;157;0;425;273;152;1;151;6;1163;440;;;115;;;;;;;;;;;;608;;;;;;;;
010605048047;01060504804703;60047004;STIMMBEZIRK;;;N;347;288;59;0;201;146;55;1;54;6;505;147;;;63;;;;;;;;;;;;295;;;;;;;;
010605048066;01060504806601;60066001;STIMMBEZIRK;;;N;765;610;155;0;485;340;145;2;143;9;2418;;;;;;;;;;;;;;;;1444;974;;;;;;;
010605048077;01060504807701;60077001;STIMMBEZIRK;;;N;929;782;147;0;520;388;132;0;132;10;2685;1319;;;;;;;;;;;;;;;1366;;;;;;;;
010605048082;01060504808201;60082001;STIMMBEZIRK;;;N;853;701;152;0;547;404;143;0;143;7;2852;1574;;;;;;;;;;;;;;;1278;;;;;;;;
010605048084;01060504808401;60084001;STIMMBEZIRK;;;N;730;612;118;0;354;248;106;0;106;28;1297;1297;;;;;;;;;;;;;;;;;;;;;;;
010605048094;01060504809401;60094001;STIMMBEZIRK;;;N;1162;1003;159;0;698;557;141;4;137;5;4400;2136;;;;;;;;;;;;;;;2264;;;;;;;;
010605048100;01060504810001;60100001;STIMMBEZIRK;;;N;342;302;40;0;215;177;38;0;38;1;736;;;;;;;;;;;;;;;;736;;;;;;;;
010605053007;01060505300701;60007001;STIMMBEZIRK;;;N;435;386;49;0;266;223;43;0;43;3;1407;;;;;;;;;;;;;;;;607;800;;;;;;;
010605053007;01060505300701;60007002;STIMMBEZIRK;;;N;418;372;46;0;209;168;41;0;41;12;1147;;;;;;;;;;;;;;;;962;185;;;;;;;
010605053008;01060505300801;60008001;STIMMBEZIRK;;;N;544;450;94;0;377;287;90;0;90;9;1605;543;;;;;;;;;;;;;;;1062;;;;;;;;
010605053022;01060505302201;60022001;STIMMBEZIRK;;;N;328;294;34;0;197;169;28;0;28;5;912;;;;;;;;;;;;;;;;312;144;456;;;;;;
010605053029;01060505302901;60029001;STIMMBEZIRK;;;N;540;454;86;0;298;216;82;0;82;5;1355;;;;;;;;;;;;;;;;745;610;;;;;;;
010605053041;01060505304101;60041001;STIMMBEZIRK;;;N;334;306;28;0;183;155;28;0;28;4;766;329;;;;;;;;;;;;;;;437;;;;;;;;
010605053051;01060505305101;60051001;STIMMBEZIRK;;;N;375;311;64;0;233;187;46;0;46;4;703;;;;;;;;;;;;;;;;703;;;;;;;;
010605053053;01060505305301;60053001;STIMMBEZIRK;;;N;1390;1133;257;0;778;544;234;0;234;8;4739;1823;;;;;;;;;;;;;;;2916;;;;;;;;
010605053053;01060505305301;60053002;STIMMBEZIRK;;;N;107;101;6;0;78;72;6;0;6;0;508;114;;;;;;;;;;;;;;;394;;;;;;;;
010605053057;01060505305701;60057001;STIMMBEZIRK;;;N;391;357;34;0;229;195;34;0;34;4;631;;;;;;;;;;;;;;;;631;;;;;;;;
010605053062;01060505306201;60062001;STIMMBEZIRK;;;N;611;503;108;0;352;253;99;0;99;5;1021;;;;;;;;;;;;;;;;1021;;;;;;;;
010605053074;01060505307401;60074001;STIMMBEZIRK;;;N;211;185;26;0;127;103;24;2;22;0;449;;;;;;;;;;;;;;;;360;52;37;;;;;;
010605053088;01060505308801;60088001;STIMMBEZIRK;;;N;924;827;97;0;512;426;86;0;86;7;2701;;;;;;;;;;;;;;;;1313;1388;;;;;;;
010605053101;01060505310101;60101001;STIMMBEZIRK;;;N;840;738;102;0;446;360;86;0;86;2;1912;1054;;472;;;;;;;;;;;;;137;249;;;;;;;
010605063011;01060506301101;60011001;STIMMBEZIRK;;;N;820;655;165;0;549;398;151;0;151;9;983;494;;228;;;;;;;;;;;;;261;;;;;;;;
010605063011;01060506301102;60011002;STIMMBEZIRK;;;N;793;664;129;0;406;287;119;0;119;4;721;373;;135;;;;;;;;;;;;;213;;;;;;;;
010605063011;01060506301103;60011003;STIMMBEZIRK;;;N;785;652;133;0;432;309;123;0;123;8;769;289;;201;;;;;;;;;;;;;279;;;;;;;;
010605063011;01060506301104;60011004;STIMMBEZIRK;;;N;752;590;162;0;387;240;147;0;147;10;682;312;;160;;;;;;;;;;;;;210;;;;;;;;
010605063011;01060506301105;60011005;STIMMBEZIRK;;;N;743;579;164;0;383;234;149;0;149;10;652;291;;180;;;;;;;;;;;;;181;;;;;;;;
010605063016;01060506301601;60016001;STIMMBEZIRK;;;N;558;478;80;0;301;223;78;0;78;14;828;828;;;;;;;;;;;;;;;;;;;;;;;
010605063028;01060506302801;60028001;STIMMBEZIRK;;;N;715;614;101;0;450;355;95;0;95;5;2565;862;;554;;;;;;;;;;;;;1149;;;;;;;;
010605063028;01060506302801;60028002;STIMMBEZIRK;;;N;462;397;65;0;254;194;60;0;60;4;1281;368;;209;;;;;;;;;;;;;704;;;;;;;;
010605063028;01060506302801;60028003;STIMMBEZIRK;;;N;394;343;51;0;222;176;46;0;46;0;1253;467;;151;;;;;;;;;;;;;635;;;;;;;;
010605063038;01060506303801;60038001;STIMMBEZIRK;;;N;602;491;111;0;380;276;104;0;104;9;1551;539;;;;;;;;;;;;;;;301;533;79;99;;;;;
010605063052;01060506305201;60052001;STIMMBEZIRK;;;N;518;415;103;0;283;186;97;1;96;3;923;;;;;;;;;;;;;;;;923;;;;;;;;
010605063068;01060506306801;60068001;STIMMBEZIRK;;;N;987;830;157;0;473;334;139;3;136;5;1212;530;;293;;;;;;;;;;;;;389;;;;;;;;
010605063068;01060506306802;60068002;STIMMBEZIRK;;;N;988;854;134;0;314;196;118;2;116;3;794;400;;144;;;;;;;;;;;;;250;;;;;;;;
010605063068;01060506306803;60068003;STIMMBEZIRK;;;N;553;489;64;0;306;246;60;0;60;2;798;341;;191;;;;;;;;;;;;;266;;;;;;;;
010605063068;01060506306803;60068004;STIMMBEZIRK;;;N;273;241;32;0;117;85;32;0;32;5;298;133;;71;;;;;;;;;;;;;94;;;;;;;;
010605086006;01060508600601;60006001;STIMMBEZIRK;;;N;183;165;18;0;97;80;17;0;17;1;298;;;;;;;;;;;;;;;;298;;;;;;;;
010605086010;01060508601001;60010001;STIMMBEZIRK;;;N;506;467;39;0;292;257;35;0;35;0;814;;;;;;;;;;;;;;;;814;;;;;;;;
010605086015;01060508601501;60015001;STIMMBEZIRK;;;N;316;274;42;0;158;126;32;0;32;2;523;;;;;;;;;;;;;;;;523;;;;;;;;
010605086020;01060508602001;60020001;STIMMBEZIRK;;;N;664;562;102;0;392;294;98;0;98;4;2115;1407;;;;;;;;;;;;;;;555;153;;;;;;;
010605086020;01060508602001;60020002;STIMMBEZIRK;;;N;642;556;86;0;311;235;76;0;76;9;1567;1003;;;;;;;;;;;;;;;467;97;;;;;;;
010605086024;01060508602401;60024001;STIMMBEZIRK;;;N;444;386;58;0;293;238;55;0;55;5;896;;;;;;;;;;;;;;;;896;;;;;;;;
010605086025;01060508602501;60025001;STIMMBEZIRK;;;N;745;629;116;0;470;360;110;0;110;4;2470;1197;;;;;;;;;;;;;;;1273;;;;;;;;
010605086030;01060508603001;60030001;STIMMBEZIRK;;;N;466;391;75;0;317;246;71;0;71;3;1296;;;;;;;;;;;;;;;;736;560;;;;;;;
010605086048;01060508604801;60048001;STIMMBEZIRK;;;N;496;417;79;0;283;209;74;0;74;2;1251;;;;;;;;;;;;;;;;426;825;;;;;;;
010605086049;01060508604901;60049001;STIMMBEZIRK;;;N;1649;1373;276;0;856;618;238;0;238;46;3449;3449;;;;;;;;;;;;;;;;;;;;;;;
010605086050;01060508605001;60050001;STIMMBEZIRK;;;N;334;302;32;0;180;150;30;0;30;3;597;;;;;;;;;;;;;;;;597;;;;;;;;
010605086059;01060508605901;60059001;STIMMBEZIRK;;;N;624;535;89;0;366;286;80;0;80;2;1341;;;88;;;;;;;;;;;;;1253;;;;;;;;
010605086059;01060508605901;60059002;STIMMBEZIRK;;;N;219;196;23;0;134;114;20;0;20;4;526;;;23;;;;;;;;;;;;;503;;;;;;;;
010605086060;01060508606001;60060001;STIMMBEZIRK;;;N;490;431;59;0;278;228;50;0;50;2;711;;;;;;;;;;;;;;;;711;;;;;;;;
010605086061;01060508606101;60061001;STIMMBEZIRK;;;N;276;238;38;0;166;134;32;2;30;1;862;;;;;;;;;;;;;;;;390;472;;;;;;;
010605086061;01060508606101;60061002;STIMMBEZIRK;;;N;224;199;25;0;149;126;23;0;23;9;703;;;;;;;;;;;;;;;;258;445;;;;;;;
010605086061;01060508606101;60061003;STIMMBEZIRK;;;N;147;122;25;0;104;80;24;0;24;1;505;;;;;;;;;;;;;;;;137;368;;;;;;;
010605086067;01060508606701;60067001;STIMMBEZIRK;;;N;320;280;40;0;173;136;37;0;37;0;907;484;;;;;;;;;;;;;;;87;313;23;;;;;;
010605086067;01060508606701;60067002;STIMMBEZIRK;;;N;579;470;109;0;321;220;101;0;101;9;1609;809;;;;;;;;;;;;;;;160;600;40;;;;;;
010605086067;01060508606701;60067003;STIMMBEZIRK;;;N;474;383;91;0;289;203;86;0;86;4;1491;511;;;;;;;;;;;;;;;219;729;32;;;;;;
010605086069;01060508606901;60069001;STIMMBEZIRK;;;N;940;800;140;0;588;457;131;0;131;7;2956;2071;;885;;;;;;;;;;;;;;;;;;;;;
010605086070;01060508607001;60070001;STIMMBEZIRK;;;N;657;569;88;0;381;299;82;0;82;0;1647;;;;;;;;;;;;;;;;1505;75;67;;;;;;
010605086071;01060508607101;60071001;STIMMBEZIRK;;;N;225;197;28;0;158;135;23;1;22;4;591;;;;;;;;;;;;;;;;515;76;;;;;;;
010605086075;01060508607501;60075001;STIMMBEZIRK;;;N;543;491;52;0;386;340;46;1;45;2;2300;1311;;;348;;;;;;;;;;;;641;;;;;;;;
010605086075;01060508607501;60075002;STIMMBEZIRK;;;N;576;484;92;0;353;266;87;0;87;2;2200;1367;;;201;;;;;;;;;;;;632;;;;;;;;
010605086075;01060508607501;60075003;STIMMBEZIRK;;;N;725;633;92;0;414;334;80;1;79;8;2574;1689;;;236;;;;;;;;;;;;649;;;;;;;;
010605086079;01060508607901;60079001;STIMMBEZIRK;;;N;188;159;29;0;117;88;29;0;29;2;423;;;;;;;;;;;;;;;;423;;;;;;;;
010605086081;01060508608101;60081001;STIMMBEZIRK;;;N;209;165;44;0;143;102;41;0;41;1;411;;;;;;;;;;;;;;;;411;;;;;;;;
010605086090;01060508609001;60090001;STIMMBEZIRK;;;N;166;138;28;0;84;57;27;0;27;1;246;;;;;;;;;;;;;;;;246;;;;;;;;
010605086091;01060508609101;60091001;STIMMBEZIRK;;;N;425;350;75;0;249;179;70;0;70;0;1086;;;;;;;;;;;;;;;;416;670;;;;;;;
010605086093;01060508609301;60093001;STIMMBEZIRK;;;N;389;355;34;0;233;200;33;0;33;2;712;;;;;;;;;;;;;;;;712;;;;;;;;
010605086096;01060508609601;60096001;STIMMBEZIRK;;;N;839;718;121;0;438;326;112;0;112;7;1597;;;;;;;;;;;;;;;;1597;;;;;;;;
010605086097;01060508609701;60097001;STIMMBEZIRK;;;N;743;656;87;0;418;332;86;0;86;7;2008;932;;;;;;;;;;;;;;;1076;;;;;;;;
010605086098;01060508609801;60098001;STIMMBEZIRK;;;N;373;355;18;0;222;207;15;2;13;3;671;;;;;;;;;;;;;;;;671;;;;;;;;
010615104005;01061510400501;61005001;STIMMBEZIRK;;;N;110;100;10;0;81;71;10;0;10;1;161;;;;;;;;;;;;;;;;161;;;;;;;;
010615104016;01061510401601;61016001;STIMMBEZIRK;;;N;286;242;44;0;178;136;42;0;42;1;806;;;;;;;;;;;;;;;;560;246;;;;;;;
010615104017;01061510401701;61017001;STIMMBEZIRK;;;N;1011;864;147;0;542;407;135;0;135;4;2655;;;925;;;;;;;;;;;;;1730;;;;;;;;
010615104058;01061510405801;61058001;STIMMBEZIRK;;;N;150;137;13;0;86;74;12;0;12;0;195;;;;;;;;;;;;;;;;195;;;;;;;;
010615104061;01061510406101;61061001;STIMMBEZIRK;;;N;658;576;82;0;303;232;71;0;71;6;763;;;240;;;;;;;;99;;;;;424;;;;;;;;
010615104061;01061510406102;61061002;STIMMBEZIRK;;;N;707;617;90;0;339;255;84;0;84;8;863;;;307;;;;;;;;161;;;;;395;;;;;;;;
010615104061;01061510406103;61061003;STIMMBEZIRK;;;N;788;732;56;0;303;256;47;0;47;8;736;;;283;;;;;;;;89;;;;;364;;;;;;;;
010615104068;01061510406801;61068001;STIMMBEZIRK;;;N;105;92;13;0;79;66;13;0;13;0;205;;;;;;;;;;;;;;;;205;;;;;;;;
010615104072;01061510407201;61072001;STIMMBEZIRK;;;N;801;656;145;0;449;315;134;1;133;15;1859;;;;;;;;;;;;;;;;1859;;;;;;;;
010615104072;01061510407201;61072002;STIMMBEZIRK;;;N;793;652;141;0;515;378;137;0;137;23;2048;;;;;;;;;;;;;;;;2048;;;;;;;;
010615104079;01061510407901;61079001;STIMMBEZIRK;;;N;690;592;98;0;415;323;92;1;91;8;2408;1440;;662;306;;;;;;;;;;;;;;;;;;;;
010615104079;01061510407901;61079002;STIMMBEZIRK;;;N;594;490;104;0;355;266;89;0;89;17;1959;933;;611;415;;;;;;;;;;;;;;;;;;;;
010615104109;01061510410901;61109001;STIMMBEZIRK;;;N;335;298;37;0;244;208;36;0;36;0;1040;;;;;;;;;;;;;;;;392;480;168;;;;;;
010615104115;01061510411501;61115001;STIMMBEZIRK;;;N;140;125;15;0;95;82;13;0;13;2;233;;;;;;;;;;;;;;;;233;;;;;;;;
010615134004;01061513400401;61004001;STIMMBEZIRK;;;N;191;174;17;0;143;126;17;0;17;1;481;;;;;;;;;;;;;;;;481;;;;;;;;
010615134012;01061513401201;61012001;STIMMBEZIRK;;;N;557;444;113;0;323;224;99;0;99;7;975;;;;;;;;;;;;;;;;975;;;;;;;;
010615134015;01061513401501;61015001;STIMMBEZIRK;;;N;647;533;114;0;391;288;103;0;103;7;1699;;;;;;;;;;;;;;;;551;1148;;;;;;;
010615134027;01061513402701;61027001;STIMMBEZIRK;;;N;704;596;108;0;368;287;81;0;81;13;1351;;;;;;;;;;;;;;;;1351;;;;;;;;
010615134037;01061513403701;61037001;STIMMBEZIRK;;;N;936;757;179;0;566;398;168;1;167;13;2742;;;1103;;;;;;;;;;;;;1639;;;;;;;;
010615134041;01061513404101;61041001;STIMMBEZIRK;;;N;774;649;125;0;504;387;117;0;117;2;2719;820;;;;;;;;;;73;;;;;1826;;;;;;;;
010615134044;01061513404401;61044001;STIMMBEZIRK;;;N;1002;794;208;0;569;379;190;0;190;5;1033;394;125;120;;;;;;;;;;;;;394;;;;;;;;
010615134044;01061513404402;61044002;STIMMBEZIRK;;;N;985;814;171;0;594;445;149;0;149;2;1105;250;105;111;;;;;;;;;;;;;639;;;;;;;;
010615134044;01061513404403;61044003;STIMMBEZIRK;;;N;817;662;155;0;505;370;135;0;135;2;942;252;121;170;;;;;;;;;;;;;399;;;;;;;;
010615134044;01061513404404;61044004;STIMMBEZIRK;;;N;818;652;166;0;463;313;150;1;149;2;858;232;92;86;;;;;;;;;;;;;448;;;;;;;;
010615134044;01061513404405;61044005;STIMMBEZIRK;;;N;401;323;78;0;223;155;68;0;68;3;409;124;42;44;;;;;;;;;;;;;199;;;;;;;;
010615134044;01061513404405;61044006;STIMMBEZIRK;;;N;588;482;106;0;310;221;89;0;89;4;573;178;137;79;;;;;;;;;;;;;179;;;;;;;;
010615134050;01061513405001;61050001;STIMMBEZIRK;;;N;963;791;172;0;560;411;149;0;149;15;2766;1457;;1309;;;;;;;;;;;;;;;;;;;;;
010615134050;01061513405001;61050002;STIMMBEZIRK;;;N;899;758;141;0;555;437;118;0;118;12;3007;1508;;1499;;;;;;;;;;;;;;;;;;;;;
010615134054;01061513405401;61054001;STIMMBEZIRK;;;N;197;166;31;0;116;89;27;0;27;2;332;;;;;;;;;;;;;;;;332;;;;;;;;
010615134074;01061513407401;61074001;STIMMBEZIRK;;;N;704;606;98;0;436;352;84;1;83;5;1713;;;;;;;;;;;;;;;;1713;;;;;;;;
010615134101;01061513410101;61101001;STIMMBEZIRK;;;N;407;314;93;0;269;188;81;0;81;3;1132;511;132;;;;;;;;;;;;;;489;;;;;;;;
010615134101;01061513410101;61101002;STIMMBEZIRK;;;N;254;212;42;0;157;123;34;0;34;9;659;174;178;;;;;;;;;;;;;;307;;;;;;;;
010615134118;01061513411801;61118001;STIMMBEZIRK;;;N;1382;1094;288;0;888;637;251;1;250;15;5149;1592;;1381;;;;;;;;;;;;;2020;156;;;;;;;
010615138008;01061513800801;61008001;STIMMBEZIRK;;;N;80;76;4;0;53;50;3;0;3;0;102;;;;;;;;;;;;;;;;102;;;;;;;;
010615138010;01061513801001;61010001;STIMMBEZIRK;;;N;124;108;16;0;82;67;15;0;15;0;170;;;;;;;;;;;;;;;;170;;;;;;;;
010615138024;01061513802401;61024001;STIMMBEZIRK;;;N;195;163;32;0;146;115;31;0;31;9;405;;;;;;;;;;;;;;;;405;;;;;;;;
010615138034;01061513803401;61034001;STIMMBEZIRK;;;N;1298;1084;214;0;703;504;199;0;199;29;2486;;;;;;;;;;;;;;;;2486;;;;;;;;
010615138035;01061513803501;61035001;STIMMBEZIRK;;;N;613;532;81;0;395;322;73;0;73;8;1744;;;517;;;;;;;;;;;;;1227;;;;;;;;
010615138039;01061513803901;61039001;STIMMBEZIRK;;;N;168;145;23;0;110;87;23;0;23;0;222;;;;;;;;;;;;;;;;222;;;;;;;;
010615138040;01061513804001;61040001;STIMMBEZIRK;;;N;1648;1449;199;0;957;778;179;0;179;40;4796;2451;;;;;;;;;;;;;;;2345;;;;;;;;
010615138045;01061513804501;61045001;STIMMBEZIRK;;;N;233;197;36;0;168;134;34;2;32;1;371;;;;;;;;;;;;;;;;371;;;;;;;;
010615138047;01061513804701;61047001;STIMMBEZIRK;;;N;356;310;46;0;276;232;44;0;44;4;1254;;;;;;;;;;;;;;;;782;472;;;;;;;
010615138052;01061513805201;61052001;STIMMBEZIRK;;;N;486;409;77;0;304;238;66;0;66;6;889;;;;;;;;;;;;;;;;889;;;;;;;;
010615138059;01061513805901;61059001;STIMMBEZIRK;;;N;69;64;5;0;44;40;4;0;4;0;112;;;;;;;;;;;;;;;;112;;;;;;;;
010615138065;01061513806501;61065001;STIMMBEZIRK;;;N;660;557;103;0;394;302;92;0;92;15;937;;;;;;;;;;;;;;;;937;;;;;;;;
010615138067;01061513806701;61067001;STIMMBEZIRK;;;N;352;323;29;0;199;172;27;0;27;1;618;;;;;;;;;;;;;;;;618;;;;;;;;
010615138070;01061513807001;61070001;STIMMBEZIRK;;;N;62;56;6;0;32;26;6;0;6;0;82;;;;;;;;;;;;;;;;82;;;;;;;;
010615138082;01061513808201;61082001;STIMMBEZIRK;;;N;930;757;173;0;602;452;150;0;150;16;3222;;;;;;;;;;;;;;;;934;1606;682;;;;;;
010615138083;01061513808301;61083001;STIMMBEZIRK;;;N;630;552;78;0;410;336;74;0;74;2;1847;;;;;;;;;;;;;;;;1216;631;;;;;;;
010615138084;01061513808401;61084001;STIMMBEZIRK;;;N;217;204;13;0;157;145;12;1;11;0;434;;;;;;;;;;;;;;;;434;;;;;;;;
010615138098;01061513809801;61098001;STIMMBEZIRK;;;N;182;158;24;0;127;106;21;0;21;3;406;;;;;;;;;;;;;;;;406;;;;;;;;
010615138100;01061513810001;61100001;STIMMBEZIRK;;;N;133;117;16;0;94;78;16;0;16;0;205;;;;;;;;;;;;;;;;205;;;;;;;;
010615138114;01061513811401;61114001;STIMMBEZIRK;;;N;277;247;30;0;153;127;26;0;26;5;455;;;;;;;;;;;;;;;;455;;;;;;;;
010615153006;01061515300601;61006001;STIMMBEZIRK;;;N;481;407;74;0;289;223;66;0;66;9;777;;;;;;;;;;;;;;;;777;;;;;;;;
010615153022;01061515302201;61022001;STIMMBEZIRK;;;N;834;734;98;2;518;427;91;3;88;13;2461;1309;;;;;;;;;;;;;;;1152;;;;;;;;
010615153026;01061515302601;61026001;STIMMBEZIRK;;;N;138;102;36;0;97;67;30;0;30;2;197;;;;;;;;;;;;;;;;197;;;;;;;;
010615153030;01061515303001;61030001;STIMMBEZIRK;;;N;270;227;43;0;174;133;41;0;41;1;534;;;;;;;;;;;;;;;;534;;;;;;;;
010615153055;01061515305501;61055001;STIMMBEZIRK;;;N;829;718;111;0;359;255;104;9;95;11;2085;;;511;;;;;;;;500;;;;;1074;;;;;;;;
010615153055;01061515305501;61055002;STIMMBEZIRK;;;N;1134;932;202;0;596;417;179;1;178;14;3585;;;819;;;;;;;;722;;;;;2044;;;;;;;;
010615153056;01061515305601;61056001;STIMMBEZIRK;;;N;832;722;110;0;482;372;110;0;110;4;2722;700;;485;;;;;;;;478;;;;;1059;;;;;;;;
010615153056;01061515305601;61056002;STIMMBEZIRK;;;N;1131;886;245;0;667;465;202;3;199;10;3713;1083;;634;;;;;;;;517;;;;;1479;;;;;;;;
010615153057;01061515305701;61057001;STIMMBEZIRK;;;N;455;382;73;0;265;196;69;0;69;2;816;;;;;;;;;;;;;;;;816;;;;;;;;
010615153073;01061515307301;61073001;STIMMBEZIRK;;;N;543;482;61;0;273;217;56;0;56;4;802;;;;;;;;;;;;;;;;802;;;;;;;;
010615153092;01061515309201;61092001;STIMMBEZIRK;;;N;473;406;67;0;249;188;61;0;61;10;1024;465;;;;;;;;;;;;;;;559;;;;;;;;
010615153104;01061515310401;61104001;STIMMBEZIRK;;;N;351;300;51;0;205;157;48;0;48;4;846;;;280;;;;;;;;;;;;;566;;;;;;;;
010615153104;01061515310401;61104002;STIMMBEZIRK;;;N;255;218;37;0;158;124;34;0;34;5;530;;;89;;;;;;;;;;;;;441;;;;;;;;
010615168001;01061516800101;61001001;STIMMBEZIRK;;;N;119;111;8;0;73;66;7;0;7;0;184;;;;;;;;;;;;;;;;184;;;;;;;;
010615168003;01061516800301;61003001;STIMMBEZIRK;;;N;166;127;39;0;118;81;37;0;37;4;288;;;;;;;;;;;;;;;;288;;;;;;;;
010615168011;01061516801101;61011001;STIMMBEZIRK;;;N;196;184;12;0;139;128;11;0;11;2;431;;;;;;;;;;;;;;;;431;;;;;;;;
010615168013;01061516801301;61013001;STIMMBEZIRK;;;N;121;108;13;0;86;73;13;0;13;0;227;;;;;;;;;;;;;;;;227;;;;;;;;
010615168014;01061516801401;61014001;STIMMBEZIRK;;;N;122;91;31;0;100;70;30;0;30;0;333;;;;;;;;;;;;;;;;106;187;40;;;;;;
010615168021;01061516802101;61021001;STIMMBEZIRK;;;N;56;54;2;0;39;37;2;0;2;1;66;;;;;;;;;;;;;;;;66;;;;;;;;
010615168031;01061516803101;61031001;STIMMBEZIRK;;;N;358;334;24;0;216;192;24;0;24;0;863;;;;;;;;;;;;;;;;376;487;;;;;;;
010615168033;01061516803301;61033001;STIMMBEZIRK;;;N;120;116;4;0;76;72;4;0;4;0;175;;;;;;;;;;;;;;;;175;;;;;;;;
010615168043;01061516804301;61043001;STIMMBEZIRK;;;N;379;351;28;0;232;206;26;0;26;1;976;;;;;;;;;;;;;;;;392;584;;;;;;;
010615168048;01061516804801;61048001;STIMMBEZIRK;;;N;56;41;15;0;42;30;12;0;12;3;97;;;;;;;;;;;;;;;;97;;;;;;;;
010615168066;01061516806601;61066001;STIMMBEZIRK;;;N;329;282;47;0;238;191;47;0;47;5;1075;422;;;;;;;;;;;;;;;352;301;;;;;;;
010615168076;01061516807601;61076001;STIMMBEZIRK;;;N;105;98;7;0;69;62;7;0;7;0;146;;;;;;;;;;;;;;;;146;;;;;;;;
010615168078;01061516807801;61078001;STIMMBEZIRK;;;N;228;198;30;0;155;125;30;0;30;2;511;;;;;;;;;;;;;;;;511;;;;;;;;
010615168081;01061516808101;61081001;STIMMBEZIRK;;;N;96;81;15;0;73;60;13;0;13;3;188;;;;;;;;;;;;;;;;188;;;;;;;;
010615168085;01061516808501;61085001;STIMMBEZIRK;;;N;220;207;13;0;126;116;10;0;10;0;362;;;;;;;;;;;;;;;;362;;;;;;;;
010615168087;01061516808701;61087001;STIMMBEZIRK;;;N;477;421;56;0;288;234;54;0;54;11;920;;;;;;;;;;;;;;;;920;;;;;;;;
010615168091;01061516809101;61091001;STIMMBEZIRK;;;N;615;502;113;0;440;335;105;0;105;0;2101;;;;;;;;;;;;;;;;1078;1023;;;;;;;
010615168097;01061516809701;61097001;STIMMBEZIRK;;;N;822;683;139;0;455;323;132;0;132;8;1232;588;;266;;;;;;;;;;;;;378;;;;;;;;
010615168097;01061516809702;61097002;STIMMBEZIRK;;;N;756;630;126;0;398;287;111;0;111;6;1071;622;;188;;;;;;;;;;;;;261;;;;;;;;
010615168097;01061516809703;61097003;STIMMBEZIRK;;;N;723;583;140;0;412;285;127;0;127;3;1115;430;;232;;;;;;;;;;;;;453;;;;;;;;
010615168105;01061516810501;61105001;STIMMBEZIRK;;;N;1062;946;116;0;581;480;101;0;101;8;2932;;;;;;;;;;;;;;;;1204;1728;;;;;;;
010615168106;01061516810601;61106001;STIMMBEZIRK;;;N;122;103;19;0;68;49;19;0;19;0;168;;;;;;;;;;;;;;;;168;;;;;;;;
010615168107;01061516810701;61107001;STIMMBEZIRK;;;N;1714;1468;246;0;1026;805;221;0;221;8;6244;2971;;774;;;;;;;;;;;;;2499;;;;;;;;
010615168108;01061516810801;61108001;STIMMBEZIRK;;;N;247;213;34;0;185;157;28;0;28;3;833;;;;;;;;;;;;;;;;265;568;;;;;;;
010615179007;01061517900701;61007001;STIMMBEZIRK;;;N;714;615;99;0;481;394;87;0;87;11;2352;1485;;;;;;;;;;;;;;;867;;;;;;;;
010615179018;01061517901801;61018001;STIMMBEZIRK;;;N;864;708;156;0;562;427;135;0;135;4;2983;1554;;318;;;;;;;;;;;;;1111;;;;;;;;
010615179023;01061517902301;61023001;STIMMBEZIRK;;;N;227;178;49;0;154;107;47;0;47;0;449;;;;;;;;;;;;;;;;449;;;;;;;;
010615179025;01061517902501;61025001;STIMMBEZIRK;;;N;256;218;38;0;199;165;34;0;34;0;950;;;;;;;;;;;;;;;;361;452;137;;;;;;
010615179060;01061517906001;61060001;STIMMBEZIRK;;;N;101;84;17;0;90;73;17;0;17;2;195;;;;;;;;;;;;;;;;195;;;;;;;;
010615179062;01061517906201;61062001;STIMMBEZIRK;;;N;102;88;14;0;74;60;14;0;14;0;173;;;;;;;;;;;;;;;;173;;;;;;;;
010615179063;01061517906301;61063001;STIMMBEZIRK;;;N;213;186;27;0;120;94;26;0;26;0;522;;;;;;;;;;;;;;;;454;68;;;;;;;
010615179077;01061517907701;61077001;STIMMBEZIRK;;;N;698;574;124;0;479;366;113;0;113;4;2652;944;;738;;;;;;;;;;;;;970;;;;;;;;
010615179095;01061517909501;61095001;STIMMBEZIRK;;;N;692;618;74;0;380;312;68;0;68;5;1421;;;;;;;;;;;;;;;;1421;;;;;;;;
010615179102;01061517910201;61102001;STIMMBEZIRK;;;N;114;89;25;0;82;57;25;0;25;3;206;;;;;;;;;;;;;;;;206;;;;;;;;
010615179110;01061517911001;61110001;STIMMBEZIRK;;;N;1177;1016;161;0;741;588;153;0;153;14;4509;1633;;1125;;;;;;;;;;;;;1751;;;;;;;;
010615179119;01061517911901;61119001;STIMMBEZIRK;;;N;368;299;69;0;239;182;57;1;56;4;1000;429;;;;;;;;;;;;;;;571;;;;;;;;
010615189019;01061518901901;61019001;STIMMBEZIRK;;;N;1754;1506;248;0;1012;781;231;1;230;30;5602;3777;;1825;;;;;;;;;;;;;;;;;;;;;
010615189028;01061518902801;61028001;STIMMBEZIRK;;;N;327;272;55;0;215;165;50;0;50;2;721;;;;;;;;;;;;;;;;721;;;;;;;;
010615189036;01061518903601;61036001;STIMMBEZIRK;;;N;510;445;65;0;316;258;58;0;58;1;1420;;;;;;;;;;;;;;;;588;832;;;;;;;
010615189038;01061518903801;61038001;STIMMBEZIRK;;;N;65;59;6;0;48;43;5;0;5;0;120;;;;;;;;;;;;;;;;120;;;;;;;;
010615189042;01061518904201;61042001;STIMMBEZIRK;;;N;1016;856;160;0;514;367;147;1;146;9;874;293;;175;;;;;;;;;;;;;406;;;;;;;;
010615189042;01061518904202;61042002;STIMMBEZIRK;;;N;991;834;157;0;545;399;146;0;146;8;978;333;;251;;;;;;;;;;;;;394;;;;;;;;
010615189042;01061518904203;61042003;STIMMBEZIRK;;;N;1029;926;103;0;374;280;94;0;94;11;690;259;;188;;;;;;;;;;;;;243;;;;;;;;
010615189042;01061518904204;61042004;STIMMBEZIRK;;;N;966;814;152;0;352;218;134;0;134;16;601;157;;176;;;;;;;;;;;;;268;;;;;;;;
010615189042;01061518904205;61042005;STIMMBEZIRK;;;N;1001;815;186;0;566;404;162;0;162;17;999;373;;207;;;;;;;;;;;;;419;;;;;;;;
010615189049;01061518904901;61049001;STIMMBEZIRK;;;N;1515;1248;267;0;711;465;246;0;246;19;1281;383;111;169;121;;;;;;;;;;;;497;;;;;;;;
010615189049;01061518904902;61049002;STIMMBEZIRK;;;N;1252;1114;138;0;495;364;131;0;131;10;870;255;72;155;52;;;;;;;;;;;;336;;;;;;;;
010615189049;01061518904903;61049003;STIMMBEZIRK;;;N;1304;1120;184;0;567;393;174;0;174;21;998;300;162;138;77;;;;;;;;;;;;321;;;;;;;;
010615189049;01061518904904;61049004;STIMMBEZIRK;;;N;1264;1092;172;0;515;359;156;0;156;7;910;274;137;151;88;;;;;;;;;;;;260;;;;;;;;
010615189049;01061518904905;61049005;STIMMBEZIRK;;;N;1182;964;218;0;633;432;201;0;201;10;1144;297;131;218;65;;;;;;;;;;;;433;;;;;;;;
010615189064;01061518906401;61064001;STIMMBEZIRK;;;N;134;118;16;0;97;81;16;0;16;0;342;;;;;;;;;;;;;;;;193;149;;;;;;;
010615189071;01061518907101;61071001;STIMMBEZIRK;;;N;237;206;31;0;155;127;28;0;28;4;427;;;;;;;;;;;;;;;;427;;;;;;;;
010615189080;01061518908001;61080001;STIMMBEZIRK;;;N;159;126;33;0;119;87;32;0;32;2;267;;;;;;;;;;;;;;;;267;;;;;;;;
010615189086;01061518908601;61086001;STIMMBEZIRK;;;N;330;297;33;0;221;190;31;1;30;3;758;;;;;;;;;;;;;;;;758;;;;;;;;
010615189088;01061518908801;61088001;STIMMBEZIRK;;;N;376;330;46;0;235;190;45;0;45;1;1023;;;;;;;;;;;;;;;;753;205;65;;;;;;
010615189089;01061518908901;61089001;STIMMBEZIRK;;;N;86;74;12;0;56;44;12;0;12;0;120;;;;;;;;;;;;;;;;120;;;;;;;;
010615189093;01061518909301;61093001;STIMMBEZIRK;;;N;305;264;41;0;185;154;31;0;31;2;527;;;;;;;;;;;;;;;;527;;;;;;;;
010615189096;01061518909601;61096001;STIMMBEZIRK;;;N;429;394;35;0;293;260;33;0;33;3;1226;;;;;;;;;;;;;;;;523;703;;;;;;;
010615189103;01061518910301;61103001;STIMMBEZIRK;;;N;74;69;5;0;54;49;5;0;5;1;137;;;;;;;;;;;;;;;;137;;;;;;;;
010615189112;01061518911201;61112001;STIMMBEZIRK;;;N;128;119;9;0;90;82;8;0;8;0;220;;;;;;;;;;;;;;;;220;;;;;;;;
010615189116;01061518911601;61116001;STIMMBEZIRK;;;N;1976;1665;311;0;1095;802;293;0;293;47;5794;2813;;;;;;;;;;;;;;;2981;;;;;;;;
010615189117;01061518911701;61117001;STIMMBEZIRK;;;N;340;309;31;0;218;187;31;0;31;7;628;;;;;;;;;;;;;;;;628;;;;;;;;
010625207019;01062520701901;62019001;STIMMBEZIRK;;;N;662;535;127;0;437;323;114;0;114;3;2156;;;;;;;;;;;;;;;;685;1471;;;;;;;
010625207046;01062520704601;62046001;STIMMBEZIRK;;;N;735;656;79;0;401;329;72;0;72;4;2043;;;;;;;;;;;;;;;;1139;904;;;;;;;
010625207050;01062520705001;62050001;STIMMBEZIRK;;;N;292;251;41;0;211;172;39;0;39;4;950;;;;;;;;;;;;;;;;527;358;65;;;;;;
010625207056;01062520705601;62056001;STIMMBEZIRK;;;N;544;470;74;0;321;250;71;0;71;4;1571;1245;;326;;;;;;;;;;;;;;;;;;;;;
010625207056;01062520705601;62056002;STIMMBEZIRK;;;N;435;353;82;0;260;192;68;68;0;12;1189;618;;571;;;;;;;;;;;;;;;;;;;;;
010625207062;01062520706201;62062001;STIMMBEZIRK;;;N;694;585;109;0;428;329;99;0;99;2;2347;738;;;;;;;;;;;;;;;991;618;;;;;;;
010625207062;01062520706201;62062002;STIMMBEZIRK;;;N;269;222;47;0;184;141;43;0;43;0;952;400;;;;;;;;;;;;;;;312;240;;;;;;;
010625207065;01062520706501;62065001;STIMMBEZIRK;;;N;192;168;24;0;141;118;23;0;23;1;870;436;;149;;;;;;;;;;;;;237;48;;;;;;;
010625207065;01062520706501;62065002;STIMMBEZIRK;;;N;873;728;145;0;508;371;137;0;137;11;2926;1119;;773;;;;;;;;;;;;;576;458;;;;;;;
010625207089;01062520708901;62089001;STIMMBEZIRK;;;N;825;700;125;0;473;361;112;0;112;4;2683;1122;;1561;;;;;;;;;;;;;;;;;;;;;
010625207089;01062520708901;62089002;STIMMBEZIRK;;;N;272;224;48;0;139;93;46;1;45;5;741;377;;364;;;;;;;;;;;;;;;;;;;;;
010625207091;01062520709101;62101001;STIMMBEZIRK;;;N;707;592;115;0;456;342;114;0;114;5;1267;628;;418;;;;;;;;;;;;;221;;;;;;;;
010625207091;01062520709102;62102002;STIMMBEZIRK;;;N;867;729;138;0;530;406;124;0;124;12;1496;983;;326;;;;;;;;;;;;;187;;;;;;;;
010625207091;01062520709103;62103003;STIMMBEZIRK;;;N;513;413;100;0;307;218;89;2;87;3;842;528;;187;;;;;;;;;;;;;127;;;;;;;;
010625207091;01062520709103;62103004;STIMMBEZIRK;;;N;200;169;31;0;113;83;30;1;29;3;299;229;;51;;;;;;;;;;;;;19;;;;;;;;
010625207092;01062520709201;62092001;STIMMBEZIRK;;;N;671;568;103;0;401;298;103;1;102;5;2362;691;;329;;;;;;;;;;;;;1342;;;;;;;;
010625207092;01062520709201;62092002;STIMMBEZIRK;;;N;550;470;80;0;337;258;79;0;79;4;2064;792;;293;;;;;;;;;;;;;979;;;;;;;;
010625207092;01062520709201;62092003;STIMMBEZIRK;;;N;263;230;33;0;154;124;30;1;29;0;978;245;;387;;;;;;;;;;;;;346;;;;;;;;
010625218005;01062521800501;62005001;STIMMBEZIRK;;;N;771;634;137;0;471;347;124;0;124;6;1305;454;;509;342;;;;;;;;;;;;;;;;;;;;
010625218005;01062521800502;62005002;STIMMBEZIRK;;;N;900;769;131;0;535;425;110;0;110;7;1472;491;;641;340;;;;;;;;;;;;;;;;;;;;
010625218005;01062521800503;62005003;STIMMBEZIRK;;;N;784;661;123;0;381;277;104;1;103;15;1010;364;;414;232;;;;;;;;;;;;;;;;;;;;
010625218014;01062521801401;62014001;STIMMBEZIRK;;;N;840;700;140;0;463;329;134;0;134;5;2870;922;;391;;;;;;;;;;;;;1557;;;;;;;;
010625218014;01062521801401;62014002;STIMMBEZIRK;;;N;976;788;188;0;556;381;175;0;175;9;3432;940;;364;;;;;;;;;;;;;2128;;;;;;;;
010625218016;01062521801601;62016001;STIMMBEZIRK;;;N;761;675;86;0;419;341;78;0;78;5;1173;261;;130;;;;;;;;;;;;;295;457;30;;;;;;
010625218016;01062521801602;62016002;STIMMBEZIRK;;;N;643;549;94;0;394;306;88;0;88;7;1095;176;;117;;;;;;;;;;;;;262;453;87;;;;;;
010625218016;01062521801603;62016003;STIMMBEZIRK;;;N;855;711;144;0;510;370;140;0;140;5;1395;542;;164;;;;;;;;;;;;;99;590;;;;;;;
010625218027;01062521802701;62027001;STIMMBEZIRK;;;N;1005;858;147;0;614;476;138;0;138;8;3316;1102;;;;;;;;;;;;;;;2214;;;;;;;;
010625218036;01062521803601;62036001;STIMMBEZIRK;;;N;670;552;118;0;400;285;115;0;115;2;2435;528;;;;;;;;;;;;;;;797;1110;;;;;;;
010625218036;01062521803601;62036002;STIMMBEZIRK;;;N;823;680;143;0;470;352;118;0;118;6;2884;481;;;;;;;;;;;;;;;1118;1285;;;;;;;
010625218051;01062521805101;62051001;STIMMBEZIRK;;;N;402;331;71;0;221;155;66;0;66;6;625;;;;;;;;;;;;;;;;625;;;;;;;;
010625218078;01062521807801;62078001;STIMMBEZIRK;;;N;1036;877;159;0;547;397;150;1;149;12;1922;;;;;;;;;;;;;;;;1922;;;;;;;;
010625218081;01062521808101;62081001;STIMMBEZIRK;;;N;847;695;152;0;514;368;146;0;146;24;2930;;;770;;;;;;;;;;;;;2160;;;;;;;;
010625218081;01062521808101;62081002;STIMMBEZIRK;;;N;716;576;140;0;409;280;129;0;129;16;2386;;;930;;;;;;;;;;;;;1456;;;;;;;;
010625244003;01062524400301;62003001;STIMMBEZIRK;;;N;751;641;110;0;450;345;105;0;105;9;2273;743;;;;;;;;;;;;;;;1530;;;;;;;;
010625244008;01062524400801;62008001;STIMMBEZIRK;;;N;396;341;55;0;264;214;50;1;49;3;1342;560;;;;;;;;;;;;;;;782;;;;;;;;
010625244008;01062524400801;62008002;STIMMBEZIRK;;;N;314;267;47;0;203;162;41;0;41;1;971;529;;;;;;;;;;;;;;;442;;;;;;;;
010625244025;01062524402501;62025001;STIMMBEZIRK;;;N;664;582;82;0;343;270;73;0;73;16;1229;1229;;;;;;;;;;;;;;;;;;;;;;;
010625244025;01062524402501;62025002;STIMMBEZIRK;;;N;779;683;96;0;421;338;83;0;83;12;1466;1466;;;;;;;;;;;;;;;;;;;;;;;
010625244031;01062524403101;62031001;STIMMBEZIRK;;;N;423;348;75;0;245;177;68;0;68;2;770;;;;;;;;;;;;;;;;770;;;;;;;;
010625244032;01062524403201;62032001;STIMMBEZIRK;;;N;470;392;78;0;293;229;64;0;64;5;1305;;;;;;;;;;;;;;;;440;460;193;212;;;;;
010625244039;01062524403901;62039001;STIMMBEZIRK;;;N;631;525;106;0;433;332;101;2;99;6;2227;;;;;;;;;;;;;;;;537;967;723;;;;;;
010625244048;01062524404801;62048001;STIMMBEZIRK;;;N;550;472;78;0;304;230;74;0;74;3;1204;518;;;;;;;;;;;;;;;544;142;;;;;;;
010625244059;01062524405901;62059001;STIMMBEZIRK;;;N;614;526;88;0;394;328;66;1;65;2;1726;574;;543;;;;;;;;;;;;;609;;;;;;;;
010625244083;01062524408301;62083001;STIMMBEZIRK;;;N;648;532;116;0;413;309;104;0;104;5;1817;;;;;;;;;;;;;;;;849;968;;;;;;;
010625244087;01062524408701;62087001;STIMMBEZIRK;;;N;685;561;124;0;402;288;114;0;114;2;2458;566;;780;;;;;;;;;;;;;1112;;;;;;;;
010625244087;01062524408701;62087002;STIMMBEZIRK;;;N;493;401;92;0;309;222;87;1;86;5;1798;454;;705;;;;;;;;;;;;;639;;;;;;;;
010625244093;01062524409301;62093001;STIMMBEZIRK;;;N;466;393;73;0;303;239;64;0;64;4;1347;;;;;;;;;;;;;;;;493;854;;;;;;;
010625244094;01062524409401;62094001;STIMMBEZIRK;;;N;552;463;89;0;319;233;86;0;86;10;1665;882;;;;;;;;;;;;;;;783;;;;;;;;
010625244094;01062524409401;62094002;STIMMBEZIRK;;;N;763;646;117;0;401;299;102;0;102;8;2093;1020;;;;;;;;;;;;;;;1073;;;;;;;;
010625262011;01062526201101;62011001;STIMMBEZIRK;;;N;785;648;137;0;420;300;120;0;120;4;2072;807;;;;;;;;;;;;;;;1265;;;;;;;;
010625262035;01062526203501;62035001;STIMMBEZIRK;;;N;690;596;94;0;377;289;88;0;88;2;1036;254;74;151;42;;;;;;;;;;;;515;;;;;;;;
010625262035;01062526203501;62035004;STIMMBEZIRK;;;N;252;222;30;0;146;117;29;0;29;0;423;56;11;64;3;;;;;;;;;;;;289;;;;;;;;
010625262035;01062526203502;62035002;STIMMBEZIRK;;;N;963;760;203;0;797;611;186;0;186;2;1732;346;158;115;112;;;;;;;;;;;;1001;;;;;;;;
010625262035;01062526203503;62035003;STIMMBEZIRK;;;N;1033;823;210;0;644;445;199;0;199;11;1754;398;101;140;82;;;;;;;;;;;;1033;;;;;;;;
010625262069;01062526206901;62069001;STIMMBEZIRK;;;N;755;612;143;0;428;294;134;0;134;4;2557;1318;512;474;;;;;;;;;;;;;253;;;;;;;;
010625262069;01062526206901;62069002;STIMMBEZIRK;;;N;788;603;185;0;463;295;168;0;168;5;2796;1412;577;592;;;;;;;;;;;;;215;;;;;;;;
010625262069;01062526206901;62069003;STIMMBEZIRK;;;N;452;380;72;0;250;187;63;0;63;0;1572;852;213;208;;;;;;;;;;;;;299;;;;;;;;
010625262071;01062526207101;62071001;STIMMBEZIRK;;;N;699;570;129;0;376;262;114;0;114;4;2284;675;;258;;;;;;;;;;;;;1273;78;;;;;;;
010625262071;01062526207101;62071002;STIMMBEZIRK;;;N;789;656;133;0;397;282;115;0;115;5;2314;847;;311;;;;;;;;;;;;;1062;94;;;;;;;
010625262088;01062526208801;62088001;STIMMBEZIRK;;;N;511;464;47;0;268;226;42;0;42;6;1448;412;;;;;;;;;;;;;;;1036;;;;;;;;
010625262088;01062526208801;62088002;STIMMBEZIRK;;;N;467;408;59;0;237;185;52;0;52;2;1273;390;;;;;;;;;;;;;;;883;;;;;;;;
010625262088;01062526208801;62088003;STIMMBEZIRK;;;N;470;381;89;0;269;190;79;0;79;1;1503;937;;;;;;;;;;;;;;;566;;;;;;;;
010625270020;01062527002001;62020001;STIMMBEZIRK;;;N;580;460;120;0;365;257;108;0;108;0;1666;;;;;;;;;;;;;;;;879;787;;;;;;;
010625270021;01062527002101;62021001;STIMMBEZIRK;;;N;637;519;118;0;357;248;109;4;105;6;1967;1233;;734;;;;;;;;;;;;;;;;;;;;;
010625270021;01062527002101;62021002;STIMMBEZIRK;;;N;580;476;104;0;343;247;96;2;94;15;1803;1044;;759;;;;;;;;;;;;;;;;;;;;;
010625270022;01062527002201;62022001;STIMMBEZIRK;;;N;815;644;171;0;518;358;160;0;160;10;3102;;991;;;;;;;;;;;;;;1101;1010;;;;;;;
010625270022;01062527002201;62022002;STIMMBEZIRK;;;N;694;541;153;0;408;275;133;0;133;3;2530;;534;;;;;;;;;;;;;;730;1266;;;;;;;
010625270026;01062527002601;62026001;STIMMBEZIRK;;;N;419;361;58;0;250;196;54;3;51;4;1054;;;;;;;;;;;;;;;;441;613;;;;;;;
010625270040;01062527004001;62040001;STIMMBEZIRK;;;N;283;240;43;0;183;150;33;0;33;2;483;;;;;;;;;;;;;;;;483;;;;;;;;
010625270045;01062527004501;62045001;STIMMBEZIRK;;;N;835;663;172;0;448;295;153;1;152;65;735;735;;;;;;;;;;;;;;;;;;;;;;;
010625270045;01062527004502;62045002;STIMMBEZIRK;;;N;843;678;165;0;429;286;143;0;143;51;714;714;;;;;;;;;;;;;;;;;;;;;;;
010625270045;01062527004503;62045003;STIMMBEZIRK;;;N;1027;797;230;0;492;301;191;47;144;78;807;807;;;;;;;;;;;;;;;;;;;;;;;
010625270058;01062527005801;62058001;STIMMBEZIRK;;;N;191;150;41;0;127;95;32;0;32;9;359;;;;;;;;;;;;;;;;359;;;;;;;;
010625270082;01062527008201;62082001;STIMMBEZIRK;;;N;1369;1095;274;0;645;418;227;52;175;9;1158;466;257;156;;;;;;;;;;;;;279;;;;;;;;
010625270082;01062527008202;62082002;STIMMBEZIRK;;;N;1221;1016;205;0;554;367;187;0;187;9;969;402;193;144;;;;;;;;;;;;;230;;;;;;;;
010625270082;01062527008203;62082003;STIMMBEZIRK;;;N;1800;1410;390;0;876;520;356;0;356;12;1571;572;198;374;;;;;;;;;;;;;427;;;;;;;;
010625270082;01062527008204;62082004;STIMMBEZIRK;;;N;1521;1230;291;0;728;474;254;1;253;18;1326;487;234;189;;;;;;;;;;;;;416;;;;;;;;
010625270082;01062527008205;62082005;STIMMBEZIRK;;;N;1399;1171;228;0;633;435;198;2;196;4;1179;329;200;235;;;;;;;;;;;;;415;;;;;;;;
010625270086;01062527008601;62086001;STIMMBEZIRK;;;N;650;550;100;0;362;278;84;0;84;8;1453;;;;;;;;;;;;;;;;1292;161;;;;;;;
010625270086;01062527008601;62086002;STIMMBEZIRK;;;N;668;557;111;0;328;223;105;0;105;11;1247;;;;;;;;;;;;;;;;1110;137;;;;;;;
