Wahlkreis;Wahlbezirk Nr.;Erfassungsgebietsart;Wahlberechtigte gesamt (A);Wahlberechtigte ohne Wahlschein (A1);Wahlberechtigte mit Wahlschein (A2);Wahlberechtigte nicht im Waehlerverzeichnis (A3);Waehlende gesamt (B);Urnenwaehlende laut Stimmabgabevermerk im Waehlerverzeichnis (B1);Urnenwaehlende mit Wahlschein (B2a);Briefwaehlende (B2b);Direktstimmen ungueltige (C);Direktstimmen gueltige (D);D1;D2;D3;D4;D5;D6;D7;D8;D9;D10;D11;D12;D13;D14;Listenstimmen ungueltige (E);Listenstimmen gueltige (F);F1;F2;F3;F4;F5;F6;F7;F8;F9;F10;F11;F12;F13;
0101;54108001;STIMMBEZIRK;263;219;44;0;174;174;0;0;3;171;89;27;20;24;2;4;1;;4;;;;0;;1;173;64;26;31;36;1;6;2;3;3;1;0;0;0;
0101;54995001;BRIEFWAHLBEZIRK;0;0;0;0;1831;0;0;0;23;1808;1007;269;146;174;26;73;28;;11;;;;74;;8;1823;713;345;126;345;15;88;25;2;4;92;1;8;59;
0101;54168001;STIMMBEZIRK;1919;1558;361;0;764;764;0;0;11;753;360;164;61;54;13;35;15;;8;;;;43;;5;759;271;154;87;103;7;43;15;0;3;37;0;7;32;
0101;54168002;STIMMBEZIRK;1774;1476;298;0;724;723;1;0;8;716;312;192;54;41;19;46;11;;4;;;;37;;7;717;220;178;79;84;13;50;11;3;2;31;1;3;42;
0101;54168003;STIMMBEZIRK;1626;1327;299;0;620;619;1;0;14;606;316;122;52;28;12;46;13;;1;;;;16;;7;613;258;119;67;62;4;57;12;0;1;16;0;2;15;
0101;54168004;STIMMBEZIRK;1699;1445;254;0;709;707;2;0;10;699;294;203;73;41;14;31;15;;4;;;;24;;8;701;224;196;88;71;8;45;16;0;0;22;2;3;26;
0101;54168005;STIMMBEZIRK;1172;1037;135;0;519;519;0;0;4;515;250;96;49;32;8;29;14;;4;;;;33;;6;513;158;97;80;54;8;48;11;1;0;31;1;1;23;
0101;54168006;STIMMBEZIRK;1211;1026;185;0;552;551;1;0;6;546;305;113;51;25;10;18;5;;3;;;;16;;11;541;223;108;60;57;10;31;10;2;1;16;1;0;22;
0101;54168007;STIMMBEZIRK;959;705;254;0;446;446;0;0;10;436;254;79;28;29;7;16;6;;5;;;;12;;7;439;195;66;54;62;3;31;7;0;4;12;0;2;3;
0101;54168008;STIMMBEZIRK;952;777;175;0;472;470;2;0;1;471;278;90;39;19;8;12;6;;2;;;;17;;6;466;205;105;45;41;4;29;6;0;0;11;0;0;20;
0101;54168009;STIMMBEZIRK;363;329;34;0;142;142;0;0;2;140;66;39;10;5;2;2;9;;2;;;;5;;0;142;41;44;14;14;1;4;7;1;0;9;0;0;7;
0101;54988001;BRIEFWAHLBEZIRK;0;0;0;0;860;0;0;0;9;851;356;165;120;90;4;32;14;;6;;;;64;;5;855;294;168;126;138;6;29;17;0;2;24;1;1;49;
0101;54988002;BRIEFWAHLBEZIRK;0;0;0;0;328;0;0;0;2;326;144;74;36;28;4;16;10;;3;;;;11;;1;327;117;82;30;48;4;17;9;2;0;9;0;1;8;
0101;54939001;BRIEFWAHLBEZIRK;0;0;0;0;546;0;0;0;4;542;347;69;30;64;2;14;5;;0;;;;11;;1;545;233;73;46;137;4;18;7;0;0;18;0;0;9;
0101;54994001;BRIEFWAHLBEZIRK;0;0;0;0;1369;0;0;0;25;1344;584;295;167;100;16;116;47;;5;;;;14;;11;1358;449;328;173;169;19;100;38;1;8;59;3;5;6;
0102;54033001;STIMMBEZIRK;1057;944;113;0;637;636;1;0;21;616;194;223;26;33;17;99;20;;;;;;4;;9;628;168;188;51;64;8;97;18;0;5;25;0;1;3;
0102;54033002;STIMMBEZIRK;965;874;91;0;521;521;0;0;14;507;181;165;19;31;17;70;22;;;;;;2;;5;516;155;136;40;51;14;63;24;2;1;24;3;1;2;
0102;54928001;BRIEFWAHLBEZIRK;0;0;0;0;2108;0;0;0;5;2103;733;670;209;145;38;207;86;;;;;;15;;8;2100;616;536;315;258;28;140;94;7;4;83;3;10;6;
0102;54056001;STIMMBEZIRK;1342;1099;243;0;836;836;0;0;26;810;349;250;75;55;3;46;27;;;;;;5;;11;825;312;165;130;119;8;32;24;1;1;26;0;5;2;
0102;54056002;STIMMBEZIRK;1235;1096;139;0;626;626;0;0;19;607;255;184;35;45;13;56;17;;;;;;2;;16;610;215;156;51;71;5;42;22;3;1;37;0;4;3;
0102;54056003;STIMMBEZIRK;1404;1273;131;0;758;758;0;0;25;733;245;252;57;50;18;79;26;;;;;;6;;8;750;219;224;86;83;10;61;21;1;1;33;1;4;6;
0102;54056004;STIMMBEZIRK;1394;1242;152;0;606;606;0;0;21;585;206;207;44;27;15;53;32;;;;;;1;;12;594;174;186;58;50;11;40;27;5;1;34;0;4;4;
0102;54056005;STIMMBEZIRK;1450;1314;136;0;801;801;0;0;25;776;274;288;36;41;15;90;31;;;;;;1;;6;795;237;249;73;85;8;62;24;3;2;47;0;2;3;
0102;54056006;STIMMBEZIRK;1491;1362;129;0;660;660;0;0;24;636;191;230;43;46;19;55;48;;;;;;4;;8;652;145;206;77;73;12;40;47;2;4;40;1;4;1;
0102;54056007;STIMMBEZIRK;1465;1253;212;0;654;654;0;0;24;630;206;210;64;28;20;62;39;;;;;;1;;12;642;156;171;110;60;6;51;38;4;1;32;0;9;4;
0102;54056008;STIMMBEZIRK;1211;1014;197;0;502;502;0;0;15;487;196;139;42;30;14;36;26;;;;;;4;;4;498;161;105;71;70;2;29;25;0;0;29;1;5;0;
0102;54056009;STIMMBEZIRK;1129;960;169;0;568;568;0;0;7;561;163;213;72;26;15;42;29;;;;;;1;;0;568;133;176;105;54;10;36;29;3;1;13;0;5;3;
0102;54056010;STIMMBEZIRK;1397;1272;125;0;703;703;0;0;9;694;258;239;58;44;9;62;23;;;;;;1;;3;700;225;199;82;82;7;47;25;4;2;22;1;3;1;
0102;54056011;STIMMBEZIRK;1417;1249;168;0;831;831;0;0;19;812;290;325;37;43;18;70;25;;;;;;4;;16;815;244;273;74;90;16;47;26;2;4;32;1;1;5;
0102;54056012;STIMMBEZIRK;1293;1113;180;0;750;749;1;0;23;727;286;242;48;43;4;62;37;;;;;;5;;6;744;233;181;110;88;4;47;34;1;2;29;0;9;6;
0102;54056013;STIMMBEZIRK;1218;1086;132;0;661;661;0;0;11;650;230;218;51;32;11;71;35;;;;;;2;;5;656;185;171;116;73;11;38;32;0;1;22;0;4;3;
0102;54056014;STIMMBEZIRK;1316;1140;176;0;566;566;0;0;16;550;164;211;50;34;11;48;32;;;;;;0;;6;560;133;158;89;63;10;47;31;1;2;22;0;3;1;
0102;54138001;STIMMBEZIRK;1246;1110;136;0;750;620;35;95;20;730;201;270;50;43;18;114;24;;;;;;10;;11;739;170;245;68;55;9;93;24;6;2;50;2;6;9;
0102;54138002;STIMMBEZIRK;1180;1028;152;0;748;601;1;146;24;724;216;256;50;39;21;102;23;;;;;;17;;9;739;192;203;86;62;14;99;18;1;3;35;0;7;19;
0102;54138003;STIMMBEZIRK;1182;1054;128;0;801;686;0;115;10;791;236;294;40;62;20;105;14;;;;;;20;;7;794;189;246;77;104;14;85;15;6;4;35;1;3;15;
0102;54138004;STIMMBEZIRK;296;260;36;0;210;176;1;33;0;210;87;76;13;14;3;14;2;;;;;;1;;1;209;68;61;23;27;4;16;3;1;0;5;0;1;0;
0102;54992001;BRIEFWAHLBEZIRK;0;0;0;0;2149;0;0;0;27;2122;776;622;208;173;44;208;66;;;;;;25;;9;2140;660;525;290;290;29;140;72;6;5;101;3;5;14;
0102;54953001;BRIEFWAHLBEZIRK;0;0;0;0;444;0;0;0;1;443;201;109;34;33;10;38;16;;;;;;2;;0;444;175;84;64;39;11;28;12;0;3;23;0;4;1;
0103;01000001;STIMMBEZIRK;1708;1461;247;0;1134;898;1;235;16;1118;273;341;126;68;17;222;61;;;;4;;;6;11;1123;230;284;164;86;14;209;67;4;3;59;2;0;1;
0103;01000002;STIMMBEZIRK;1714;1582;131;1;774;652;0;122;28;746;152;258;40;58;17;159;54;;;;3;;;5;17;757;135;217;60;59;13;162;52;2;0;49;0;7;1;
0103;01000003;STIMMBEZIRK;1650;1522;128;0;717;595;2;120;13;704;127;263;51;42;8;146;56;;;;7;;;4;5;712;106;223;63;39;8;145;63;2;2;47;0;11;3;
0103;01000004;STIMMBEZIRK;1561;1438;123;0;712;593;1;118;14;698;110;222;92;24;22;162;60;;;;1;;;5;10;702;86;181;106;33;17;158;62;3;3;40;1;10;2;
0103;01000005;STIMMBEZIRK;1278;1197;80;1;480;407;1;72;17;463;57;159;65;21;17;66;69;;;;1;;;8;4;476;50;125;65;29;14;66;77;1;0;34;1;12;2;
0103;01000006;STIMMBEZIRK;1307;1212;95;0;522;443;0;79;14;508;100;161;58;22;10;108;41;;;;2;;;6;6;516;86;126;64;28;5;117;43;7;0;33;2;4;1;
0103;01000007;STIMMBEZIRK;1669;1489;179;1;912;742;1;169;10;902;137;273;167;38;19;141;116;;;;1;;;10;4;908;125;239;157;43;14;143;111;5;1;45;0;23;2;
0103;01000008;STIMMBEZIRK;1463;1314;148;1;690;557;0;133;15;675;92;209;135;30;18;77;105;;;;2;;;7;9;681;62;151;157;40;6;87;113;2;6;34;3;15;5;
0103;01000009;STIMMBEZIRK;1713;1504;209;0;972;784;1;187;6;966;127;287;256;49;26;94;108;;;;4;;;15;4;968;111;218;250;68;19;107;112;2;1;35;1;43;1;
0103;01000010;STIMMBEZIRK;1503;1177;324;2;1058;752;1;305;15;1043;320;281;152;82;12;135;52;;;;0;;;9;10;1048;277;206;202;114;5;142;65;2;1;24;1;7;2;
0103;01000011;STIMMBEZIRK;1407;1195;211;1;921;726;2;193;10;911;254;277;126;65;19;105;57;;;;2;;;6;4;917;200;207;179;89;14;104;68;3;2;36;1;11;3;
0103;01000012;STIMMBEZIRK;1491;1227;264;0;1043;795;0;248;17;1026;357;287;120;109;21;86;36;;;;4;;;6;8;1035;314;230;168;125;8;100;36;2;2;41;3;2;4;
0103;01000013;STIMMBEZIRK;1651;1435;216;0;1024;822;2;200;25;999;232;374;144;62;10;98;64;;;;10;;;5;7;1017;216;303;150;76;11;119;70;6;2;42;0;17;5;
0103;01000014;STIMMBEZIRK;1324;1154;170;0;782;617;0;165;21;761;196;239;107;43;14;106;47;;;;5;;;4;9;773;182;204;100;45;8;121;52;4;5;36;4;8;4;
0103;01000015;STIMMBEZIRK;1533;1319;213;1;1060;854;0;206;21;1039;344;313;91;91;12;128;46;;;;8;;;6;6;1054;305;258;122;107;7;151;48;4;3;39;4;5;1;
0103;01000016;STIMMBEZIRK;1759;1587;171;1;1070;909;0;161;22;1048;257;374;103;89;15;132;60;;;;7;;;11;14;1056;217;314;136;91;9;135;49;2;5;85;3;4;6;
0103;01000017;STIMMBEZIRK;1798;1564;234;0;1287;1063;0;224;20;1267;311;362;119;187;19;182;71;;;;10;;;6;6;1281;304;317;149;145;17;183;68;11;5;68;5;6;3;
0103;01000018;STIMMBEZIRK;1861;1750;111;0;1028;928;0;100;30;998;249;345;63;65;17;178;67;;;;4;;;10;13;1015;212;297;85;64;9;187;61;6;4;82;0;6;2;
0103;01000019;STIMMBEZIRK;1565;1414;151;0;769;629;2;138;27;742;167;265;62;41;24;103;59;;;;4;;;17;14;755;144;225;75;39;10;115;53;8;5;65;3;9;4;
0103;01000020;STIMMBEZIRK;1745;1546;199;0;837;650;0;187;15;822;170;291;105;47;24;103;68;;;;6;;;8;6;831;151;240;99;55;12;96;83;7;3;55;1;21;8;
0103;01000021;STIMMBEZIRK;1500;1369;131;0;725;599;0;126;6;719;121;254;124;29;19;94;66;;;;0;;;12;2;723;99;203;130;41;15;89;88;7;3;36;2;9;1;
0103;01000022;STIMMBEZIRK;1747;1486;259;2;1017;770;1;246;12;1005;200;303;173;72;37;103;103;;;;8;;;6;8;1009;179;262;169;82;19;97;119;5;4;33;6;28;6;
0103;01000023;STIMMBEZIRK;2119;1842;277;0;1204;945;0;259;27;1177;249;402;169;66;30;130;117;;;;5;;;9;17;1187;230;325;166;91;24;137;130;6;5;41;2;19;11;
0103;01000024;STIMMBEZIRK;1589;1407;182;0;858;692;0;166;18;840;196;271;109;44;20;113;70;;;;7;;;10;4;854;162;220;134;70;20;104;80;5;2;40;2;8;7;
0103;01000025;STIMMBEZIRK;1540;1375;165;0;948;790;0;158;18;930;178;283;171;46;27;92;119;;;;2;;;12;6;942;144;231;180;71;15;111;135;7;2;26;2;14;4;
0103;01000026;STIMMBEZIRK;1718;1509;208;1;1008;816;0;192;25;983;243;330;137;61;30;103;70;;;;1;;;8;11;997;203;240;183;67;19;129;77;4;3;54;1;12;5;
0103;01000027;STIMMBEZIRK;1768;1538;230;0;1151;935;1;215;21;1130;298;346;198;76;18;120;65;;;;4;;;5;10;1141;237;277;221;113;15;130;85;4;3;49;0;5;2;
0103;01000028;STIMMBEZIRK;1582;1356;224;2;936;721;5;210;27;909;295;277;94;88;11;92;41;;;;3;;;8;13;923;253;222;116;110;14;92;45;5;6;47;3;6;4;
0103;01000029;STIMMBEZIRK;1627;1447;180;0;1095;928;1;166;11;1084;278;363;154;102;16;113;52;;;;2;;;4;10;1085;251;302;179;99;6;112;56;13;1;55;1;8;2;
0103;01000030;STIMMBEZIRK;1722;1521;201;0;1239;1050;0;189;19;1220;391;379;135;123;23;111;46;;;;1;;;11;7;1232;335;291;224;133;19;99;52;11;5;52;1;9;1;
0103;01000031;STIMMBEZIRK;1427;1283;144;0;1077;938;0;139;24;1053;308;300;133;89;23;136;52;;;;7;;;5;12;1065;274;269;151;101;16;142;54;6;2;43;1;6;0;
0103;01000032;STIMMBEZIRK;1462;1278;184;0;959;783;0;176;18;941;319;302;90;82;13;85;44;;;;1;;;5;6;953;284;232;133;102;12;93;47;6;3;37;1;2;1;
0103;01000033;STIMMBEZIRK;1645;1538;107;0;796;693;0;103;20;776;198;285;46;49;14;117;56;;;;4;;;7;8;788;173;253;79;58;10;96;38;6;2;64;1;5;3;
0103;01000034;STIMMBEZIRK;1376;1247;129;0;669;550;0;119;25;644;166;196;67;61;15;79;47;;;;5;;;8;7;662;133;185;72;62;11;87;40;3;2;61;0;6;0;
0103;01000035;STIMMBEZIRK;1713;1549;163;1;1019;868;1;150;26;993;275;312;114;78;10;122;66;;;;4;;;12;5;1014;253;239;129;94;6;145;64;3;9;60;0;8;4;
0103;01000036;STIMMBEZIRK;1318;1214;104;0;722;622;0;100;27;695;164;252;73;61;10;88;36;;;;1;;;10;11;711;148;200;93;68;7;92;36;4;1;57;0;5;0;
0103;01000037;STIMMBEZIRK;1724;1491;233;0;1026;811;0;215;30;996;327;308;79;101;17;101;46;;;;8;;;9;20;1006;264;250;115;129;8;99;45;4;2;73;6;10;1;
0103;01000038;STIMMBEZIRK;1504;1346;158;0;753;608;0;145;24;729;198;238;73;56;17;88;45;;;;5;;;9;14;739;172;203;77;56;14;93;46;4;4;64;0;4;2;
0103;01000039;STIMMBEZIRK;1926;1686;240;0;1336;1112;1;223;20;1316;479;386;103;142;15;132;51;;;;6;;;2;9;1327;423;328;149;149;9;132;47;5;3;70;5;4;3;
0103;01000040;STIMMBEZIRK;1606;1376;230;0;886;666;1;219;24;862;255;289;60;74;16;106;56;;;;0;;;6;9;877;214;244;97;96;9;107;48;2;2;53;0;4;1;
0103;01000041;STIMMBEZIRK;1767;1546;220;1;1137;929;1;207;17;1120;340;347;116;100;21;122;60;;;;7;;;7;6;1131;313;286;143;98;8;141;66;7;4;51;4;6;4;
0103;01000042;STIMMBEZIRK;1888;1560;327;1;1326;1015;0;311;35;1291;475;323;147;150;16;107;59;;;;5;;;9;13;1313;413;262;204;169;12;110;53;2;6;71;3;8;0;
0103;01000043;STIMMBEZIRK;1729;1569;160;0;910;758;0;152;24;886;240;323;50;68;15;117;49;;;;2;;;22;13;897;212;260;78;81;4;118;42;6;4;82;2;6;2;
0103;01000044;STIMMBEZIRK;1856;1477;379;0;1307;956;0;351;24;1283;525;296;116;187;21;88;40;;;;5;;;5;11;1296;502;234;148;189;12;93;43;4;6;61;0;2;2;
0104;59113001;STIMMBEZIRK;520;416;104;0;586;294;0;292;9;577;284;112;62;40;6;35;9;;2;27;;;;;8;578;220;90;84;95;3;42;9;1;1;32;0;1;0;
0104;59113002;STIMMBEZIRK;299;228;71;0;651;162;26;463;7;644;268;125;83;33;6;65;20;;6;38;;;;;4;647;214;122;95;90;8;56;20;0;2;38;0;0;2;
0104;59113003;STIMMBEZIRK;1017;860;157;0;575;575;0;0;7;568;231;151;41;32;8;54;18;;3;30;;;;;6;569;194;112;75;62;7;56;24;2;3;33;1;0;0;
0104;59113004;STIMMBEZIRK;1077;948;129;0;650;650;0;0;12;638;226;224;62;28;9;43;16;;3;27;;;;;5;645;192;188;90;62;6;52;19;1;2;31;0;1;1;
0104;59113005;STIMMBEZIRK;1044;840;204;0;564;564;0;0;3;561;285;104;56;40;7;37;11;;2;19;;;;;2;562;230;83;78;87;3;38;12;1;1;25;1;3;0;
0104;59113006;STIMMBEZIRK;1005;778;227;0;512;464;48;0;7;505;193;137;51;36;3;58;16;;1;10;;;;;4;508;173;112;75;64;1;56;12;3;0;11;1;0;0;
0104;59916001;BRIEFWAHLBEZIRK;0;0;0;0;751;0;0;0;4;747;296;192;69;48;11;70;24;;6;31;;;;;2;749;254;162;96;82;9;74;28;4;5;33;0;1;1;
0104;59183001;STIMMBEZIRK;860;801;59;0;531;531;0;0;4;527;194;166;26;18;1;74;21;;2;25;;;;;2;529;167;127;55;29;1;90;21;4;1;30;0;4;0;
0104;59183002;STIMMBEZIRK;776;720;56;0;426;426;0;0;3;423;165;105;39;16;12;52;6;;7;21;;;;;2;424;135;93;53;23;8;58;11;7;4;25;2;1;4;
0104;59183003;STIMMBEZIRK;1653;1484;169;0;985;985;0;0;9;976;370;299;73;50;8;106;22;;10;38;;;;;8;977;300;237;141;93;8;110;25;8;5;42;2;3;3;
0104;59183004;STIMMBEZIRK;1406;1245;161;0;769;769;0;0;3;766;325;210;51;45;6;82;16;;7;24;;;;;3;766;275;174;71;84;10;89;17;1;8;31;0;3;3;
0104;59183005;STIMMBEZIRK;688;623;65;0;437;437;0;0;3;434;192;118;22;21;3;44;16;;3;15;;;;;2;435;158;89;43;46;2;56;15;6;1;14;0;3;2;
0104;59183006;STIMMBEZIRK;1394;1289;105;0;826;826;0;0;9;817;263;269;52;65;8;84;25;;5;46;;;;;8;818;228;223;80;87;6;112;23;6;2;46;1;4;0;
0104;59183007;STIMMBEZIRK;798;731;67;0;463;463;0;0;1;462;125;185;43;25;3;31;14;;2;34;;;;;2;461;109;161;64;32;5;31;18;2;1;34;0;1;3;
0104;59183008;STIMMBEZIRK;1393;1281;112;0;886;885;1;0;7;879;297;239;93;43;9;121;21;;8;48;;;;;4;882;254;196;127;74;11;128;25;1;6;58;0;2;0;
0104;59120001;STIMMBEZIRK;778;719;59;0;469;415;0;54;12;457;141;149;30;22;5;75;12;;2;21;;;;;5;464;117;111;54;42;6;85;15;1;2;31;0;0;0;
0104;59120002;STIMMBEZIRK;683;599;84;0;443;360;6;77;7;436;149;125;19;4;7;94;17;;3;18;;;;;3;440;134;102;42;17;3;91;20;2;0;26;2;0;1;
0104;59120003;STIMMBEZIRK;728;679;49;0;367;327;0;40;5;362;102;114;21;18;6;54;20;;4;23;;;;;2;365;81;88;33;31;3;68;19;1;1;36;0;4;0;
0104;59120004;STIMMBEZIRK;867;772;95;0;624;534;0;90;1;623;201;198;60;23;12;89;28;;3;9;;;;;1;623;156;178;93;54;12;85;26;0;2;12;1;4;0;
0104;59120005;STIMMBEZIRK;687;595;92;0;499;412;1;86;7;492;173;164;41;20;3;68;10;;1;12;;;;;8;491;157;120;55;36;4;90;13;1;2;12;0;1;0;
0104;59120006;STIMMBEZIRK;832;731;101;0;594;498;0;96;10;584;203;179;45;22;1;93;17;;1;23;;;;;6;588;195;144;62;37;1;107;15;0;0;23;1;2;1;
0104;59120007;STIMMBEZIRK;764;682;82;0;555;473;0;82;4;551;200;152;33;32;8;94;14;;0;18;;;;;2;553;164;133;61;55;7;92;13;0;0;23;0;5;0;
0104;59120008;STIMMBEZIRK;696;619;77;0;396;323;0;73;8;388;113;120;19;16;3;86;11;;2;18;;;;;3;393;96;96;34;27;1;88;15;1;2;29;2;1;1;
0104;59120009;STIMMBEZIRK;939;830;109;0;651;544;1;106;5;646;213;177;47;36;7;109;25;;4;28;;;;;2;649;171;137;74;72;10;122;23;3;5;30;0;2;0;
0104;59120010;STIMMBEZIRK;802;738;64;0;561;500;0;61;7;554;188;145;39;24;2;118;13;;1;24;;;;;3;558;144;120;48;52;4;137;16;2;3;29;1;0;2;
0104;59120011;STIMMBEZIRK;290;260;30;0;225;196;0;29;2;223;82;54;23;18;0;40;1;;1;4;;;;;0;225;69;54;28;19;1;44;5;0;1;3;0;1;0;
0104;59120012;STIMMBEZIRK;178;161;17;0;124;110;0;14;2;122;20;20;9;3;2;58;6;;1;3;;;;;1;123;12;14;16;4;1;64;3;0;1;8;0;0;0;
0104;59120013;STIMMBEZIRK;519;465;54;0;315;265;0;50;5;310;88;77;29;18;1;75;6;;1;15;;;;;1;314;75;64;43;30;0;72;10;0;2;15;0;2;1;
0104;59912001;BRIEFWAHLBEZIRK;0;0;0;0;577;0;0;0;6;571;272;136;44;22;5;55;11;;7;19;;;;;4;573;206;144;62;50;7;56;13;1;5;21;0;3;5;
0104;59919001;BRIEFWAHLBEZIRK;0;0;0;0;656;0;0;0;3;653;275;175;74;23;14;48;20;;8;16;;;;;1;655;218;143;108;63;14;48;20;5;3;27;1;3;2;
0104;59937001;BRIEFWAHLBEZIRK;0;0;0;0;827;0;0;0;4;823;342;208;94;52;12;54;21;;9;31;;;;;4;823;286;170;142;99;12;42;24;1;5;33;2;5;2;
0104;59940001;BRIEFWAHLBEZIRK;0;0;0;0;910;0;0;0;9;901;355;239;94;42;12;92;26;;13;28;;;;;7;903;287;220;113;95;11;101;30;2;3;31;4;4;2;
0104;59952001;BRIEFWAHLBEZIRK;0;0;0;0;734;0;0;0;7;727;291;155;81;44;5;96;21;;4;30;;;;;3;731;235;160;108;76;6;82;23;5;0;32;2;1;1;
0105;59924001;BRIEFWAHLBEZIRK;0;0;0;0;900;0;0;0;9;891;360;276;77;79;15;36;29;2;11;;6;;;;2;898;296;221;112;149;14;36;21;2;2;39;3;2;1;
0105;59045001;STIMMBEZIRK;1409;1201;208;0;711;711;0;0;16;695;279;223;58;52;15;36;20;3;8;;1;;;;10;701;230;188;84;81;11;45;13;3;6;34;1;4;1;
0105;59045002;STIMMBEZIRK;1620;1484;136;0;747;745;2;0;17;730;268;274;43;34;6;45;36;8;12;;4;;;;8;739;209;221;81;70;5;48;42;3;4;51;1;3;1;
0105;59045003;STIMMBEZIRK;1539;1314;225;0;720;720;0;0;14;706;262;239;51;41;10;58;26;7;8;;4;;;;8;712;215;185;94;70;10;62;25;5;5;35;2;3;1;
0105;59045004;STIMMBEZIRK;1349;1198;151;0;671;671;0;0;14;657;230;250;47;33;9;49;23;9;5;;2;;;;9;662;204;201;82;55;5;47;27;4;3;32;1;1;0;
0105;59045005;STIMMBEZIRK;1506;1293;213;0;856;856;0;0;11;845;351;244;73;69;10;54;32;5;5;;2;;;;3;853;297;200;112;96;5;67;29;4;3;38;0;1;1;
0105;59075001;STIMMBEZIRK;1458;1204;254;0;947;701;2;244;20;927;342;353;88;52;11;49;24;2;4;;2;;;;10;937;285;245;151;96;12;72;29;1;0;39;1;5;1;
0105;59075002;STIMMBEZIRK;1507;1338;169;0;866;703;0;163;19;847;323;260;68;55;12;63;54;5;3;;4;;;;16;850;273;184;113;92;9;73;43;5;1;47;1;6;3;
0105;59075003;STIMMBEZIRK;1476;1336;140;0;808;669;0;139;25;783;241;273;67;69;13;58;38;12;6;;6;;;;13;795;203;195;102;105;13;77;36;7;5;47;0;4;1;
0105;59075004;STIMMBEZIRK;1185;1101;84;0;582;504;0;78;8;574;165;222;46;41;9;44;33;4;6;;4;;;;8;574;133;181;72;60;6;57;28;3;2;25;2;4;1;
0105;59075005;STIMMBEZIRK;1670;1539;131;0;814;688;0;126;22;792;255;299;61;54;7;59;32;6;8;;11;;;;13;801;211;238;91;92;11;72;29;1;7;47;0;1;1;
0105;59075006;STIMMBEZIRK;1396;1215;181;0;849;678;2;169;17;832;278;299;96;45;10;58;28;7;7;;4;;;;8;841;223;190;161;97;6;73;34;3;4;41;1;5;3;
0105;59075007;STIMMBEZIRK;1357;1236;121;0;783;668;0;115;16;767;211;319;53;36;7;83;38;5;8;;7;;;;10;773;172;253;104;46;8;91;36;0;1;52;2;6;2;
0105;59075008;STIMMBEZIRK;1655;1505;150;0;1055;912;0;143;26;1029;319;385;92;46;14;110;44;3;14;;2;;;;11;1044;264;295;141;90;11;127;37;5;7;60;0;5;2;
0105;59075009;STIMMBEZIRK;1466;1250;216;0;1104;897;0;207;20;1084;384;422;85;65;13;66;26;1;10;;12;;;;8;1096;295;308;148;120;16;108;29;3;5;56;4;4;0;
0105;59075010;STIMMBEZIRK;1441;1252;189;0;894;725;3;166;10;884;289;299;95;52;10;86;30;3;10;;10;;;;4;890;217;220;160;100;9;98;38;1;10;25;5;5;2;
0105;59075011;STIMMBEZIRK;1455;1246;209;0;821;627;1;193;10;811;268;293;83;47;13;58;33;6;6;;4;;;;2;819;221;207;141;89;13;67;38;1;2;37;0;2;1;
0105;59075012;STIMMBEZIRK;1457;1316;141;0;826;689;0;137;13;813;285;257;68;55;5;86;39;5;5;;8;;;;2;824;220;194;107;92;10;98;33;5;1;58;2;3;1;
0105;59075013;STIMMBEZIRK;1358;1203;155;0;670;523;0;147;9;661;224;244;52;35;6;54;28;2;4;;12;;;;3;667;173;184;73;82;7;64;29;3;1;43;2;3;3;
0105;59075014;STIMMBEZIRK;1251;1154;97;0;570;482;1;87;15;555;167;214;37;27;14;56;24;4;8;;4;;;;11;559;135;159;65;46;8;69;19;0;7;45;0;4;2;
0105;59915001;BRIEFWAHLBEZIRK;0;0;0;0;844;0;0;0;13;831;334;231;103;55;6;56;24;6;4;;12;;;;3;841;293;184;125;102;8;53;23;3;0;44;2;2;2;
0105;59920001;BRIEFWAHLBEZIRK;0;0;0;0;159;0;0;0;1;158;57;52;24;9;1;5;4;2;3;;1;;;;0;159;42;43;28;23;1;4;5;1;1;10;0;1;0;
0105;59990001;BRIEFWAHLBEZIRK;0;0;0;0;1221;0;0;0;13;1208;445;335;169;85;21;94;41;5;9;;4;;;;4;1217;382;291;202;141;19;70;49;5;4;47;1;3;3;
0106;51921001;BRIEFWAHLBEZIRK;0;0;0;0;1601;0;0;0;13;1588;624;478;127;159;20;31;50;;;92;7;;;;8;1593;500;457;160;235;20;31;51;3;3;114;5;7;7;
0106;51044001;STIMMBEZIRK;1163;1061;102;0;479;479;0;0;9;470;129;187;31;34;11;17;22;;;38;1;;;;7;472;121;161;47;39;9;20;19;4;3;40;1;6;2;
0106;51044002;STIMMBEZIRK;1187;1024;163;0;622;621;1;0;16;606;284;129;41;71;12;13;24;;;32;0;;;;4;618;227;121;54;121;6;16;25;1;0;40;0;6;1;
0106;51044003;STIMMBEZIRK;1395;1247;148;0;647;647;0;0;13;634;244;201;61;44;13;17;27;;;23;4;;;;6;641;180;184;87;86;8;15;26;2;8;32;2;8;3;
0106;51044004;STIMMBEZIRK;1205;1088;117;0;594;594;0;0;9;585;233;199;44;44;9;15;19;;;21;1;;;;8;586;183;189;61;77;10;11;22;2;3;24;0;3;1;
0106;51044005;STIMMBEZIRK;1268;1166;102;0;634;634;0;0;7;627;278;178;40;46;8;19;17;;;41;0;;;;5;629;233;159;65;70;4;23;20;11;4;37;0;2;1;
0106;51044006;STIMMBEZIRK;1229;1154;75;0;507;507;0;0;16;491;167;163;26;38;6;17;40;;;33;1;;;;13;494;147;156;33;50;8;17;35;6;3;34;1;2;2;
0106;51044007;STIMMBEZIRK;1069;1006;63;0;395;395;0;0;11;384;120;136;26;25;6;13;24;;;34;0;;;;7;388;100;129;24;45;6;23;16;1;1;39;0;3;1;
0106;51044008;STIMMBEZIRK;1340;1210;130;0;726;726;0;0;13;713;285;248;33;69;3;18;19;;;38;0;;;;10;716;241;218;56;106;2;20;22;4;5;40;0;2;0;
0106;51044009;STIMMBEZIRK;1199;1087;112;0;468;468;0;0;5;463;147;153;39;22;10;16;35;;;41;0;;;;4;464;124;145;45;32;8;11;38;6;2;46;0;5;2;
0106;51044010;STIMMBEZIRK;1225;1071;154;0;576;576;0;0;9;567;213;151;44;63;8;21;27;;;39;1;;;;9;567;170;145;57;89;10;14;28;0;3;41;0;3;7;
0106;51044011;STIMMBEZIRK;1372;1229;143;0;620;620;0;0;14;606;214;194;57;45;13;23;30;;;29;1;;;;8;612;184;178;68;72;8;18;34;5;0;34;0;5;6;
0106;51044012;STIMMBEZIRK;1349;1177;172;0;653;653;0;0;3;650;248;204;41;55;3;32;13;;;52;2;;;;3;650;216;174;62;82;7;27;12;1;3;57;1;6;2;
0106;51044013;STIMMBEZIRK;1186;1022;164;0;516;455;61;0;16;500;178;149;43;49;9;22;24;;;24;2;;;;13;503;137;157;36;84;9;17;26;1;5;21;2;0;8;
0106;51044014;STIMMBEZIRK;1180;1076;104;0;631;631;0;0;8;623;303;175;27;49;7;13;14;;;34;1;;;;6;625;253;161;49;76;9;17;16;4;1;37;0;0;2;
0106;51969001;BRIEFWAHLBEZIRK;0;0;0;0;1192;0;0;0;15;1177;475;299;110;109;27;33;40;;;82;2;;;;6;1186;419;297;115;148;21;36;39;7;6;88;0;6;4;
0106;51972001;BRIEFWAHLBEZIRK;0;0;0;0;1263;0;0;0;22;1241;506;364;117;124;14;20;37;;;55;4;;;;12;1251;424;333;129;194;13;24;42;3;6;74;2;6;1;
0106;59996001;BRIEFWAHLBEZIRK;0;0;0;0;1109;0;0;0;11;1098;491;296;88;73;8;47;36;;;56;3;;;;4;1105;447;273;104;108;13;46;41;2;2;59;4;2;4;
0107;51906001;BRIEFWAHLBEZIRK;0;0;0;0;868;0;0;0;5;863;267;258;49;217;17;;17;;;38;;;;;2;866;261;248;75;171;12;16;19;0;3;54;3;2;2;
0107;51011001;STIMMBEZIRK;682;639;43;0;213;212;1;0;6;207;50;68;14;38;5;;14;;;18;;;;;1;212;60;73;18;19;3;6;12;1;3;17;0;0;0;
0107;51011002;STIMMBEZIRK;1790;1554;236;0;808;806;2;0;19;789;233;280;37;158;14;;25;;;42;;;;;13;795;217;257;74;135;12;10;27;3;1;55;0;4;0;
0107;51011003;STIMMBEZIRK;1638;1536;102;0;763;763;0;0;20;743;209;260;47;143;17;;20;;;47;;;;;13;750;201;261;69;94;14;18;23;7;3;53;2;3;2;
0107;51011004;STIMMBEZIRK;1819;1692;127;0;807;807;0;0;22;785;233;251;40;181;10;;31;;;39;;;;;9;798;236;278;61;120;6;9;34;1;2;47;1;0;3;
0107;51011005;STIMMBEZIRK;1624;1499;125;0;882;882;0;0;12;870;265;254;44;200;19;;26;;;62;;;;;6;876;279;235;77;122;9;27;23;10;5;75;2;5;7;
0107;51011006;STIMMBEZIRK;1841;1708;133;0;812;811;1;0;15;797;233;262;31;181;15;;22;;;53;;;;;6;806;245;257;60;124;13;11;20;3;4;65;0;2;2;
0107;51011007;STIMMBEZIRK;1134;950;184;0;613;613;0;0;14;599;199;141;30;182;4;;8;;;35;;;;;9;604;213;134;56;130;3;11;6;3;2;41;0;5;0;
0107;51978001;BRIEFWAHLBEZIRK;0;0;0;0;1185;0;0;0;13;1172;468;361;89;155;27;;18;;;54;;;;;4;1181;415;336;103;185;16;25;18;5;8;56;3;9;2;
0107;51966001;BRIEFWAHLBEZIRK;0;0;0;0;1111;0;0;0;14;1097;430;272;53;212;31;;54;;;45;;;;;6;1105;413;273;79;190;11;20;38;2;7;58;1;4;9;
0107;51975001;BRIEFWAHLBEZIRK;0;0;0;0;1778;0;0;0;13;1765;665;590;131;200;42;;65;;;72;;;;;8;1770;608;473;221;220;22;38;74;10;8;81;0;10;5;
0108;58927001;BRIEFWAHLBEZIRK;0;0;0;0;1042;0;0;0;9;1033;347;319;122;125;6;40;31;;;26;;;;17;6;1036;306;298;149;139;12;50;39;1;2;37;1;0;2;
0108;58927002;BRIEFWAHLBEZIRK;0;0;0;0;968;0;0;0;4;964;388;263;102;111;8;33;20;;;27;;;;12;7;961;324;244;139;123;8;47;29;3;2;38;1;3;0;
0108;58927003;BRIEFWAHLBEZIRK;0;0;0;0;576;0;0;0;3;573;231;153;48;64;6;25;20;;;16;;;;10;2;574;193;136;81;65;8;26;28;6;1;26;1;3;0;
0108;58043001;STIMMBEZIRK;1555;1290;265;0;619;619;0;0;12;607;213;188;63;41;11;44;21;;;16;;;;10;9;610;152;163;95;62;12;56;37;5;1;24;0;3;0;
0108;58043002;STIMMBEZIRK;1504;1271;233;0;914;913;1;0;9;905;357;278;90;69;7;40;18;;;25;;;;21;9;905;268;226;152;105;7;60;38;2;6;31;2;8;0;
0108;58043003;STIMMBEZIRK;1390;1160;230;0;800;800;0;0;7;793;292;220;108;57;4;39;15;;;31;;;;27;6;794;245;201;139;68;7;59;28;1;3;41;0;0;2;
0108;58043004;STIMMBEZIRK;1270;1135;135;0;621;621;0;0;6;615;232;187;43;39;12;39;19;;;32;;;;12;4;617;195;164;64;45;9;64;24;2;4;40;1;3;2;
0108;58043005;STIMMBEZIRK;1536;1320;216;0;752;752;0;0;15;737;285;227;57;55;6;34;16;;;39;;;;18;13;739;209;200;95;76;8;67;22;2;2;52;1;1;4;
0108;58043006;STIMMBEZIRK;1462;1231;231;0;629;629;0;0;12;617;259;156;59;47;8;25;32;;;19;;;;12;8;621;195;139;82;72;9;36;46;2;4;31;1;3;1;
0108;58043007;STIMMBEZIRK;1212;1017;195;0;606;606;0;0;8;598;214;178;76;44;6;23;23;;;21;;;;13;8;598;177;151;106;58;6;39;24;2;3;26;0;6;0;
0108;58043008;STIMMBEZIRK;1342;1126;216;0;662;662;0;0;8;654;266;173;71;51;7;24;29;;;25;;;;8;5;657;202;132;130;72;9;36;33;1;0;33;0;6;3;
0108;58043009;STIMMBEZIRK;1385;1170;215;0;829;828;1;0;3;826;353;221;99;59;2;26;28;;;22;;;;16;5;824;260;177;169;94;4;41;29;11;4;33;0;2;0;
0108;58043010;STIMMBEZIRK;1159;1017;142;0;625;625;0;0;11;614;265;149;48;49;12;36;20;;;24;;;;11;9;616;206;145;73;73;12;36;25;6;2;30;3;4;1;
0108;58043011;STIMMBEZIRK;1385;1256;129;0;711;711;0;0;9;702;267;200;54;54;7;26;25;;;51;;;;18;8;703;215;192;84;68;6;32;34;6;3;55;0;7;1;
0108;58043012;STIMMBEZIRK;1399;1257;142;0;786;786;0;0;5;781;327;213;62;70;10;30;25;;;30;;;;14;5;781;271;194;107;64;13;40;32;4;6;42;0;6;2;
0108;58043013;STIMMBEZIRK;1037;900;137;0;609;609;0;0;4;605;251;178;42;50;9;26;15;;;28;;;;6;4;605;186;150;79;78;11;37;16;1;2;37;5;2;1;
0108;58043014;STIMMBEZIRK;1266;1079;187;0;741;741;0;0;6;735;332;187;50;67;4;22;21;;;41;;;;11;6;735;271;176;92;86;4;36;18;5;1;42;1;2;1;
0108;58905001;BRIEFWAHLBEZIRK;0;0;0;0;1331;0;0;0;11;1320;577;341;116;164;8;26;25;;;56;;;;7;11;1320;440;297;202;223;11;35;24;0;2;71;4;7;4;
0108;58005001;STIMMBEZIRK;1845;1503;342;0;1055;1055;0;0;9;1046;439;311;89;121;9;15;25;;;33;;;;4;6;1049;323;276;166;152;15;31;29;5;4;42;1;2;3;
0108;58005002;STIMMBEZIRK;1774;1495;279;0;1175;1175;0;0;12;1163;568;311;94;95;3;36;16;;;34;;;;6;27;1148;423;259;172;170;5;33;17;4;4;52;2;5;2;
0108;58005003;STIMMBEZIRK;1786;1482;304;0;1062;1062;0;0;12;1050;528;282;50;101;6;10;22;;;49;;;;2;9;1053;423;228;134;135;6;29;28;1;2;60;2;1;4;
0108;58005004;STIMMBEZIRK;1313;1079;234;0;801;801;0;0;12;789;356;216;67;70;14;10;16;;;36;;;;4;8;793;272;155;151;101;8;24;31;0;3;42;0;6;0;
0108;58005005;STIMMBEZIRK;1469;1241;228;0;795;794;1;0;16;779;259;274;56;86;7;24;27;;;41;;;;5;10;785;176;230;118;105;13;40;37;3;2;57;0;3;1;
0108;58924001;BRIEFWAHLBEZIRK;0;0;0;0;1754;0;0;0;14;1740;771;443;161;192;27;40;25;;;67;;;;14;12;1742;655;377;256;218;23;53;39;5;10;91;5;9;1;
0108;58990001;BRIEFWAHLBEZIRK;0;0;0;0;1286;0;0;0;7;1279;483;325;166;160;15;31;23;;;40;;;;36;5;1281;452;273;222;143;17;55;38;5;3;56;2;7;8;
0108;58993001;BRIEFWAHLBEZIRK;0;0;0;0;1852;0;0;0;10;1842;743;413;171;190;15;48;34;;;81;;;;147;14;1838;652;388;247;246;37;69;57;6;10;112;1;9;4;
0109;58956001;BRIEFWAHLBEZIRK;0;0;0;0;840;0;0;0;9;831;435;219;58;61;5;22;20;;11;;;;;;5;835;378;165;96;108;2;24;21;2;3;29;2;5;0;
0109;58956002;BRIEFWAHLBEZIRK;0;0;0;0;897;0;0;0;8;889;400;278;69;78;13;18;19;;14;;;;;;0;897;358;213;108;114;6;18;28;1;5;37;1;7;1;
0109;58092001;STIMMBEZIRK;1788;1457;331;0;1037;1037;0;0;21;1016;451;345;86;60;12;24;28;;10;;;;;;6;1031;364;257;161;124;8;25;32;1;4;50;3;2;0;
0109;58092002;STIMMBEZIRK;1877;1538;339;0;1140;1140;0;0;23;1117;449;368;133;70;15;26;45;;11;;;;;;7;1133;352;268;212;162;13;24;44;5;1;42;2;6;2;
0109;58092003;STIMMBEZIRK;1518;1202;316;0;941;941;0;0;7;934;442;275;98;68;8;7;24;;12;;;;;;3;938;356;194;175;112;12;15;21;1;9;36;0;6;1;
0109;58092004;STIMMBEZIRK;1446;1150;296;0;838;838;0;0;20;818;320;253;109;55;11;21;36;;13;;;;;;7;831;260;189;157;104;11;19;46;5;3;28;4;4;1;
0109;58092005;STIMMBEZIRK;1814;1532;282;0;1021;1021;0;0;16;1005;416;331;96;69;24;28;26;;15;;;;;;7;1014;340;231;165;115;18;25;39;4;8;56;2;11;0;
0109;58092006;STIMMBEZIRK;1442;1235;207;0;762;762;0;0;19;743;296;237;60;49;18;24;43;;16;;;;;;11;751;254;189;92;91;4;20;48;7;5;34;1;6;0;
0109;58169001;STIMMBEZIRK;915;841;74;0;743;602;0;141;14;729;367;216;52;32;9;19;25;;9;;;;;;7;736;279;175;109;82;10;17;17;0;3;39;0;3;2;
0109;58169002;STIMMBEZIRK;950;873;77;0;583;583;0;0;10;573;277;166;43;29;13;18;16;;11;;;;;;6;577;193;141;83;81;2;15;15;4;2;32;3;5;1;
0109;58989001;BRIEFWAHLBEZIRK;0;0;0;0;1813;0;0;0;32;1781;771;632;160;116;19;31;37;;15;;;;;;16;1797;673;444;295;215;19;33;39;3;9;55;4;6;2;
0109;58959001;BRIEFWAHLBEZIRK;0;0;0;0;1204;0;0;0;18;1186;598;290;134;103;10;17;19;;15;;;;;;6;1198;478;205;197;212;8;20;30;2;4;37;3;2;0;
0109;58964001;BRIEFWAHLBEZIRK;0;0;0;0;1342;0;0;0;24;1318;544;427;132;86;16;52;39;;22;;;;;;5;1337;443;351;199;156;13;34;40;4;4;76;1;10;6;
0109;58995002;BRIEFWAHLBEZIRK;0;0;0;0;516;0;0;0;7;509;256;123;36;41;16;8;18;;11;;;;;;2;514;197;107;62;70;10;8;15;2;7;29;3;3;1;
0110;58920001;BRIEFWAHLBEZIRK;0;0;0;0;753;0;0;0;7;746;310;248;64;38;13;21;12;;7;32;1;;;;8;745;276;222;80;73;11;19;13;3;8;37;1;1;1;
0110;58034001;STIMMBEZIRK;1395;1300;95;0;676;676;0;0;10;666;241;242;47;31;7;31;23;;2;41;1;;;;5;671;211;197;73;63;5;30;29;3;4;47;1;6;2;
0110;58034002;STIMMBEZIRK;1325;1215;110;0;708;708;0;0;17;691;236;276;45;24;9;26;34;;2;39;0;;;;12;696;202;245;62;64;8;30;31;4;2;42;0;5;1;
0110;58034003;STIMMBEZIRK;1416;1273;143;0;848;848;0;0;16;832;344;280;69;35;16;33;17;;4;34;0;;;;7;841;314;228;112;70;13;37;20;4;2;36;0;4;1;
0110;58034004;STIMMBEZIRK;1659;1528;131;0;864;864;0;0;25;839;251;347;46;35;8;41;40;;8;63;0;;;;19;845;214;321;68;58;11;42;42;9;9;62;0;3;6;
0110;58034005;STIMMBEZIRK;1445;1306;139;0;816;816;0;0;8;808;298;282;65;46;4;45;21;;3;42;2;;;;4;812;259;269;84;81;3;38;17;5;2;48;1;5;0;
0110;58034006;STIMMBEZIRK;1463;1289;174;0;867;867;0;0;12;855;356;303;66;36;8;27;17;;4;38;0;;;;9;858;318;262;89;74;10;34;14;6;0;48;1;0;2;
0110;58967001;BRIEFWAHLBEZIRK;0;0;0;0;833;0;0;0;5;828;325;253;99;47;7;41;24;;3;28;1;;;;5;828;279;213;127;89;9;40;32;1;2;25;6;3;2;
0110;58967002;BRIEFWAHLBEZIRK;0;0;0;0;958;0;0;0;13;945;376;283;89;61;16;35;33;;4;45;3;;;;6;952;331;255;109;112;15;25;39;1;3;52;2;5;3;
0110;58135001;STIMMBEZIRK;1419;1294;125;0;745;745;0;0;16;729;243;262;58;42;9;30;26;;3;55;1;;;;10;735;219;239;75;65;6;34;22;5;1;63;1;2;3;
0110;58135002;STIMMBEZIRK;1404;1276;128;0;581;581;0;0;7;574;150;255;58;20;11;27;15;;2;36;0;;;;3;578;132;198;87;31;11;36;28;3;4;41;0;6;1;
0110;58135003;STIMMBEZIRK;1322;1215;107;0;655;655;0;0;7;648;200;260;43;29;13;29;28;;1;43;2;;;;5;650;170;225;67;59;10;40;22;3;1;47;1;2;3;
0110;58135004;STIMMBEZIRK;1291;1191;100;0;597;597;0;0;9;588;168;213;66;27;10;26;30;;6;35;7;;;;6;591;156;169;87;49;6;35;35;3;3;36;3;5;4;
0110;58135005;STIMMBEZIRK;1311;1173;138;0;526;526;0;0;5;521;147;193;49;18;7;31;32;;3;40;1;;;;6;520;131;161;65;38;6;35;35;3;3;40;1;2;0;
0110;58135006;STIMMBEZIRK;1463;1250;213;0;717;717;0;0;9;708;280;220;69;39;4;27;23;;5;40;1;;;;6;711;250;178;92;78;8;29;23;3;3;42;0;2;3;
0110;58135007;STIMMBEZIRK;1529;1315;214;0;886;885;1;0;10;876;335;279;102;41;8;24;24;;8;54;1;;;;10;876;285;228;132;103;7;24;25;4;5;58;2;3;0;
0110;58135008;STIMMBEZIRK;1395;1265;130;0;662;662;0;0;3;659;174;240;88;24;15;48;31;;3;31;5;;;;0;662;147;198;133;47;9;35;32;5;5;33;5;10;3;
0110;58135009;STIMMBEZIRK;1249;1131;118;0;448;447;1;0;5;443;114;155;58;17;18;23;28;;4;24;2;;;;3;445;105;127;71;26;16;26;30;4;2;28;1;9;0;
0110;58135010;STIMMBEZIRK;1412;1255;157;0;675;675;0;0;10;665;225;226;63;35;11;40;19;;4;40;2;;;;4;671;201;190;100;60;11;38;21;2;3;42;2;0;1;
0110;58135011;STIMMBEZIRK;1346;1272;74;0;577;577;0;0;13;564;126;265;30;16;5;27;33;;7;51;4;;;;9;568;105;234;55;38;4;35;34;6;3;47;3;2;2;
0110;58135012;STIMMBEZIRK;1316;1191;125;0;569;568;1;0;10;559;194;168;36;31;14;32;40;;8;36;0;;;;9;560;158;143;69;56;12;24;49;2;6;40;0;1;0;
0110;58135013;STIMMBEZIRK;1365;1256;109;0;720;720;0;0;8;712;223;269;55;44;8;45;24;;3;40;1;;;;3;717;195;245;88;81;6;36;18;2;1;39;2;2;2;
0110;58135014;STIMMBEZIRK;1261;1110;151;0;490;490;0;0;14;476;144;157;25;30;10;36;29;;6;38;1;;;;6;484;118;122;61;49;9;36;27;6;6;39;1;6;4;
0110;58135015;STIMMBEZIRK;1223;1158;65;0;509;509;0;0;10;499;138;182;29;27;10;26;23;;4;56;4;;;;7;502;121;167;43;35;9;23;25;7;2;61;3;5;1;
0110;58135016;STIMMBEZIRK;1225;1177;48;0;393;393;0;0;5;388;93;161;12;18;5;23;25;;3;47;1;;;;3;390;82;137;25;31;3;30;27;2;1;48;1;1;2;
0110;58933001;BRIEFWAHLBEZIRK;0;0;0;0;859;0;0;0;3;856;407;227;74;70;11;31;10;;4;22;0;;;;2;857;354;207;98;113;9;25;13;2;3;31;0;1;1;
0110;58947001;BRIEFWAHLBEZIRK;0;0;0;0;547;0;0;0;1;546;218;154;49;42;8;23;17;;7;27;1;;;;1;546;192;144;53;66;7;23;18;2;6;30;1;2;2;
0110;58953001;BRIEFWAHLBEZIRK;0;0;0;0;1017;0;0;0;7;1010;493;252;123;53;11;16;19;;0;42;1;;;;1;1016;407;229;140;115;11;25;19;3;4;51;2;9;1;
0111;04900001;BRIEFWAHLBEZIRK;0;0;0;0;1830;0;0;0;19;1811;699;587;174;136;29;;55;;;105;26;;;;5;1825;590;490;231;249;24;35;61;5;7;108;11;8;6;
0111;04900002;BRIEFWAHLBEZIRK;0;0;0;0;1771;0;0;0;19;1752;656;639;152;126;15;;53;;;101;10;;;;7;1764;571;502;243;207;19;37;59;8;0;104;7;3;4;
0111;04900003;BRIEFWAHLBEZIRK;0;0;0;0;1758;0;0;0;8;1750;684;623;138;117;24;;51;;;99;14;;;;1;1757;574;498;213;225;9;36;50;10;9;109;12;9;3;
0111;04000001;STIMMBEZIRK;1624;1428;196;0;899;899;0;0;14;885;360;249;103;56;11;;35;;;52;19;;;;10;889;274;180;155;131;9;12;33;13;2;62;12;4;2;
0111;04000002;STIMMBEZIRK;1658;1537;121;0;931;931;0;0;22;909;337;296;103;60;11;;26;;;56;20;;;;19;912;266;231;131;115;14;25;31;12;4;61;15;1;6;
0111;04000003;STIMMBEZIRK;1558;1402;156;0;737;737;0;0;18;719;266;251;63;43;11;;20;;;54;11;;;;13;724;214;205;105;68;9;16;23;7;0;63;11;2;1;
0111;04000004;STIMMBEZIRK;1212;1104;108;0;714;714;0;0;18;696;222;262;59;55;11;;19;;;62;6;;;;12;702;181;210;87;88;14;12;24;3;2;65;9;5;2;
0111;04000005;STIMMBEZIRK;1633;1481;152;0;933;933;0;0;17;916;304;371;83;55;16;;19;;;64;4;;;;12;921;269;310;121;92;7;17;23;10;4;60;3;2;3;
0111;04000006;STIMMBEZIRK;1165;1025;140;0;685;684;1;0;18;667;259;236;63;47;9;;11;;;38;4;;;;8;677;201;200;104;85;5;18;13;4;0;41;3;2;1;
0111;04000007;STIMMBEZIRK;1103;997;106;0;656;656;0;0;14;642;239;215;78;50;9;;10;;;39;2;;;;6;650;192;184;106;82;10;11;12;4;5;41;1;2;0;
0111;04000008;STIMMBEZIRK;1229;1121;108;0;689;689;0;0;17;672;227;274;51;35;14;;17;;;43;11;;;;14;675;195;209;79;61;8;33;24;6;3;45;7;4;1;
0111;04000009;STIMMBEZIRK;1025;950;75;0;557;557;0;0;11;546;199;196;56;37;8;;16;;;29;5;;;;6;551;157;169;85;54;5;14;17;8;1;30;7;3;1;
0111;04000010;STIMMBEZIRK;1265;1145;120;0;568;568;0;0;8;560;184;205;44;41;15;;11;;;59;1;;;;7;561;147;177;79;60;9;15;11;2;0;55;2;4;0;
0111;04000011;STIMMBEZIRK;2075;1972;103;0;517;517;0;0;15;502;121;199;45;29;9;;24;;;69;6;;;;6;511;109;169;63;36;6;17;29;6;0;67;6;3;0;
0111;04000012;STIMMBEZIRK;805;763;42;0;243;243;0;0;6;237;68;78;32;13;5;;15;;;25;1;;;;3;240;60;71;24;27;5;7;14;2;0;25;3;2;0;
0111;04000013;STIMMBEZIRK;1953;1751;202;0;664;664;0;0;20;644;221;218;53;43;12;;34;;;57;6;;;;15;649;185;171;83;65;8;13;44;6;2;58;5;7;2;
0111;04000014;STIMMBEZIRK;1404;1245;159;0;567;537;30;0;21;546;219;172;39;35;8;;20;;;49;4;;;;10;557;185;144;58;72;6;12;21;3;2;48;4;1;1;
0111;04000015;STIMMBEZIRK;1041;862;179;0;569;532;37;0;4;565;205;194;51;45;6;;17;;;43;4;;;;6;563;157;156;74;72;5;13;23;7;2;45;3;5;1;
0111;04000016;STIMMBEZIRK;923;861;62;0;383;383;0;0;12;371;146;118;26;22;5;;13;;;37;4;;;;11;372;121;106;35;35;5;7;14;2;3;41;1;1;1;
0111;04000017;STIMMBEZIRK;1098;928;170;0;364;364;0;0;9;355;104;150;28;22;7;;7;;;33;4;;;;6;358;79;131;36;39;9;11;12;2;0;35;2;1;1;
0111;04000018;STIMMBEZIRK;1950;1706;244;0;828;828;0;0;18;810;287;283;86;48;12;;37;;;50;7;;;;12;816;217;243;113;109;8;22;34;7;1;46;5;6;5;
0111;04000019;STIMMBEZIRK;1123;1039;84;0;546;546;0;0;17;529;192;166;39;44;9;;32;;;41;6;;;;7;539;162;138;57;70;10;12;34;2;5;44;1;3;1;
0111;04000020;STIMMBEZIRK;1224;1102;122;0;660;660;0;0;3;657;276;185;68;39;7;;23;;;52;7;;;;3;657;222;178;71;78;5;6;30;4;1;51;6;3;2;
0111;04000021;STIMMBEZIRK;1485;1349;136;0;762;762;0;0;12;750;281;246;79;50;9;;27;;;54;4;;;;11;751;215;213;100;95;10;17;31;1;2;61;2;2;2;
0111;04000022;STIMMBEZIRK;2075;1928;147;0;966;966;0;0;20;946;315;311;82;87;22;;35;;;87;7;;;;15;951;253;263;119;124;22;20;41;6;5;87;6;4;1;
0111;04000023;STIMMBEZIRK;1448;1275;173;0;849;849;0;0;9;840;368;251;61;58;17;;17;;;53;15;;;;14;835;272;209;107;118;13;20;14;11;3;53;11;3;1;
0111;04000024;STIMMBEZIRK;1498;1296;202;0;919;919;0;0;16;903;405;250;76;80;8;;25;;;52;7;;;;8;911;301;183;153;157;9;6;23;3;4;52;6;12;2;
0111;04000025;STIMMBEZIRK;1504;1315;189;0;807;807;0;0;7;800;320;225;83;61;12;;17;;;75;7;;;;6;801;261;173;102;108;13;25;21;7;5;76;7;0;3;
0111;04000026;STIMMBEZIRK;1436;1254;182;0;857;857;0;0;12;845;351;283;66;68;13;;13;;;43;8;;;;8;849;302;238;93;100;6;12;17;9;6;54;7;4;1;
0111;04000027;STIMMBEZIRK;1288;1162;126;0;714;714;0;0;11;703;267;267;41;56;11;;19;;;38;4;;;;7;707;222;230;79;83;5;12;18;6;1;45;4;1;1;
0111;04000028;STIMMBEZIRK;1944;1737;207;0;981;961;20;0;21;960;332;378;77;59;7;;28;;;73;6;;;;8;973;284;305;113;105;4;20;33;11;2;80;6;6;4;
0111;04000029;STIMMBEZIRK;591;536;55;0;246;246;0;0;5;241;74;114;13;13;0;;10;;;15;2;;;;1;245;62;104;25;22;0;5;8;0;0;16;1;1;1;
0111;04000030;STIMMBEZIRK;2062;1871;191;0;712;712;0;0;21;691;217;270;46;60;6;;29;;;46;17;;;;20;692;185;247;63;76;5;15;29;6;2;48;12;2;2;
0111;04000031;STIMMBEZIRK;1620;1522;98;0;486;486;0;0;13;473;129;187;34;27;14;;27;;;52;3;;;;9;477;108;155;38;41;12;22;34;0;2;53;3;5;4;
0111;04000032;STIMMBEZIRK;1475;1384;91;0;569;569;0;0;18;551;178;229;46;23;13;;16;;;42;4;;;;9;560;142;201;65;47;8;16;23;3;1;47;4;2;1;
0111;04000033;STIMMBEZIRK;1348;1278;70;0;590;590;0;0;14;576;159;242;49;28;14;;21;;;56;7;;;;8;582;121;189;82;59;15;8;37;6;0;50;12;2;1;
0111;04000034;STIMMBEZIRK;1202;1084;118;0;530;530;0;0;18;512;168;198;44;33;7;;13;;;47;2;;;;9;521;129;159;65;60;8;17;15;5;2;54;3;3;1;
0111;04000035;STIMMBEZIRK;1223;1137;86;0;651;651;0;0;8;643;214;252;59;32;11;;20;;;50;5;;;;3;648;172;194;89;72;8;10;35;1;1;59;3;4;0;
0111;04000036;STIMMBEZIRK;1821;1692;129;0;943;943;0;0;25;918;257;338;92;46;21;;43;;;110;11;;;;11;932;213;283;108;81;14;36;40;14;1;121;9;9;3;
0111;04000037;STIMMBEZIRK;2375;2198;177;0;1065;1065;0;0;24;1041;323;425;82;64;11;;33;;;88;15;;;;18;1047;268;366;127;105;9;18;33;16;7;85;8;3;2;
0111;04000038;STIMMBEZIRK;1051;987;64;0;392;392;0;0;9;383;128;163;42;15;7;;8;;;20;0;;;;4;388;116;126;59;27;4;12;13;6;0;22;0;3;0;
0111;04000039;STIMMBEZIRK;1030;942;88;0;357;357;0;0;8;349;90;122;43;19;10;;25;;;33;7;;;;5;352;87;85;61;31;7;8;28;3;1;28;5;5;3;
0111;04000040;STIMMBEZIRK;905;800;105;0;439;439;0;0;9;430;157;144;47;24;7;;12;;;34;5;;;;5;434;117;111;70;53;10;11;14;1;1;42;3;0;1;
0111;04000041;STIMMBEZIRK;1178;1077;101;0;548;548;0;0;16;532;193;175;54;26;9;;29;;;36;10;;;;13;535;154;136;89;45;9;16;27;5;0;46;3;5;0;
0111;04000042;STIMMBEZIRK;1443;1262;181;0;798;798;0;0;8;790;302;264;72;62;6;;21;;;55;8;;;;2;796;260;197;115;93;6;25;20;12;1;57;8;0;2;
0111;04000043;STIMMBEZIRK;1262;1145;117;0;716;716;0;0;13;703;272;284;47;46;6;;14;;;33;1;;;;14;702;217;231;85;85;8;16;13;5;3;36;1;2;0;
0111;04000044;STIMMBEZIRK;1689;1499;190;0;842;842;0;0;13;829;301;310;70;65;8;;18;;;55;2;;;;10;832;243;223;138;107;7;11;25;3;5;62;3;4;1;
0112;02900001;BRIEFWAHLBEZIRK;0;0;0;0;564;0;0;0;1;563;230;158;53;61;4;9;13;;;29;1;5;;;0;564;210;105;78;94;4;18;17;0;0;33;2;3;0;
0112;02900002;BRIEFWAHLBEZIRK;0;0;0;0;642;0;0;0;3;639;167;265;66;45;20;22;16;;;30;2;6;;;0;642;156;178;116;75;17;25;23;2;2;32;4;9;3;
0112;02900003;BRIEFWAHLBEZIRK;0;0;0;0;652;0;0;0;5;647;204;208;82;58;4;26;24;;;33;3;5;;;4;648;184;145;111;90;8;37;26;1;0;37;2;6;1;
0112;02900004;BRIEFWAHLBEZIRK;0;0;0;0;790;0;0;0;11;779;188;291;124;58;7;22;49;;;24;3;13;;;9;781;169;177;190;84;13;33;63;2;3;32;3;9;3;
0112;02900005;BRIEFWAHLBEZIRK;0;0;0;0;653;0;0;0;2;651;189;238;78;58;9;11;25;;;29;4;10;;;3;650;169;167;126;80;10;21;22;5;0;31;4;15;0;
0112;02900006;BRIEFWAHLBEZIRK;0;0;0;0;565;0;0;0;8;557;190;186;67;42;8;10;17;;;27;3;7;;;7;558;174;145;86;62;5;10;26;3;2;39;1;4;1;
0112;02900007;BRIEFWAHLBEZIRK;0;0;0;0;661;0;0;0;4;657;221;218;110;51;6;8;10;;;22;1;10;;;2;659;206;151;134;89;8;10;17;2;2;30;1;9;0;
0112;02900008;BRIEFWAHLBEZIRK;0;0;0;0;705;0;0;0;7;698;263;246;69;66;4;11;13;;;20;2;4;;;3;702;254;193;77;101;4;23;17;1;1;23;2;3;3;
0112;02900009;BRIEFWAHLBEZIRK;0;0;0;0;745;0;0;0;3;742;320;188;89;77;5;12;19;;;23;0;9;;;1;744;282;121;106;138;5;19;35;2;1;25;0;7;3;
0112;02900010;BRIEFWAHLBEZIRK;0;0;0;0;690;0;0;0;4;686;176;262;121;40;7;15;30;;;23;1;11;;;2;688;149;172;183;64;10;22;45;2;1;29;0;10;1;
0112;02900011;BRIEFWAHLBEZIRK;0;0;0;0;744;0;0;0;3;741;253;243;106;71;9;11;19;;;16;4;9;;;1;743;226;157;175;107;5;11;33;1;3;19;3;3;0;
0112;02900012;BRIEFWAHLBEZIRK;0;0;0;0;678;0;0;0;2;676;210;259;93;39;7;10;29;;;20;1;8;;;1;677;190;161;170;59;8;20;38;0;1;25;1;4;0;
0112;02900013;BRIEFWAHLBEZIRK;0;0;0;0;695;0;0;0;0;695;177;283;108;51;6;21;26;;;14;0;9;;;0;695;162;174;170;80;7;27;40;1;3;22;0;9;0;
0112;02900014;BRIEFWAHLBEZIRK;0;0;0;0;691;0;0;0;2;689;158;307;104;33;9;14;36;;;17;3;8;;;2;689;141;178;193;59;17;25;44;0;5;12;2;10;3;
0112;02900015;BRIEFWAHLBEZIRK;0;0;0;0;650;0;0;0;2;648;158;245;115;43;8;15;35;;;15;1;13;;;2;648;139;159;154;69;13;18;49;4;4;25;1;12;1;
0112;02000001;STIMMBEZIRK;1070;908;162;0;648;648;0;0;11;637;267;160;71;59;8;18;20;;;26;3;5;;;8;640;215;110;91;112;11;23;28;2;2;39;3;3;1;
0112;02000002;STIMMBEZIRK;1062;931;131;0;649;648;1;0;14;635;226;232;48;57;1;6;16;;;44;2;3;;;10;639;181;182;79;99;2;20;18;0;1;49;2;4;2;
0112;02000003;STIMMBEZIRK;1181;1032;149;0;764;761;3;0;20;744;285;263;47;58;7;18;23;;;41;0;2;;;11;753;241;207;80;115;4;28;29;3;3;43;0;0;0;
0112;02000004;STIMMBEZIRK;1033;865;168;0;672;672;0;0;9;663;262;215;63;61;4;14;19;;;21;1;3;;;6;666;208;152;110;120;5;20;25;0;0;24;0;1;1;
0112;02000005;STIMMBEZIRK;1465;1296;169;0;790;790;0;0;17;773;195;339;73;58;12;15;33;;;40;3;5;;;15;775;158;235;131;104;12;37;41;1;0;42;4;9;1;
0112;02000006;STIMMBEZIRK;1487;1332;155;0;747;746;1;0;13;734;179;308;89;45;11;28;33;;;33;3;5;;;13;734;149;207;152;89;10;36;35;2;2;38;5;7;2;
0112;02000007;STIMMBEZIRK;1459;1349;110;0;657;656;1;0;11;646;148;283;69;36;9;21;25;;;45;3;7;;;10;647;126;199;110;66;10;34;34;9;2;50;2;4;1;
0112;02000008;STIMMBEZIRK;1601;1449;152;0;806;804;2;0;18;788;194;356;56;50;13;26;31;;;53;0;9;;;9;797;173;264;93;84;16;48;49;5;3;55;1;6;0;
0112;02000010;STIMMBEZIRK;1625;1437;188;0;906;905;1;0;15;891;222;392;65;60;17;34;34;;;53;8;6;;;10;896;211;279;123;92;17;49;44;2;2;66;3;6;2;
0112;02000011;STIMMBEZIRK;1398;1098;300;0;787;785;2;0;10;777;244;271;99;66;10;19;32;;;28;3;5;;;8;779;193;160;153;127;8;46;41;7;1;34;5;3;1;
0112;02000012;STIMMBEZIRK;1388;1179;208;1;777;774;3;0;14;763;266;230;68;64;8;24;38;;;51;7;7;;;10;767;242;168;83;112;9;41;41;2;2;55;7;5;0;
0112;02000013;STIMMBEZIRK;1409;1208;201;0;900;898;2;0;9;891;282;338;93;60;18;18;24;;;55;1;2;;;10;890;241;214;167;119;12;30;34;4;6;58;2;2;1;
0112;02000014;STIMMBEZIRK;1245;1023;222;0;602;597;5;0;7;595;170;243;62;28;8;10;32;;;35;0;7;;;6;596;143;155;119;52;9;21;40;7;4;35;0;9;2;
0112;02000015;STIMMBEZIRK;1694;1446;247;1;892;889;3;0;8;884;223;387;101;57;16;16;38;;;29;1;16;;;8;884;192;257;166;89;17;30;63;4;2;41;2;13;8;
0112;02000016;STIMMBEZIRK;1221;996;225;0;735;731;4;0;5;730;257;268;96;38;5;10;28;;;19;0;9;;;1;734;220;147;156;88;6;24;53;2;5;23;2;8;0;
0112;02000017;STIMMBEZIRK;1290;1070;220;0;683;682;1;0;4;679;126;286;111;33;12;20;41;;;30;4;16;;;3;680;109;167;166;69;13;29;62;3;6;37;3;13;3;
0112;02000019;STIMMBEZIRK;1316;1091;225;0;729;729;0;0;10;719;202;285;91;49;14;16;18;;;34;1;9;;;9;720;182;179;140;87;10;25;35;5;4;40;2;9;2;
0112;02000020;STIMMBEZIRK;1463;1239;224;0;790;790;0;0;3;787;185;320;110;48;19;18;46;;;32;2;7;;;4;786;179;191;177;72;20;25;65;7;3;34;3;8;2;
0112;02000021;STIMMBEZIRK;1081;886;195;0;647;645;2;0;6;641;175;236;94;41;9;17;31;;;30;2;6;;;5;642;142;121;157;81;18;28;47;5;1;31;2;6;3;
0112;02000022;STIMMBEZIRK;1689;1434;255;0;1084;1083;1;0;10;1074;369;414;111;61;10;19;29;;;47;5;9;;;7;1077;317;233;227;122;12;39;48;9;5;56;3;3;3;
0112;02000023;STIMMBEZIRK;1475;1265;210;0;780;777;3;0;20;760;245;291;63;50;14;19;30;;;29;8;11;;;13;767;204;212;106;102;9;27;44;9;7;36;4;5;2;
0112;02000024;STIMMBEZIRK;1115;960;155;0;625;620;5;0;5;620;167;230;68;46;14;26;27;;;33;3;6;;;4;621;141;159;109;69;15;26;41;1;10;38;6;4;2;
0112;02000025;STIMMBEZIRK;968;850;118;0;597;596;1;0;6;591;202;231;52;39;5;9;27;;;24;1;1;;;2;595;171;157;88;89;5;13;38;2;0;25;1;5;1;
0112;02000026;STIMMBEZIRK;1151;974;177;0;688;688;0;0;6;682;229;233;76;66;11;11;28;;;25;1;2;;;6;682;207;156;127;87;14;14;40;2;0;30;0;4;1;
0112;02000027;STIMMBEZIRK;1202;1019;183;0;678;675;3;0;8;670;228;251;78;33;6;10;25;;;31;2;6;;;4;674;190;171;143;68;10;18;29;5;0;32;5;1;2;
0112;02000028;STIMMBEZIRK;1138;890;248;0;695;694;1;0;14;681;275;209;95;52;5;11;14;;;16;0;4;;;7;688;251;151;122;93;6;20;17;1;2;21;1;2;1;
0112;02000029;STIMMBEZIRK;1151;1009;142;0;580;580;0;0;11;569;140;267;44;27;10;8;24;;;39;5;5;;;3;577;119;206;82;48;10;14;31;7;3;45;7;3;2;
0112;02000030;STIMMBEZIRK;1132;952;180;0;605;605;0;0;13;592;218;231;55;24;9;11;17;;;21;2;4;;;8;597;182;176;92;58;8;19;22;5;7;21;4;3;0;
0112;02000031;STIMMBEZIRK;1464;1233;231;0;1008;1006;2;0;7;1001;396;313;127;64;23;24;14;;;32;1;7;;;3;1005;362;179;226;106;21;27;21;8;3;40;6;5;1;
0112;02000032;STIMMBEZIRK;1208;867;341;0;674;668;6;0;5;669;369;115;75;53;5;6;21;;;23;1;1;;;3;671;286;71;117;126;4;6;22;0;1;32;2;3;1;
0112;02000033;STIMMBEZIRK;1308;1056;252;0;801;799;2;0;5;796;209;325;138;46;6;12;31;;;18;5;6;;;4;797;179;185;223;89;10;21;57;0;1;22;3;7;0;
0112;02000034;STIMMBEZIRK;1151;956;194;1;780;778;2;0;7;773;159;330;130;47;4;17;53;;;16;0;17;;;7;773;141;178;229;71;8;29;79;2;6;17;0;12;1;
0112;02000035;STIMMBEZIRK;1271;1035;236;0;790;784;6;0;6;784;221;275;154;53;13;10;34;;;18;0;6;;;3;787;185;152;225;95;14;15;58;3;5;24;1;9;1;
0112;02000036;STIMMBEZIRK;1025;732;293;0;597;596;1;0;4;593;285;163;63;42;1;10;10;;;13;2;4;;;2;595;209;79;129;115;3;10;16;0;5;17;3;5;4;
0112;02000037;STIMMBEZIRK;1366;1056;310;0;805;803;2;0;3;802;224;328;135;26;7;14;45;;;18;1;4;;;1;804;183;191;226;76;10;24;58;8;1;20;0;6;1;
0112;02000038;STIMMBEZIRK;1123;921;202;0;699;696;3;0;5;694;179;254;137;43;7;11;33;;;16;1;13;;;1;698;125;153;200;94;9;23;49;1;5;25;1;11;2;
0112;02000039;STIMMBEZIRK;1485;1220;265;0;946;944;2;0;5;941;228;367;163;62;15;18;39;;;26;3;20;;;0;946;180;213;264;118;15;31;75;1;2;27;3;17;0;
0112;02000040;STIMMBEZIRK;1251;1008;243;0;724;720;4;0;4;720;228;249;90;52;9;11;42;;;20;2;17;;;2;722;168;151;168;114;7;18;50;6;4;22;3;10;1;
0112;02000041;STIMMBEZIRK;1203;1014;189;0;741;741;0;0;5;736;198;285;110;38;11;16;42;;;16;2;18;;;2;739;164;153;187;79;8;25;73;0;7;21;1;19;2;
0112;02000042;STIMMBEZIRK;1483;1184;299;0;843;840;3;0;7;836;199;344;136;45;14;16;42;;;25;3;12;;;5;838;162;201;230;87;10;28;62;4;1;34;4;13;2;
0112;02000043;STIMMBEZIRK;1511;1219;291;1;774;774;0;0;7;767;156;315;142;30;11;10;62;;;29;3;9;;;3;771;131;199;183;79;12;20;95;1;5;33;3;10;0;
0112;02000044;STIMMBEZIRK;1532;1257;275;0;853;853;0;0;8;845;180;341;119;66;21;23;48;;;19;2;26;;;4;849;161;205;195;99;22;28;76;4;3;27;2;23;4;
0112;02000045;STIMMBEZIRK;1497;1249;248;0;941;938;3;0;4;937;187;381;150;47;20;22;79;;;26;2;23;;;3;938;143;231;257;90;20;26;105;3;6;31;4;20;2;
0112;02000046;STIMMBEZIRK;1495;1201;294;0;869;869;0;0;5;864;174;352;147;44;21;19;63;;;23;2;19;;;2;867;149;205;233;84;18;28;97;3;4;25;3;15;3;
0112;02000047;STIMMBEZIRK;1536;1270;266;0;901;898;3;0;1;900;182;378;170;47;24;16;45;;;16;2;20;;;0;901;160;214;273;83;27;17;80;3;5;18;3;13;5;
0112;02000048;STIMMBEZIRK;1129;921;208;0;661;657;4;0;5;656;133;276;124;28;12;15;42;;;9;1;16;;;3;658;116;161;200;54;14;21;60;3;1;11;3;14;0;
0112;02000049;STIMMBEZIRK;1254;999;255;0;559;555;4;0;5;554;138;235;64;33;6;12;32;;;22;3;9;;;6;553;119;145;128;59;5;21;39;2;2;26;2;5;0;
0112;02000050;STIMMBEZIRK;1230;988;242;0;648;648;0;0;4;644;131;290;84;34;13;8;50;;;21;1;12;;;2;646;110;180;160;64;6;14;66;2;4;24;1;13;2;
0112;02000051;STIMMBEZIRK;1211;1003;208;0;667;663;4;0;3;664;147;299;83;41;10;4;32;;;30;3;15;;;4;663;127;167;160;81;10;11;48;2;4;36;2;9;6;
0112;02000052;STIMMBEZIRK;1196;990;206;0;618;618;0;0;7;611;176;234;63;42;7;11;44;;;22;5;7;;;3;615;156;154;122;77;11;16;44;2;4;22;2;5;0;
0112;02000158;STIMMBEZIRK;1084;881;203;0;704;704;0;0;4;700;293;256;60;46;7;4;7;;;17;3;7;;;4;700;250;176;123;87;8;10;12;3;2;20;4;5;0;
0113;02900016;BRIEFWAHLBEZIRK;0;0;0;0;665;0;0;0;3;662;171;231;106;48;17;19;38;;;19;;13;;;0;665;146;192;144;59;7;19;63;0;4;19;2;7;3;
0113;02900017;BRIEFWAHLBEZIRK;0;0;0;0;614;0;0;0;2;612;149;207;97;39;18;23;40;;;30;;9;;;0;614;128;173;110;58;12;16;66;4;4;31;2;9;1;
0113;02900018;BRIEFWAHLBEZIRK;0;0;0;0;638;0;0;0;5;633;197;199;89;51;10;20;29;;;23;;15;;;3;635;162;166;120;72;7;12;52;3;1;29;1;9;1;
0113;02900019;BRIEFWAHLBEZIRK;0;0;0;0;598;0;0;0;4;594;155;218;101;32;15;16;28;;;20;;9;;;0;598;130;172;134;49;10;15;48;5;4;22;1;7;1;
0113;02900020;BRIEFWAHLBEZIRK;0;0;0;0;635;0;0;0;3;632;179;220;81;44;11;19;36;;;26;;16;;;4;631;159;172;98;59;4;29;64;1;3;26;0;13;3;
0113;02900021;BRIEFWAHLBEZIRK;0;0;0;0;771;0;0;0;7;764;239;249;132;48;19;18;31;;;18;;10;;;13;758;201;204;143;87;10;17;65;1;3;17;0;10;0;
0113;02900022;BRIEFWAHLBEZIRK;0;0;0;0;669;0;0;0;3;666;171;243;123;30;19;17;23;;;19;;21;;;2;667;135;185;145;63;14;27;59;0;4;17;3;15;0;
0113;02900023;BRIEFWAHLBEZIRK;0;0;0;0;722;0;0;0;15;707;232;245;89;40;15;32;16;;;23;;15;;;12;710;202;198;132;54;12;28;42;5;1;24;3;8;1;
0113;02900024;BRIEFWAHLBEZIRK;0;0;0;0;766;0;0;0;4;762;247;285;100;53;12;17;17;;;23;;8;;;3;763;207;225;144;84;6;19;39;1;2;22;2;11;1;
0113;02900025;BRIEFWAHLBEZIRK;0;0;0;0;742;0;0;0;5;737;287;219;81;63;8;22;14;;;41;;2;;;1;741;272;174;106;90;5;21;26;1;2;41;1;2;0;
0113;02900026;BRIEFWAHLBEZIRK;0;0;0;0;755;0;0;0;9;746;211;308;53;52;8;30;18;;;59;;7;;;1;754;199;287;76;59;7;24;30;4;3;56;2;7;0;
0113;02900027;BRIEFWAHLBEZIRK;0;0;0;0;680;0;0;0;5;675;225;238;67;55;20;13;25;;;23;;9;;;2;678;199;195;116;68;13;18;35;1;1;25;0;7;0;
0113;02900028;BRIEFWAHLBEZIRK;0;0;0;0;703;0;0;0;3;700;220;251;73;47;11;24;29;;;33;;12;;;1;702;197;200;106;63;11;31;39;4;7;35;0;7;2;
0113;02000053;STIMMBEZIRK;1198;995;203;0;611;610;1;0;4;607;133;216;112;53;10;18;30;;;16;;19;;;2;609;98;149;151;71;12;21;60;5;4;20;3;12;3;
0113;02000054;STIMMBEZIRK;1260;1018;242;0;642;640;2;0;9;633;172;240;84;36;10;21;35;;;22;;13;;;3;639;127;177;131;75;10;18;57;1;3;27;2;11;0;
0113;02000055;STIMMBEZIRK;1335;992;343;0;620;617;3;0;8;612;214;170;86;50;11;14;40;;;17;;10;;;5;615;171;137;115;73;10;19;54;3;5;20;3;5;0;
0113;02000056;STIMMBEZIRK;1258;1047;211;0;615;612;3;0;7;608;143;211;83;38;13;18;37;;;30;;35;;;6;609;123;150;114;57;9;10;78;1;6;30;2;24;5;
0113;02000058;STIMMBEZIRK;1664;1456;208;0;786;781;5;0;7;779;144;295;129;42;30;17;67;;;22;;33;;;7;779;105;210;190;60;18;23;107;6;4;22;1;30;3;
0113;02000059;STIMMBEZIRK;1633;1426;207;0;812;806;6;0;3;809;175;288;113;39;28;27;79;;;25;;35;;;0;812;147;226;147;56;26;23;118;8;4;27;2;25;3;
0113;02000060;STIMMBEZIRK;1448;1231;217;0;756;754;2;0;12;744;149;274;137;40;19;18;53;;;28;;26;;;11;745;115;212;163;59;13;15;94;3;5;38;0;25;3;
0113;02000061;STIMMBEZIRK;1627;1422;205;0;900;897;3;0;16;884;212;326;126;53;18;22;73;;;34;;20;;;10;890;180;235;182;76;14;23;120;2;2;33;3;18;2;
0113;02000062;STIMMBEZIRK;1595;1451;143;1;573;567;6;0;14;559;96;219;67;27;20;27;50;;;33;;20;;;11;562;78;179;77;41;20;16;81;1;5;35;0;24;5;
0113;02000063;STIMMBEZIRK;1366;1115;251;0;595;595;0;0;10;585;120;203;112;39;21;16;35;;;16;;23;;;4;591;95;166;132;50;18;20;68;0;6;16;0;19;1;
0113;02000064;STIMMBEZIRK;1481;1254;225;2;734;732;2;0;11;723;137;288;118;42;19;16;64;;;20;;19;;;7;727;104;213;161;58;14;17;110;2;4;25;0;18;1;
0113;02000065;STIMMBEZIRK;1199;1044;154;1;707;707;0;0;13;694;133;276;102;46;18;23;52;;;27;;17;;;7;700;98;212;151;65;9;30;82;6;5;26;2;12;2;
0113;02000066;STIMMBEZIRK;1605;1358;246;1;825;822;3;0;12;813;177;319;112;38;23;36;58;;;22;;28;;;7;818;140;261;159;72;13;28;92;0;3;26;1;21;2;
0113;02000067;STIMMBEZIRK;1255;949;306;0;542;540;2;0;8;534;133;220;76;31;7;11;24;;;24;;8;;;7;535;108;160;104;39;9;21;54;4;2;26;1;6;1;
0113;02000068;STIMMBEZIRK;1389;1114;274;1;737;736;1;0;4;733;155;281;131;30;21;18;53;;;16;;28;;;3;734;118;195;189;49;22;18;83;7;4;21;2;22;4;
0113;02000069;STIMMBEZIRK;1451;1189;262;0;891;890;1;0;11;880;217;321;166;65;19;13;42;;;20;;17;;;5;886;175;218;268;80;12;17;68;2;5;24;0;15;2;
0113;02000070;STIMMBEZIRK;1370;1069;301;0;723;723;0;0;4;719;162;283;136;47;20;15;29;;;13;;14;;;3;720;129;203;205;68;11;19;59;0;0;13;2;9;2;
0113;02000071;STIMMBEZIRK;1559;1302;257;0;870;869;1;0;7;863;141;336;186;28;29;19;66;;;25;;33;;;3;867;96;240;223;60;15;24;147;0;5;23;9;19;6;
0113;02000072;STIMMBEZIRK;1557;1222;334;1;828;826;2;0;7;821;164;309;154;57;22;24;49;;;16;;26;;;6;822;127;197;223;76;16;35;98;1;4;19;3;21;2;
0113;02000073;STIMMBEZIRK;1381;1151;230;0;696;696;0;0;6;690;135;247;137;40;25;24;35;;;21;;26;;;2;694;107;193;172;52;16;21;79;0;6;26;0;17;5;
0113;02000074;STIMMBEZIRK;1124;1009;115;0;683;683;0;0;7;676;189;251;85;37;14;18;29;;;40;;13;;;5;678;145;190;119;82;14;24;46;2;4;44;0;8;0;
0113;02000075;STIMMBEZIRK;1218;929;289;0;694;694;0;0;3;691;181;248;118;34;16;22;31;;;22;;19;;;1;693;122;165;185;88;12;18;67;2;1;20;3;10;0;
0113;02000076;STIMMBEZIRK;1438;1186;252;0;682;681;1;0;9;673;167;254;105;40;24;20;25;;;16;;22;;;4;678;138;205;152;48;16;21;50;2;3;23;1;17;2;
0113;02000077;STIMMBEZIRK;735;632;103;0;468;468;0;0;5;463;158;154;60;28;9;13;19;;;15;;7;;;3;465;123;112;102;53;10;11;25;1;0;19;0;7;2;
0113;02000078;STIMMBEZIRK;1091;933;158;0;715;712;3;0;3;712;248;234;90;42;15;18;22;;;32;;11;;;0;715;210;160;172;62;13;16;38;0;0;35;1;6;2;
0113;02000079;STIMMBEZIRK;820;702;118;0;396;396;0;0;7;389;145;113;50;28;5;11;12;;;24;;1;;;4;392;123;90;69;46;4;10;20;1;2;24;1;2;0;
0113;02000080;STIMMBEZIRK;1464;1391;73;0;507;507;0;0;19;488;138;184;40;31;9;12;21;;;49;;4;;;14;493;111;175;46;50;9;17;25;1;0;50;3;5;1;
0113;02000081;STIMMBEZIRK;1543;1416;127;0;461;461;0;0;19;442;150;130;27;15;6;10;47;;;52;;5;;;6;455;122;137;29;34;6;15;51;4;1;52;1;3;0;
0113;02000082;STIMMBEZIRK;1356;1302;53;1;413;412;1;0;30;383;94;151;15;34;6;12;44;;;26;;1;;;17;396;81;154;22;41;5;12;49;1;1;29;1;0;0;
0113;02000083;STIMMBEZIRK;1405;1328;77;0;493;493;0;0;13;480;132;195;24;23;10;18;30;;;48;;0;;;10;483;115;181;35;41;13;9;33;1;1;49;2;2;1;
0113;02000085;STIMMBEZIRK;1294;1088;206;0;692;690;2;0;11;681;251;235;73;41;9;20;13;;;35;;4;;;8;684;188;204;127;70;5;20;23;1;4;37;1;3;1;
0113;02000086;STIMMBEZIRK;1553;1423;130;0;683;682;1;0;27;656;218;245;40;39;8;15;33;;;53;;5;;;13;670;176;218;58;72;6;16;46;10;1;59;0;8;0;
0113;02000087;STIMMBEZIRK;1540;1412;128;0;526;525;1;0;13;513;163;214;25;35;5;16;18;;;36;;1;;;20;506;142;198;32;40;5;15;24;0;5;41;1;1;2;
0113;02000088;STIMMBEZIRK;1348;1250;97;1;508;508;0;0;19;489;118;207;30;33;5;21;22;;;49;;4;;;10;498;96;200;51;38;5;24;24;3;1;46;3;4;3;
0113;02000089;STIMMBEZIRK;1289;1199;90;0;470;469;1;0;13;457;128;188;29;27;8;14;15;;;45;;3;;;8;462;105;179;38;34;7;16;24;2;2;50;3;2;0;
0113;02000091;STIMMBEZIRK;1293;1130;163;0;747;746;1;0;15;732;283;232;67;55;9;13;29;;;39;;5;;;13;734;239;190;115;84;9;18;26;4;2;42;0;5;0;
0113;02000092;STIMMBEZIRK;1223;1024;199;0;652;650;2;0;7;645;224;241;65;37;12;12;9;;;43;;2;;;3;649;176;180;119;75;9;14;25;1;1;45;2;2;0;
0113;02000093;STIMMBEZIRK;855;686;169;0;523;519;4;0;3;520;201;166;61;42;3;9;15;;;16;;7;;;3;520;160;135;98;69;4;9;18;1;2;18;1;4;1;
0113;02000094;STIMMBEZIRK;1152;955;197;0;682;682;0;0;14;668;223;256;79;42;8;16;12;;;29;;3;;;8;674;186;209;111;82;8;18;27;2;1;26;2;0;2;
0113;02000095;STIMMBEZIRK;1093;963;130;0;663;663;0;0;15;648;161;288;68;20;10;21;32;;;42;;6;;;16;647;126;229;124;33;7;16;45;2;0;49;3;10;3;
0113;02000096;STIMMBEZIRK;1306;1136;170;0;613;613;0;0;15;598;170;222;79;24;17;19;29;;;32;;6;;;6;607;142;202;113;42;8;19;41;4;0;29;0;6;1;
0113;02000097;STIMMBEZIRK;1379;1171;208;0;725;725;0;0;14;711;194;278;89;37;9;24;37;;;30;;13;;;11;714;170;203;146;59;6;27;51;3;3;33;4;9;0;
0113;02000098;STIMMBEZIRK;904;793;111;0;406;404;2;0;5;401;96;147;50;19;9;8;31;;;34;;7;;;5;401;68;113;82;37;6;12;37;4;2;35;0;4;1;
0113;02000100;STIMMBEZIRK;926;779;147;0;391;390;1;0;7;384;110;149;42;23;7;14;18;;;18;;3;;;4;387;82;128;55;37;11;16;24;3;4;22;1;4;0;
0113;02000101;STIMMBEZIRK;1451;1273;178;0;561;561;0;0;11;550;134;203;53;26;18;24;42;;;34;;16;;;6;555;100;173;80;50;12;30;55;0;6;32;5;9;3;
0113;02000102;STIMMBEZIRK;1343;1196;147;0;655;655;0;0;11;644;167;240;70;40;17;32;36;;;32;;10;;;5;650;135;199;102;66;9;34;50;6;4;35;3;6;1;
0113;02000104;STIMMBEZIRK;928;810;118;0;567;566;1;0;8;559;152;242;79;22;3;19;18;;;16;;8;;;4;563;131;178;129;49;6;14;24;4;2;17;2;6;1;
0113;02000105;STIMMBEZIRK;1363;1199;164;0;729;725;4;0;16;713;238;257;73;34;15;23;42;;;21;;10;;;12;717;173;193;130;82;9;28;51;8;4;25;0;13;1;
0113;02000106;STIMMBEZIRK;1000;843;157;0;599;596;3;0;9;590;221;197;74;47;8;4;12;;;24;;3;;;7;592;195;150;114;63;5;5;25;1;0;29;1;3;1;
0113;02000107;STIMMBEZIRK;848;713;135;0;481;481;0;0;10;471;138;172;59;25;10;17;21;;;24;;5;;;8;473;108;139;91;40;6;22;28;1;1;26;5;3;3;
0113;02000159;STIMMBEZIRK;1350;1054;288;8;645;644;1;0;7;638;160;251;74;40;19;19;26;;;28;;21;;;2;643;138;203;115;58;14;14;53;1;6;25;2;14;0;
0113;02000160;STIMMBEZIRK;1528;1244;284;0;896;894;2;0;12;884;393;252;103;35;13;14;22;;;48;;4;;;3;893;319;189;172;92;11;23;28;2;0;51;2;4;0;
0114;02900029;BRIEFWAHLBEZIRK;0;0;0;0;725;0;0;0;27;698;173;255;57;53;20;33;75;;;;13;19;;;9;716;157;212;96;63;13;28;74;3;4;56;3;6;1;
0114;02900030;BRIEFWAHLBEZIRK;0;0;0;0;735;0;0;0;8;727;172;271;86;45;28;39;65;;;;7;14;;;1;734;157;240;102;46;18;36;72;0;2;42;4;12;3;
0114;02900031;BRIEFWAHLBEZIRK;0;0;0;0;729;0;0;0;19;710;183;299;94;39;12;31;31;;;;12;9;;;9;720;171;252;105;64;7;26;39;5;4;39;4;4;0;
0114;02900032;BRIEFWAHLBEZIRK;0;0;0;0;768;0;0;0;14;754;260;285;67;77;7;32;23;;;;2;1;;;5;763;238;226;106;88;1;26;30;3;1;38;3;2;1;
0114;02900033;BRIEFWAHLBEZIRK;0;0;0;0;702;0;0;0;19;683;225;246;78;57;15;18;27;;;;6;11;;;6;696;208;192;114;75;11;16;34;2;1;37;0;4;2;
0114;02900034;BRIEFWAHLBEZIRK;0;0;0;0;639;0;0;0;12;627;178;249;69;51;11;39;17;;;;6;7;;;1;638;180;214;91;51;4;24;26;5;6;33;0;2;2;
0114;02900035;BRIEFWAHLBEZIRK;0;0;0;0;655;0;0;0;11;644;178;247;72;50;13;24;41;;;;9;10;;;1;654;149;219;81;70;7;21;51;3;4;37;0;9;3;
0114;02000108;STIMMBEZIRK;1194;1061;133;0;805;805;0;0;10;795;350;249;67;54;14;19;27;;;;11;4;;;5;800;296;185;99;94;11;22;30;10;3;44;4;2;0;
0114;02000109;STIMMBEZIRK;363;330;33;0;240;240;0;0;9;231;84;93;11;13;6;11;12;;;;0;1;;;3;237;75;71;29;15;3;10;17;0;0;16;1;0;0;
0114;02000110;STIMMBEZIRK;913;804;109;0;565;565;0;0;9;556;171;235;54;43;11;11;17;;;;4;10;;;3;562;159;184;87;47;5;13;22;4;4;32;2;3;0;
0114;02000111;STIMMBEZIRK;1059;897;162;0;632;632;0;0;17;615;228;224;50;50;13;10;24;;;;8;8;;;7;625;189;173;88;79;6;20;25;3;1;36;0;5;0;
0114;02000112;STIMMBEZIRK;1248;1050;198;0;569;568;1;0;20;549;188;211;42;35;9;13;37;;;;6;8;;;6;563;150;171;73;58;6;10;37;1;3;44;3;5;2;
0114;02000114;STIMMBEZIRK;1346;1205;141;0;678;678;0;0;12;666;216;286;37;41;18;26;25;;;;7;10;;;10;668;166;221;89;67;9;22;28;5;1;51;3;4;2;
0114;02000115;STIMMBEZIRK;1301;1139;162;0;728;727;1;0;10;718;282;259;45;50;17;20;34;;;;4;7;;;1;727;235;208;86;76;7;18;28;8;6;50;0;5;0;
0114;02000116;STIMMBEZIRK;357;317;40;0;234;234;0;0;8;226;99;54;33;21;3;5;4;;;;5;2;;;4;230;87;41;32;28;0;5;8;7;2;16;1;2;1;
0114;02000117;STIMMBEZIRK;1079;955;124;0;703;702;1;0;26;677;247;261;68;33;22;15;17;;;;9;5;;;13;690;202;187;123;63;10;15;21;6;6;47;3;3;4;
0114;02000118;STIMMBEZIRK;1101;919;182;0;631;629;2;0;5;626;193;250;60;52;9;27;20;;;;10;5;;;4;627;178;186;93;73;11;18;24;3;3;30;3;5;0;
0114;02000120;STIMMBEZIRK;1588;1408;180;0;669;666;3;0;22;647;212;268;58;61;4;14;21;;;;6;3;;;12;657;161;213;88;83;8;18;26;9;2;45;3;1;0;
0114;02000121;STIMMBEZIRK;1599;1418;181;0;773;772;1;0;22;751;222;317;82;45;16;22;38;;;;6;3;;;8;765;185;236;139;69;8;22;34;3;3;61;1;4;0;
0114;02000122;STIMMBEZIRK;1313;1201;112;0;554;554;0;0;24;530;151;219;39;37;10;27;24;;;;9;14;;;6;548;141;195;53;41;4;21;25;4;6;51;2;4;1;
0114;02000123;STIMMBEZIRK;1576;1410;166;0;658;658;0;0;36;622;206;250;48;47;13;25;26;;;;5;2;;;28;630;166;188;86;61;5;23;37;6;0;51;1;3;3;
0114;02000125;STIMMBEZIRK;1319;1227;92;0;656;656;0;0;14;642;146;252;59;41;21;56;47;;;;10;10;;;9;647;118;204;85;46;10;44;54;4;1;72;0;5;4;
0114;02000126;STIMMBEZIRK;1304;1206;98;0;684;684;0;0;13;671;169;286;58;44;15;42;42;;;;10;5;;;9;675;134;223;81;62;13;34;46;7;6;65;0;3;1;
0114;02000127;STIMMBEZIRK;1226;1072;154;0;647;647;0;0;15;632;184;252;62;48;13;27;33;;;;10;3;;;4;643;169;190;88;65;6;20;35;6;1;58;3;2;0;
0114;02000128;STIMMBEZIRK;1484;1333;151;0;709;707;2;0;17;692;199;298;55;40;14;26;39;;;;9;12;;;7;702;163;245;93;57;9;26;40;3;9;47;5;5;0;
0114;02000129;STIMMBEZIRK;1276;1189;87;0;439;439;0;0;8;431;75;199;31;28;22;13;40;;;;6;17;;;3;436;52;162;48;28;9;15;48;4;7;52;1;9;1;
0114;02000130;STIMMBEZIRK;1343;1218;125;0;454;451;3;0;11;443;90;151;48;23;21;16;68;;;;3;23;;;4;450;75;130;44;35;14;10;84;2;4;27;2;23;0;
0114;02000131;STIMMBEZIRK;1285;1179;106;0;430;429;1;0;17;413;58;155;43;16;15;20;71;;;;6;29;;;1;429;43;124;65;32;11;17;69;1;5;40;3;18;1;
0114;02000132;STIMMBEZIRK;1308;1199;109;0;432;432;0;0;27;405;47;161;38;17;19;9;81;;;;3;30;;;8;424;39;120;68;11;14;18;92;0;1;37;0;24;0;
0114;02000133;STIMMBEZIRK;1454;1356;98;0;464;464;0;0;15;449;64;176;44;18;27;18;74;;;;4;24;;;7;457;48;147;58;24;14;18;71;3;3;56;1;12;2;
0114;02000134;STIMMBEZIRK;1354;1269;85;0;426;425;1;0;19;407;71;192;26;18;17;21;49;;;;2;11;;;14;412;53;161;43;21;9;17;56;1;6;37;1;7;0;
0114;02000135;STIMMBEZIRK;1488;1402;86;0;482;482;0;0;24;458;91;189;31;14;17;12;82;;;;2;20;;;15;467;66;181;45;19;8;9;92;3;1;22;1;19;1;
0114;02000136;STIMMBEZIRK;1271;1159;112;0;443;443;0;0;13;430;46;185;45;16;15;10;82;;;;5;26;;;12;431;38;131;64;21;10;8;107;1;1;29;0;20;1;
0114;02000137;STIMMBEZIRK;1136;1057;79;0;323;323;0;0;22;301;57;130;30;12;14;12;33;;;;2;11;;;10;313;51;112;34;21;5;8;48;1;1;23;1;8;0;
0114;02000138;STIMMBEZIRK;993;919;74;0;264;264;0;0;13;251;37;110;17;15;9;9;42;;;;4;8;;;5;259;31;85;27;22;4;9;39;2;0;23;3;13;1;
0114;02000139;STIMMBEZIRK;1369;1237;131;1;478;476;2;0;21;457;111;209;33;21;13;15;37;;;;6;12;;;5;473;93;200;39;37;4;12;34;1;3;39;5;5;1;
0114;02000140;STIMMBEZIRK;931;835;96;0;443;441;2;0;14;429;118;171;55;33;6;15;20;;;;5;6;;;4;439;91;153;67;49;0;13;18;0;3;42;0;3;0;
0114;02000142;STIMMBEZIRK;951;865;86;0;420;420;0;0;16;404;100;166;38;25;10;19;33;;;;9;4;;;8;412;76;145;47;34;10;16;27;4;2;44;3;4;0;
0114;02000143;STIMMBEZIRK;1010;887;123;0;478;478;0;0;22;456;122;201;47;23;23;13;23;;;;1;3;;;10;468;109;178;58;33;10;16;32;4;0;25;0;3;0;
0114;02000144;STIMMBEZIRK;1494;1335;159;0;670;670;0;0;24;646;159;285;68;32;19;31;32;;;;9;11;;;11;659;129;243;93;62;13;18;28;2;2;57;1;7;4;
0114;02000145;STIMMBEZIRK;1340;1153;187;0;594;593;1;0;19;575;174;231;41;36;12;29;28;;;;14;10;;;7;587;150;189;51;68;9;27;26;2;5;52;0;8;0;
0114;02000146;STIMMBEZIRK;1255;1120;135;0;611;610;1;0;24;587;165;238;64;34;12;26;44;;;;2;2;;;7;604;132;192;97;60;9;22;50;2;1;36;1;2;0;
0114;02000147;STIMMBEZIRK;1169;1098;71;0;444;443;1;0;22;422;78;203;34;23;13;24;30;;;;8;9;;;10;434;62;177;34;39;10;17;36;3;2;45;5;3;1;
0114;02000148;STIMMBEZIRK;1276;1171;105;0;540;540;0;0;30;510;138;205;47;30;17;17;48;;;;3;5;;;6;534;104;188;64;61;9;14;40;1;1;48;0;4;0;
0114;02000149;STIMMBEZIRK;1053;943;110;0;717;717;0;0;12;705;246;266;67;51;11;27;24;;;;6;7;;;6;711;199;210;121;75;10;18;26;3;1;40;2;6;0;
0114;02000150;STIMMBEZIRK;1078;982;96;0;562;562;0;0;13;549;193;219;53;33;10;15;19;;;;5;2;;;5;557;150;175;82;76;6;18;17;1;3;26;2;1;0;
0114;02000151;STIMMBEZIRK;877;817;60;0;454;454;0;0;14;440;113;204;18;37;12;18;27;;;;9;2;;;7;447;98;182;37;45;9;9;20;2;2;42;1;0;0;
0114;02000152;STIMMBEZIRK;1319;1204;115;0;503;503;0;0;15;488;108;191;51;22;27;29;44;;;;8;8;;;2;501;86;158;74;33;19;14;44;3;5;50;1;9;5;
0114;02000153;STIMMBEZIRK;1582;1444;137;1;498;496;2;0;16;482;100;200;50;20;24;29;45;;;;8;6;;;5;493;72;165;71;33;15;20;55;1;2;49;3;3;4;
0114;02000154;STIMMBEZIRK;1254;1183;71;0;436;436;0;0;26;410;93;189;33;21;18;17;27;;;;7;5;;;12;424;69;152;46;34;12;20;37;3;1;40;1;7;2;
0114;02000155;STIMMBEZIRK;1285;1219;66;0;540;540;0;0;18;522;137;259;19;24;11;23;37;;;;5;7;;;26;514;110;231;33;40;6;0;37;5;3;43;2;3;1;
0114;02000156;STIMMBEZIRK;937;864;73;0;441;441;0;0;23;418;109;185;33;34;6;21;18;;;;10;2;;;7;434;91;152;61;37;4;13;15;6;3;41;2;5;4;
0114;02000157;STIMMBEZIRK;1595;1436;159;0;960;960;0;0;20;940;333;370;67;63;11;41;39;;;;8;8;;;5;955;270;303;105;105;5;35;47;9;6;57;3;8;2;
0115;57988001;BRIEFWAHLBEZIRK;0;0;0;0;1422;0;0;0;32;1390;585;392;214;142;19;;38;;;;;;;;4;1418;519;354;200;164;10;29;26;9;6;89;1;11;0;
0115;57091001;STIMMBEZIRK;1034;887;147;0;665;665;0;0;10;655;223;214;114;61;19;;24;;;;;;;;10;655;207;158;134;74;8;15;22;5;3;25;1;3;0;
0115;57091002;STIMMBEZIRK;1006;860;146;0;630;630;0;0;17;613;237;204;82;48;17;;25;;;;;;;;12;618;200;164;78;75;8;17;30;2;4;35;0;3;2;
0115;57091003;STIMMBEZIRK;997;879;118;0;633;633;0;0;14;619;242;217;92;52;7;;9;;;;;;;;6;627;198;180;99;88;4;8;13;4;1;28;0;3;1;
0115;57091004;STIMMBEZIRK;936;780;156;0;587;587;0;0;19;568;207;180;100;53;13;;15;;;;;;;;7;580;178;163;90;74;6;15;17;1;2;28;1;3;2;
0115;57091005;STIMMBEZIRK;962;840;122;0;560;560;0;0;20;540;206;198;70;37;14;;15;;;;;;;;5;555;176;167;72;46;3;20;13;3;5;47;0;3;0;
0115;57091006;STIMMBEZIRK;704;631;73;0;416;416;0;0;6;410;163;133;46;40;16;;12;;;;;;;;1;415;132;105;46;64;4;20;10;4;0;26;0;4;0;
0115;57091007;STIMMBEZIRK;876;781;95;0;490;490;0;0;7;483;181;161;67;40;18;;16;;;;;;;;1;489;146;129;77;55;4;28;10;3;2;33;0;1;1;
0115;57091008;STIMMBEZIRK;961;853;108;0;579;579;0;0;22;557;177;212;64;61;18;;25;;;;;;;;8;571;149;179;74;67;4;20;28;3;2;39;2;2;2;
0115;57091009;STIMMBEZIRK;961;808;153;0;586;586;0;0;11;575;231;178;78;55;14;;19;;;;;;;;6;580;195;139;80;77;7;20;18;4;5;32;1;2;0;
0115;57091010;STIMMBEZIRK;907;790;117;0;550;550;0;0;10;540;245;164;63;39;19;;10;;;;;;;;7;543;208;145;62;60;7;14;12;2;1;32;0;0;0;
0115;57091011;STIMMBEZIRK;1109;969;140;0;632;632;0;0;19;613;260;211;52;53;22;;15;;;;;;;;6;626;214;172;74;71;9;15;10;4;1;51;1;4;0;
0115;57091012;STIMMBEZIRK;906;808;98;0;567;567;0;0;19;548;232;169;67;49;14;;17;;;;;;;;6;561;198;145;82;70;10;11;10;3;1;29;0;0;2;
0115;57927001;BRIEFWAHLBEZIRK;0;0;0;0;696;0;0;0;27;669;287;166;79;81;23;;33;;;;;;;;3;693;257;164;84;92;4;6;19;2;4;50;2;7;2;
0115;57927002;BRIEFWAHLBEZIRK;0;0;0;0;661;0;0;0;15;646;281;185;69;69;22;;20;;;;;;;;3;658;264;146;93;81;5;6;18;5;3;32;0;2;3;
0115;57955001;BRIEFWAHLBEZIRK;0;0;0;0;2294;0;0;0;68;2226;880;729;236;255;53;;73;;;;;;;;13;2281;784;608;307;317;20;37;62;7;8;119;6;4;2;
0115;57975001;BRIEFWAHLBEZIRK;0;0;0;0;445;0;0;0;10;435;155;131;65;43;30;;11;;;;;;;;4;441;148;106;67;43;12;11;9;5;3;29;0;3;5;
0116;57943001;BRIEFWAHLBEZIRK;0;0;0;0;1515;0;0;0;38;1477;598;454;135;163;17;;41;;;69;;;;;32;1483;512;377;211;220;19;18;40;3;4;70;3;5;1;
0116;57057001;STIMMBEZIRK;1666;1390;276;0;902;902;0;0;12;890;363;281;78;92;15;;33;;;28;;;;;4;898;292;229;138;139;10;10;30;4;7;32;0;4;3;
0116;57057002;STIMMBEZIRK;1517;1268;249;0;715;715;0;0;9;706;261;245;78;62;13;;25;;;22;;;;;5;710;219;200;120;95;7;13;24;1;1;25;2;2;1;
0116;57057003;STIMMBEZIRK;1558;1323;235;0;851;851;0;0;11;840;323;250;82;95;16;;31;;;43;;;;;6;845;279;174;141;126;12;12;39;3;4;48;0;5;2;
0116;57057004;STIMMBEZIRK;1310;1184;126;0;619;619;0;0;15;604;231;216;35;39;7;;28;;;48;;;;;15;604;197;184;62;52;3;5;35;11;2;47;3;3;0;
0116;57057005;STIMMBEZIRK;1478;1264;214;0;765;765;0;0;11;754;295;220;70;81;9;;30;;;49;;;;;4;761;248;191;99;112;13;13;25;1;3;50;2;4;0;
0116;57062001;STIMMBEZIRK;1047;870;177;0;538;538;0;0;11;527;192;208;53;29;7;;19;;;19;;;;;17;521;162;166;80;50;7;11;17;2;3;20;0;2;1;
0116;57062002;STIMMBEZIRK;936;843;93;0;547;522;25;0;11;536;224;182;58;27;8;;10;;;27;;;;;8;539;178;162;96;47;4;14;8;2;1;26;0;1;0;
0116;57062003;STIMMBEZIRK;1231;1077;154;0;747;747;0;0;11;736;361;204;80;26;17;;12;;;36;;;;;9;738;262;174;136;82;9;10;19;2;3;37;3;0;1;
0116;57062004;STIMMBEZIRK;1139;1020;119;0;548;548;0;0;14;534;203;194;50;32;5;;15;;;35;;;;;7;541;164;156;92;54;5;10;17;3;2;35;1;1;1;
0116;57062005;STIMMBEZIRK;1090;951;139;0;2032;517;0;1515;27;2005;798;618;251;129;29;;81;;;99;;;;;16;2016;634;550;342;205;22;41;78;10;12;106;3;10;3;
0116;57062006;STIMMBEZIRK;1031;944;87;0;413;413;0;0;15;398;115;168;44;14;7;;23;;;27;;;;;6;407;90;146;61;39;9;6;19;4;2;28;0;2;1;
0116;57062007;STIMMBEZIRK;1146;1010;136;0;703;703;0;0;20;683;261;258;76;30;7;;19;;;32;;;;;11;692;216;214;107;59;7;14;21;3;6;40;1;4;0;
0116;57062008;STIMMBEZIRK;1151;996;155;0;720;720;0;0;10;710;277;271;74;26;12;;13;;;37;;;;;3;717;215;195;139;73;11;16;12;3;5;43;1;2;2;
0116;57062009;STIMMBEZIRK;1006;862;144;0;521;521;0;0;8;513;178;180;66;30;9;;19;;;31;;;;;1;520;150;145;107;48;8;6;21;2;0;30;0;2;1;
0116;57062010;STIMMBEZIRK;842;729;113;0;514;514;0;0;8;506;174;178;71;34;15;;14;;;20;;;;;5;509;156;130;104;48;8;12;15;5;5;22;1;1;2;
0116;57062011;STIMMBEZIRK;1072;986;86;0;511;511;0;0;11;500;133;226;48;28;9;;28;;;28;;;;;6;505;102;191;80;43;9;12;25;5;1;29;2;3;3;
0116;57062012;STIMMBEZIRK;824;718;106;0;480;480;0;0;6;474;147;190;56;31;10;;18;;;22;;;;;10;470;124;151;87;47;4;11;17;0;0;24;0;3;2;
0116;57062013;STIMMBEZIRK;905;809;96;0;537;537;0;0;15;522;182;191;53;24;12;;20;;;40;;;;;11;526;155;143;93;42;9;7;24;7;1;42;0;2;1;
0116;57001001;STIMMBEZIRK;817;719;98;0;453;453;0;0;16;437;156;167;32;34;8;;13;;;27;;;;;9;444;119;134;46;66;4;13;20;3;4;33;0;1;1;
0116;57001002;STIMMBEZIRK;916;786;130;0;580;580;0;0;6;574;216;192;52;53;8;;22;;;31;;;;;6;574;174;159;86;74;4;8;26;1;1;34;0;6;1;
0116;57001003;STIMMBEZIRK;766;684;82;0;359;359;0;0;5;354;161;82;30;42;2;;11;;;26;;;;;7;352;139;67;42;54;2;9;10;1;1;22;1;2;2;
0116;57008001;STIMMBEZIRK;737;678;59;0;675;495;0;180;3;672;300;187;66;49;7;;18;;;45;;;;;1;674;243;143;105;87;3;16;9;5;6;50;4;1;2;
0116;57008002;STIMMBEZIRK;992;862;130;0;600;600;0;0;7;593;249;176;67;50;12;;11;;;28;;;;;5;595;210;146;84;72;3;14;21;2;4;32;0;2;5;
0116;57009001;STIMMBEZIRK;1120;951;169;0;625;625;0;0;6;619;285;192;49;43;6;;12;;;32;;;;;6;619;240;155;79;75;6;13;8;9;3;27;1;1;2;
0116;57985001;BRIEFWAHLBEZIRK;0;0;0;0;624;0;0;0;12;612;275;166;76;39;10;;17;;;29;;;;;2;622;240;140;100;64;7;10;15;8;3;30;1;3;1;
0116;57947001;BRIEFWAHLBEZIRK;0;0;0;0;850;0;0;0;7;843;359;247;114;50;8;;17;;;48;;;;;3;847;313;205;140;84;2;21;21;3;9;42;2;5;0;
0116;57939001;BRIEFWAHLBEZIRK;0;0;0;0;684;0;0;0;7;677;281;169;98;68;16;;23;;;22;;;;;0;684;257;122;130;95;11;15;19;1;2;25;1;4;2;
0116;55012001;STIMMBEZIRK;933;873;60;0;571;515;0;56;14;557;238;185;38;38;11;;18;;;29;;;;;13;558;177;148;70;64;12;17;20;6;1;36;2;4;1;
0116;55012002;STIMMBEZIRK;1249;1090;159;0;689;539;0;150;25;664;242;245;65;38;14;;31;;;29;;;;;15;674;216;185;97;75;11;14;31;1;2;36;2;0;4;
0116;55012003;STIMMBEZIRK;1110;988;122;0;686;564;0;122;14;672;255;275;42;47;11;;15;;;27;;;;;5;681;229;209;73;80;9;15;23;2;8;29;1;1;2;
0116;55012004;STIMMBEZIRK;1090;920;170;0;711;546;0;165;11;700;267;253;69;47;19;;20;;;25;;;;;14;697;230;183;120;75;10;14;11;5;8;33;1;3;4;
0116;55012005;STIMMBEZIRK;1015;906;109;0;603;495;0;108;12;591;211;242;44;33;14;;12;;;35;;;;;7;596;174;213;70;55;7;9;10;6;3;43;0;5;1;
0116;55012006;STIMMBEZIRK;897;769;128;0;625;501;0;124;8;617;247;235;47;44;14;;14;;;16;;;;;7;618;222;163;89;77;8;10;19;4;1;20;1;4;0;
0116;55012007;STIMMBEZIRK;1096;945;151;0;619;480;2;137;17;602;244;216;39;44;11;;18;;;30;;;;;6;613;223;183;57;74;6;10;16;2;2;36;4;0;0;
0116;55012008;STIMMBEZIRK;1028;889;139;0;694;562;1;131;12;682;256;238;59;72;6;;20;;;31;;;;;1;693;230;178;115;85;10;6;25;1;3;33;1;5;1;
0116;55012009;STIMMBEZIRK;973;717;256;0;726;514;13;199;19;707;298;247;58;49;10;;13;;;32;;;;;6;720;247;189;92;109;6;12;26;1;6;28;3;0;1;
0116;55012010;STIMMBEZIRK;969;860;109;0;629;529;0;100;10;619;255;230;44;29;17;;13;;;31;;;;;7;622;212;175;91;71;7;7;13;3;8;30;0;3;2;
0116;55012011;STIMMBEZIRK;1122;994;128;0;725;603;2;120;14;711;244;270;68;46;21;;37;;;25;;;;;10;715;193;198;121;85;24;10;38;3;4;34;1;1;3;
0116;55012012;STIMMBEZIRK;493;400;93;0;394;304;0;90;7;387;191;94;37;28;5;;15;;;17;;;;;1;393;134;72;52;80;6;7;16;0;2;22;0;1;1;
0116;55012013;STIMMBEZIRK;1066;900;166;0;835;676;1;158;15;820;352;239;96;60;15;;32;;;26;;;;;5;830;352;244;98;61;15;0;32;0;0;27;0;1;0;
0116;55012014;STIMMBEZIRK;971;874;97;0;583;489;0;94;11;572;200;241;45;29;9;;22;;;26;;;;;9;574;170;192;70;65;10;8;20;2;3;30;1;2;1;
0116;55012015;STIMMBEZIRK;208;175;33;0;147;114;0;33;4;143;63;40;18;15;1;;2;;;4;;;;;0;147;57;33;20;19;1;3;4;0;0;10;0;0;0;
0116;55012016;STIMMBEZIRK;253;205;48;0;168;123;0;45;6;162;68;57;13;11;1;;8;;;4;;;;;4;164;59;50;22;18;0;0;6;2;2;4;1;0;0;
0116;55949001;BRIEFWAHLBEZIRK;0;0;0;0;1010;0;0;0;6;1004;471;279;71;87;20;;22;;;54;;;;;1;1009;395;214;112;168;15;8;19;5;5;62;2;2;2;
0116;55028001;STIMMBEZIRK;393;350;43;0;229;229;0;0;11;218;103;67;13;16;4;;7;;;8;;;;;6;223;78;45;29;40;3;4;6;6;3;9;0;0;0;
0116;55028002;STIMMBEZIRK;335;303;32;0;208;208;0;0;3;205;76;73;18;12;4;;7;;;15;;;;;0;208;55;65;23;30;1;6;6;2;1;16;1;1;1;
0116;55028003;STIMMBEZIRK;356;336;20;0;206;206;0;0;4;202;88;69;17;9;1;;5;;;13;;;;;1;205;75;67;21;13;0;4;5;1;2;14;1;1;1;
0116;55028004;STIMMBEZIRK;327;283;44;0;209;209;0;0;3;206;92;60;19;12;1;;7;;;15;;;;;0;209;69;42;31;30;2;4;7;1;0;22;0;1;0;
0116;55028005;STIMMBEZIRK;376;349;27;0;241;241;0;0;5;236;92;97;18;14;2;;3;;;10;;;;;3;238;87;76;25;25;1;5;1;1;6;11;0;0;0;
0116;55028006;STIMMBEZIRK;341;301;40;0;178;178;0;0;3;175;79;62;11;10;1;;5;;;7;;;;;0;178;72;56;18;14;1;3;6;0;1;6;0;1;0;
0116;55028007;STIMMBEZIRK;399;340;59;0;249;249;0;0;6;243;117;75;18;14;0;;6;;;13;;;;;3;246;85;48;34;40;2;6;7;2;3;18;0;1;0;
0116;55028008;STIMMBEZIRK;313;294;19;0;192;192;0;0;6;186;72;60;15;26;4;;1;;;8;;;;;3;189;54;53;21;38;3;4;6;0;0;10;0;0;0;
0116;55028009;STIMMBEZIRK;737;608;129;0;350;350;0;0;7;343;151;108;30;28;1;;8;;;17;;;;;2;348;124;93;46;44;1;9;7;0;0;20;0;3;1;
0116;55028010;STIMMBEZIRK;709;631;78;0;357;357;0;0;8;349;126;121;36;25;7;;11;;;23;;;;;4;353;107;91;60;43;4;11;10;2;2;20;0;2;1;
0116;55028011;STIMMBEZIRK;862;727;135;0;490;487;3;0;14;476;194;165;38;39;7;;7;;;26;;;;;7;483;176;132;54;68;6;4;9;1;3;26;1;2;1;
0116;55028012;STIMMBEZIRK;847;747;100;0;386;386;0;0;12;374;159;152;12;13;8;;7;;;23;;;;;7;379;124;130;34;42;7;2;10;1;0;24;0;0;5;
0116;55028013;STIMMBEZIRK;839;729;110;0;339;338;1;0;4;335;134;100;31;30;2;;12;;;26;;;;;1;338;99;78;47;55;3;4;13;0;10;26;0;1;2;
0116;55028014;STIMMBEZIRK;747;669;78;0;342;342;0;0;7;335;133;117;18;20;11;;12;;;24;;;;;3;339;94;95;38;51;10;5;11;2;0;26;5;2;0;
0116;55028015;STIMMBEZIRK;762;651;111;0;408;408;0;0;4;404;188;120;25;20;8;;12;;;31;;;;;4;404;148;97;44;46;5;12;13;3;3;29;2;2;0;
0116;55028016;STIMMBEZIRK;741;663;78;0;390;390;0;0;2;388;148;157;29;23;8;;8;;;15;;;;;1;389;117;132;49;45;4;7;8;2;4;16;0;0;5;
0117;55046001;STIMMBEZIRK;841;729;112;0;504;393;0;111;8;496;172;213;48;17;5;;13;;4;24;;;;;7;497;138;201;46;46;2;8;15;3;4;32;0;0;2;
0117;55046002;STIMMBEZIRK;905;814;91;0;470;384;0;86;16;454;150;219;35;14;2;;8;;6;20;;;;;11;459;130;211;39;34;0;3;10;1;4;23;1;3;0;
0117;55046003;STIMMBEZIRK;982;858;124;0;636;517;0;119;13;623;245;223;48;37;10;;15;;10;35;;;;;10;626;200;229;57;58;4;5;19;1;5;42;2;2;2;
0117;55046004;STIMMBEZIRK;924;799;125;0;579;455;0;124;12;567;231;204;46;29;10;;20;;4;23;;;;;9;570;197;166;64;68;6;5;26;0;2;29;0;5;2;
0117;55046005;STIMMBEZIRK;902;815;87;0;628;543;0;85;12;616;260;228;43;27;6;;11;;5;36;;;;;10;618;240;206;43;53;8;4;14;1;3;42;1;3;0;
0117;55046006;STIMMBEZIRK;1000;897;103;0;582;485;0;97;11;571;208;206;37;42;9;;15;;10;44;;;;;8;574;163;178;64;82;8;4;15;2;9;48;0;1;0;
0117;55046007;STIMMBEZIRK;836;738;98;0;516;427;0;89;7;509;205;193;51;26;9;;8;;5;12;;;;;4;512;183;185;58;44;3;7;9;2;3;16;0;2;0;
0117;55046008;STIMMBEZIRK;987;878;109;0;583;484;0;99;9;574;186;198;59;40;5;;21;;10;55;;;;;5;578;170;176;67;58;6;4;26;3;4;57;0;5;2;
0117;55046009;STIMMBEZIRK;857;742;115;0;578;468;0;110;8;570;218;188;61;30;8;;22;;8;35;;;;;6;572;156;174;75;72;6;8;33;2;8;33;1;2;2;
0117;55046010;STIMMBEZIRK;749;624;125;0;521;401;0;120;11;510;181;166;67;29;6;;17;;6;38;;;;;11;510;153;164;64;51;5;7;19;2;6;37;0;1;1;
0117;55046011;STIMMBEZIRK;795;691;104;0;528;430;0;98;11;517;219;176;49;30;5;;9;;7;22;;;;;7;521;193;152;60;51;9;9;13;3;4;24;0;2;1;
0117;55046012;STIMMBEZIRK;964;838;126;0;630;510;0;120;11;619;239;210;63;39;4;;20;;13;31;;;;;8;622;202;197;65;76;8;5;18;6;10;32;0;3;0;
0117;55021001;STIMMBEZIRK;1868;1631;237;0;1093;867;0;226;15;1078;423;415;78;63;7;;25;;6;61;;;;;11;1082;335;395;104;118;3;13;31;3;2;69;1;7;1;
0117;55021002;STIMMBEZIRK;1694;1454;240;0;939;709;0;230;21;918;356;344;66;56;12;;21;;6;57;;;;;8;931;308;342;55;110;9;15;24;2;5;53;2;4;2;
0117;55021003;STIMMBEZIRK;1738;1524;214;0;1059;851;0;208;20;1039;395;386;66;81;13;;31;;7;60;;;;;12;1047;303;401;80;144;9;10;29;2;2;62;0;3;2;
0117;55021004;STIMMBEZIRK;2710;2407;303;0;1376;1088;0;288;10;1366;424;540;121;105;25;;40;;22;89;;;;;16;1360;312;522;158;163;16;19;41;12;9;103;2;1;2;
0117;55955001;BRIEFWAHLBEZIRK;0;0;0;0;798;0;0;0;6;792;298;258;68;76;12;;18;;16;46;;;;;1;797;266;249;84;101;2;11;23;5;10;44;0;2;0;
0117;55955002;BRIEFWAHLBEZIRK;0;0;0;0;796;0;0;0;4;792;322;239;84;73;15;;19;;9;31;;;;;3;793;285;205;108;112;4;9;20;3;5;37;0;3;2;
0117;55032001;STIMMBEZIRK;1016;933;83;0;291;291;0;0;7;284;104;99;20;34;3;;6;;0;18;;;;;7;284;87;80;27;49;3;9;9;1;1;18;0;0;0;
0117;55032002;STIMMBEZIRK;872;760;112;0;437;437;0;0;6;431;163;153;33;24;6;;20;;5;27;;;;;4;433;130;129;56;45;7;11;17;4;4;27;1;2;0;
0117;55032003;STIMMBEZIRK;1000;886;114;0;486;486;0;0;12;474;184;146;35;34;8;;15;;8;44;;;;;7;479;144;125;63;60;6;7;17;2;2;46;1;5;1;
0117;55032004;STIMMBEZIRK;940;815;125;0;508;508;0;0;9;499;188;182;45;29;6;;16;;4;29;;;;;7;501;152;140;80;67;7;3;13;4;3;30;2;0;0;
0117;55032005;STIMMBEZIRK;1052;915;137;0;593;593;0;0;11;582;212;209;56;35;11;;12;;8;39;;;;;10;583;178;168;93;53;9;13;19;2;2;39;1;2;4;
0117;55032006;STIMMBEZIRK;1057;940;117;0;449;449;0;0;6;443;147;184;24;28;5;;17;;7;31;;;;;6;443;122;151;52;45;2;10;23;2;5;31;0;0;0;
0117;55032007;STIMMBEZIRK;1038;885;153;0;496;496;0;0;12;484;179;176;40;37;6;;10;;4;32;;;;;7;489;146;152;63;67;4;4;14;1;0;34;0;2;2;
0117;55032008;STIMMBEZIRK;906;826;80;0;374;374;0;0;5;369;123;134;23;30;6;;22;;2;29;;;;;4;370;108;107;38;37;6;9;23;4;1;35;0;2;0;
0117;55032009;STIMMBEZIRK;937;851;86;0;488;487;1;0;6;482;159;178;39;36;11;;20;;4;35;;;;;3;485;135;155;60;42;6;10;23;6;0;38;3;6;1;
0117;55032010;STIMMBEZIRK;964;850;114;0;500;500;0;0;13;487;193;174;38;29;4;;18;;4;27;;;;;15;485;166;146;52;52;6;5;25;2;4;24;1;2;0;
0117;55032011;STIMMBEZIRK;848;696;152;0;475;475;0;0;4;471;230;140;25;37;5;;13;;3;18;;;;;2;473;187;122;49;71;2;3;14;4;2;15;2;2;0;
0117;55032012;STIMMBEZIRK;955;818;137;0;552;552;0;0;10;542;233;158;54;44;3;;14;;3;33;;;;;4;548;184;146;71;77;1;7;16;6;2;37;0;1;0;
0117;55032013;STIMMBEZIRK;783;632;151;0;461;461;0;0;12;449;226;117;32;45;4;;10;;3;12;;;;;4;457;171;92;52;96;4;5;9;4;1;22;0;1;0;
0117;55032014;STIMMBEZIRK;490;426;64;0;273;273;0;0;6;267;107;76;34;24;4;;11;;0;11;;;;;3;270;94;68;40;38;1;7;8;1;1;11;1;0;0;
0117;55032015;STIMMBEZIRK;285;237;48;0;166;166;0;0;2;164;87;45;9;12;3;;5;;1;2;;;;;2;164;65;33;16;31;1;1;7;0;1;9;0;0;0;
0117;55958001;BRIEFWAHLBEZIRK;0;0;0;0;819;0;0;0;7;812;312;276;73;68;13;;19;;7;44;;;;;2;817;282;248;92;101;12;5;22;2;4;43;0;6;0;
0117;55033001;STIMMBEZIRK;1763;1578;185;0;902;902;0;0;13;889;337;369;60;41;8;;31;;4;39;;;;;9;893;281;329;86;74;4;18;32;9;2;53;0;2;3;
0117;55033002;STIMMBEZIRK;1160;1067;93;0;578;577;1;0;11;567;218;215;37;36;10;;14;;5;32;;;;;5;573;188;191;57;67;7;9;8;1;4;34;2;3;2;
0117;55033003;STIMMBEZIRK;461;414;47;0;266;266;0;0;5;261;112;87;16;21;8;;5;;1;11;;;;;2;264;103;77;28;25;3;5;7;0;1;12;0;3;0;
0117;55033004;STIMMBEZIRK;1454;1307;147;0;692;692;0;0;17;675;261;227;45;38;17;;26;;8;53;;;;;12;680;212;201;61;79;12;13;29;3;8;54;2;6;0;
0117;55033005;STIMMBEZIRK;1512;1313;199;0;745;745;0;0;13;732;303;247;48;53;7;;22;;10;42;;;;;10;735;251;219;76;91;8;11;20;2;4;46;1;1;5;
0117;55033006;STIMMBEZIRK;1702;1491;211;0;893;891;2;0;23;870;360;312;56;58;10;;17;;5;52;;;;;8;885;299;255;91;113;10;17;26;6;4;59;0;4;1;
0117;55041101;STIMMBEZIRK;1106;994;111;1;738;631;0;107;13;725;286;284;48;44;5;;14;;7;37;;;;;9;729;237;250;66;89;3;5;18;6;6;41;0;2;6;
0117;55041102;STIMMBEZIRK;189;172;17;0;144;128;0;16;3;141;52;53;8;12;3;;7;;2;4;;;;;1;143;49;45;12;12;2;2;8;5;2;3;0;2;1;
0117;55041103;STIMMBEZIRK;81;76;5;0;45;41;0;4;1;44;14;18;6;1;0;;2;;0;3;;;;;0;45;11;19;7;5;0;0;2;0;0;1;0;0;0;
0117;55041104;STIMMBEZIRK;253;207;46;0;183;139;0;44;1;182;62;70;20;17;2;;9;;0;2;;;;;1;182;50;61;35;21;0;1;8;0;0;2;0;3;1;
0117;55041105;STIMMBEZIRK;240;215;25;0;180;158;0;22;6;174;74;49;16;18;3;;0;;4;10;;;;;3;177;61;48;14;26;4;4;2;1;4;12;0;0;1;
0117;55041106;STIMMBEZIRK;147;125;22;0;95;74;0;21;1;94;40;27;9;5;1;;4;;0;8;;;;;0;95;39;25;6;6;2;2;6;2;0;7;0;0;0;
0117;55041107;STIMMBEZIRK;254;214;40;0;186;149;0;37;5;181;72;60;18;9;4;;3;;2;13;;;;;2;184;63;55;26;16;3;1;1;2;2;9;2;4;0;
0117;55041108;STIMMBEZIRK;345;303;42;0;232;192;0;40;6;226;86;76;22;20;3;;3;;4;12;;;;;3;229;75;64;31;32;0;0;4;4;3;14;0;2;0;
0117;55041109;STIMMBEZIRK;143;128;15;0;100;85;0;15;0;100;45;33;7;3;1;;4;;1;6;;;;;0;100;35;28;14;10;0;3;4;0;0;6;0;0;0;
0117;55041110;STIMMBEZIRK;286;262;24;0;214;191;0;23;6;208;68;93;23;13;3;;1;;1;6;;;;;4;210;52;85;28;19;2;7;3;2;1;7;2;1;1;
0117;55041111;STIMMBEZIRK;495;452;43;0;323;280;0;43;5;318;124;119;17;15;11;;11;;3;18;;;;;3;320;100;110;30;26;15;4;10;1;3;19;1;1;0;
0117;55041112;STIMMBEZIRK;376;345;31;0;249;221;0;28;4;245;86;93;28;10;3;;11;;3;11;;;;;1;248;74;65;53;19;1;5;8;5;3;13;0;1;1;
0117;55041113;STIMMBEZIRK;100;85;15;0;72;61;0;11;2;70;31;24;6;4;1;;1;;1;2;;;;;1;71;25;19;10;9;1;2;1;0;1;3;0;0;0;
0117;55041114;STIMMBEZIRK;295;270;25;0;204;179;0;25;3;201;72;79;20;7;3;;3;;1;16;;;;;2;202;57;73;30;14;6;1;2;3;1;13;1;1;0;
0117;55946001;BRIEFWAHLBEZIRK;0;0;0;0;570;0;0;0;10;560;226;181;45;35;6;;24;;15;28;;;;;1;569;196;155;64;60;7;10;25;3;12;29;1;5;2;
0117;55943001;BRIEFWAHLBEZIRK;0;0;0;0;890;0;0;0;0;890;355;273;101;50;16;;12;;6;77;;;;;0;890;305;271;93;90;17;12;15;0;4;81;0;2;0;
0117;55991001;BRIEFWAHLBEZIRK;0;0;0;0;882;0;0;0;13;869;386;215;79;99;12;;18;;9;51;;;;;3;879;323;198;92;157;13;6;13;8;7;55;1;5;1;
0117;55924001;BRIEFWAHLBEZIRK;0;0;0;0;1126;0;0;0;19;1107;466;306;82;116;8;;30;;35;64;;;;;5;1121;404;304;86;198;9;2;30;4;13;68;1;2;0;
0118;55004001;STIMMBEZIRK;1348;1130;218;0;870;660;0;210;14;856;387;281;74;50;7;;16;;3;38;;;;;14;856;361;225;94;90;13;5;19;0;3;41;2;2;1;
0118;55004002;STIMMBEZIRK;1022;928;94;0;659;577;0;82;4;655;220;279;44;44;9;;16;;5;38;;;;;10;649;185;221;83;70;9;11;17;2;4;42;0;4;1;
0118;55004003;STIMMBEZIRK;1035;895;140;0;668;537;0;131;12;656;274;202;52;51;4;;15;;6;52;;;;;7;661;237;156;92;85;6;3;20;2;2;55;1;1;1;
0118;55004004;STIMMBEZIRK;1286;1153;133;0;824;707;0;117;15;809;301;318;44;63;6;;19;;9;49;;;;;7;817;255;269;86;98;4;14;23;3;5;58;1;1;0;
0118;55004005;STIMMBEZIRK;1114;911;203;0;696;533;1;162;12;684;292;247;37;44;7;;20;;3;34;;;;;6;690;259;214;66;77;6;6;26;1;4;28;1;1;1;
0118;55004006;STIMMBEZIRK;1066;931;135;0;713;587;0;126;15;698;318;217;55;54;5;;19;;6;24;;;;;11;702;271;178;87;96;5;9;23;1;5;26;0;1;0;
0118;55004007;STIMMBEZIRK;1281;1114;167;0;824;681;0;143;10;814;319;285;64;65;6;;25;;9;41;;;;;6;818;278;231;99;107;6;13;28;6;2;42;3;1;2;
0118;55004008;STIMMBEZIRK;1154;1061;93;0;644;560;0;84;12;632;214;252;33;53;12;;22;;8;38;;;;;12;632;199;207;58;67;9;14;26;1;5;42;1;3;0;
0118;55004009;STIMMBEZIRK;1306;1174;132;0;850;725;0;125;13;837;359;249;59;56;10;;31;;13;60;;;;;10;840;317;193;92;104;8;15;31;6;5;66;1;1;1;
0118;55004010;STIMMBEZIRK;1332;1161;171;0;819;657;0;162;8;811;291;329;49;44;12;;16;;4;66;;;;;5;814;259;269;90;70;10;19;20;2;1;71;2;1;0;
0118;55004011;STIMMBEZIRK;1455;1240;215;0;1050;858;0;192;12;1038;455;374;70;69;6;;18;;6;40;;;;;3;1047;376;298;141;145;6;8;18;1;4;47;0;0;3;
0118;55004012;STIMMBEZIRK;1186;1044;142;0;767;637;0;130;9;758;317;257;59;51;4;;15;;7;48;;;;;5;762;267;203;95;92;2;16;21;2;5;55;1;3;0;
0118;55004013;STIMMBEZIRK;1299;1129;170;0;924;778;0;146;10;914;361;353;57;67;9;;17;;9;41;;;;;2;922;298;275;109;130;11;9;21;8;5;53;2;1;0;
0118;55004014;STIMMBEZIRK;573;522;51;0;328;279;0;49;4;324;107;124;25;17;5;;16;;8;22;;;;;1;327;87;113;41;27;5;11;17;1;2;20;1;1;1;
0118;55004015;STIMMBEZIRK;683;613;70;0;464;403;0;61;3;461;196;152;25;34;6;;12;;3;33;;;;;1;463;155;119;63;64;7;1;15;2;1;32;3;1;0;
0118;55902001;BRIEFWAHLBEZIRK;0;0;0;0;553;0;0;0;7;546;233;171;31;35;12;;21;;2;41;;;;;6;547;190;143;48;66;12;13;23;2;1;43;0;2;4;
0118;55001001;STIMMBEZIRK;474;435;39;0;248;248;0;0;3;245;99;76;17;21;5;;7;;5;15;;;;;2;246;73;71;20;37;7;4;5;1;7;19;1;0;1;
0118;55001002;STIMMBEZIRK;612;563;49;0;320;320;0;0;8;312;138;94;18;26;2;;7;;3;24;;;;;10;310;116;79;28;43;4;5;6;3;3;21;0;1;1;
0118;55001003;STIMMBEZIRK;400;360;40;0;160;160;0;0;6;154;51;61;5;12;6;;8;;6;5;;;;;4;156;44;52;12;17;6;2;9;1;4;7;2;0;0;
0118;55001004;STIMMBEZIRK;1164;1057;107;0;652;652;0;0;11;641;246;242;34;51;11;;9;;9;39;;;;;4;648;215;200;61;82;7;11;11;6;2;36;6;4;7;
0118;55001005;STIMMBEZIRK;689;635;54;0;394;394;0;0;6;388;147;140;27;30;4;;12;;4;24;;;;;3;391;144;116;40;35;4;3;15;0;1;31;2;0;0;
0118;55001006;STIMMBEZIRK;758;703;55;0;398;398;0;0;6;392;159;152;19;28;4;;3;;5;22;;;;;4;394;135;138;32;49;3;2;4;5;2;21;0;1;2;
0118;55001007;STIMMBEZIRK;746;698;48;0;441;441;0;0;7;434;192;118;41;34;7;;13;;8;21;;;;;6;435;165;112;45;54;7;6;11;5;4;24;2;0;0;
0118;55001008;STIMMBEZIRK;267;240;27;0;138;138;0;0;1;137;56;45;8;16;1;;4;;1;6;;;;;1;137;45;36;21;17;0;3;6;0;2;7;0;0;0;
0118;55001009;STIMMBEZIRK;367;324;43;0;210;208;2;0;2;208;117;49;13;12;3;;3;;5;6;;;;;2;208;103;45;9;23;3;3;9;1;4;6;0;2;0;
0118;55001010;STIMMBEZIRK;330;298;32;0;185;185;0;0;1;184;78;60;14;8;2;;2;;0;20;;;;;0;185;65;51;16;22;2;4;2;3;1;17;1;1;0;
0118;55001011;STIMMBEZIRK;285;247;38;0;158;158;0;0;2;156;67;35;13;30;1;;4;;3;3;;;;;1;157;59;27;20;35;1;2;3;0;1;6;2;0;1;
0118;55001012;STIMMBEZIRK;563;510;53;0;339;339;0;0;4;335;129;124;30;24;4;;8;;2;14;;;;;2;337;103;102;44;37;5;7;12;1;3;20;1;1;1;
0118;55001013;STIMMBEZIRK;139;129;10;0;94;94;0;0;2;92;46;21;9;6;0;;2;;0;8;;;;;0;94;35;18;13;14;0;3;0;0;0;10;0;0;1;
0118;55964001;BRIEFWAHLBEZIRK;0;0;0;0;1117;0;0;0;13;1104;436;384;92;86;13;;25;;17;51;;;;;10;1107;363;329;126;148;15;17;28;4;11;63;1;2;0;
0118;55035001;STIMMBEZIRK;355;310;45;0;193;193;0;0;2;191;91;57;4;9;4;;9;;3;14;;;;;2;191;69;58;11;15;4;4;9;4;0;17;0;0;0;
0118;55035002;STIMMBEZIRK;547;487;60;0;300;300;0;0;9;291;112;114;18;15;3;;6;;2;21;;;;;6;294;97;90;29;31;5;5;9;2;3;22;0;0;1;
0118;55035003;STIMMBEZIRK;974;883;91;0;534;534;0;0;9;525;211;191;25;37;5;;12;;6;38;;;;;9;525;184;161;49;52;8;12;10;5;4;38;0;1;1;
0118;55035004;STIMMBEZIRK;924;859;65;0;538;538;0;0;4;534;202;176;41;47;3;;20;;10;35;;;;;4;534;170;130;79;69;6;11;19;3;4;41;1;1;0;
0118;55035005;STIMMBEZIRK;439;399;40;0;280;280;0;0;4;276;110;101;19;18;2;;10;;2;14;;;;;3;277;102;73;37;23;0;8;16;0;1;14;1;2;0;
0118;55035006;STIMMBEZIRK;573;523;50;0;373;373;0;0;3;370;141;128;27;31;5;;9;;8;21;;;;;3;370;116;114;35;50;3;6;9;3;5;26;0;2;1;
0118;55035007;STIMMBEZIRK;970;890;80;0;533;533;0;0;10;523;218;164;38;51;5;;11;;4;32;;;;;7;526;176;137;60;83;3;6;14;3;5;36;0;2;1;
0118;55035008;STIMMBEZIRK;818;747;71;0;464;464;0;0;12;452;170;170;40;34;3;;6;;3;26;;;;;10;454;145;149;50;57;3;3;10;1;2;29;1;4;0;
0118;55035009;STIMMBEZIRK;903;830;73;0;562;562;0;0;9;553;211;180;54;45;9;;13;;9;32;;;;;7;555;189;149;73;63;7;16;17;4;6;28;2;0;1;
0118;55035010;STIMMBEZIRK;821;726;95;0;453;453;0;0;7;446;178;142;41;31;6;;17;;4;27;;;;;4;449;142;116;66;54;8;5;18;3;2;28;4;1;2;
0118;55035011;STIMMBEZIRK;788;720;68;0;466;466;0;0;9;457;170;178;40;32;6;;6;;2;23;;;;;3;463;149;133;68;52;6;6;12;5;4;26;0;1;1;
0118;55035012;STIMMBEZIRK;670;610;60;0;349;349;0;0;7;342;123;103;33;35;5;;9;;3;31;;;;;7;342;106;78;50;47;4;4;10;1;2;38;1;0;1;
0118;55035013;STIMMBEZIRK;435;369;66;0;268;268;0;0;3;265;109;74;19;30;4;;7;;11;11;;;;;1;267;96;57;31;43;7;4;10;2;3;13;0;1;0;
0118;55035014;STIMMBEZIRK;935;853;82;0;453;453;0;0;8;445;132;212;24;19;6;;15;;9;28;;;;;3;450;101;184;43;39;6;11;19;4;4;34;1;1;3;
0118;55035015;STIMMBEZIRK;861;783;78;0;449;449;0;0;8;441;170;167;23;29;9;;12;;4;27;;;;;4;445;146;141;42;44;10;10;14;1;3;30;1;2;1;
0118;55035016;STIMMBEZIRK;894;798;96;0;550;550;0;0;14;536;179;227;38;37;8;;12;;3;32;;;;;4;546;157;178;62;59;8;9;14;8;6;38;5;1;1;
0118;55035017;STIMMBEZIRK;890;820;70;0;541;541;0;0;11;530;166;249;25;32;8;;14;;3;33;;;;;4;537;135;206;49;54;14;9;14;3;4;45;0;2;2;
0118;55985001;BRIEFWAHLBEZIRK;0;0;0;0;1244;0;0;0;11;1233;573;301;94;135;9;;22;;13;86;;;;;5;1239;483;259;122;221;8;14;21;6;10;90;1;4;0;
0118;55044001;STIMMBEZIRK;1064;922;142;0;563;562;1;0;11;552;225;198;23;44;9;;14;;3;36;;;;;8;555;183;161;49;86;6;7;15;3;5;37;0;2;1;
0118;55044002;STIMMBEZIRK;584;504;80;0;327;327;0;0;5;322;140;110;22;27;2;;5;;4;12;;;;;2;325;119;90;34;52;0;4;9;1;2;12;2;0;0;
0118;55044003;STIMMBEZIRK;1230;985;245;0;608;608;0;0;9;599;283;148;50;61;6;;11;;7;33;;;;;7;601;238;125;79;93;4;6;11;2;1;35;2;3;2;
0118;55044004;STIMMBEZIRK;755;619;136;0;416;416;0;0;6;410;197;105;27;49;1;;7;;3;21;;;;;1;415;161;69;42;91;2;11;8;0;2;27;1;0;1;
0118;55044005;STIMMBEZIRK;968;867;101;0;481;481;0;0;8;473;178;164;41;47;2;;3;;5;33;;;;;8;473;138;136;66;72;2;3;7;3;3;39;0;0;4;
0118;55044006;STIMMBEZIRK;708;557;151;0;371;371;0;0;6;365;181;86;32;31;4;;7;;2;22;;;;;5;366;147;66;41;70;1;2;9;2;1;21;0;2;4;
0118;55044007;STIMMBEZIRK;952;882;70;0;541;538;3;0;6;535;183;192;38;60;8;;15;;7;32;;;;;2;539;156;165;54;73;9;9;18;8;4;37;2;3;1;
0118;55044008;STIMMBEZIRK;939;789;150;0;531;531;0;0;1;530;231;142;55;58;11;;10;;6;17;;;;;1;530;194;105;87;83;9;4;13;2;9;21;0;3;0;
0118;55044009;STIMMBEZIRK;417;355;62;0;233;233;0;0;3;230;85;74;14;25;4;;2;;4;22;;;;;1;232;68;56;29;37;4;4;2;3;1;23;5;0;0;
0118;55044010;STIMMBEZIRK;311;263;48;0;111;111;0;0;2;109;49;33;8;6;1;;1;;0;11;;;;;1;110;40;25;14;13;0;1;3;1;0;12;0;0;1;
0118;55044011;STIMMBEZIRK;910;805;105;0;502;502;0;0;8;494;173;190;27;41;8;;16;;7;32;;;;;8;494;151;161;47;56;4;13;18;6;7;29;0;1;1;
0118;55044012;STIMMBEZIRK;246;224;22;0;137;137;0;0;1;136;64;30;18;10;2;;1;;4;7;;;;;0;137;58;26;16;18;2;3;3;1;2;7;0;1;0;
0118;55044013;STIMMBEZIRK;307;285;22;0;189;189;0;0;1;188;58;84;16;10;2;;4;;1;13;;;;;0;189;40;72;21;23;3;6;5;1;1;16;0;1;0;
0118;55044014;STIMMBEZIRK;52;50;2;0;37;37;0;0;0;37;16;10;3;5;1;;1;;1;0;;;;;0;37;14;12;1;5;0;2;3;0;0;0;0;0;0;
0118;55044015;STIMMBEZIRK;183;168;15;0;100;100;0;0;2;98;44;28;7;7;1;;4;;1;6;;;;;3;97;31;24;10;18;1;1;1;0;2;7;0;0;2;
0118;55040001;STIMMBEZIRK;289;256;33;0;215;184;0;31;2;213;103;54;27;13;0;;3;;3;10;;;;;1;214;81;43;27;41;1;3;6;0;2;9;1;0;0;
0118;55040002;STIMMBEZIRK;237;198;39;0;190;152;0;38;1;189;91;52;14;10;2;;5;;1;14;;;;;0;190;73;45;12;25;6;2;10;0;2;14;0;1;0;
0118;55040003;STIMMBEZIRK;465;407;58;0;356;300;0;56;6;350;181;88;25;24;2;;14;;2;14;;;;;4;352;147;65;51;41;4;3;15;4;2;15;0;3;2;
0118;55040004;STIMMBEZIRK;385;327;58;0;280;223;0;57;3;277;150;53;25;13;4;;9;;5;18;;;;;0;280;117;40;41;30;4;3;10;3;6;22;2;1;1;
0118;55040005;STIMMBEZIRK;393;364;29;0;264;236;0;28;1;263;148;57;15;14;3;;4;;3;19;;;;;1;263;116;46;25;28;4;8;6;4;3;22;0;0;1;
0118;55040006;STIMMBEZIRK;338;323;15;0;234;219;0;15;0;234;97;73;21;16;5;;6;;3;13;;;;;0;234;84;59;31;27;2;2;7;1;2;16;1;1;1;
0118;55040007;STIMMBEZIRK;602;552;50;0;419;370;0;49;2;417;211;104;36;35;4;;7;;2;18;;;;;2;417;182;82;41;68;3;6;11;1;1;21;1;0;0;
0118;55040008;STIMMBEZIRK;1319;1189;130;0;761;638;0;123;7;754;338;222;52;52;4;;17;;10;59;;;;;4;757;261;191;73;117;10;6;14;6;11;63;1;4;0;
0118;55040009;STIMMBEZIRK;1133;1026;107;0;826;719;0;107;29;797;331;288;32;52;7;;22;;9;56;;;;;0;826;285;232;102;97;5;7;27;4;14;52;0;0;1;
0118;55040010;STIMMBEZIRK;1097;940;157;0;812;658;0;154;13;799;338;253;59;64;10;;28;;7;40;;;;;8;804;284;216;98;101;10;12;25;5;5;43;1;3;1;
0118;55040011;STIMMBEZIRK;738;645;93;0;521;430;0;91;1;520;212;183;52;43;2;;3;;8;17;;;;;0;521;180;148;90;65;4;1;6;0;4;21;1;1;0;
0118;55040012;STIMMBEZIRK;815;742;73;0;452;383;0;69;10;442;183;155;27;28;5;;6;;8;30;;;;;3;449;172;114;57;40;4;6;13;2;4;36;0;1;0;
0118;55040013;STIMMBEZIRK;968;846;122;0;649;530;0;119;17;632;257;214;47;47;5;;14;;10;38;;;;;11;638;224;182;79;54;4;11;22;2;10;44;0;6;0;
0118;55040014;STIMMBEZIRK;972;834;138;0;699;561;0;138;11;688;308;199;69;49;4;;18;;10;31;;;;;10;689;262;175;86;83;15;3;18;5;6;32;2;1;1;
0118;55040015;STIMMBEZIRK;923;817;106;0;679;576;0;103;6;673;283;221;54;42;5;;17;;12;39;;;;;3;676;232;189;80;77;9;14;15;5;5;48;0;2;0;
0118;55040016;STIMMBEZIRK;783;668;115;0;556;448;0;108;9;547;239;181;40;39;7;;11;;6;24;;;;;9;547;191;149;67;70;14;2;11;4;5;29;3;2;0;
0118;55040017;STIMMBEZIRK;740;658;82;0;551;473;0;78;3;548;231;162;30;56;18;;7;;3;41;;;;;3;548;193;137;48;80;16;13;12;2;3;37;4;3;0;
0118;55040018;STIMMBEZIRK;926;816;110;0;607;497;0;110;10;597;212;239;40;49;12;;12;;3;30;;;;;6;601;175;189;75;82;16;4;16;2;4;35;2;0;1;
0118;55040019;STIMMBEZIRK;1038;938;100;0;711;613;0;98;15;696;285;226;41;60;14;;16;;2;52;;;;;6;705;237;183;69;109;15;9;20;4;4;50;0;1;4;
0118;55978001;BRIEFWAHLBEZIRK;0;0;0;0;988;0;0;0;16;972;447;245;63;132;5;;24;;0;56;;;;;1;987;373;210;90;201;9;7;21;2;0;68;1;4;1;
0118;55042001;STIMMBEZIRK;1476;1312;164;0;738;738;0;0;12;726;268;241;62;68;5;;15;;5;62;;;;;7;731;213;192;102;111;7;11;16;4;7;63;2;3;0;
0118;55042002;STIMMBEZIRK;1434;1115;319;0;700;700;0;0;16;684;367;145;29;73;8;;14;;3;45;;;;;10;690;291;119;50;147;4;7;15;0;3;53;0;1;0;
0118;55042003;STIMMBEZIRK;1339;1108;231;0;692;692;0;0;14;678;364;158;36;67;3;;12;;5;33;;;;;5;687;283;133;60;143;5;6;13;1;5;37;1;0;0;
0118;55042004;STIMMBEZIRK;938;791;147;0;503;503;0;0;6;497;249;119;36;49;3;;11;;5;25;;;;;4;499;192;97;54;97;4;6;13;3;0;31;0;0;2;
0118;55042005;STIMMBEZIRK;1273;1111;162;0;715;714;1;0;12;703;332;181;58;72;8;;19;;7;26;;;;;4;711;280;150;104;107;7;2;19;8;2;24;5;3;0;
0118;55042006;STIMMBEZIRK;444;392;52;0;257;257;0;0;5;252;115;64;14;26;5;;5;;1;22;;;;;5;252;94;51;22;49;0;5;7;2;0;21;0;1;0;
0118;55042007;STIMMBEZIRK;280;250;30;0;183;183;0;0;1;182;70;63;16;18;4;;2;;0;9;;;;;1;182;53;53;30;27;4;3;2;0;1;9;0;0;0;
0119;61909001;BRIEFWAHLBEZIRK;0;0;0;0;908;0;0;0;11;897;357;268;107;116;;;34;;;;15;;;;2;906;300;252;116;112;29;13;23;0;3;52;2;4;0;
0119;61029001;STIMMBEZIRK;1224;1088;136;0;582;582;0;0;13;569;208;209;63;51;;;34;;;;4;;;;9;573;159;157;76;80;17;7;39;5;4;26;1;0;2;
0119;61029002;STIMMBEZIRK;1680;1496;184;0;730;730;0;0;23;707;258;233;76;88;;;44;;;;8;;;;14;716;207;207;100;94;19;12;33;1;0;30;3;7;3;
0119;61029003;STIMMBEZIRK;1388;1257;131;0;688;688;0;0;17;671;229;252;78;78;;;30;;;;4;;;;7;681;184;196;106;80;29;9;32;6;0;32;0;6;1;
0119;61029004;STIMMBEZIRK;1677;1511;166;0;961;961;0;0;33;928;340;326;81;121;;;44;;;;16;;;;13;948;272;280;121;132;26;23;21;9;5;53;1;4;1;
0119;61029005;STIMMBEZIRK;1507;1334;173;0;665;664;1;0;40;625;231;220;52;73;;;38;;;;11;;;;12;653;181;174;84;79;16;11;23;2;4;67;3;5;4;
0119;61029006;STIMMBEZIRK;1516;1320;196;0;736;736;0;0;11;725;322;187;108;59;;;32;;;;17;;;;6;730;259;157;76;122;18;6;27;4;3;53;0;4;1;
0119;61983001;BRIEFWAHLBEZIRK;0;0;0;0;328;0;0;0;3;325;124;116;49;17;;;15;;;;4;;;;4;324;111;115;33;30;5;3;11;1;1;13;0;0;1;
0119;61113001;STIMMBEZIRK;1243;1148;95;0;650;650;0;0;19;631;269;204;70;46;;;31;;;;11;;;;9;641;229;181;72;59;6;11;26;6;1;45;0;5;0;
0119;61113002;STIMMBEZIRK;1276;1126;150;0;646;646;0;0;17;629;276;209;62;45;;;31;;;;6;;;;9;637;237;181;70;61;7;10;22;2;1;39;0;3;4;
0119;61113003;STIMMBEZIRK;1132;1035;97;0;589;589;0;0;16;573;176;244;62;43;;;39;;;;9;;;;9;580;138;215;60;62;12;13;32;4;2;38;0;3;1;
0119;61934001;BRIEFWAHLBEZIRK;0;0;0;0;1267;0;0;0;22;1245;451;427;173;127;;;44;;;;23;;;;6;1261;386;353;196;166;19;25;35;3;5;55;6;9;3;
0119;61938001;BRIEFWAHLBEZIRK;0;0;0;0;791;0;0;0;8;783;366;214;95;60;;;31;;;;17;;;;1;790;297;183;96;115;10;5;31;3;5;36;5;3;1;
0119;61979001;BRIEFWAHLBEZIRK;0;0;0;0;515;0;0;0;14;501;224;122;79;47;;;19;;;;10;;;;1;514;173;114;67;63;17;8;17;6;8;34;1;3;3;
0119;58995001;BRIEFWAHLBEZIRK;0;0;0;0;1360;0;0;0;26;1334;648;340;168;109;;;50;;;;19;;;;8;1352;532;298;159;161;22;41;36;11;3;74;3;9;3;
0120;61939001;BRIEFWAHLBEZIRK;0;0;0;0;2301;0;0;0;51;2250;997;704;229;150;56;;65;;31;;18;;;;7;2294;797;586;343;292;20;32;71;8;17;108;5;14;1;
0120;61046001;STIMMBEZIRK;1353;1213;140;0;716;714;2;0;15;701;263;233;64;59;15;;47;;16;;4;;;;4;712;210;202;85;90;12;15;34;0;3;56;1;3;1;
0120;61046002;STIMMBEZIRK;1482;1409;73;0;543;543;0;0;14;529;173;216;25;38;23;;30;;20;;4;;;;4;539;149;192;40;51;13;8;26;5;5;43;1;5;1;
0120;61046003;STIMMBEZIRK;1324;1240;84;0;627;627;0;0;22;605;210;237;30;41;21;;44;;15;;7;;;;11;616;165;203;69;53;4;11;39;4;5;57;0;4;2;
0120;61046004;STIMMBEZIRK;1511;1347;164;0;577;577;0;0;19;558;199;209;43;31;19;;34;;13;;10;;;;9;568;150;178;69;54;9;14;36;2;5;45;1;2;3;
0120;61046005;STIMMBEZIRK;1274;1178;96;0;447;447;0;0;8;439;164;132;49;24;17;;39;;10;;4;;;;1;446;120;114;57;42;8;8;42;2;4;37;2;7;3;
0120;61046006;STIMMBEZIRK;1758;1583;175;0;887;887;0;0;13;874;334;251;114;64;30;;56;;16;;9;;;;6;881;242;203;165;102;19;14;58;9;8;52;1;7;1;
0120;61046007;STIMMBEZIRK;1780;1644;136;0;731;731;0;0;23;708;237;236;78;43;39;;54;;14;;7;;;;7;724;188;193;107;81;22;14;49;0;5;54;2;9;0;
0120;61046008;STIMMBEZIRK;1552;1351;201;0;828;828;0;0;21;807;328;264;81;57;21;;29;;14;;13;;;;4;824;239;213;122;112;9;16;36;6;7;57;2;4;1;
0120;61046009;STIMMBEZIRK;1825;1588;237;0;757;757;0;0;18;739;271;265;78;50;17;;42;;10;;6;;;;8;749;219;233;90;84;15;14;42;4;3;39;1;3;2;
0120;61046010;STIMMBEZIRK;1863;1665;198;0;1006;1006;0;0;24;982;335;347;122;84;34;;41;;5;;14;;;;12;994;272;293;160;115;14;17;45;3;3;61;2;5;4;
0120;61046011;STIMMBEZIRK;1668;1491;177;0;867;867;0;0;18;849;328;281;104;63;24;;35;;8;;6;;;;11;856;236;228;148;123;10;9;38;4;3;51;1;3;2;
0120;61046012;STIMMBEZIRK;1519;1428;91;0;652;652;0;0;20;632;192;265;47;36;25;;43;;18;;6;;;;4;648;156;227;74;52;14;15;40;3;6;53;0;6;2;
0120;61046013;STIMMBEZIRK;1515;1421;94;0;747;747;0;0;17;730;283;250;66;45;19;;50;;10;;7;;;;6;741;237;213;92;86;11;8;39;7;2;37;5;4;0;
0120;61046014;STIMMBEZIRK;1825;1665;160;0;867;867;0;0;19;848;351;278;76;75;16;;30;;10;;12;;;;15;852;276;230;110;109;8;22;25;4;2;59;0;2;5;
0120;61046015;STIMMBEZIRK;1762;1594;168;0;855;855;0;0;32;823;366;267;57;67;25;;22;;11;;8;;;;9;846;264;221;89;144;12;13;18;4;2;70;2;3;4;
0120;61046016;STIMMBEZIRK;1833;1605;228;0;1074;1074;0;0;19;1055;494;334;90;77;24;;17;;10;;9;;;;8;1066;365;273;161;158;7;14;17;4;4;54;3;4;2;
0120;61904001;BRIEFWAHLBEZIRK;0;0;0;0;658;0;0;0;12;646;295;198;54;48;11;;18;;11;;11;;;;2;656;216;153;95;100;7;11;21;6;6;34;4;2;1;
0120;61989001;BRIEFWAHLBEZIRK;0;0;0;0;1640;0;0;0;30;1610;791;404;157;136;35;;48;;25;;14;;;;14;1626;613;378;186;222;19;26;45;8;9;106;1;8;5;
0121;56920001;BRIEFWAHLBEZIRK;0;0;0;0;1404;0;0;0;12;1392;448;567;111;98;23;;62;;;83;;;;;7;1397;391;483;163;144;18;22;66;6;3;91;0;7;3;
0121;56920002;BRIEFWAHLBEZIRK;0;0;0;0;1623;0;0;0;17;1606;618;541;147;120;26;;50;;;104;;;;;6;1617;520;472;189;195;22;29;48;10;7;105;2;8;10;
0121;56920003;BRIEFWAHLBEZIRK;0;0;0;0;1192;0;0;0;12;1180;435;407;120;96;18;;35;;;69;;;;;6;1186;386;340;156;147;9;18;36;5;3;74;1;9;2;
0121;56015001;STIMMBEZIRK;1787;1566;221;0;655;654;1;0;11;644;180;267;43;50;13;;46;;;45;;;;;10;645;152;218;58;67;12;14;48;9;4;51;0;9;3;
0121;56015002;STIMMBEZIRK;1674;1494;180;0;595;581;14;0;4;591;158;222;66;40;23;;60;;;22;;;;;1;594;131;183;86;54;20;16;64;5;4;21;0;10;0;
0121;56015003;STIMMBEZIRK;2114;1865;249;0;903;903;0;0;22;881;263;362;79;54;13;;51;;;59;;;;;14;889;214;309;115;88;6;25;51;7;3;60;1;7;3;
0121;56015004;STIMMBEZIRK;1994;1740;253;1;911;909;2;0;17;894;229;371;91;50;16;;53;;;84;;;;;11;900;187;296;135;89;17;18;51;6;0;87;1;11;2;
0121;56015005;STIMMBEZIRK;1926;1702;224;0;1098;1096;2;0;12;1086;381;428;87;83;13;;47;;;47;;;;;11;1087;311;350;152;120;6;16;57;7;4;55;2;4;3;
0121;56015006;STIMMBEZIRK;1900;1714;186;0;798;798;0;0;12;786;264;305;71;35;20;;33;;;58;;;;;7;791;220;259;89;69;20;23;32;7;3;60;0;5;4;
0121;56015007;STIMMBEZIRK;1943;1734;209;0;1099;1094;5;0;18;1081;326;473;91;74;13;;47;;;57;;;;;10;1089;261;396;132;112;13;28;56;12;1;66;3;6;3;
0121;56015008;STIMMBEZIRK;1953;1694;258;1;1083;1081;2;0;9;1074;400;372;96;88;14;;37;;;67;;;;;3;1080;329;328;141;131;6;19;39;3;2;70;7;3;2;
0121;56015009;STIMMBEZIRK;1800;1528;271;1;744;700;44;0;24;720;236;277;58;38;12;;41;;;58;;;;;16;728;219;227;85;60;7;13;40;2;0;65;1;8;1;
0121;56015010;STIMMBEZIRK;1940;1681;259;0;946;946;0;0;6;940;336;346;84;58;17;;42;;;57;;;;;6;940;286;271;130;104;10;18;35;4;3;62;0;13;4;
0121;56015011;STIMMBEZIRK;1979;1722;257;0;937;934;3;0;12;925;281;410;82;48;15;;36;;;53;;;;;10;927;234;338;140;81;7;11;43;8;4;51;2;7;1;
0121;56015012;STIMMBEZIRK;1865;1682;183;0;715;709;6;0;19;696;190;284;54;54;11;;42;;;61;;;;;12;703;163;253;88;59;5;11;40;2;8;61;2;6;5;
0121;56015013;STIMMBEZIRK;1297;1223;74;0;312;308;4;0;4;308;69;132;21;22;4;;18;;;42;;;;;3;309;50;121;32;29;3;4;21;4;0;40;1;2;2;
0121;56015014;STIMMBEZIRK;1933;1559;374;0;1025;988;37;0;7;1018;359;393;77;59;20;;38;;;72;;;;;6;1019;300;300;150;99;11;15;39;5;4;84;3;7;2;
0121;56015015;STIMMBEZIRK;1866;1685;181;0;993;986;7;0;10;983;318;364;111;56;12;;54;;;68;;;;;4;989;269;295;158;91;17;17;50;5;4;72;3;4;4;
0121;56015016;STIMMBEZIRK;2024;1814;210;0;962;960;2;0;19;943;247;445;65;68;16;;41;;;61;;;;;13;949;191;374;110;96;16;26;43;9;4;69;3;7;1;
0121;56015017;STIMMBEZIRK;1875;1582;293;0;1043;1040;3;0;9;1034;368;388;103;73;10;;31;;;61;;;;;4;1039;310;303;163;118;5;25;41;6;4;60;2;2;0;
0121;56015018;STIMMBEZIRK;2128;1828;299;1;1151;1149;2;0;11;1140;441;434;93;67;12;;34;;;59;;;;;8;1143;373;378;140;119;8;12;30;6;8;63;2;4;0;
0121;56015019;STIMMBEZIRK;1993;1741;252;0;902;900;2;0;14;888;297;350;67;53;18;;45;;;58;;;;;13;889;235;278;114;98;13;17;50;1;10;64;1;6;2;
0121;56015020;STIMMBEZIRK;1938;1723;215;0;896;894;2;0;9;887;256;389;77;50;16;;57;;;42;;;;;11;885;210;330;105;73;10;24;61;6;9;43;1;11;2;
0121;56974001;BRIEFWAHLBEZIRK;0;0;0;0;1125;0;0;0;10;1115;462;334;109;97;18;;33;;;62;;;;;5;1120;371;314;117;163;11;17;34;4;4;75;1;7;2;
0121;56048001;STIMMBEZIRK;1525;1389;136;0;724;724;0;0;13;711;248;261;59;61;9;;28;;;45;;;;;8;716;202;233;92;78;10;7;30;1;2;51;3;6;1;
0121;56048002;STIMMBEZIRK;1509;1358;151;0;733;733;0;0;14;719;278;230;59;60;11;;30;;;51;;;;;7;726;206;196;94;101;14;17;22;5;10;53;3;5;0;
0121;56048003;STIMMBEZIRK;1341;1193;148;0;786;786;0;0;10;776;261;288;66;80;9;;34;;;38;;;;;7;779;210;240;102;99;7;22;29;6;4;39;14;3;4;
0121;56048004;STIMMBEZIRK;1945;1766;179;0;1008;1007;1;0;9;999;377;326;102;84;16;;34;;;60;;;;;7;1001;308;291;132;117;10;14;37;7;3;66;1;10;5;
0121;56048005;STIMMBEZIRK;1594;1405;189;0;920;920;0;0;18;902;344;310;69;82;13;;34;;;50;;;;;8;912;274;274;118;117;9;9;35;3;0;60;3;6;4;
0121;56048006;STIMMBEZIRK;1656;1469;187;0;1044;1043;1;0;12;1032;396;382;85;76;16;;32;;;45;;;;;11;1033;317;325;140;132;14;10;30;12;3;47;2;0;1;
0121;56048007;STIMMBEZIRK;1386;1206;180;0;845;845;0;0;7;838;331;295;84;59;12;;27;;;30;;;;;8;837;275;250;124;86;3;14;27;4;2;37;7;6;2;
0121;56916001;BRIEFWAHLBEZIRK;0;0;0;0;1020;0;0;0;5;1015;421;327;100;84;13;;12;;;58;;;;;0;1020;369;273;124;125;8;15;23;1;10;63;0;4;5;
0122;56002001;STIMMBEZIRK;1701;1526;175;0;1072;896;1;175;11;1061;433;364;79;66;9;24;31;;;55;0;;;;5;1067;343;305;129;120;8;37;37;10;5;60;1;10;2;
0122;56002002;STIMMBEZIRK;1580;1413;167;0;978;819;0;159;9;969;383;326;85;58;12;13;34;;;56;2;;;;2;976;316;283;117;111;7;28;29;4;6;62;4;5;4;
0122;56002003;STIMMBEZIRK;1458;1330;128;0;821;706;0;115;9;812;315;291;44;54;8;20;42;;;37;1;;;;4;817;258;256;100;78;7;18;29;9;6;45;1;5;5;
0122;56002004;STIMMBEZIRK;1581;1398;183;0;1066;902;0;164;11;1055;428;350;69;85;7;19;32;;;62;3;;;;8;1058;346;290;110;139;13;29;41;8;9;69;1;1;2;
0122;56002005;STIMMBEZIRK;1658;1489;169;0;1093;937;0;156;8;1085;408;393;109;49;11;15;49;;;46;5;;;;5;1088;343;348;146;93;9;34;42;5;7;48;3;6;4;
0122;56956001;BRIEFWAHLBEZIRK;0;0;0;0;898;0;0;0;6;892;337;273;70;129;2;8;31;;;40;2;;;;5;893;291;257;99;135;4;15;25;3;3;49;2;8;2;
0122;56956002;BRIEFWAHLBEZIRK;0;0;0;0;911;0;0;0;9;902;382;240;68;142;8;4;12;;;44;2;;;;3;908;339;253;86;143;6;6;12;4;4;48;0;4;3;
0122;56041001;STIMMBEZIRK;358;331;27;0;203;203;0;0;1;202;60;54;27;26;3;1;7;;;22;2;;;;0;203;55;51;33;22;1;3;6;4;3;21;1;3;0;
0122;56041002;STIMMBEZIRK;745;670;75;0;471;471;0;0;4;467;202;132;34;71;3;2;6;;;16;1;;;;3;468;189;103;63;71;2;5;11;0;4;16;2;1;1;
0122;56041003;STIMMBEZIRK;1337;1165;172;0;691;691;0;0;4;687;289;171;64;98;8;6;21;;;28;2;;;;3;688;222;164;86;130;7;9;21;2;3;35;0;2;7;
0122;56041004;STIMMBEZIRK;1073;943;130;0;484;484;0;0;5;479;195;146;15;54;5;8;27;;;28;1;;;;2;482;156;129;37;63;3;15;28;4;3;41;0;3;0;
0122;56041005;STIMMBEZIRK;1254;1133;121;0;590;590;0;0;16;574;205;181;40;73;7;6;13;;;49;0;;;;9;581;181;171;46;78;4;11;21;4;3;58;0;2;2;
0122;56041006;STIMMBEZIRK;1291;1108;183;0;698;698;0;0;17;681;244;215;55;91;12;17;23;;;22;2;;;;7;691;222;206;72;91;9;22;26;4;3;30;2;4;0;
0122;56041007;STIMMBEZIRK;1187;1065;122;0;634;634;0;0;7;627;242;193;46;78;11;8;19;;;29;1;;;;3;631;218;181;64;86;8;11;17;6;3;33;2;2;0;
0122;56041008;STIMMBEZIRK;1185;1042;143;0;552;552;0;0;5;547;193;157;47;76;6;10;19;;;39;0;;;;5;547;156;154;62;78;8;7;24;8;4;43;0;2;1;
0122;56041009;STIMMBEZIRK;1184;1034;150;0;550;550;0;0;5;545;192;162;36;92;8;5;18;;;32;0;;;;3;547;159;149;53;90;6;15;17;6;6;42;1;3;0;
0122;56041010;STIMMBEZIRK;1193;1056;137;0;665;665;0;0;4;661;264;177;53;104;3;10;24;;;25;1;;;;3;662;223;175;57;126;5;19;20;2;1;26;2;5;1;
0122;56041011;STIMMBEZIRK;1286;1102;184;0;634;634;0;0;4;630;258;172;40;80;7;8;20;;;45;0;;;;4;630;206;167;61;100;6;5;22;4;2;51;0;4;2;
0122;56041012;STIMMBEZIRK;1312;1194;118;0;622;622;0;0;5;617;219;165;34;121;7;5;19;;;47;0;;;;8;614;198;170;42;92;6;12;20;11;5;55;1;1;1;
0122;56041013;STIMMBEZIRK;1107;987;120;0;596;596;0;0;6;590;218;172;41;85;6;7;13;;;46;2;;;;4;592;186;169;52;92;5;9;21;2;2;50;1;2;1;
0122;56041014;STIMMBEZIRK;1061;950;111;0;607;607;0;0;7;600;243;167;35;95;5;6;14;;;33;2;;;;3;604;208;156;59;100;5;9;17;1;0;42;1;3;3;
0122;56041015;STIMMBEZIRK;1142;1006;136;0;676;676;0;0;4;672;283;149;48;111;5;10;9;;;57;0;;;;0;676;213;152;58;152;7;7;15;2;6;62;0;1;1;
0122;56988001;BRIEFWAHLBEZIRK;0;0;0;0;395;0;0;0;3;392;166;111;40;40;1;8;4;;;21;1;;;;1;394;126;109;38;77;2;6;6;2;0;23;2;0;3;
0122;56005001;STIMMBEZIRK;1180;1020;160;0;679;679;0;0;9;670;292;187;54;67;4;7;21;;;36;2;;;;5;674;245;187;61;95;4;5;21;3;3;42;1;5;2;
0122;56005002;STIMMBEZIRK;1157;1041;116;0;564;564;0;0;8;556;210;179;60;43;7;6;20;;;30;1;;;;3;561;178;161;70;68;3;10;20;6;5;34;0;3;3;
0122;56005003;STIMMBEZIRK;1121;936;185;0;646;646;0;0;9;637;263;210;60;51;5;4;12;;;30;2;;;;4;642;210;183;83;100;2;4;16;6;1;29;0;8;0;
0122;56989001;BRIEFWAHLBEZIRK;0;0;0;0;277;0;0;0;1;276;117;77;31;21;1;7;4;;;18;0;;;;1;276;94;73;33;35;1;8;5;1;2;22;0;2;0;
0122;56021001;STIMMBEZIRK;986;893;93;0;543;543;0;0;8;535;224;172;25;54;10;4;8;;;34;4;;;;5;538;191;164;37;72;7;10;10;4;1;40;1;0;1;
0122;56021002;STIMMBEZIRK;969;881;88;0;570;570;0;0;3;567;221;208;43;44;7;9;11;;;19;5;;;;3;567;177;194;54;79;4;7;12;0;3;24;3;8;2;
0122;56021003;STIMMBEZIRK;944;828;116;0;566;566;0;0;5;561;202;214;39;46;6;8;17;;;27;2;;;;5;561;174;193;51;66;5;10;18;5;3;33;1;0;2;
0122;56025001;STIMMBEZIRK;458;404;54;0;389;231;0;158;9;380;145;121;25;25;0;51;6;;;7;0;;;;2;387;127;139;30;36;1;27;11;1;0;10;0;5;0;
0122;56025002;STIMMBEZIRK;683;566;117;0;363;363;0;0;10;353;116;138;16;18;3;47;12;;;3;0;;;;5;358;92;139;29;38;2;35;11;1;2;4;0;4;1;
0122;56043001;STIMMBEZIRK;997;798;199;0;681;496;0;185;7;674;331;152;66;55;3;7;12;;;45;3;;;;4;677;280;140;76;101;4;11;13;3;1;43;3;2;0;
0122;56043002;STIMMBEZIRK;1058;911;147;0;762;620;0;142;4;758;382;193;51;60;4;9;6;;;50;3;;;;6;756;292;168;93;114;3;13;8;2;3;55;0;5;0;
0122;56043003;STIMMBEZIRK;929;757;172;0;661;497;0;164;4;657;335;169;44;48;3;7;10;;;41;0;;;;3;658;263;162;54;97;3;22;9;2;0;44;0;2;0;
0122;56043004;STIMMBEZIRK;890;779;111;0;596;487;0;109;7;589;217;223;60;36;6;4;12;;;31;0;;;;3;593;178;200;86;55;6;8;14;4;1;40;0;1;0;
0122;56043005;STIMMBEZIRK;1057;881;176;0;749;585;0;164;6;743;326;245;55;52;7;8;17;;;30;3;;;;4;745;273;232;71;95;5;7;17;3;2;33;1;4;2;
0122;56043006;STIMMBEZIRK;961;802;159;0;711;561;0;150;3;708;338;173;81;53;6;14;16;;;27;0;;;;0;711;287;153;86;105;4;19;18;5;2;27;0;3;2;
0122;56043007;STIMMBEZIRK;1058;915;143;0;621;483;0;138;6;615;281;185;39;49;3;9;19;;;28;2;;;;4;617;242;180;48;73;5;11;19;5;2;27;2;2;1;
0122;56043008;STIMMBEZIRK;894;794;100;0;449;354;0;95;6;443;166;162;29;29;8;9;16;;;22;2;;;;5;444;145;148;36;51;5;10;14;3;2;25;1;1;3;
0122;56043009;STIMMBEZIRK;884;780;104;0;570;473;0;97;2;568;241;178;38;48;5;5;16;;;36;1;;;;4;566;204;152;61;74;6;7;16;2;0;43;0;0;1;
0122;56043010;STIMMBEZIRK;890;723;167;0;561;404;0;157;2;559;218;179;62;47;5;6;14;;;28;0;;;;1;560;183;174;62;77;5;7;14;1;3;29;0;2;3;
0122;56043011;STIMMBEZIRK;978;844;134;0;647;522;0;125;6;641;262;212;59;27;8;9;15;;;44;5;;;;6;641;194;190;82;86;6;17;12;4;3;42;5;0;0;
0122;56043012;STIMMBEZIRK;1038;864;174;0;751;583;1;167;6;745;346;210;65;57;7;10;10;;;38;2;;;;6;745;274;181;91;115;1;11;15;5;4;42;4;0;2;
0123;56978001;BRIEFWAHLBEZIRK;0;0;0;0;1430;0;0;0;16;1414;605;498;95;97;15;;27;;;77;;;;;11;1419;462;440;141;194;10;28;30;3;4;100;1;6;0;
0123;56049001;STIMMBEZIRK;1772;1569;203;0;811;811;0;0;11;800;287;299;68;61;13;;18;;;54;;;;;6;805;245;250;90;105;10;13;23;5;1;52;5;5;1;
0123;56049002;STIMMBEZIRK;1637;1488;149;0;755;755;0;0;8;747;248;314;56;38;8;;31;;;52;;;;;4;751;211;242;106;63;6;20;35;2;3;60;0;2;1;
0123;56049003;STIMMBEZIRK;1615;1415;200;0;886;886;0;0;14;872;317;330;63;51;12;;30;;;69;;;;;8;878;269;281;88;89;6;23;27;8;3;79;0;5;0;
0123;56049004;STIMMBEZIRK;1843;1682;161;0;778;778;0;0;17;761;276;297;41;43;11;;35;;;58;;;;;7;771;240;265;61;64;8;18;37;4;1;64;1;4;4;
0123;56049005;STIMMBEZIRK;1669;1512;157;0;780;780;0;0;9;771;284;275;64;56;11;;18;;;63;;;;;6;774;235;234;101;90;4;17;15;6;2;61;1;2;6;
0123;56049006;STIMMBEZIRK;1882;1689;193;0;804;782;22;0;12;792;298;319;33;50;7;;20;;;65;;;;;11;793;257;285;62;70;6;20;21;3;3;61;1;2;2;
0123;56049007;STIMMBEZIRK;1864;1603;261;0;1071;1071;0;0;19;1052;409;388;87;76;13;;28;;;51;;;;;12;1059;322;309;140;131;10;25;36;10;3;62;4;7;0;
0123;56049008;STIMMBEZIRK;1883;1656;227;0;1070;1070;0;0;6;1064;407;425;90;79;12;;17;;;34;;;;;8;1062;307;372;125;147;8;24;16;4;4;44;1;8;2;
0123;56050001;STIMMBEZIRK;1676;1388;288;0;1142;866;0;276;15;1127;418;381;126;97;16;;47;;;42;;;;;13;1129;295;313;179;186;10;25;52;3;7;44;2;9;4;
0123;56050002;STIMMBEZIRK;2140;1738;402;0;1544;1162;1;381;16;1528;633;520;141;105;14;;53;;;62;;;;;7;1537;499;428;226;205;9;31;61;2;3;64;1;7;1;
0123;56050003;STIMMBEZIRK;1730;1500;230;0;1192;970;0;222;11;1181;462;395;148;77;13;;42;;;44;;;;;9;1183;346;327;193;162;6;24;51;11;0;52;2;6;3;
0123;56050004;STIMMBEZIRK;1649;1389;260;0;1132;877;2;253;14;1118;421;380;118;73;14;;44;;;68;;;;;7;1125;317;316;146;163;11;28;46;3;4;77;5;6;3;
0123;56050005;STIMMBEZIRK;1094;960;134;0;526;397;6;123;7;519;164;169;58;41;18;;37;;;32;;;;;6;520;131;139;76;69;12;12;37;1;0;32;2;6;3;
0123;56050006;STIMMBEZIRK;1620;1436;184;0;942;765;0;177;15;927;319;341;92;48;22;;55;;;50;;;;;10;932;216;328;142;76;9;16;68;7;6;53;2;9;0;
0123;56050007;STIMMBEZIRK;1679;1482;197;0;807;622;0;185;14;793;241;309;59;62;17;;44;;;61;;;;;8;799;189;265;85;87;8;26;52;5;4;69;1;6;2;
0123;56050008;STIMMBEZIRK;1802;1479;323;0;1184;879;0;305;13;1171;452;408;104;94;13;;57;;;43;;;;;4;1180;350;332;167;175;12;23;57;3;0;53;3;5;0;
0123;56050009;STIMMBEZIRK;1905;1640;265;0;1126;869;0;257;14;1112;344;488;95;49;18;;57;;;61;;;;;8;1118;272;412;161;91;12;27;67;6;4;57;0;5;4;
0123;56050010;STIMMBEZIRK;1514;1291;223;0;837;624;0;213;18;819;226;369;55;56;15;;48;;;50;;;;;13;824;175;311;77;90;11;32;52;10;2;58;1;3;2;
0123;56050011;STIMMBEZIRK;1735;1405;330;0;1121;803;0;318;15;1106;401;424;91;95;16;;38;;;41;;;;;10;1111;321;363;124;144;12;29;53;2;4;48;5;5;1;
0123;56050012;STIMMBEZIRK;1497;1220;277;0;1107;836;0;271;19;1088;413;393;116;66;11;;35;;;54;;;;;11;1096;312;314;184;146;8;24;32;4;1;64;5;1;1;
0123;56050013;STIMMBEZIRK;1569;1370;199;0;948;757;0;191;17;931;315;349;77;71;16;;45;;;58;;;;;9;939;251;300;115;112;8;29;50;1;5;56;3;6;3;
0123;56050014;STIMMBEZIRK;1353;1210;143;0;615;478;2;135;14;601;142;265;45;43;14;;43;;;49;;;;;7;608;116;241;59;55;10;16;43;5;1;54;4;3;1;
0123;56050015;STIMMBEZIRK;1427;1212;215;0;877;672;1;204;10;867;265;338;103;53;18;;34;;;56;;;;;6;871;210;280;138;101;14;26;36;3;1;54;3;4;1;
0123;56050016;STIMMBEZIRK;1283;1031;252;0;749;513;0;236;17;732;197;316;78;51;13;;41;;;36;;;;;12;737;154;264;111;80;8;20;46;3;1;39;1;8;2;
0123;56990001;BRIEFWAHLBEZIRK;0;0;0;0;680;0;0;0;4;676;305;213;44;57;2;;19;;;36;;;;;3;677;234;182;67;101;2;9;14;7;8;47;3;3;0;
0123;56990002;BRIEFWAHLBEZIRK;0;0;0;0;746;0;0;0;13;733;367;215;50;40;10;;18;;;33;;;;;2;744;293;192;87;86;7;13;14;4;3;41;0;3;1;
0123;56990003;BRIEFWAHLBEZIRK;0;0;0;0;784;0;0;0;3;781;386;235;51;53;8;;16;;;32;;;;;2;782;307;212;73;99;5;12;22;5;8;31;2;6;0;
0124;56952001;BRIEFWAHLBEZIRK;0;0;0;0;1249;0;0;0;19;1230;467;392;146;81;19;;36;;;89;;;;;10;1239;374;339;182;145;16;23;36;8;10;95;4;3;4;
0124;56952002;BRIEFWAHLBEZIRK;0;0;0;0;1236;0;0;0;10;1226;459;450;107;92;9;;33;;;76;;;;;6;1230;399;361;167;143;5;19;29;3;4;88;3;8;1;
0124;56952003;BRIEFWAHLBEZIRK;0;0;0;0;1297;0;0;0;9;1288;448;448;149;127;12;;20;;;84;;;;;6;1291;344;404;173;217;9;18;26;3;4;85;4;3;1;
0124;56039001;STIMMBEZIRK;1631;1418;213;0;624;623;1;0;6;618;189;254;50;40;11;;27;;;47;;;;;4;620;150;208;85;63;7;16;32;8;0;47;2;1;1;
0124;56039002;STIMMBEZIRK;1864;1606;258;0;870;867;3;0;17;853;286;299;90;55;19;;45;;;59;;;;;12;858;230;251;112;87;24;17;37;4;5;72;2;9;8;
0124;56039003;STIMMBEZIRK;1847;1648;199;0;950;950;0;0;12;938;319;377;85;62;13;;20;;;62;;;;;8;942;276;332;115;85;8;19;26;5;6;62;1;4;3;
0124;56039004;STIMMBEZIRK;1859;1615;244;0;892;892;0;0;15;877;306;313;70;55;10;;39;;;84;;;;;8;884;271;270;90;84;8;16;39;4;5;86;2;8;1;
0124;56039005;STIMMBEZIRK;1609;1486;123;0;735;735;0;0;10;725;205;309;56;48;14;;31;;;62;;;;;5;730;175;263;93;58;10;19;30;8;4;65;2;1;2;
0124;56039006;STIMMBEZIRK;1479;1326;153;0;617;617;0;0;6;611;217;228;48;44;11;;14;;;49;;;;;3;614;189;200;55;69;10;6;12;5;4;59;3;1;1;
0124;56039007;STIMMBEZIRK;1193;1056;137;0;470;470;0;0;10;460;150;183;24;27;9;;23;;;44;;;;;2;468;129;157;41;36;8;8;29;3;4;46;1;5;1;
0124;56039008;STIMMBEZIRK;542;503;39;0;202;185;17;0;0;202;67;78;17;6;2;;15;;;17;;;;;1;201;59;69;21;13;1;6;10;0;0;18;0;4;0;
0124;56039009;STIMMBEZIRK;1704;1526;178;0;686;686;0;0;14;672;186;290;70;28;11;;29;;;58;;;;;7;679;162;234;97;55;7;14;34;7;4;59;0;3;3;
0124;56039010;STIMMBEZIRK;1585;1450;135;0;788;787;1;0;9;779;237;318;71;57;10;;33;;;53;;;;;3;785;212;259;100;83;5;10;40;7;4;53;3;5;4;
0124;56039011;STIMMBEZIRK;1724;1535;189;0;867;867;0;0;11;856;309;313;90;55;8;;34;;;47;;;;;9;858;265;279;122;71;9;11;35;6;2;48;4;5;1;
0124;56039012;STIMMBEZIRK;1828;1580;248;0;1037;1036;1;0;14;1023;328;428;123;58;10;;29;;;47;;;;;4;1033;291;345;175;98;9;10;31;5;3;57;1;6;2;
0124;56039013;STIMMBEZIRK;1898;1683;215;0;911;910;1;0;8;903;319;314;102;57;14;;32;;;65;;;;;8;903;288;257;138;84;6;8;35;6;5;69;1;4;2;
0124;56039014;STIMMBEZIRK;1768;1468;300;0;730;729;1;0;7;723;252;258;86;48;13;;28;;;38;;;;;4;726;224;207;111;75;9;18;26;3;2;40;1;7;3;
0124;56039015;STIMMBEZIRK;1950;1610;340;0;929;928;1;0;8;921;302;349;104;61;12;;36;;;57;;;;;4;925;248;267;157;110;4;19;35;3;5;66;1;9;1;
0124;56039016;STIMMBEZIRK;1955;1700;255;0;1076;1075;1;0;5;1071;349;390;143;61;22;;44;;;62;;;;;1;1075;301;305;189;113;13;20;43;11;6;64;0;5;5;
0124;56039017;STIMMBEZIRK;1896;1670;226;0;844;844;0;0;10;834;252;335;87;48;11;;39;;;62;;;;;11;833;212;280;109;85;9;12;39;4;1;74;1;3;4;
0124;56039018;STIMMBEZIRK;1714;1421;293;0;896;896;0;0;8;888;371;272;109;61;15;;22;;;38;;;;;10;886;294;227;133;132;5;10;21;5;2;46;0;7;4;
0124;56039019;STIMMBEZIRK;2068;1811;257;0;1171;1168;3;0;7;1164;464;413;109;74;8;;32;;;64;;;;;10;1161;380;348;147;144;5;17;35;10;4;65;3;2;1;
0124;56044001;STIMMBEZIRK;1060;882;178;0;755;588;1;166;3;752;317;222;101;57;8;;20;;;27;;;;;2;753;257;175;107;122;5;15;29;5;4;31;1;1;1;
0124;56044002;STIMMBEZIRK;1170;1021;149;0;741;603;0;138;3;738;277;230;74;71;10;;22;;;54;;;;;1;740;230;206;90;115;5;14;17;7;2;48;2;3;1;
0124;56044003;STIMMBEZIRK;1111;995;116;0;628;519;0;109;9;619;211;248;52;47;5;;26;;;30;;;;;5;623;188;224;54;69;2;10;33;0;2;36;0;4;1;
0124;56044004;STIMMBEZIRK;1059;958;101;0;627;530;0;97;5;622;157;255;79;33;7;;29;;;62;;;;;1;626;136;217;90;68;4;12;22;5;5;60;1;3;3;
0124;56044005;STIMMBEZIRK;1150;1017;133;0;722;592;1;129;10;712;212;282;67;58;8;;36;;;49;;;;;6;716;196;260;63;81;8;12;32;7;2;46;0;8;1;
0124;56044006;STIMMBEZIRK;1080;971;109;0;537;438;0;99;4;533;148;225;37;51;3;;30;;;39;;;;;0;537;118;195;56;75;1;12;29;2;1;41;0;3;4;
0124;56044007;STIMMBEZIRK;971;863;108;0;534;429;0;105;5;529;164;208;41;48;9;;18;;;41;;;;;2;532;129;186;55;70;6;14;17;1;4;49;0;1;0;
0124;56044008;STIMMBEZIRK;1083;983;100;0;612;516;0;96;7;605;164;266;61;34;10;;24;;;46;;;;;6;606;136;223;74;61;6;19;30;4;2;47;0;2;2;
0124;56044009;STIMMBEZIRK;1106;928;178;0;678;529;46;103;9;669;261;246;57;41;14;;19;;;31;;;;;6;672;222;221;68;75;8;9;19;2;4;37;1;5;1;
0124;56044010;STIMMBEZIRK;1097;1004;93;0;613;526;1;86;10;603;171;253;69;41;6;;20;;;43;;;;;5;608;152;220;76;64;1;10;22;8;1;50;1;3;0;
0124;56044011;STIMMBEZIRK;1087;938;149;0;720;582;0;138;5;715;243;277;75;46;10;;11;;;53;;;;;3;717;191;216;118;78;5;8;21;10;4;57;1;3;5;
0124;56044012;STIMMBEZIRK;1036;936;100;0;651;555;0;96;8;643;245;238;57;41;5;;25;;;32;;;;;4;647;205;218;74;68;4;4;25;8;2;33;0;6;0;
0124;56044013;STIMMBEZIRK;971;860;111;0;517;411;0;106;5;512;134;204;49;40;11;;24;;;50;;;;;6;511;124;182;55;56;5;7;21;6;0;47;2;5;1;
0124;56044014;STIMMBEZIRK;1068;960;108;0;642;542;1;99;10;632;211;265;49;48;3;;15;;;41;;;;;5;637;179;219;63;86;3;19;22;3;3;37;1;1;1;
0124;56924001;BRIEFWAHLBEZIRK;0;0;0;0;989;0;0;0;9;980;355;373;85;84;12;;20;;;51;;;;;8;981;280;324;107;151;3;27;22;2;2;56;1;4;2;
0124;56924002;BRIEFWAHLBEZIRK;0;0;0;0;850;0;0;0;0;850;302;273;111;76;13;;29;;;46;;;;;0;850;249;260;102;110;9;15;35;3;5;49;1;6;6;
0124;56018001;STIMMBEZIRK;1081;952;129;0;481;481;0;0;3;478;197;153;50;27;5;;21;;;25;;;;;1;480;176;131;56;48;4;9;17;3;2;25;4;5;0;
0124;56018002;STIMMBEZIRK;1087;933;154;0;573;573;0;0;9;564;216;182;62;52;8;;10;;;34;;;;;6;567;180;158;81;89;1;6;10;1;1;35;1;4;0;
0124;56018003;STIMMBEZIRK;984;852;132;0;536;536;0;0;4;532;201;182;52;40;8;;15;;;34;;;;;2;534;171;142;58;94;6;6;22;0;0;33;0;1;1;
0124;56018004;STIMMBEZIRK;835;724;111;0;430;430;0;0;6;424;149;151;53;21;11;;11;;;28;;;;;2;428;133;110;76;46;7;5;12;0;0;33;1;4;1;
0124;56018005;STIMMBEZIRK;1000;880;120;0;545;545;0;0;5;540;161;213;67;32;8;;14;;;45;;;;;2;543;141;190;72;52;4;16;12;2;1;50;0;3;0;
0124;56018006;STIMMBEZIRK;1121;891;230;0;626;626;0;0;7;619;230;209;73;45;3;;19;;;40;;;;;2;624;196;183;76;78;1;8;25;5;4;43;3;1;1;
0124;56018007;STIMMBEZIRK;997;836;161;0;435;435;0;0;4;431;132;170;38;35;9;;15;;;32;;;;;1;434;106;145;52;57;4;10;17;5;1;29;3;3;2;
0124;56018008;STIMMBEZIRK;910;795;115;0;545;545;0;0;3;542;197;205;60;38;8;;11;;;23;;;;;0;545;155;154;90;81;4;10;20;0;2;24;0;4;1;
0124;56018009;STIMMBEZIRK;1088;921;167;0;540;540;0;0;7;533;189;184;59;51;5;;12;;;33;;;;;4;536;172;156;71;69;1;11;14;2;0;33;2;4;1;
0124;56018010;STIMMBEZIRK;1027;889;138;0;591;591;0;0;8;583;222;192;79;49;6;;12;;;23;;;;;5;586;184;154;97;83;3;16;12;1;2;29;0;4;1;
0124;56018011;STIMMBEZIRK;967;819;148;0;506;506;0;0;3;503;196;151;67;39;3;;13;;;34;;;;;1;505;171;126;68;70;2;9;22;1;1;32;0;3;0;
0124;56018012;STIMMBEZIRK;917;832;85;0;440;440;0;0;3;437;157;154;35;31;4;;17;;;39;;;;;1;439;122;117;48;62;5;11;19;3;5;44;0;1;2;
0124;56018013;STIMMBEZIRK;926;810;116;0;420;420;0;0;7;413;128;144;44;30;13;;26;;;28;;;;;7;413;99;121;63;49;7;8;24;1;6;29;1;5;0;
0124;56018014;STIMMBEZIRK;814;682;132;0;481;481;0;0;2;479;159;156;74;45;3;;17;;;25;;;;;0;481;130;136;76;75;3;10;16;1;1;25;2;3;3;
0125;60909001;BRIEFWAHLBEZIRK;0;0;0;0;1069;0;0;0;10;1059;427;296;155;71;13;;36;6;7;48;;;;;2;1067;347;266;164;144;8;23;38;6;5;58;3;3;2;
0125;60004001;STIMMBEZIRK;967;887;80;0;491;491;0;0;2;489;171;170;42;31;5;;19;7;3;41;;;;;1;490;132;135;68;55;4;11;26;10;2;43;1;2;1;
0125;60004002;STIMMBEZIRK;1032;901;131;0;667;667;0;0;6;661;276;189;88;27;7;;15;6;9;44;;;;;3;664;216;145;109;96;5;11;11;4;6;49;4;3;5;
0125;60004003;STIMMBEZIRK;1010;918;92;0;533;533;0;0;9;524;185;184;62;34;8;;17;5;7;22;;;;;3;530;155;141;99;61;11;9;13;6;5;27;0;2;1;
0125;60004004;STIMMBEZIRK;836;744;92;0;476;476;0;0;7;469;166;154;74;23;6;;11;6;3;26;;;;;5;471;132;136;79;53;3;6;19;4;3;24;2;7;3;
0125;60004005;STIMMBEZIRK;1206;1089;117;0;574;574;0;0;11;563;224;178;59;47;6;;13;4;5;27;;;;;8;566;187;151;62;88;7;14;13;3;0;28;6;5;2;
0125;60004006;STIMMBEZIRK;861;788;73;0;427;427;0;0;2;425;159;128;40;41;4;;25;2;2;24;;;;;1;426;118;98;68;70;2;7;25;3;1;25;2;5;2;
0125;60004007;STIMMBEZIRK;934;849;85;0;393;393;0;0;8;385;152;140;28;28;3;;8;4;3;19;;;;;6;387;127;108;50;51;5;4;7;7;3;21;3;1;0;
0125;60004008;STIMMBEZIRK;732;659;73;0;328;326;2;0;11;317;125;99;25;30;3;;14;7;1;13;;;;;7;321;96;70;44;53;4;6;20;6;1;17;1;3;0;
0125;60004009;STIMMBEZIRK;1161;1046;115;0;677;677;0;0;6;671;281;188;55;52;14;;20;7;1;53;;;;;5;672;231;149;87;98;11;10;18;9;2;55;0;1;1;
0125;60004010;STIMMBEZIRK;755;684;71;0;350;350;0;0;12;338;124;110;36;21;6;;9;0;3;29;;;;;10;340;100;105;41;40;5;4;9;1;2;31;1;0;1;
0125;60004011;STIMMBEZIRK;749;633;116;0;374;373;1;0;10;364;169;99;32;22;1;;7;7;3;24;;;;;7;367;130;75;56;50;0;8;9;6;4;23;2;1;3;
0125;60004012;STIMMBEZIRK;765;677;88;0;365;365;0;0;3;362;141;109;39;21;6;;8;1;4;33;;;;;2;363;110;90;54;50;4;2;9;3;3;37;0;1;0;
0125;60044001;STIMMBEZIRK;1279;1188;91;0;549;464;0;85;17;532;193;194;27;21;5;;31;9;4;48;;;;;10;539;167;170;48;38;6;9;41;5;3;50;0;2;0;
0125;60044002;STIMMBEZIRK;1406;1290;116;0;787;674;0;113;26;761;247;317;47;33;7;;33;7;6;64;;;;;16;771;206;295;72;66;5;20;33;5;4;62;1;2;0;
0125;60044003;STIMMBEZIRK;1349;1190;159;0;969;820;149;0;15;954;397;304;71;74;16;;20;24;5;43;;;;;10;959;352;275;91;116;9;15;21;17;3;53;4;2;1;
0125;60044004;STIMMBEZIRK;1318;1189;129;0;734;616;0;118;18;716;289;251;35;50;11;;24;11;5;40;;;;;16;718;247;224;61;79;4;25;22;8;5;37;1;4;1;
0125;60044005;STIMMBEZIRK;1105;1019;86;0;486;406;0;80;27;459;178;140;29;35;4;;16;14;3;40;;;;;15;471;148;122;40;71;3;10;18;11;2;45;1;0;0;
0125;60044006;STIMMBEZIRK;1319;1169;150;0;833;687;0;146;28;805;310;276;53;51;9;;34;10;11;51;;;;;16;817;246;238;93;115;5;16;33;11;4;48;4;3;1;
0125;60044007;STIMMBEZIRK;1131;1025;106;0;646;549;0;97;13;633;254;212;40;55;5;;20;4;3;40;;;;;7;639;206;166;70;95;6;13;22;6;0;43;2;2;8;
0125;60044008;STIMMBEZIRK;869;832;37;0;302;271;3;28;11;291;89;100;12;24;3;;20;3;2;38;;;;;6;296;81;84;22;28;6;9;15;6;1;42;1;0;1;
0125;60044009;STIMMBEZIRK;1017;944;73;0;536;471;0;65;15;521;194;178;30;39;5;;30;2;9;34;;;;;10;526;168;175;41;59;3;6;27;2;6;34;0;3;2;
0125;60044010;STIMMBEZIRK;1068;969;99;0;700;609;0;91;6;694;254;241;53;58;11;;20;8;7;42;;;;;4;696;211;212;76;96;9;13;18;6;6;49;0;0;0;
0125;60044011;STIMMBEZIRK;1074;971;103;0;742;649;0;93;7;735;312;246;53;47;7;;13;7;6;44;;;;;4;738;258;210;75;97;5;16;13;6;3;48;2;4;1;
0125;60044012;STIMMBEZIRK;1260;1132;128;0;838;721;0;117;12;826;333;253;59;68;16;;26;14;6;51;;;;;8;830;290;216;87;109;13;13;26;12;4;53;4;1;2;
0125;60044013;STIMMBEZIRK;1036;972;64;0;679;619;0;60;13;666;248;224;38;38;8;;42;11;6;51;;;;;7;672;200;192;51;69;8;18;49;9;7;59;1;5;4;
0125;60044014;STIMMBEZIRK;954;896;58;0;431;374;0;57;16;415;117;166;19;25;5;;23;7;2;51;;;;;13;418;110;145;38;33;2;6;20;4;0;50;3;1;6;
0125;60926001;BRIEFWAHLBEZIRK;0;0;0;0;577;0;0;0;4;573;260;171;49;36;1;;9;8;3;36;;;;;4;573;223;168;53;60;2;7;10;5;2;42;0;1;0;
0125;60019001;STIMMBEZIRK;1039;913;126;0;637;637;0;0;11;626;255;208;54;36;7;;12;7;7;40;;;;;6;631;217;182;80;69;3;15;11;4;5;40;3;1;1;
0125;60019002;STIMMBEZIRK;901;788;113;0;540;540;0;0;9;531;233;174;28;50;5;;7;2;1;31;;;;;2;538;187;154;52;86;2;9;4;2;0;39;1;1;1;
0125;60019003;STIMMBEZIRK;1129;973;156;0;503;502;1;0;8;495;157;213;14;35;8;;18;8;6;36;;;;;6;497;131;191;29;57;7;11;18;6;3;39;2;2;1;
0125;60019004;STIMMBEZIRK;837;741;96;0;482;482;0;0;10;472;185;142;41;51;2;;13;6;2;30;;;;;2;480;156;133;49;80;3;11;11;2;1;29;3;1;1;
0125;60019005;STIMMBEZIRK;974;845;129;0;598;598;0;0;0;598;270;181;34;49;8;;6;7;4;39;;;;;2;596;204;160;49;106;9;10;5;7;1;42;0;0;3;
0125;60929001;BRIEFWAHLBEZIRK;0;0;0;0;680;0;0;0;9;671;250;214;61;60;4;;25;20;7;30;;;;;6;674;217;204;77;98;4;14;11;9;1;33;0;3;3;
0125;60929002;BRIEFWAHLBEZIRK;0;0;0;0;943;0;0;0;22;921;332;336;57;77;8;;41;11;8;51;;;;;19;924;286;302;91;123;5;13;28;4;2;61;2;5;2;
0125;60929003;BRIEFWAHLBEZIRK;0;0;0;0;887;0;0;0;12;875;343;273;70;80;5;;36;19;15;34;;;;;8;879;287;270;91;127;4;11;25;13;6;40;2;3;0;
0125;60039001;STIMMBEZIRK;1502;1341;161;0;781;781;0;0;7;774;295;231;53;51;8;;29;27;12;68;;;;;4;777;284;201;67;78;7;12;25;22;6;68;0;3;4;
0125;60039002;STIMMBEZIRK;1594;1408;186;0;828;828;0;0;15;813;309;271;47;58;10;;37;17;3;61;;;;;13;815;245;241;86;109;6;19;30;13;3;63;0;0;0;
0125;60039003;STIMMBEZIRK;1403;1216;187;0;649;649;0;0;2;647;245;209;47;44;4;;26;24;4;44;;;;;1;648;190;190;68;71;7;15;30;15;8;48;5;1;0;
0125;60039004;STIMMBEZIRK;1638;1485;153;0;838;838;0;0;9;829;281;290;43;55;15;;27;11;19;88;;;;;13;825;225;260;77;99;10;17;19;11;11;93;0;3;0;
0125;60039005;STIMMBEZIRK;1570;1386;184;0;805;805;0;0;15;790;292;261;49;61;12;;29;17;13;56;;;;;7;798;235;222;78;104;10;28;31;13;9;65;3;0;0;
0125;60039006;STIMMBEZIRK;1213;1110;103;0;685;685;0;0;9;676;243;258;48;45;8;;24;13;8;29;;;;;4;681;197;225;75;88;6;21;22;5;5;34;2;0;1;
0125;60039007;STIMMBEZIRK;1052;946;106;0;625;625;0;0;6;619;256;210;40;53;7;;13;7;4;29;;;;;5;620;189;188;77;107;6;8;2;6;3;32;2;0;0;
0125;60039008;STIMMBEZIRK;1242;1074;168;0;655;655;0;0;11;644;254;225;36;55;2;;15;7;7;43;;;;;5;650;211;205;58;80;2;16;15;7;5;49;0;0;2;
0125;60039009;STIMMBEZIRK;1214;1072;142;0;715;715;0;0;11;704;308;194;55;61;5;;32;7;8;34;;;;;5;710;244;172;105;90;2;15;23;5;12;39;1;2;0;
0125;60039010;STIMMBEZIRK;336;299;37;0;178;178;0;0;1;177;97;29;8;18;0;;9;0;3;13;;;;;1;177;81;30;9;30;3;3;5;0;3;12;0;1;0;
0125;60039011;STIMMBEZIRK;1481;1290;191;0;854;854;0;0;10;844;290;287;74;69;8;;31;20;16;49;;;;;5;849;238;261;93;125;5;11;30;16;9;59;2;0;0;
0125;60039012;STIMMBEZIRK;1386;1236;150;0;818;818;0;0;2;816;273;306;53;73;12;;27;14;6;52;;;;;3;815;221;263;95;114;8;12;27;14;6;50;2;1;2;
0125;60039013;STIMMBEZIRK;1293;1154;139;0;742;742;0;0;6;736;264;265;48;52;8;;30;7;10;52;;;;;4;738;229;230;85;90;7;16;19;6;4;49;0;2;1;
0125;60039014;STIMMBEZIRK;1384;1215;169;0;714;714;0;0;5;709;265;234;50;67;3;;18;13;8;51;;;;;5;709;202;212;83;106;2;20;16;6;4;55;1;2;0;
0125;60039015;STIMMBEZIRK;1405;1242;163;0;697;697;0;0;8;689;220;256;43;61;7;;23;11;10;58;;;;;3;694;177;222;73;100;2;16;14;9;8;67;3;2;1;
0125;60039016;STIMMBEZIRK;1375;1172;203;0;804;804;0;0;7;797;353;242;39;65;8;;26;9;15;40;;;;;5;799;289;190;74;136;4;16;23;10;9;47;1;0;0;
0125;60039017;STIMMBEZIRK;1338;1133;205;0;732;732;0;0;10;722;268;224;44;78;5;;12;10;24;57;;;;;6;726;221;202;65;122;6;15;13;10;12;58;1;0;1;
0125;60943001;BRIEFWAHLBEZIRK;0;0;0;0;749;0;0;0;8;741;297;211;73;50;12;;28;9;8;53;;;;;8;741;242;178;103;98;14;12;23;10;7;50;3;1;0;
0125;60905001;BRIEFWAHLBEZIRK;0;0;0;0;556;0;0;0;5;551;203;156;67;36;6;;20;8;4;51;;;;;3;553;173;145;79;58;6;9;17;7;5;51;0;1;2;
0126;60914001;BRIEFWAHLBEZIRK;0;0;0;0;1496;0;0;0;17;1479;661;396;169;118;24;;34;;16;61;0;;;;4;1492;556;360;199;218;13;22;40;6;6;69;0;3;0;
0126;60005001;STIMMBEZIRK;2239;1953;286;0;1317;1317;0;0;19;1298;526;416;141;98;18;;29;;4;59;7;;;;12;1305;448;348;192;142;16;20;37;8;7;75;7;3;2;
0126;60005002;STIMMBEZIRK;2038;1815;223;0;1056;1048;8;0;17;1039;437;314;106;79;7;;37;;11;44;4;;;;19;1037;328;294;129;157;6;17;36;12;4;44;3;5;2;
0126;60005003;STIMMBEZIRK;1928;1684;244;0;962;962;0;0;19;943;370;300;99;68;21;;22;;6;53;4;;;;13;949;299;268;135;106;16;22;27;9;3;56;2;4;2;
0126;60005004;STIMMBEZIRK;1720;1568;152;0;695;695;0;0;1;694;274;213;77;47;9;;26;;6;40;2;;;;0;695;222;183;98;87;5;19;31;3;0;39;5;2;1;
0126;60005005;STIMMBEZIRK;2120;1934;186;0;937;936;1;0;9;928;317;315;95;61;10;;32;;11;82;5;;;;9;928;268;256;137;88;7;15;37;10;9;92;5;4;0;
0126;60005006;STIMMBEZIRK;2036;1839;197;0;1014;1014;0;0;10;1004;389;329;93;63;13;;31;;19;67;0;;;;5;1009;289;300;119;120;11;28;29;18;7;74;2;6;6;
0126;60005007;STIMMBEZIRK;2178;1892;286;0;1119;1119;0;0;18;1101;429;352;119;72;16;;28;;14;63;8;;;;7;1112;353;313;153;122;10;22;42;5;7;69;4;8;4;
0126;60978001;BRIEFWAHLBEZIRK;0;0;0;0;513;0;0;0;13;500;210;173;34;45;1;;11;;0;23;3;;;;36;477;166;154;50;39;6;10;19;6;1;21;3;0;2;
0126;60092001;STIMMBEZIRK;1483;1381;102;0;715;715;0;0;16;699;313;207;39;37;10;;26;;10;55;2;;;;7;708;254;196;52;76;10;14;29;7;7;54;3;5;1;
0126;60092002;STIMMBEZIRK;1427;1320;107;0;657;657;0;0;19;638;285;194;36;40;5;;19;;7;45;7;;;;16;641;223;186;48;83;6;11;24;8;5;44;3;0;0;
0126;60092003;STIMMBEZIRK;1447;1362;85;0;643;643;0;0;5;638;270;222;32;32;12;;25;;11;28;6;;;;19;624;219;210;46;56;8;15;27;0;7;24;5;4;3;
0126;60092004;STIMMBEZIRK;1509;1404;105;0;686;686;0;0;9;677;279;246;34;33;5;;28;;7;44;1;;;;8;678;228;218;47;53;8;20;29;11;3;53;2;4;2;
0126;60092005;STIMMBEZIRK;1603;1459;144;0;802;800;2;0;20;782;325;257;39;50;12;;23;;3;70;3;;;;6;796;254;228;79;77;16;24;28;9;4;70;0;2;5;
0126;60953001;BRIEFWAHLBEZIRK;0;0;0;0;618;0;0;0;5;613;262;171;59;45;14;;12;;7;42;1;;;;4;614;228;146;74;67;12;6;13;10;6;46;1;3;2;
0126;60986001;BRIEFWAHLBEZIRK;0;0;0;0;1454;0;0;0;4;1450;568;413;207;102;17;;40;;27;74;2;;;;4;1450;484;394;212;156;17;18;56;7;14;77;3;8;4;
0126;60905002;BRIEFWAHLBEZIRK;0;0;0;0;157;0;0;0;3;154;81;39;13;9;2;;7;;0;3;0;;;;0;157;73;27;20;14;3;9;7;1;0;3;0;0;0;
0127;60958001;BRIEFWAHLBEZIRK;0;0;0;0;1844;0;0;0;8;1836;596;693;144;155;21;;91;;22;114;;;;;3;1841;501;625;172;243;7;54;77;6;20;116;3;11;6;
0127;60958002;BRIEFWAHLBEZIRK;0;0;0;0;2046;0;0;0;15;2031;722;733;171;189;22;;72;;27;95;;;;;10;2036;616;683;192;279;14;40;71;4;12;99;6;14;6;
0127;60958003;BRIEFWAHLBEZIRK;0;0;0;0;2218;0;0;0;20;2198;802;761;186;204;22;;86;;26;111;;;;;7;2211;693;702;221;280;20;30;81;23;19;131;5;5;1;
0127;60958004;BRIEFWAHLBEZIRK;0;0;0;0;2164;0;0;0;13;2151;810;730;194;176;22;;82;;46;91;;;;;12;2152;709;671;224;278;14;26;86;6;24;102;2;10;0;
0127;60063001;STIMMBEZIRK;1765;1571;194;0;870;869;1;0;8;862;306;291;56;85;17;;42;;3;62;;;;;5;865;263;247;82;104;18;11;44;11;3;72;4;5;1;
0127;60063002;STIMMBEZIRK;1433;1255;178;0;596;596;0;0;14;582;171;246;39;36;11;;26;;9;44;;;;;13;583;156;210;54;43;5;16;35;6;7;46;1;3;1;
0127;60063003;STIMMBEZIRK;1411;1235;176;0;639;639;0;0;10;629;214;228;47;50;12;;31;;7;40;;;;;4;635;181;196;75;78;5;13;31;5;5;39;3;4;0;
0127;60063004;STIMMBEZIRK;1635;1447;188;0;693;693;0;0;6;687;273;224;53;44;4;;36;;8;45;;;;;5;688;233;197;65;74;6;11;37;7;7;48;0;3;0;
0127;60063005;STIMMBEZIRK;1537;1375;162;0;736;736;0;0;9;727;230;287;62;60;8;;32;;6;42;;;;;5;731;189;260;81;91;6;10;31;6;6;49;0;2;0;
0127;60063006;STIMMBEZIRK;1525;1285;240;0;706;706;0;0;9;697;228;249;62;68;6;;35;;7;42;;;;;7;699;186;221;64;114;8;12;33;7;6;43;0;3;2;
0127;60063007;STIMMBEZIRK;1327;1183;144;0;468;468;0;0;11;457;120;171;35;45;4;;38;;8;36;;;;;5;463;110;160;42;47;8;8;31;5;10;40;0;1;1;
0127;60063008;STIMMBEZIRK;1438;1204;234;0;606;606;0;0;5;601;179;195;72;54;12;;26;;6;57;;;;;3;603;160;183;71;67;6;13;34;11;0;56;1;1;0;
0127;60063009;STIMMBEZIRK;1440;1288;152;0;716;716;0;0;8;708;230;228;70;76;4;;32;;3;65;;;;;5;711;182;211;87;106;5;7;30;4;3;71;1;2;2;
0127;60063010;STIMMBEZIRK;1759;1479;280;0;882;882;0;0;16;866;281;318;63;72;9;;50;;10;63;;;;;8;874;238;271;106;100;3;18;49;13;9;61;4;1;1;
0127;60063011;STIMMBEZIRK;2054;1761;293;0;924;924;0;0;14;910;309;316;72;86;8;;50;;12;57;;;;;12;912;245;285;80;128;6;22;50;17;12;62;0;4;1;
0127;60063012;STIMMBEZIRK;1680;1441;239;0;723;722;1;0;9;714;232;276;51;62;10;;38;;6;39;;;;;4;719;202;278;45;80;6;10;35;7;5;45;1;3;2;
0127;60063013;STIMMBEZIRK;1520;1308;212;0;723;723;0;0;6;717;250;259;70;59;4;;25;;11;39;;;;;8;715;213;233;78;82;3;14;28;5;7;41;5;2;4;
0127;60063014;STIMMBEZIRK;1493;1279;214;0;795;795;0;0;8;787;259;297;70;64;16;;33;;12;36;;;;;7;788;219;246;112;88;12;9;26;8;8;45;4;7;4;
0127;60063015;STIMMBEZIRK;1575;1317;258;0;650;650;0;0;6;644;201;259;54;41;11;;36;;4;38;;;;;4;646;181;229;73;58;7;6;38;9;4;38;1;2;0;
0127;60063016;STIMMBEZIRK;1511;1301;210;0;576;576;0;0;6;570;173;204;44;64;6;;34;;9;36;;;;;1;575;148;193;58;76;6;10;35;2;6;38;1;1;1;
0127;60063017;STIMMBEZIRK;1621;1411;210;0;702;701;1;0;7;695;229;254;73;53;6;;26;;8;46;;;;;4;698;183;224;77;94;6;14;27;4;9;51;0;6;3;
0127;60063018;STIMMBEZIRK;1409;1243;166;0;668;668;0;0;11;657;215;225;52;66;13;;35;;10;41;;;;;6;662;182;227;71;71;13;8;29;1;5;50;2;2;1;
0127;60063019;STIMMBEZIRK;1491;1308;183;0;602;602;0;0;6;596;222;195;47;66;6;;20;;8;32;;;;;4;598;198;173;61;84;6;5;24;3;6;33;1;3;1;
0127;60063020;STIMMBEZIRK;1270;1079;191;0;536;536;0;0;3;533;171;211;36;57;6;;18;;10;24;;;;;5;531;142;181;51;86;5;4;18;4;6;27;0;6;1;
0127;60063021;STIMMBEZIRK;1369;1126;243;0;600;600;0;0;8;592;213;191;45;55;4;;29;;7;48;;;;;5;595;180;178;59;81;6;2;27;3;3;54;2;0;0;
0127;60063022;STIMMBEZIRK;1675;1457;218;0;784;784;0;0;6;778;245;292;62;64;9;;39;;12;55;;;;;5;779;200;248;84;112;9;11;43;7;7;55;0;1;2;
0127;60063023;STIMMBEZIRK;1316;1134;182;0;679;679;0;0;10;669;244;246;44;49;11;;27;;12;36;;;;;5;674;195;206;75;83;10;11;28;9;10;41;0;5;1;
0127;60063024;STIMMBEZIRK;1807;1539;268;0;977;977;0;0;12;965;334;329;65;92;8;;46;;12;79;;;;;5;972;298;284;94;121;10;23;44;4;8;78;5;2;1;
0127;60063025;STIMMBEZIRK;1661;1482;179;0;770;770;0;0;9;761;248;242;73;78;12;;40;;12;56;;;;;5;765;207;209;87;102;10;20;40;10;11;60;3;6;0;
0127;60063026;STIMMBEZIRK;1392;1126;266;0;732;732;0;0;6;726;285;229;56;77;2;;21;;15;41;;;;;5;727;242;200;80;109;5;9;19;4;11;45;1;1;1;
0127;60063027;STIMMBEZIRK;1937;1602;335;0;1078;1078;0;0;14;1064;386;375;78;114;6;;34;;9;62;;;;;7;1071;343;311;125;147;8;14;33;8;10;61;4;6;1;
0127;60063028;STIMMBEZIRK;1054;876;178;0;452;452;0;0;14;438;160;159;37;32;4;;13;;8;25;;;;;8;444;138;138;48;56;6;8;13;3;4;26;2;0;2;
0127;60063029;STIMMBEZIRK;1688;1388;300;0;923;923;0;0;14;909;355;278;78;67;14;;35;;21;61;;;;;4;919;285;244;112;115;13;22;33;10;18;59;4;2;2;
0127;60063030;STIMMBEZIRK;1235;1098;137;0;623;623;0;0;14;609;207;213;49;48;8;;23;;11;50;;;;;8;615;172;198;62;64;5;12;28;7;5;57;2;1;2;
0127;60063031;STIMMBEZIRK;1370;1094;276;0;548;548;0;0;7;541;181;192;38;60;9;;30;;8;23;;;;;6;542;160;152;67;77;7;8;30;3;2;24;3;8;1;
0127;60063032;STIMMBEZIRK;1289;1119;170;0;647;647;0;0;15;632;250;228;42;48;8;;25;;6;25;;;;;7;640;227;204;55;73;7;9;27;2;4;29;1;2;0;
0127;60063033;STIMMBEZIRK;1413;1258;155;0;625;624;1;0;11;614;225;200;50;48;10;;20;;15;46;;;;;5;620;175;169;69;85;9;17;21;4;16;53;1;1;0;
0127;60063034;STIMMBEZIRK;1711;1423;288;0;908;908;0;0;4;904;337;304;70;99;6;;24;;22;42;;;;;2;906;289;255;120;136;3;12;27;5;17;38;0;4;0;
0127;60063035;STIMMBEZIRK;1526;1288;238;0;710;710;0;0;12;698;224;270;49;47;11;;37;;22;38;;;;;7;703;193;249;69;68;6;6;38;10;12;44;0;7;1;
0127;60063036;STIMMBEZIRK;1620;1376;244;0;695;694;1;0;19;676;204;268;43;44;7;;37;;18;55;;;;;2;693;186;227;63;76;7;18;39;7;7;61;0;2;0;
0127;60063037;STIMMBEZIRK;1616;1354;262;0;803;802;1;0;13;790;324;247;52;84;2;;19;;19;43;;;;;5;798;291;222;75;116;0;10;21;3;8;47;1;3;1;
0127;60063038;STIMMBEZIRK;1946;1659;287;0;961;959;2;0;7;954;384;318;64;60;11;;37;;20;60;;;;;5;956;325;276;91;127;7;16;35;6;4;64;3;1;1;
0127;60063039;STIMMBEZIRK;1649;1418;231;0;766;766;0;0;6;760;249;315;51;45;4;;26;;10;60;;;;;2;764;218;276;82;69;6;14;21;5;2;70;1;0;0;
0127;60063040;STIMMBEZIRK;1434;1255;179;0;458;458;0;0;5;453;160;166;24;32;4;;24;;10;33;;;;;2;456;139;156;32;49;2;7;23;2;7;36;1;2;0;
0127;62076001;STIMMBEZIRK;1052;910;142;0;755;625;0;130;9;746;348;198;56;81;8;;15;;10;30;;;;;6;749;298;179;84;122;5;4;17;2;7;27;1;2;1;
0127;62076002;STIMMBEZIRK;889;774;115;0;594;487;1;106;15;579;245;163;62;42;5;;14;;5;43;;;;;15;579;197;153;68;78;4;10;18;1;3;43;3;1;0;
0127;62076003;STIMMBEZIRK;811;713;98;0;629;535;0;94;6;623;256;161;53;81;10;;17;;14;31;;;;;2;627;207;141;59;131;6;10;17;1;10;35;3;3;4;
0127;62076004;STIMMBEZIRK;1460;1319;141;0;1003;867;0;136;18;985;419;256;69;130;11;;30;;14;56;;;;;15;988;363;226;86;179;8;19;31;3;8;58;1;3;3;
0127;62076005;STIMMBEZIRK;1044;883;161;0;755;609;2;144;7;748;278;232;58;75;9;;22;;16;58;;;;;4;751;246;214;70;103;5;18;21;2;8;59;1;4;0;
0128;62910001;BRIEFWAHLBEZIRK;0;0;0;0;1044;0;0;0;3;1041;389;306;79;107;26;;40;25;9;60;;;;0;1;1043;333;298;112;123;25;18;39;12;7;70;1;5;0;
0128;62910002;BRIEFWAHLBEZIRK;0;0;0;0;1154;0;0;0;8;1146;427;350;93;127;11;;38;33;12;50;;;;5;6;1148;378;320;135;155;11;23;36;13;7;57;1;10;2;
0128;62004001;STIMMBEZIRK;1346;1134;212;0;675;654;21;0;11;664;220;231;61;52;5;;26;26;8;34;;;;1;10;665;189;184;107;84;6;10;37;10;0;37;0;1;0;
0128;62004002;STIMMBEZIRK;564;476;88;0;336;334;2;0;2;334;141;90;29;29;3;;14;13;5;10;;;;0;0;336;119;84;41;39;0;4;15;13;3;16;1;1;0;
0128;62004003;STIMMBEZIRK;374;297;77;0;205;203;2;0;2;203;86;47;26;17;5;;1;7;1;11;;;;2;0;205;72;34;37;30;5;5;2;5;1;13;0;1;0;
0128;62004004;STIMMBEZIRK;434;380;54;0;235;235;0;0;2;233;116;64;12;14;1;;6;4;5;10;;;;1;0;235;91;61;24;25;3;4;3;2;4;18;0;0;0;
0128;62004005;STIMMBEZIRK;1141;1015;126;0;532;529;3;0;9;523;177;185;40;27;8;;25;12;5;39;;;;5;7;525;151;149;71;48;4;15;32;9;4;39;2;1;0;
0128;62004006;STIMMBEZIRK;1529;1365;164;0;914;914;0;0;9;905;329;270;100;63;15;;20;48;14;46;;;;0;8;906;297;234;142;88;11;15;30;22;10;54;2;1;0;
0128;62004007;STIMMBEZIRK;1359;1237;122;0;567;566;1;0;9;558;202;193;41;32;7;;22;15;5;40;;;;1;6;561;169;187;58;48;10;3;24;8;1;51;1;1;0;
0128;62004008;STIMMBEZIRK;1508;1353;155;0;702;702;0;0;8;694;223;235;37;46;17;;46;27;5;56;;;;2;5;697;185;210;70;66;24;10;50;7;2;62;3;5;3;
0128;62004009;STIMMBEZIRK;1043;853;190;0;425;367;58;0;12;413;130;149;31;33;8;;21;17;4;20;;;;0;6;419;113;130;52;40;12;7;27;12;4;21;0;1;0;
0128;62004010;STIMMBEZIRK;528;480;48;0;298;298;0;0;1;297;115;89;25;20;3;;9;8;2;26;;;;0;1;297;102;76;34;29;4;3;11;8;2;28;0;0;0;
0128;62004011;STIMMBEZIRK;1479;1211;268;0;667;624;43;0;14;653;223;246;42;25;12;;30;26;10;39;;;;0;12;655;180;229;58;49;6;16;38;17;3;52;0;5;2;
0128;62004012;STIMMBEZIRK;1488;1230;258;0;569;548;21;0;16;553;175;192;43;34;13;;28;16;10;40;;;;2;9;560;148;155;75;59;7;12;32;12;9;42;0;9;0;
0128;62004013;STIMMBEZIRK;1349;1149;200;0;543;501;42;0;14;529;171;192;48;40;11;;22;14;4;26;;;;1;4;539;152;156;76;68;10;8;23;12;1;30;0;3;0;
0128;62004014;STIMMBEZIRK;1205;1076;129;0;660;659;1;0;15;645;213;219;67;49;13;;17;22;5;40;;;;0;8;652;175;202;83;72;11;20;24;23;2;37;3;0;0;
0128;62004015;STIMMBEZIRK;1287;1132;155;0;733;733;0;0;8;725;228;221;104;75;12;;19;34;3;29;;;;0;3;730;203;187;157;79;7;11;26;18;3;35;1;3;0;
0128;62004016;STIMMBEZIRK;1448;1214;234;0;740;740;0;0;9;731;289;220;61;48;9;;29;19;5;50;;;;1;1;739;229;194;94;100;8;9;28;11;4;55;0;6;1;
0128;62004017;STIMMBEZIRK;1276;1141;135;0;812;811;1;0;4;808;296;215;96;78;11;;25;37;6;43;;;;1;1;811;233;196;135;114;7;14;32;22;4;51;0;3;0;
0128;62006001;STIMMBEZIRK;821;746;75;0;528;457;0;71;3;525;205;147;69;33;5;;11;9;5;40;;;;1;2;526;182;137;62;56;4;12;21;7;2;41;2;0;0;
0128;62006002;STIMMBEZIRK;866;754;112;0;603;485;6;112;11;592;213;175;78;44;5;;25;9;5;35;;;;3;8;595;184;172;83;58;7;12;26;4;4;40;0;3;2;
0128;62006003;STIMMBEZIRK;1028;893;135;0;656;521;0;135;8;648;218;249;64;53;7;;17;4;3;32;;;;1;11;645;198;212;70;80;9;8;26;3;2;34;1;1;1;
0128;62006004;STIMMBEZIRK;851;746;105;0;643;541;0;102;2;641;230;181;104;45;6;;15;4;6;49;;;;1;2;641;177;162;108;74;9;17;16;6;5;64;1;1;1;
0128;62006005;STIMMBEZIRK;826;726;100;0;599;505;1;93;1;598;235;152;90;44;6;;22;6;6;35;;;;2;1;598;202;149;86;74;4;8;21;4;6;43;1;0;0;
0128;62006006;STIMMBEZIRK;1043;949;94;0;578;484;0;94;12;566;219;180;65;33;7;;21;5;3;33;;;;0;6;572;179;161;72;72;3;7;29;5;4;30;2;7;1;
0128;62006007;STIMMBEZIRK;888;789;99;0;634;540;1;93;8;626;204;216;73;59;8;;13;17;9;27;;;;0;4;630;175;191;85;96;7;7;20;10;4;32;1;2;0;
0128;62006008;STIMMBEZIRK;804;682;122;0;544;430;0;114;6;538;204;157;51;61;12;;14;4;7;28;;;;0;6;538;161;141;57;98;9;10;14;8;5;33;1;1;0;
0128;62006009;STIMMBEZIRK;867;770;97;0;654;563;0;91;10;644;208;228;109;43;11;;14;7;2;21;;;;1;7;647;155;197;148;71;10;10;23;4;4;20;1;1;3;
0128;62006010;STIMMBEZIRK;1006;881;125;0;664;544;0;120;10;654;257;216;88;39;5;;18;4;7;19;;;;1;7;657;234;190;96;60;7;9;23;10;5;20;1;2;0;
0128;62006011;STIMMBEZIRK;976;872;104;0;551;454;0;97;12;539;188;158;92;18;9;;26;5;5;36;;;;2;5;546;151;142;95;60;8;9;36;2;2;37;3;1;0;
0128;62006012;STIMMBEZIRK;960;802;158;0;742;594;0;148;8;734;256;215;145;67;4;;23;6;3;15;;;;0;4;738;224;187;151;107;3;6;30;3;1;24;0;1;1;
0128;62006013;STIMMBEZIRK;939;770;169;0;726;565;0;161;4;722;273;211;120;69;4;;13;3;4;24;;;;1;0;726;233;206;125;99;1;7;20;2;2;29;0;2;0;
0128;62006014;STIMMBEZIRK;985;819;166;0;727;570;0;157;7;720;295;182;125;57;2;;17;9;5;25;;;;3;3;724;238;167;130;109;0;9;26;6;5;28;4;2;0;
0128;62061001;STIMMBEZIRK;1487;1306;181;0;1012;841;6;165;7;1005;391;330;95;70;23;;19;7;3;62;;;;5;6;1006;334;268;135;119;15;20;27;11;1;68;2;5;1;
0128;62061002;STIMMBEZIRK;1452;1293;159;0;993;845;0;148;14;979;367;326;92;61;12;;35;12;3;64;;;;7;10;983;297;304;130;98;8;20;38;5;4;68;1;7;3;
0128;62061003;STIMMBEZIRK;1443;1286;157;0;932;782;0;150;10;922;346;290;84;60;25;;29;9;5;67;;;;7;10;922;279;242;122;105;22;18;33;6;5;75;0;12;3;
0128;62061004;STIMMBEZIRK;1442;1285;157;0;879;734;1;144;14;865;334;283;77;55;20;;29;10;5;46;;;;6;7;872;284;263;94;96;13;22;32;6;3;53;1;3;2;
0128;62061005;STIMMBEZIRK;1526;1305;221;0;1087;872;0;215;12;1075;404;338;126;76;22;;30;7;4;61;;;;7;4;1083;348;311;160;121;15;17;35;1;2;63;2;5;3;
0128;62907001;BRIEFWAHLBEZIRK;0;0;0;0;908;0;0;0;11;897;391;250;84;66;16;;19;12;7;48;;;;4;5;903;326;246;101;100;13;12;25;9;4;56;3;8;0;
0128;62918001;BRIEFWAHLBEZIRK;0;0;0;0;1182;0;0;0;6;1176;444;333;128;108;15;;37;17;12;77;;;;5;4;1178;360;318;139;169;11;18;46;9;15;84;5;4;0;
0128;62944001;BRIEFWAHLBEZIRK;0;0;0;0;839;0;0;0;5;834;365;219;80;80;10;;16;6;8;45;;;;5;3;836;311;210;99;111;6;12;20;4;6;49;0;6;2;
0129;62001001;STIMMBEZIRK;1555;1376;179;0;1073;911;0;162;16;1057;403;394;101;65;12;;33;;;49;;;;;12;1061;317;339;156;119;13;15;35;5;3;55;1;2;1;
0129;62001002;STIMMBEZIRK;1732;1458;274;0;1321;1068;0;253;9;1312;474;463;160;108;11;;39;;;57;;;;;7;1314;368;339;260;209;9;18;40;2;1;64;2;2;0;
0129;62001003;STIMMBEZIRK;628;522;106;0;503;406;0;97;1;502;165;190;70;33;7;;5;;;32;;;;;1;502;142;141;94;66;5;8;9;1;5;26;3;1;1;
0129;62001004;STIMMBEZIRK;1181;1020;161;0;897;744;2;151;6;891;335;334;71;75;4;;17;;;55;;;;;1;896;258;259;125;148;7;10;27;4;4;51;0;3;0;
0129;62001005;STIMMBEZIRK;1778;1448;330;0;1168;856;4;308;9;1159;439;373;134;81;16;;49;;;67;;;;;6;1162;344;270;187;179;17;19;46;12;5;64;7;10;2;
0129;62001006;STIMMBEZIRK;1688;1342;346;0;1263;936;0;327;6;1257;648;284;107;136;13;;36;;;33;;;;;4;1259;486;224;150;286;9;8;41;1;2;47;3;2;0;
0129;62001007;STIMMBEZIRK;1644;1368;276;0;1017;745;0;272;21;996;355;339;72;98;17;;39;;;76;;;;;17;1000;290;269;121;155;15;9;43;3;7;78;1;8;1;
0129;62001008;STIMMBEZIRK;1798;1494;304;0;966;691;0;275;10;956;344;343;95;75;15;;44;;;40;;;;;5;961;284;292;142;122;9;12;40;5;3;41;1;9;1;
0129;62001009;STIMMBEZIRK;1424;1201;223;0;1016;804;1;211;18;998;323;408;123;58;22;;31;;;33;;;;;14;1002;252;328;188;119;15;5;38;3;5;41;1;5;2;
0129;62001010;STIMMBEZIRK;666;584;82;0;456;379;0;77;6;450;86;139;153;9;13;;42;;;8;;;;;4;452;62;117;180;18;7;5;47;2;2;10;0;1;1;
0129;62001011;STIMMBEZIRK;1099;948;151;0;669;530;0;139;6;663;211;251;71;34;4;;34;;;58;;;;;1;668;173;202;100;73;5;7;40;2;1;62;0;2;1;
0129;62001012;STIMMBEZIRK;1276;1076;200;0;987;799;0;188;7;980;380;336;121;58;12;;42;;;31;;;;;4;983;291;275;171;130;10;10;49;6;3;35;0;3;0;
0129;62001013;STIMMBEZIRK;1423;1243;180;0;1089;916;1;172;11;1078;423;412;90;74;9;;36;;;34;;;;;8;1081;348;287;186;136;8;17;40;8;0;47;0;4;0;
0129;62001014;STIMMBEZIRK;1309;1149;160;0;945;798;1;146;9;936;334;359;80;64;9;;30;;;60;;;;;6;939;265;284;138;132;7;4;37;5;3;59;0;5;0;
0129;62001015;STIMMBEZIRK;1896;1673;223;0;1072;875;0;197;22;1050;275;444;74;77;19;;71;;;90;;;;;15;1057;227;373;133;109;15;21;54;8;5;102;2;6;2;
0129;62001016;STIMMBEZIRK;1213;1080;133;0;660;533;4;123;10;650;219;259;39;49;5;;28;;;51;;;;;5;655;180;227;65;88;3;6;20;8;5;50;0;0;3;
0129;62001017;STIMMBEZIRK;383;353;30;0;196;169;1;26;0;196;81;55;21;19;5;;2;;;13;;;;;0;196;67;44;23;37;2;4;5;0;0;12;0;0;2;
0129;62001018;STIMMBEZIRK;1279;1107;172;0;951;787;3;161;20;931;383;325;68;89;12;;18;;;36;;;;;9;942;317;255;122;154;6;16;15;10;6;37;0;3;1;
0129;62001019;STIMMBEZIRK;937;809;128;0;569;449;2;118;8;561;181;218;60;46;8;;22;;;26;;;;;4;565;151;188;80;74;5;5;25;7;1;27;0;2;0;
0129;62001020;STIMMBEZIRK;1362;1187;175;0;914;746;0;168;13;901;275;385;97;55;17;;29;;;43;;;;;9;905;210;308;162;116;8;16;32;3;2;47;0;1;0;
0129;62090001;STIMMBEZIRK;1613;1362;251;0;770;770;0;0;9;761;216;320;65;47;7;;51;;;55;;;;;3;767;180;268;101;91;3;11;45;5;2;57;0;2;2;
0129;62090002;STIMMBEZIRK;1616;1401;215;0;848;845;3;0;7;841;267;366;76;50;10;;26;;;46;;;;;6;842;227;312;106;82;9;12;31;3;5;52;1;1;1;
0129;62090003;STIMMBEZIRK;1348;1157;191;0;773;773;0;0;15;758;288;257;93;52;8;;19;;;41;;;;;10;763;228;212;119;110;6;11;21;7;3;38;4;4;0;
0129;62090004;STIMMBEZIRK;1044;916;128;0;618;618;0;0;7;611;216;235;60;40;12;;23;;;25;;;;;3;615;168;197;94;74;4;5;33;4;2;31;0;2;1;
0129;62090005;STIMMBEZIRK;630;527;103;0;1471;365;0;1106;11;1460;498;536;143;131;17;;63;;;72;;;;;6;1465;407;451;205;227;4;16;64;3;3;73;4;6;2;
0129;62090006;STIMMBEZIRK;1648;1375;273;0;953;953;0;0;18;935;363;313;102;103;12;;6;;;36;;;;;9;944;280;237;147;174;11;14;14;4;3;52;2;2;4;
0129;62023001;STIMMBEZIRK;1637;1361;276;0;1209;953;23;233;19;1190;529;344;121;117;14;;24;;;41;;;;;6;1203;431;271;180;195;13;19;32;6;2;48;3;2;1;
0129;62023002;STIMMBEZIRK;1522;1305;217;0;1093;884;0;209;13;1080;457;328;105;84;17;;32;;;57;;;;;12;1081;367;262;159;147;11;9;26;10;15;67;3;4;1;
0129;62023003;STIMMBEZIRK;1446;1213;233;0;1008;791;0;217;16;992;420;323;74;93;11;;26;;;45;;;;;10;998;329;259;131;166;8;5;34;5;5;53;2;1;0;
0129;62023004;STIMMBEZIRK;1483;1187;296;0;1177;892;0;285;12;1165;573;279;106;129;13;;29;;;36;;;;;6;1171;457;210;178;224;4;7;27;3;4;44;5;6;2;
0129;62023005;STIMMBEZIRK;1521;1315;206;0;1120;926;0;194;15;1105;434;361;109;100;10;;32;;;59;;;;;10;1110;347;296;158;167;4;16;36;5;6;67;1;4;3;
0130;62931001;BRIEFWAHLBEZIRK;0;0;0;0;1411;0;0;0;14;1397;629;503;64;76;11;;33;;;81;;;;;7;1404;498;473;95;162;12;12;36;12;0;96;2;3;3;
0130;62018001;STIMMBEZIRK;1331;1175;156;0;699;699;0;0;13;686;276;237;46;33;12;;27;;;55;;;;;4;695;209;236;64;73;7;5;27;4;4;62;1;1;2;
0130;62018002;STIMMBEZIRK;948;859;89;0;547;547;0;0;7;540;222;198;35;35;5;;18;;;27;;;;;1;546;167;193;53;65;3;3;20;4;1;35;2;0;0;
0130;62018003;STIMMBEZIRK;971;875;96;0;587;585;2;0;5;582;248;202;39;32;8;;21;;;32;;;;;4;583;172;201;54;75;4;4;18;6;7;36;0;4;2;
0130;62018004;STIMMBEZIRK;1076;930;146;0;644;644;0;0;5;639;266;246;33;34;4;;11;;;45;;;;;3;641;204;210;59;94;0;7;13;4;2;44;1;2;1;
0130;62018005;STIMMBEZIRK;1129;997;132;0;579;552;27;0;9;570;223;204;45;29;9;;19;;;41;;;;;4;575;177;196;65;47;4;8;18;3;0;52;0;3;2;
0130;62018006;STIMMBEZIRK;933;866;67;0;327;327;0;0;4;323;87;132;30;22;9;;13;;;30;;;;;2;325;71;115;40;31;5;8;14;4;0;32;1;4;0;
0130;62018007;STIMMBEZIRK;1338;1153;185;0;579;579;0;0;8;571;229;213;22;34;8;;16;;;49;;;;;5;574;179;201;26;67;5;11;15;4;2;51;5;8;0;
0130;62018008;STIMMBEZIRK;873;792;81;0;349;349;0;0;6;343;133;131;17;13;6;;8;;;35;;;;;2;347;104;123;29;27;4;8;8;1;2;38;1;1;1;
0130;62018009;STIMMBEZIRK;990;894;96;0;380;380;0;0;8;372;145;127;14;19;6;;21;;;40;;;;;4;376;123;115;22;28;2;6;27;9;2;36;3;3;0;
0130;62018010;STIMMBEZIRK;895;781;114;0;363;363;0;0;3;360;148;120;14;21;4;;15;;;38;;;;;2;361;108;115;22;42;7;3;13;5;1;43;2;0;0;
0130;62018011;STIMMBEZIRK;953;833;120;0;484;484;0;0;3;481;195;170;47;23;6;;17;;;23;;;;;1;483;159;153;50;59;0;9;19;5;0;28;0;1;0;
0130;62018012;STIMMBEZIRK;965;859;106;0;506;506;0;0;6;500;195;187;24;27;5;;14;;;48;;;;;3;503;147;180;45;49;3;7;15;2;0;53;1;1;0;
0130;62018013;STIMMBEZIRK;767;693;74;0;306;306;0;0;9;297;107;113;14;15;2;;17;;;29;;;;;3;303;88;99;28;32;1;3;19;1;1;29;0;2;0;
0130;62018014;STIMMBEZIRK;860;803;57;0;266;266;0;0;4;262;64;118;14;15;6;;15;;;30;;;;;3;263;57;106;16;19;2;5;16;8;0;32;2;0;0;
0130;62060001;STIMMBEZIRK;1380;1223;157;0;857;706;0;151;14;843;348;261;54;79;7;;20;;;74;;;;;7;850;271;238;82;124;6;8;18;10;3;80;0;3;7;
0130;62060002;STIMMBEZIRK;1440;1234;206;0;934;738;2;194;5;929;386;311;58;81;6;;29;;;58;;;;;4;930;309;261;84;137;3;21;31;6;4;71;1;2;0;
0130;62060003;STIMMBEZIRK;1416;1268;148;0;830;693;5;132;15;815;302;308;52;54;7;;32;;;60;;;;;7;823;226;267;83;100;4;18;31;10;5;72;3;2;2;
0130;62060004;STIMMBEZIRK;1349;1196;153;0;871;726;1;144;15;856;364;290;58;56;6;;26;;;56;;;;;7;864;273;266;79;113;3;22;32;4;2;65;4;0;1;
0130;62060005;STIMMBEZIRK;1167;1034;133;0;800;670;5;125;6;794;373;243;65;51;8;;12;;;42;;;;;7;793;281;199;105;122;5;6;13;3;2;47;0;6;4;
0130;62060006;STIMMBEZIRK;708;496;212;0;586;383;0;203;5;581;235;215;48;35;6;;10;;;32;;;;;2;584;147;159;100;106;6;8;16;3;0;36;2;1;0;
0130;62060007;STIMMBEZIRK;1332;1106;226;0;914;679;23;212;7;907;409;274;87;74;5;;23;;;35;;;;;6;908;318;220;131;149;3;9;25;3;4;36;1;7;2;
0130;62060008;STIMMBEZIRK;1377;1038;339;0;901;601;4;296;10;891;465;228;57;55;8;;23;;;55;;;;;7;894;365;160;106;154;2;13;25;4;2;60;0;3;0;
0130;62060009;STIMMBEZIRK;1449;1168;281;0;1077;815;0;262;8;1069;437;342;111;87;8;;25;;;59;;;;;6;1071;334;270;177;165;10;10;26;4;2;63;2;6;2;
0130;62060010;STIMMBEZIRK;1250;1058;192;0;694;517;1;176;10;684;247;260;31;45;8;;36;;;57;;;;;4;690;194;212;78;86;5;8;31;6;4;60;1;3;2;
0130;62060011;STIMMBEZIRK;1385;1184;201;0;827;637;0;190;11;816;287;329;68;53;8;;24;;;47;;;;;7;820;223;259;112;115;6;10;33;3;1;55;0;3;0;
0130;62060012;STIMMBEZIRK;1301;1121;180;0;912;741;1;170;13;899;318;385;70;45;13;;21;;;47;;;;;9;903;234;297;127;131;7;17;22;7;3;53;2;3;0;
0130;62060013;STIMMBEZIRK;1413;1244;169;0;931;771;0;160;13;918;290;377;80;79;11;;38;;;43;;;;;8;923;216;311;131;128;9;22;39;9;2;45;1;6;4;
0130;62060014;STIMMBEZIRK;1354;1129;225;0;866;657;0;209;15;851;307;312;70;67;10;;39;;;46;;;;;7;859;233;260;113;116;6;12;49;5;2;56;0;4;3;
0130;62060015;STIMMBEZIRK;1228;1030;198;0;791;601;5;185;15;776;303;279;50;50;12;;25;;;57;;;;;10;781;241;242;73;106;7;6;27;4;10;53;1;9;2;
0130;62060016;STIMMBEZIRK;1786;1530;256;0;1244;997;0;247;14;1230;547;392;109;79;17;;18;;;68;;;;;9;1235;424;301;173;195;10;8;25;6;3;81;1;7;1;
0130;62922001;BRIEFWAHLBEZIRK;0;0;0;0;1025;0;0;0;16;1009;403;378;39;68;15;;22;;;84;;;;;6;1019;324;335;60;148;8;7;29;5;6;93;0;1;3;
0130;62009001;STIMMBEZIRK;946;841;105;0;430;425;5;0;7;423;172;147;13;41;6;;11;;;33;;;;;5;425;143;123;28;76;3;2;6;5;2;37;0;0;0;
0130;62009002;STIMMBEZIRK;718;604;114;0;425;425;0;0;4;421;182;149;21;29;2;;10;;;28;;;;;1;424;146;117;31;78;0;6;10;3;1;31;1;0;0;
0130;62009003;STIMMBEZIRK;951;828;123;0;402;402;0;0;8;394;145;149;23;20;4;;10;;;43;;;;;6;396;133;129;30;39;5;3;9;1;3;41;1;2;0;
0130;62009004;STIMMBEZIRK;1119;1020;99;0;339;339;0;0;6;333;118;138;13;19;4;;11;;;30;;;;;4;335;108;123;15;34;4;5;11;4;1;27;2;1;0;
0130;62009005;STIMMBEZIRK;925;813;112;0;415;415;0;0;4;411;138;172;27;29;5;;12;;;28;;;;;1;414;123;143;37;47;2;10;11;2;1;32;1;5;0;
0130;62009006;STIMMBEZIRK;895;814;81;0;453;453;0;0;9;444;173;171;24;20;7;;15;;;34;;;;;7;446;146;148;31;52;2;10;20;0;0;34;0;3;0;
0130;62009007;STIMMBEZIRK;764;687;77;0;320;320;0;0;2;318;112;129;12;17;5;;8;;;35;;;;;0;320;102;111;19;31;4;4;12;3;0;32;0;2;0;
0130;62009008;STIMMBEZIRK;750;657;93;0;458;458;0;0;3;455;193;152;28;39;1;;12;;;30;;;;;3;455;157;133;37;70;1;3;14;3;1;36;0;0;0;
0130;62009009;STIMMBEZIRK;883;801;82;0;471;471;0;0;11;460;208;164;31;24;3;;9;;;21;;;;;8;463;156;147;45;58;5;4;15;10;1;21;0;1;0;
0130;62009010;STIMMBEZIRK;855;769;86;0;496;496;0;0;8;488;216;153;34;33;5;;5;;;42;;;;;0;496;176;141;44;64;4;8;6;3;1;47;1;1;0;
0130;62009011;STIMMBEZIRK;538;482;56;0;287;287;0;0;0;287;135;98;11;12;3;;4;;;24;;;;;0;287;106;86;23;31;1;4;5;5;0;24;1;1;0;
0130;62009012;STIMMBEZIRK;222;208;14;0;135;135;0;0;1;134;66;42;3;11;0;;0;;;12;;;;;1;134;55;40;5;17;1;1;0;2;0;12;1;0;0;
0130;62009013;STIMMBEZIRK;730;663;67;0;383;383;0;0;4;379;150;122;19;31;6;;12;;;39;;;;;4;379;123;111;30;47;3;2;14;4;0;43;0;1;1;
0130;62053001;STIMMBEZIRK;1764;1547;217;0;1007;802;0;205;14;993;400;353;58;77;14;;35;;;56;;;;;12;995;325;317;76;129;8;16;41;3;7;66;2;2;3;
0130;62053002;STIMMBEZIRK;1471;1275;196;0;981;791;0;190;9;972;485;289;58;57;6;;13;;;64;;;;;7;974;396;259;92;108;6;9;15;8;5;71;2;3;0;
0130;62053003;STIMMBEZIRK;1162;981;181;0;752;582;0;170;9;743;348;250;34;49;6;;15;;;41;;;;;2;750;249;220;54;128;7;9;19;1;4;50;5;2;2;
0130;62053004;STIMMBEZIRK;1457;1264;193;0;955;776;0;179;17;938;435;290;62;61;9;;24;;;57;;;;;12;943;349;269;82;121;4;12;25;2;2;69;2;4;2;
0130;62053005;STIMMBEZIRK;1244;1087;157;0;721;569;4;148;3;718;354;202;48;39;5;;16;;;54;;;;;3;718;305;170;72;70;3;3;16;9;4;59;2;4;1;
0130;53988001;BRIEFWAHLBEZIRK;0;0;0;0;1339;0;0;0;7;1332;574;413;118;115;10;;34;;;68;;;;;4;1335;427;345;152;251;7;16;42;6;5;80;0;3;1;
0130;53129001;STIMMBEZIRK;864;753;111;0;388;388;0;0;7;381;151;140;40;23;3;;2;;;22;;;;;2;386;108;108;65;55;4;4;7;3;3;24;3;2;0;
0130;53129002;STIMMBEZIRK;771;593;178;0;386;385;1;0;8;378;193;91;34;36;5;;10;;;9;;;;;5;381;149;55;56;86;2;6;10;1;0;11;1;4;0;
0130;53129003;STIMMBEZIRK;904;819;85;0;389;389;0;0;8;381;136;158;27;22;5;;10;;;23;;;;;5;384;119;131;45;31;4;5;16;5;2;25;1;0;0;
0130;53129004;STIMMBEZIRK;885;746;139;0;415;415;0;0;8;407;127;183;33;26;5;;9;;;24;;;;;6;409;97;138;69;45;3;7;12;2;2;31;0;3;0;
0130;53129005;STIMMBEZIRK;854;742;112;0;444;444;0;0;6;438;157;164;41;30;8;;17;;;21;;;;;5;439;132;134;54;63;3;3;18;3;2;22;3;2;0;
0130;53129006;STIMMBEZIRK;848;731;117;0;460;460;0;0;2;458;176;154;59;27;7;;15;;;20;;;;;3;457;138;122;80;61;6;2;18;0;3;22;0;4;1;
0130;53129007;STIMMBEZIRK;863;739;124;0;448;447;1;0;10;438;184;135;43;29;7;;16;;;24;;;;;10;438;139;105;74;72;1;2;11;3;1;28;2;0;0;
0130;53129008;STIMMBEZIRK;730;633;97;0;340;340;0;0;3;337;131;119;38;21;6;;9;;;13;;;;;2;338;101;99;51;51;9;3;8;0;1;11;0;4;0;
0130;53129009;STIMMBEZIRK;821;726;95;0;458;458;0;0;3;455;176;154;51;32;6;;13;;;23;;;;;3;455;135;119;83;60;6;5;11;2;2;30;0;2;0;
0130;53129010;STIMMBEZIRK;1061;950;111;0;517;517;0;0;4;513;222;166;44;26;9;;12;;;34;;;;;5;512;163;128;65;72;8;7;17;8;6;35;1;2;0;
0130;53129011;STIMMBEZIRK;795;643;152;0;406;406;0;0;7;399;182;119;48;23;1;;5;;;21;;;;;4;402;111;84;74;83;0;3;9;7;1;28;0;1;1;
0130;53129012;STIMMBEZIRK;629;531;98;0;357;356;1;0;6;351;171;100;46;23;2;;4;;;5;;;;;3;354;122;77;63;66;2;2;8;1;0;8;1;4;0;
0131;03900950;BRIEFWAHLBEZIRK;0;0;0;0;1721;0;0;0;18;1703;695;587;170;113;20;;31;;14;70;3;;;;6;1715;567;446;278;236;12;36;38;8;8;78;2;4;2;
0131;03900951;BRIEFWAHLBEZIRK;0;0;0;0;1220;0;0;0;11;1209;362;482;125;66;27;;59;;16;62;10;;;;10;1210;309;425;164;116;17;19;71;3;10;61;3;7;5;
0131;03900952;BRIEFWAHLBEZIRK;0;0;0;0;1143;0;0;0;18;1125;378;453;104;49;18;;45;;17;59;2;;;;16;1127;345;370;171;99;9;14;41;6;9;54;3;2;4;
0131;03900953;BRIEFWAHLBEZIRK;0;0;0;0;833;0;0;0;9;824;252;343;59;52;18;;46;;10;44;0;;;;4;829;219;317;78;84;13;11;44;8;4;48;0;3;0;
0131;03900954;BRIEFWAHLBEZIRK;0;0;0;0;1625;0;0;0;32;1593;753;392;142;136;14;;26;;18;105;7;;;;19;1606;573;364;175;277;14;19;36;4;14;125;2;1;2;
0131;03000703;STIMMBEZIRK;1284;1117;167;0;687;687;0;0;12;675;169;282;107;33;11;;33;;6;34;0;;;;4;683;150;199;180;50;8;9;34;3;4;39;0;4;3;
0131;03000704;STIMMBEZIRK;1890;1593;297;0;1147;1116;31;0;14;1133;439;399;109;63;14;;37;;13;57;2;;;;11;1136;363;303;180;116;15;13;46;7;12;65;1;15;0;
0131;03000705;STIMMBEZIRK;2029;1737;292;0;1064;1063;1;0;12;1052;339;387;150;51;14;;55;;14;40;2;;;;5;1059;276;281;205;128;7;19;73;3;10;47;0;9;1;
0131;03000706;STIMMBEZIRK;2027;1627;400;0;1098;1096;2;0;16;1082;428;379;96;75;20;;33;;9;40;2;;;;8;1090;346;268;190;162;10;12;37;3;8;46;2;5;1;
0131;03000707;STIMMBEZIRK;1271;1066;205;0;654;651;3;0;11;643;232;242;46;48;9;;10;;5;48;3;;;;5;649;188;196;85;83;8;11;17;2;3;51;3;2;0;
0131;03000708;STIMMBEZIRK;1158;1038;120;0;616;616;0;0;10;606;192;236;75;31;8;;14;;9;38;3;;;;10;606;172;201;88;45;5;8;21;7;11;40;4;4;0;
0131;03000709;STIMMBEZIRK;1867;1477;390;0;875;873;2;0;14;861;317;281;104;45;11;;43;;17;42;1;;;;12;863;262;235;131;92;8;9;44;9;12;54;0;4;3;
0131;03000710;STIMMBEZIRK;1782;1538;244;0;818;817;1;0;12;806;208;333;86;40;24;;46;;12;55;2;;;;13;805;165;268;129;64;15;22;62;4;7;53;3;11;2;
0131;03000711;STIMMBEZIRK;2036;1786;250;0;760;756;4;0;20;740;207;272;72;38;23;;57;;12;57;2;;;;3;757;177;216;103;75;17;13;68;9;7;56;2;12;2;
0131;03000712;STIMMBEZIRK;1705;1460;245;0;742;742;0;0;21;721;234;316;53;42;12;;17;;9;38;0;;;;12;730;216;262;87;67;9;8;25;2;6;48;0;0;0;
0131;03000713;STIMMBEZIRK;1696;1574;122;0;582;582;0;0;16;566;107;253;50;26;25;;51;;10;42;2;;;;11;571;87;222;63;43;19;7;59;10;4;42;3;8;4;
0131;03000714;STIMMBEZIRK;1845;1750;95;0;650;650;0;0;15;635;143;298;36;20;18;;50;;14;55;1;;;;12;638;118;260;51;43;11;6;64;3;8;54;3;14;3;
0131;03000715;STIMMBEZIRK;1336;1180;156;0;417;384;33;0;14;403;104;163;24;22;9;;26;;4;51;0;;;;13;404;96;144;45;28;3;2;24;1;3;52;1;3;2;
0131;03000716;STIMMBEZIRK;1526;1301;225;0;571;570;1;0;12;559;164;210;56;33;10;;43;;6;36;1;;;;11;560;145;190;64;49;8;6;44;3;5;41;0;4;1;
0131;03000717;STIMMBEZIRK;1614;1393;221;0;814;814;0;0;24;790;224;314;86;43;15;;40;;9;58;1;;;;16;798;204;253;112;80;7;9;56;5;2;58;2;6;4;
0131;03000718;STIMMBEZIRK;1147;1037;110;0;565;565;0;0;14;551;186;218;53;29;6;;29;;3;26;1;;;;6;559;181;162;89;42;6;5;40;3;2;28;0;1;0;
0131;03000719;STIMMBEZIRK;868;670;198;0;319;319;0;0;6;313;84;120;32;25;8;;19;;6;18;1;;;;0;319;67;100;52;35;5;4;25;1;2;18;2;7;1;
0131;03000720;STIMMBEZIRK;1537;1396;141;0;677;676;1;0;10;667;180;236;92;37;19;;43;;5;55;0;;;;3;674;160;196;111;57;15;10;48;6;6;60;0;3;2;
0131;03000721;STIMMBEZIRK;1242;1137;105;0;662;660;2;0;19;643;220;246;66;30;10;;25;;5;41;0;;;;14;648;197;205;89;60;7;6;32;1;5;44;0;0;2;
0131;03000801;STIMMBEZIRK;1427;1304;123;0;491;490;1;0;6;485;132;209;27;17;7;;27;;12;53;1;;;;4;487;115;161;50;42;4;9;28;6;8;58;1;5;0;
0131;03000802;STIMMBEZIRK;1635;1462;173;0;726;726;0;0;9;717;241;255;73;30;13;;29;;28;46;2;;;;5;721;217;223;84;55;8;13;36;7;17;50;5;5;1;
0131;03000803;STIMMBEZIRK;1559;1372;187;0;791;789;2;0;22;769;263;311;44;45;13;;26;;16;47;4;;;;10;781;239;266;78;75;7;14;30;10;6;49;2;2;3;
0131;03000901;STIMMBEZIRK;1445;1320;125;0;653;653;0;0;15;638;174;299;38;27;12;;24;;11;51;2;;;;13;640;171;248;60;41;6;13;32;5;5;53;1;4;1;
0131;03000902;STIMMBEZIRK;1287;1184;103;0;524;524;0;0;15;509;149;217;18;23;8;;24;;13;54;3;;;;8;516;126;206;21;41;6;14;28;6;7;55;2;3;1;
0131;03000903;STIMMBEZIRK;1976;1846;130;0;1075;1073;2;0;23;1052;356;424;59;66;18;;30;;18;79;2;;;;23;1052;300;364;106;105;14;19;31;15;13;81;1;2;1;
0131;03000904;STIMMBEZIRK;1975;1799;176;0;970;966;4;0;17;953;309;398;38;56;18;;33;;16;80;5;;;;13;957;269;348;68;96;11;12;39;6;9;88;4;4;3;
0131;03000905;STIMMBEZIRK;1512;1275;237;0;761;710;51;0;13;748;226;336;40;41;10;;23;;13;58;1;;;;10;751;222;287;55;50;10;11;26;5;8;66;1;7;3;
0131;03000906;STIMMBEZIRK;1614;1527;87;0;565;564;1;0;17;548;156;230;27;24;5;;41;;6;59;0;;;;11;554;151;207;47;32;4;13;35;2;4;54;2;3;0;
0131;03000907;STIMMBEZIRK;1784;1700;84;0;718;718;0;0;14;704;178;303;32;41;12;;58;;9;69;2;;;;5;713;161;281;48;59;8;10;50;7;11;68;1;8;1;
0131;03000908;STIMMBEZIRK;1448;1372;76;0;522;522;0;0;11;511;160;227;29;27;8;;18;;10;31;1;;;;9;513;148;199;31;48;6;12;21;7;4;35;0;2;0;
0131;03000909;STIMMBEZIRK;1206;1120;86;0;420;420;0;0;14;406;117;153;18;10;6;;34;;12;55;1;;;;10;410;94;121;35;26;3;14;39;6;9;55;1;3;4;
0131;03000910;STIMMBEZIRK;948;832;116;0;442;442;0;0;15;427;168;130;31;23;2;;24;;3;46;0;;;;10;432;141;114;46;48;3;2;26;3;2;47;0;0;0;
0131;03000911;STIMMBEZIRK;1714;1555;159;0;926;922;4;0;18;908;372;312;68;56;10;;28;;10;51;1;;;;11;915;311;270;110;105;5;13;29;2;8;57;0;5;0;
0131;03000912;STIMMBEZIRK;1824;1550;274;0;884;879;5;0;18;866;395;257;41;67;10;;20;;8;65;3;;;;14;870;313;237;71;133;8;7;15;2;5;70;1;6;2;
0131;03000913;STIMMBEZIRK;1288;1094;194;0;649;641;8;0;10;639;285;179;44;51;5;;23;;6;45;1;;;;7;642;246;149;80;82;4;8;17;1;4;47;0;3;1;
0131;03000914;STIMMBEZIRK;1772;1442;330;0;828;821;7;0;11;817;365;221;75;75;8;;23;;5;44;1;;;;8;820;283;176;110;136;10;9;33;2;5;53;1;2;0;
0131;03000915;STIMMBEZIRK;1268;1099;169;0;630;628;2;0;16;614;243;205;45;47;4;;22;;5;43;0;;;;9;621;202;173;68;91;1;13;19;3;4;45;0;2;0;
0131;03000916;STIMMBEZIRK;1608;1243;365;0;693;688;5;0;13;680;331;182;42;60;7;;8;;1;49;0;;;;8;685;262;156;70;120;4;3;9;2;1;58;0;0;0;
0131;03000917;STIMMBEZIRK;1356;1181;175;0;761;757;4;0;15;746;363;199;46;60;7;;13;;13;44;1;;;;6;755;301;188;66;123;4;1;11;1;6;52;0;2;0;
0132;03900955;BRIEFWAHLBEZIRK;0;0;0;0;810;0;0;0;8;802;259;300;64;57;15;;36;;7;64;;;;;8;802;239;273;96;64;11;5;37;1;4;65;1;4;2;
0132;03900956;BRIEFWAHLBEZIRK;0;0;0;0;1160;0;0;0;2;1158;340;437;132;101;20;;59;;13;56;;;;;3;1157;296;361;168;135;18;28;63;5;11;58;1;9;4;
0132;03900957;BRIEFWAHLBEZIRK;0;0;0;0;707;0;0;0;7;700;196;303;51;56;6;;36;;9;43;;;;;2;705;173;279;65;77;5;7;33;10;2;40;2;10;2;
0132;03900958;BRIEFWAHLBEZIRK;0;0;0;0;964;0;0;0;7;957;264;361;109;76;22;;55;;12;58;;;;;1;963;248;330;111;92;19;21;50;5;7;63;3;12;2;
0132;03900959;BRIEFWAHLBEZIRK;0;0;0;0;1500;0;0;0;15;1485;541;482;155;140;22;;56;;12;77;;;;;5;1495;474;423;200;190;20;28;60;1;7;78;2;6;6;
0132;03000401;STIMMBEZIRK;1358;1284;74;0;452;451;1;0;9;443;143;163;31;24;10;;34;;10;28;;;;;4;448;128;152;41;37;7;12;28;3;6;31;1;0;2;
0132;03000402;STIMMBEZIRK;1412;1308;104;0;549;548;1;0;7;542;165;246;19;17;8;;21;;9;57;;;;;4;545;142;216;39;33;5;7;28;3;5;60;2;3;2;
0132;03000403;STIMMBEZIRK;1565;1477;88;0;483;481;2;0;25;458;131;195;22;19;6;;25;;5;55;;;;;13;470;124;175;28;35;4;3;28;1;4;63;2;3;0;
0132;03000404;STIMMBEZIRK;1672;1573;99;0;623;623;0;0;17;606;172;258;27;33;8;;25;;14;69;;;;;7;616;162;234;39;49;8;9;25;3;9;71;3;3;1;
0132;03000405;STIMMBEZIRK;1638;1437;201;0;675;674;1;0;14;661;260;222;35;48;8;;20;;13;55;;;;;8;667;235;200;56;74;11;7;18;4;9;47;1;4;1;
0132;03000501;STIMMBEZIRK;1536;1439;97;0;466;466;0;0;13;453;88;184;34;15;10;;47;;7;68;;;;;10;456;77;154;44;31;6;9;51;4;3;68;1;5;3;
0132;03000502;STIMMBEZIRK;1742;1531;211;0;646;642;4;0;6;640;119;255;80;42;21;;74;;10;39;;;;;5;641;106;224;99;48;24;12;63;7;6;43;0;0;9;
0132;03000503;STIMMBEZIRK;1788;1583;205;0;795;792;3;0;17;778;159;333;97;27;20;;82;;18;42;;;;;10;785;141;245;138;52;20;21;87;3;15;46;0;15;2;
0132;03000504;STIMMBEZIRK;1965;1748;217;0;873;870;3;0;19;854;204;342;87;46;19;;71;;18;67;;;;;12;861;186;270;133;53;15;18;76;3;22;66;2;14;3;
0132;03000505;STIMMBEZIRK;1611;1423;188;0;758;757;1;0;11;747;179;288;96;39;27;;58;;10;50;;;;;10;748;159;244;110;56;23;21;63;3;8;49;1;8;3;
0132;03000506;STIMMBEZIRK;1650;1496;154;0;664;663;1;0;5;659;164;305;42;38;8;;40;;9;53;;;;;6;658;158;283;39;55;9;8;37;5;4;51;4;4;1;
0132;03000507;STIMMBEZIRK;1418;1238;180;0;623;623;0;0;13;610;160;230;86;42;12;;34;;10;36;;;;;9;614;154;193;103;55;11;17;31;2;3;39;3;2;1;
0132;03000601;STIMMBEZIRK;829;710;119;0;495;469;26;0;5;490;174;179;49;42;11;;8;;7;20;;;;;4;491;161;158;57;56;5;6;13;4;2;19;3;4;3;
0132;03000602;STIMMBEZIRK;1109;994;115;0;679;678;1;0;9;670;258;200;68;47;15;;18;;12;52;;;;;3;676;214;167;107;74;7;11;20;7;8;54;4;3;0;
0132;03000603;STIMMBEZIRK;1658;1478;180;0;927;925;2;0;18;909;322;335;78;69;13;;46;;5;41;;;;;11;916;279;302;112;91;7;7;42;6;6;56;5;2;1;
0132;03000604;STIMMBEZIRK;1887;1715;172;0;1022;1002;20;0;38;984;327;374;79;79;18;;22;;10;75;;;;;19;1003;294;345;123;87;19;17;25;3;8;74;4;4;0;
0132;03000605;STIMMBEZIRK;1396;1302;94;0;625;624;1;0;20;605;195;238;50;32;18;;22;;7;43;;;;;10;615;167;211;73;56;10;9;26;3;8;45;0;6;1;
0132;03000606;STIMMBEZIRK;1680;1536;144;0;660;643;17;0;18;642;209;243;50;36;13;;31;;12;48;;;;;14;646;187;203;67;55;10;16;33;3;12;52;1;6;1;
0132;03000607;STIMMBEZIRK;1738;1583;155;0;621;587;34;0;20;601;143;274;26;29;8;;44;;16;61;;;;;11;610;131;247;48;41;5;2;48;4;10;66;3;2;3;
0132;03000608;STIMMBEZIRK;1204;1122;82;0;443;443;0;0;11;432;135;163;13;38;11;;17;;5;50;;;;;4;439;124;149;36;35;5;4;19;4;6;53;1;3;0;
0132;03000609;STIMMBEZIRK;686;660;26;0;187;187;0;0;12;175;44;81;11;4;3;;10;;2;20;;;;;4;183;44;72;18;7;3;6;13;1;0;18;0;1;0;
0132;03000610;STIMMBEZIRK;1686;1497;189;0;798;798;0;0;12;786;250;330;46;58;8;;29;;14;51;;;;;7;791;226;291;82;68;12;10;30;3;8;55;1;4;1;
0132;03000611;STIMMBEZIRK;1664;1565;99;0;599;596;3;0;12;587;146;244;31;29;12;;54;;6;65;;;;;9;590;142;216;54;28;10;10;54;6;0;61;1;5;3;
0132;03000612;STIMMBEZIRK;1635;1508;127;0;625;624;1;0;12;613;177;237;46;40;20;;41;;9;43;;;;;10;615;136;213;60;59;10;12;44;10;5;44;4;15;3;
0132;03000613;STIMMBEZIRK;1385;1286;99;0;570;570;0;0;20;550;163;215;40;35;11;;24;;15;47;;;;;15;555;148;175;73;45;8;8;27;6;8;45;1;6;5;
0132;03000614;STIMMBEZIRK;1559;1430;129;0;548;547;1;0;13;535;141;209;54;34;19;;42;;6;30;;;;;10;538;112;179;74;52;9;20;43;3;4;33;2;7;0;
0132;03000615;STIMMBEZIRK;1671;1445;226;0;577;575;2;0;9;568;141;226;49;28;11;;37;;14;62;;;;;6;571;137;188;69;37;14;14;37;1;8;60;1;5;0;
0132;03000616;STIMMBEZIRK;1725;1523;202;0;620;618;2;0;12;608;124;264;63;38;17;;53;;11;38;;;;;5;615;105;206;112;46;17;8;51;3;8;44;3;10;2;
0132;03000617;STIMMBEZIRK;1849;1662;187;0;725;725;0;0;12;713;218;246;27;62;15;;37;;12;96;;;;;6;719;207;206;58;69;16;8;39;3;8;95;2;5;3;
0132;03000618;STIMMBEZIRK;1764;1510;254;0;807;807;0;0;14;793;254;297;49;42;19;;29;;15;88;;;;;10;797;222;248;89;59;12;17;36;5;5;94;3;4;3;
0132;03000619;STIMMBEZIRK;1555;1418;137;0;621;620;1;0;15;606;158;255;46;37;6;;32;;17;55;;;;;10;611;136;226;65;57;7;16;35;1;10;50;0;6;2;
0132;03000620;STIMMBEZIRK;1353;1243;110;0;482;480;2;0;9;473;104;205;45;26;16;;45;;4;28;;;;;8;474;98;183;48;33;8;10;46;6;3;28;0;9;2;
0132;03000621;STIMMBEZIRK;1260;1091;169;0;509;509;0;0;13;496;118;196;52;45;11;;35;;9;30;;;;;10;499;116;162;75;44;11;4;33;3;7;31;3;10;0;
0132;03000622;STIMMBEZIRK;1637;1460;177;0;719;715;4;0;13;706;183;243;87;39;20;;75;;11;48;;;;;8;711;142;205;125;62;12;11;70;4;7;52;0;21;0;
0132;03000701;STIMMBEZIRK;1914;1572;342;0;963;962;1;0;8;955;264;376;135;65;12;;59;;7;37;;;;;3;960;215;275;216;117;11;13;54;1;5;44;1;8;0;
0132;03000702;STIMMBEZIRK;1776;1397;379;0;778;778;0;0;10;768;266;234;78;89;8;;44;;5;44;;;;;8;770;227;181;127;115;6;9;46;0;1;52;1;3;2;
0133;03900960;BRIEFWAHLBEZIRK;0;0;0;0;1638;0;0;0;18;1620;400;572;262;93;42;;158;;19;71;3;;;;7;1631;334;409;384;168;28;28;161;0;6;75;4;32;2;
0133;03900961;BRIEFWAHLBEZIRK;0;0;0;0;1951;0;0;0;13;1938;642;688;273;140;28;;89;;11;65;2;;;;5;1946;540;541;394;244;21;30;82;3;10;62;0;13;6;
0133;03900962;BRIEFWAHLBEZIRK;0;0;0;0;1434;0;0;0;23;1411;471;488;163;102;37;;89;;12;48;1;;;;19;1415;400;379;235;191;18;17;93;1;9;53;2;12;5;
0133;03900963;BRIEFWAHLBEZIRK;0;0;0;0;1344;0;0;0;11;1333;517;445;115;87;29;;51;;14;67;8;;;;8;1336;458;373;174;145;26;14;53;5;6;69;6;7;0;
0133;03900964;BRIEFWAHLBEZIRK;0;0;0;0;853;0;0;0;15;838;248;353;71;32;14;;39;;11;64;6;;;;6;847;213;320;83;63;11;11;47;5;6;73;5;8;2;
0133;03000101;STIMMBEZIRK;953;800;153;0;412;412;0;0;5;407;111;147;60;15;14;;37;;9;12;2;;;;3;409;98;121;86;26;11;4;35;2;5;14;2;5;0;
0133;03000102;STIMMBEZIRK;1297;1074;223;0;547;545;2;0;5;542;116;224;76;28;18;;56;;5;18;1;;;;2;545;98;152;117;50;15;13;58;1;4;25;1;11;0;
0133;03000103;STIMMBEZIRK;1560;1354;206;0;821;780;41;0;12;809;141;321;126;41;40;;93;;14;30;3;;;;8;813;117;219;187;75;16;18;104;2;11;33;1;26;4;
0133;03000104;STIMMBEZIRK;1821;1505;316;0;860;860;0;0;9;851;164;350;140;36;24;;94;;13;26;4;;;;9;851;144;244;202;62;13;21;110;4;6;32;0;12;1;
0133;03000105;STIMMBEZIRK;1706;1411;295;0;770;770;0;0;10;760;139;291;135;35;26;;91;;10;31;2;;;;8;762;127;191;202;61;15;10;97;4;4;28;2;20;1;
0133;03000106;STIMMBEZIRK;1682;1388;294;0;807;804;3;0;9;798;161;299;148;50;32;;80;;8;17;3;;;;8;799;127;201;199;72;21;14;100;7;8;23;3;22;2;
0133;03000107;STIMMBEZIRK;1696;1313;383;0;800;759;41;0;8;792;195;291;134;44;25;;54;;13;35;1;;;;6;794;159;225;176;87;14;13;59;0;12;33;0;14;2;
0133;03000201;STIMMBEZIRK;2028;1666;362;0;1204;1200;4;0;11;1193;223;507;232;40;24;;117;;16;33;1;;;;13;1191;202;359;330;75;17;20;123;6;11;28;1;17;2;
0133;03000202;STIMMBEZIRK;1970;1611;359;0;1127;1127;0;0;15;1112;295;400;193;55;30;;82;;11;41;5;;;;6;1121;259;277;323;91;18;17;77;6;2;44;0;6;1;
0133;03000203;STIMMBEZIRK;1935;1533;402;0;1104;1100;4;0;9;1095;344;401;168;76;18;;45;;6;37;0;;;;5;1099;279;282;254;137;17;14;52;4;6;38;1;11;4;
0133;03000204;STIMMBEZIRK;1599;1269;330;0;826;819;7;0;6;820;237;301;127;51;14;;49;;5;33;3;;;;3;823;194;228;172;92;8;23;51;3;2;39;3;7;1;
0133;03000205;STIMMBEZIRK;1651;1304;347;0;952;947;5;0;10;942;312;335;140;59;16;;36;;8;34;2;;;;2;950;252;235;224;114;15;21;40;3;4;34;1;7;0;
0133;03000206;STIMMBEZIRK;1827;1543;284;0;801;801;0;0;18;783;222;281;93;53;25;;47;;5;52;5;;;;12;789;196;239;136;72;16;7;48;2;7;56;4;5;1;
0133;03000207;STIMMBEZIRK;1876;1651;225;0;886;886;0;0;21;865;228;343;97;56;25;;48;;13;55;0;;;;17;869;215;280;129;74;12;13;56;7;12;56;0;13;2;
0133;03000208;STIMMBEZIRK;1934;1616;318;0;930;927;3;0;12;918;272;334;122;74;22;;37;;14;42;1;;;;5;925;245;253;176;106;14;12;43;3;8;50;1;10;4;
0133;03000209;STIMMBEZIRK;1886;1501;385;0;1131;1128;3;0;7;1124;457;338;158;69;26;;24;;7;45;0;;;;3;1128;373;233;257;139;13;20;23;3;4;61;0;1;1;
0133;03000210;STIMMBEZIRK;1514;1375;139;0;728;723;5;0;7;721;198;279;82;30;18;;62;;8;42;2;;;;6;722;177;208;132;41;16;11;68;8;6;45;2;3;5;
0133;03000211;STIMMBEZIRK;1708;1446;262;0;761;760;1;0;14;747;217;279;71;38;13;;52;;13;63;1;;;;7;754;193;240;89;59;9;14;59;4;6;65;0;15;1;
0133;03000212;STIMMBEZIRK;877;779;98;0;424;423;1;0;4;420;86;162;67;24;20;;40;;7;14;0;;;;1;423;82;133;82;23;22;2;49;1;6;17;0;6;0;
0133;03000213;STIMMBEZIRK;1466;1310;156;0;669;653;16;0;16;653;194;244;73;36;15;;43;;11;31;6;;;;10;659;166;214;94;54;9;12;44;10;11;33;3;5;4;
0133;03000214;STIMMBEZIRK;1337;1184;153;0;859;854;5;0;10;849;509;124;57;49;26;;34;;15;35;0;;;;9;850;235;216;194;81;20;14;34;5;12;31;0;8;0;
0133;03000215;STIMMBEZIRK;1671;1325;346;0;936;928;8;0;10;926;375;296;117;63;14;;29;;3;28;1;;;;3;933;326;240;162;109;10;13;26;3;4;36;1;2;1;
0133;03000216;STIMMBEZIRK;1849;1601;248;0;1020;1016;4;0;13;1007;339;370;107;48;19;;43;;13;64;4;;;;6;1014;296;304;166;87;12;18;39;7;8;63;4;10;0;
0133;03000217;STIMMBEZIRK;728;634;94;0;404;404;0;0;7;397;167;122;39;20;3;;6;;7;29;4;;;;10;394;144;88;71;39;1;6;4;5;4;27;4;0;1;
0133;03000218;STIMMBEZIRK;775;635;140;0;423;423;0;0;5;418;172;134;35;25;6;;16;;12;15;3;;;;5;418;150;113;61;40;1;9;16;2;3;19;1;1;2;
0133;03000219;STIMMBEZIRK;1065;977;88;0;599;598;1;0;13;586;212;191;56;43;9;;27;;5;39;4;;;;12;587;178;166;81;57;6;11;26;4;5;49;2;1;1;
0133;03000220;STIMMBEZIRK;1534;1331;203;0;661;661;0;0;15;646;231;195;55;63;8;;28;;11;52;3;;;;12;649;205;148;82;87;4;14;30;3;7;60;3;4;2;
0133;03000221;STIMMBEZIRK;1401;1214;187;0;454;454;0;0;11;443;115;193;39;24;12;;28;;3;28;1;;;;9;445;104;179;49;28;7;7;22;6;2;31;3;6;1;
0133;03000222;STIMMBEZIRK;1316;1109;207;0;574;572;2;0;14;560;137;262;42;18;14;;25;;12;47;3;;;;9;565;124;212;71;36;10;11;31;6;16;43;1;4;0;
0133;03000223;STIMMBEZIRK;1076;928;148;0;619;618;1;0;5;614;194;232;72;34;7;;27;;7;41;0;;;;3;616;162;174;133;54;8;6;30;4;5;38;0;2;0;
0133;03000224;STIMMBEZIRK;1093;997;96;0;691;690;1;0;6;685;274;179;76;43;17;;21;;8;66;1;;;;3;688;240;127;103;86;17;6;27;7;4;65;1;3;2;
0133;03000301;STIMMBEZIRK;1224;1131;93;0;717;715;2;0;8;709;254;248;45;36;17;;34;;10;65;0;;;;9;708;220;206;74;60;8;11;40;9;7;69;0;2;2;
0133;03000302;STIMMBEZIRK;1519;1425;94;0;565;562;3;0;16;549;116;254;26;27;17;;29;;5;71;4;;;;8;557;100;234;42;43;9;8;32;4;3;75;2;4;1;
0133;03000303;STIMMBEZIRK;1373;1273;100;0;460;457;3;0;25;435;133;179;24;22;5;;16;;4;52;0;;;;14;446;119;162;33;42;3;6;16;1;5;56;2;1;0;
0133;03000304;STIMMBEZIRK;1876;1764;112;0;626;624;2;0;23;603;149;268;22;30;10;;37;;10;74;3;;;;14;612;142;245;47;34;9;7;37;5;6;77;1;0;2;
0133;03000305;STIMMBEZIRK;1594;1538;56;0;513;513;0;0;15;498;125;247;21;15;11;;22;;4;53;0;;;;5;508;117;230;37;25;3;6;26;3;4;55;0;2;0;
0134;53090001;STIMMBEZIRK;1149;1031;118;0;776;666;0;110;10;766;335;201;53;67;7;;28;14;9;52;;;;;5;771;277;178;87;99;5;5;31;11;4;61;2;5;6;
0134;53090002;STIMMBEZIRK;1153;984;169;0;659;500;0;159;16;643;304;166;53;45;9;;21;3;4;38;;;;;12;647;242;141;92;79;9;5;25;4;3;43;2;0;2;
0134;53090003;STIMMBEZIRK;940;832;108;0;527;421;2;104;7;520;211;130;67;38;11;;20;3;3;37;;;;;9;518;190;104;85;57;4;8;25;3;2;36;2;1;1;
0134;53090004;STIMMBEZIRK;1246;1102;144;0;707;577;0;130;5;702;262;210;86;45;18;;25;5;7;44;;;;;0;707;216;192;95;79;13;13;34;4;4;52;1;4;0;
0134;53090005;STIMMBEZIRK;1120;1000;120;0;546;427;0;119;18;528;206;189;28;31;6;;30;4;5;29;;;;;10;536;178;177;45;45;5;4;28;6;5;36;3;4;0;
0134;53090006;STIMMBEZIRK;1083;1006;77;0;468;399;1;68;5;463;185;142;31;39;4;;16;3;5;38;;;;;5;463;169;127;52;45;4;2;13;2;5;38;1;5;0;
0134;53090007;STIMMBEZIRK;1129;1030;99;0;733;637;0;96;10;723;249;257;67;50;10;;27;12;4;47;;;;;6;727;212;234;97;68;5;11;30;11;5;52;0;2;0;
0134;53090008;STIMMBEZIRK;1100;989;111;0;650;542;0;108;8;642;211;277;40;54;9;;12;12;1;26;;;;;2;648;182;255;72;68;5;4;17;7;2;31;0;4;1;
0134;53090009;STIMMBEZIRK;1233;1099;134;0;774;646;0;128;12;762;299;280;43;44;8;;16;1;5;66;;;;;6;768;253;249;67;81;6;4;26;4;6;68;0;4;0;
0134;53090010;STIMMBEZIRK;1089;957;132;0;639;513;0;126;10;629;229;189;65;59;10;;14;3;9;51;;;;;10;629;193;166;85;76;6;5;23;7;6;52;2;5;3;
0134;53090011;STIMMBEZIRK;1129;1016;113;0;770;660;0;110;8;762;270;241;69;60;2;;24;6;3;87;;;;;5;765;242;214;93;73;6;8;23;6;2;94;2;1;1;
0134;53090012;STIMMBEZIRK;983;873;110;0;616;508;0;108;9;607;240;217;37;45;8;;15;9;2;34;;;;;5;611;214;178;71;60;4;7;17;6;2;45;2;2;3;
0134;53090013;STIMMBEZIRK;922;853;69;0;459;395;0;64;6;453;152;163;36;34;5;;12;4;2;45;;;;;7;452;127;138;52;50;5;6;12;3;3;53;1;2;0;
0134;53090014;STIMMBEZIRK;877;792;85;0;520;437;0;83;7;513;224;147;42;34;1;;23;3;3;36;;;;;4;516;198;135;56;49;1;6;16;4;2;44;0;3;2;
0134;53963001;BRIEFWAHLBEZIRK;0;0;0;0;1389;0;0;0;7;1382;530;423;126;137;14;;33;19;17;83;;;;;3;1386;466;350;192;190;9;7;39;15;15;93;2;5;3;
0134;53100001;STIMMBEZIRK;1661;1405;256;0;775;774;1;0;9;766;329;216;76;47;18;;33;9;8;30;;;;;0;775;260;168;109;102;9;9;40;8;9;43;3;13;2;
0134;53100002;STIMMBEZIRK;1898;1898;0;0;772;772;0;0;6;766;266;283;52;57;11;;33;6;4;54;;;;;1;771;217;221;91;96;9;20;39;8;3;63;0;2;2;
0134;53100003;STIMMBEZIRK;1799;1594;205;0;1020;1020;0;0;12;1008;408;356;63;65;11;;24;9;12;60;;;;;6;1014;355;267;119;119;10;15;34;7;13;72;0;3;0;
0134;53100004;STIMMBEZIRK;2050;1725;325;0;1025;1023;2;0;25;1000;409;349;72;76;8;;32;8;9;37;;;;;14;1011;370;268;122;123;5;13;43;6;9;47;3;2;0;
0134;53100005;STIMMBEZIRK;1458;1284;174;0;719;718;1;0;9;710;249;252;58;51;16;;31;2;8;43;;;;;3;716;224;208;83;74;9;15;34;4;9;47;1;7;1;
0134;53100006;STIMMBEZIRK;1919;1714;205;0;897;897;0;0;16;881;316;281;60;62;10;;37;17;12;86;;;;;9;888;281;222;106;98;11;14;35;17;8;89;1;5;1;
0134;53100007;STIMMBEZIRK;1160;1043;117;0;729;729;0;0;5;724;276;222;54;64;9;;30;7;14;48;;;;;4;725;230;168;88;101;5;14;31;3;12;68;1;2;2;
0134;53908001;BRIEFWAHLBEZIRK;0;0;0;0;666;0;0;0;9;657;226;216;82;56;6;;14;7;11;39;;;;;6;660;215;187;86;80;9;9;18;2;6;42;0;4;2;
0134;53918001;BRIEFWAHLBEZIRK;0;0;0;0;1059;0;0;0;6;1053;405;313;92;97;12;;35;37;10;52;;;;;6;1053;345;283;114;153;11;10;39;19;7;64;1;3;4;
0134;53958001;BRIEFWAHLBEZIRK;0;0;0;0;1164;0;0;0;8;1156;486;317;123;102;10;;40;10;13;55;;;;;4;1160;407;279;141;171;7;16;43;4;10;72;1;7;2;
0135;53032001;STIMMBEZIRK;1474;1340;134;0;705;573;6;126;5;700;209;293;41;81;9;;20;;;47;;;;;4;701;191;241;69;94;6;6;26;3;5;53;3;3;1;
0135;53032002;STIMMBEZIRK;1436;1284;152;0;776;626;0;150;9;767;211;339;45;49;8;;39;;;76;;;;;5;771;190;262;85;72;6;3;50;12;3;83;1;4;0;
0135;53032003;STIMMBEZIRK;1441;1274;167;0;907;742;0;165;4;903;270;353;73;86;14;;32;;;75;;;;;1;906;241;273;111;113;9;14;52;9;2;77;0;3;2;
0135;53032004;STIMMBEZIRK;1168;1078;90;0;596;511;0;85;10;586;191;262;30;30;12;;23;;;38;;;;;7;589;181;200;64;49;8;12;29;1;1;36;1;6;1;
0135;53032005;STIMMBEZIRK;1339;1265;74;0;525;458;0;67;10;515;153;219;30;40;5;;24;;;44;;;;;6;519;129;185;47;52;2;12;36;6;1;49;0;0;0;
0135;53032006;STIMMBEZIRK;1210;1131;79;0;552;479;1;72;15;537;169;235;33;20;9;;28;;;43;;;;;9;543;147;198;50;38;10;10;28;9;2;47;1;2;1;
0135;53032007;STIMMBEZIRK;1716;1521;195;0;896;708;0;188;19;877;270;375;48;66;10;;37;;;71;;;;;14;882;246;313;81;91;6;15;39;8;6;66;2;8;1;
0135;53032008;STIMMBEZIRK;1633;1454;179;0;840;666;0;174;8;832;258;343;46;73;13;;39;;;60;;;;;10;830;235;294;75;89;9;8;46;2;3;65;1;1;2;
0135;53032009;STIMMBEZIRK;1629;1435;194;0;882;698;0;184;14;868;287;354;63;66;14;;35;;;49;;;;;9;873;259;279;108;100;6;5;43;10;3;57;1;2;0;
0135;53032010;STIMMBEZIRK;1683;1516;167;0;990;832;158;0;11;979;308;422;58;49;13;;41;;;88;;;;;3;987;282;337;112;81;8;10;52;3;3;87;0;10;2;
0135;53032011;STIMMBEZIRK;1816;1630;186;0;1080;898;2;180;9;1071;305;462;68;89;19;;43;;;85;;;;;7;1073;256;386;106;127;6;15;52;12;4;90;3;9;7;
0135;53032012;STIMMBEZIRK;1473;1307;166;0;755;596;0;159;13;742;233;307;45;51;11;;37;;;58;;;;;17;738;198;256;76;84;9;8;39;7;0;56;0;4;1;
0135;53032013;STIMMBEZIRK;1346;1235;111;0;534;427;0;107;8;526;145;228;43;35;6;;24;;;45;;;;;5;529;128;203;60;42;2;5;25;5;1;50;2;3;3;
0135;53032014;STIMMBEZIRK;1355;1220;135;0;761;633;0;128;10;751;213;329;50;37;10;;36;;;76;;;;;5;756;183;274;79;68;9;17;34;3;1;80;0;6;2;
0135;53032015;STIMMBEZIRK;283;246;37;0;192;158;0;34;4;188;59;66;10;22;5;;6;;;20;;;;;5;187;57;60;16;20;2;1;7;0;0;22;0;1;1;
0135;53032016;STIMMBEZIRK;974;880;94;0;623;533;0;90;8;615;189;272;34;51;9;;13;;;47;;;;;4;619;164;235;49;70;4;5;17;15;4;53;0;3;0;
0135;53032017;STIMMBEZIRK;1324;1175;149;0;788;645;0;143;5;783;301;297;43;51;12;;19;;;60;;;;;2;786;262;263;71;75;6;4;23;3;4;71;0;2;2;
0135;53083001;STIMMBEZIRK;788;714;74;0;445;376;0;69;7;438;152;182;24;26;3;;23;;;28;;;;;3;442;120;166;42;50;1;3;18;5;3;33;0;1;0;
0135;53083002;STIMMBEZIRK;736;675;61;0;397;339;1;57;9;388;168;122;19;25;5;;10;;;39;;;;;5;392;141;104;36;49;1;4;12;2;0;41;0;1;1;
0135;53083003;STIMMBEZIRK;679;644;35;0;275;242;0;33;3;272;85;106;11;15;8;;16;;;31;;;;;2;273;75;92;27;21;7;5;7;5;0;31;0;2;1;
0135;53083004;STIMMBEZIRK;617;590;27;0;284;259;0;25;3;281;96;112;11;22;2;;13;;;25;;;;;0;284;81;102;18;36;2;5;7;4;0;28;0;1;0;
0135;53083005;STIMMBEZIRK;630;593;37;0;337;300;0;37;5;332;103;135;23;16;7;;14;;;34;;;;;4;333;81;125;32;23;3;5;13;4;2;40;0;3;2;
0135;53083006;STIMMBEZIRK;931;828;103;0;540;446;0;94;12;528;185;233;20;25;8;;12;;;45;;;;;7;533;160;201;38;46;1;9;13;8;1;51;0;4;1;
0135;53083007;STIMMBEZIRK;723;635;88;0;368;287;0;81;8;360;122;145;19;26;6;;13;;;29;;;;;6;362;100;121;39;43;4;5;16;4;0;27;0;1;2;
0135;53083008;STIMMBEZIRK;788;733;55;0;379;327;0;52;9;370;126;146;17;24;6;;18;;;33;;;;;5;374;109;118;28;47;3;11;16;2;2;30;0;5;3;
0135;53083009;STIMMBEZIRK;746;683;63;0;327;264;0;63;6;321;94;151;12;11;4;;20;;;29;;;;;3;324;81;128;28;15;2;5;19;6;1;35;2;2;0;
0135;53083010;STIMMBEZIRK;685;625;60;0;340;285;0;55;9;331;114;143;15;22;5;;10;;;22;;;;;2;338;101;120;32;35;1;10;12;5;1;20;0;0;1;
0135;53083011;STIMMBEZIRK;788;715;73;0;393;321;0;72;6;387;103;140;38;26;9;;22;;;49;;;;;6;387;88;100;72;41;5;5;24;1;3;47;0;0;1;
0135;53083012;STIMMBEZIRK;716;664;52;0;325;271;0;54;5;320;104;132;12;17;11;;12;;;32;;;;;4;321;88;116;20;30;5;7;13;6;0;31;1;3;1;
0135;53978001;BRIEFWAHLBEZIRK;0;0;0;0;1352;0;0;0;11;1341;473;488;107;127;18;;31;;;97;;;;;3;1349;427;433;122;164;10;16;29;14;8;112;2;6;6;
0135;53116001;STIMMBEZIRK;1492;1249;243;0;683;683;0;0;18;665;261;209;47;76;8;;28;;;36;;;;;6;677;230;180;57;96;3;15;26;4;6;47;2;7;4;
0135;53116002;STIMMBEZIRK;1348;1215;133;0;588;586;2;0;15;573;177;197;45;45;13;;34;;;62;;;;;13;575;142;166;61;64;8;9;39;6;6;64;1;5;4;
0135;53116003;STIMMBEZIRK;1469;1280;189;0;629;596;33;0;17;612;204;255;36;51;5;;18;;;43;;;;;14;615;173;221;51;75;3;14;20;5;4;46;1;1;1;
0135;53116004;STIMMBEZIRK;1455;1238;217;0;806;806;0;0;15;791;308;250;45;78;13;;17;;;80;;;;;11;795;266;210;81;108;7;6;17;9;4;76;1;5;5;
0135;53116005;STIMMBEZIRK;1371;1271;100;0;530;530;0;0;13;517;148;204;23;54;16;;19;;;53;;;;;9;521;138;176;37;47;11;16;19;9;4;57;0;5;2;
0135;53116006;STIMMBEZIRK;1694;1493;201;0;767;767;0;0;11;756;244;270;52;60;14;;40;;;76;;;;;9;758;230;229;59;69;5;21;38;14;11;75;1;4;2;
0135;53116007;STIMMBEZIRK;1546;1386;160;0;822;822;0;0;7;815;240;288;82;79;10;;46;;;70;;;;;5;817;213;253;82;108;7;12;38;14;4;71;5;4;6;
0135;53116008;STIMMBEZIRK;1838;1593;245;0;1007;1007;0;0;15;992;325;369;81;79;16;;36;;;86;;;;;6;1001;289;307;105;108;7;16;38;13;10;90;4;10;4;
0135;53973001;BRIEFWAHLBEZIRK;0;0;0;0;427;0;0;0;1;426;159;127;38;44;7;;13;;;38;;;;;1;426;139;116;40;56;8;0;11;3;4;40;2;6;1;
0135;53973002;BRIEFWAHLBEZIRK;0;0;0;0;412;0;0;0;4;408;169;90;53;40;8;;16;;;32;;;;;6;406;154;95;42;54;1;3;17;3;0;35;0;1;1;
0101;54005001;STIMMBEZIRK;329;302;27;0;201;201;0;0;3;198;112;37;9;20;2;7;1;;1;;;;9;;2;199;99;30;22;21;2;8;1;0;1;4;0;0;11;
0101;54015001;STIMMBEZIRK;276;249;27;0;190;190;0;0;3;187;102;35;17;12;0;5;5;;2;;;;9;;2;188;91;27;24;21;0;8;6;1;0;4;0;0;6;
0101;54025001;STIMMBEZIRK;67;65;2;0;56;56;0;0;1;55;34;8;4;2;2;2;0;;0;;;;3;;0;56;36;6;7;4;1;1;0;0;0;1;0;0;0;
0101;54083001;STIMMBEZIRK;357;304;53;0;226;226;0;0;4;222;116;40;23;8;2;4;5;;2;;;;22;;1;225;106;37;27;14;2;5;5;3;0;4;0;1;21;
0101;54085001;STIMMBEZIRK;751;615;136;0;414;414;0;0;3;411;167;114;52;38;9;15;9;;5;;;;2;;0;414;149;103;55;51;3;19;13;1;0;11;0;2;7;
0101;54087001;STIMMBEZIRK;452;389;63;0;286;286;0;0;6;280;174;42;24;14;3;2;3;;0;;;;18;;3;283;144;34;35;36;1;5;3;0;1;10;1;0;13;
0101;54089001;STIMMBEZIRK;448;370;78;0;226;226;0;0;6;220;114;51;21;16;4;6;6;;0;;;;2;;4;222;87;50;27;40;1;7;4;0;0;4;0;0;2;
0101;54094001;STIMMBEZIRK;358;320;38;0;206;206;0;0;3;203;112;40;16;13;1;4;3;;1;;;;13;;2;204;96;36;19;22;0;4;5;0;1;5;0;0;16;
0101;54098001;STIMMBEZIRK;419;370;49;0;248;248;0;0;7;241;140;33;12;22;0;7;6;;2;;;;19;;5;243;124;29;17;29;0;11;2;1;0;14;0;0;16;
0101;54129001;STIMMBEZIRK;150;140;10;0;110;110;0;0;1;109;60;14;8;5;1;6;3;;0;;;;12;;0;110;55;15;9;11;1;5;3;0;0;2;0;0;9;
0101;54143001;STIMMBEZIRK;332;284;48;0;203;203;0;0;2;201;126;32;12;11;2;4;2;;0;;;;12;;1;202;106;27;20;25;0;6;3;0;0;4;0;0;11;
0101;54158001;STIMMBEZIRK;44;31;13;0;23;23;0;0;0;23;15;3;0;3;0;1;0;;0;;;;1;;0;23;14;1;1;3;0;2;0;0;0;1;0;0;1;
0101;54160001;STIMMBEZIRK;639;499;140;0;267;267;0;0;0;267;101;84;32;13;4;16;10;;3;;;;4;;0;267;86;82;29;22;5;17;8;1;0;8;0;0;9;
0101;54163001;STIMMBEZIRK;520;454;66;0;289;288;1;0;6;283;134;75;30;8;3;8;1;;2;;;;22;;3;286;95;63;42;39;4;7;2;0;2;6;0;1;25;
0101;54164001;STIMMBEZIRK;1159;968;191;0;533;533;0;0;21;512;216;147;55;33;5;15;14;;4;;;;23;;10;523;171;120;94;53;1;23;12;2;2;24;0;1;20;
0101;54164002;STIMMBEZIRK;1122;936;186;0;575;575;0;0;10;565;211;162;76;45;7;18;23;;8;;;;15;;4;571;174;145;81;70;8;18;26;2;5;24;0;1;17;
0101;54164003;STIMMBEZIRK;1155;1003;152;0;630;630;0;0;7;623;235;197;70;40;3;25;19;;3;;;;31;;8;622;199;140;118;59;4;35;19;2;1;10;0;2;33;
0101;54046001;STIMMBEZIRK;701;609;92;0;319;319;0;0;7;312;147;70;27;22;8;17;6;;4;;;;11;;1;318;103;77;27;43;5;23;5;1;2;18;0;0;14;
0101;54061001;STIMMBEZIRK;413;301;112;0;189;189;0;0;4;185;117;17;21;14;0;7;4;;3;;;;2;;4;185;86;23;32;22;0;6;6;0;1;6;0;0;3;
0101;54078001;STIMMBEZIRK;1089;918;171;0;450;444;6;0;8;442;249;83;29;20;8;29;11;;1;;;;12;;3;447;189;79;47;44;2;46;9;1;4;15;1;4;6;
0101;54149001;STIMMBEZIRK;1127;899;228;0;474;474;0;0;10;464;236;75;40;41;5;21;12;;7;;;;27;;8;466;182;67;52;66;3;29;14;2;3;25;0;1;22;
0101;54002001;STIMMBEZIRK;440;399;41;0;283;283;0;0;6;277;136;76;25;16;7;14;1;;0;;;;2;;2;281;120;63;36;21;6;17;2;1;1;11;1;0;2;
0101;54006001;STIMMBEZIRK;453;417;36;0;257;257;0;0;6;251;130;59;25;8;7;16;2;;4;;;;0;;5;252;117;53;34;9;3;19;4;1;1;7;0;2;2;
0101;54010001;STIMMBEZIRK;498;469;29;0;336;336;0;0;9;327;182;75;14;19;3;27;4;;2;;;;1;;7;329;152;70;25;27;2;30;5;2;2;13;0;0;1;
0101;54012001;STIMMBEZIRK;626;583;43;0;392;392;0;0;6;386;181;109;32;19;1;29;11;;3;;;;1;;3;389;153;79;62;27;3;30;7;2;5;17;0;3;1;
0101;54014001;STIMMBEZIRK;658;601;57;0;456;456;0;0;12;444;178;132;46;24;10;36;12;;2;;;;4;;9;447;149;110;63;37;15;31;14;3;0;14;4;3;4;
0101;54014002;STIMMBEZIRK;620;543;77;0;336;336;0;0;8;328;137;98;31;16;4;35;2;;1;;;;4;;6;330;119;77;45;31;1;38;7;0;1;8;1;0;2;
0101;54014003;STIMMBEZIRK;397;371;26;0;265;265;0;0;6;259;130;57;24;14;5;21;5;;1;;;;2;;4;261;106;61;25;21;7;22;6;0;1;9;0;1;2;
0101;54019001;STIMMBEZIRK;1321;1201;120;0;648;648;0;0;16;632;228;224;59;31;10;54;22;;2;;;;2;;12;636;183;201;84;55;12;58;17;0;1;18;2;2;3;
0101;54019002;STIMMBEZIRK;1691;1513;178;0;790;790;0;0;21;769;306;248;67;35;10;75;12;;11;;;;5;;10;780;238;229;88;64;7;88;8;1;7;41;1;4;4;
0101;54019003;STIMMBEZIRK;1285;1124;161;0;698;698;0;0;38;660;279;221;43;39;6;42;29;;0;;;;1;;14;684;234;179;85;65;5;51;25;1;0;33;1;4;1;
0101;54020001;STIMMBEZIRK;1910;1741;169;0;1137;1137;0;0;30;1107;497;321;116;63;10;59;29;;9;;;;3;;12;1125;402;299;181;97;8;73;23;3;3;26;0;4;6;
0101;54024001;STIMMBEZIRK;1027;934;93;0;622;622;0;0;5;617;276;149;84;29;8;35;23;;6;;;;7;;5;617;229;134;100;60;7;32;16;7;3;18;0;6;5;
0101;54037001;STIMMBEZIRK;279;266;13;0;189;189;0;0;4;185;87;45;14;17;2;17;2;;1;;;;0;;0;189;81;38;15;21;1;21;2;1;1;7;0;1;0;
0101;54038001;STIMMBEZIRK;334;307;27;0;218;218;0;0;9;209;132;38;11;6;3;12;3;;3;;;;1;;4;214;93;31;24;23;1;18;4;1;1;18;0;0;0;
0101;54045001;STIMMBEZIRK;366;339;27;0;233;231;2;0;7;226;134;39;18;5;9;14;4;;1;;;;2;;7;226;117;27;26;11;5;18;5;3;0;12;0;2;0;
0101;54059001;STIMMBEZIRK;581;555;26;0;403;403;0;0;12;391;186;100;36;21;4;28;14;;2;;;;0;;6;397;149;92;47;37;7;29;13;2;2;15;1;2;1;
0101;54071001;STIMMBEZIRK;45;43;2;0;34;34;0;0;0;34;27;2;0;0;0;0;3;;2;;;;0;;0;34;24;1;0;1;0;1;2;0;0;4;1;0;0;
0101;54075001;STIMMBEZIRK;927;859;68;0;551;551;0;0;6;545;262;136;50;43;5;30;17;;1;;;;1;;6;545;215;138;47;68;7;42;9;1;2;10;0;1;5;
0101;54075002;STIMMBEZIRK;915;863;52;0;549;549;0;0;10;539;235;171;34;25;11;45;8;;2;;;;8;;13;536;186;145;65;41;8;48;10;4;2;22;1;0;4;
0101;54075003;STIMMBEZIRK;770;698;72;0;487;485;2;0;11;476;243;104;43;9;6;46;17;;3;;;;5;;5;482;209;91;57;33;6;42;19;0;0;17;0;3;5;
0101;54080001;STIMMBEZIRK;262;254;8;0;193;192;1;0;1;192;90;54;15;8;4;18;3;;0;;;;0;;2;191;77;48;24;12;1;13;2;1;0;11;0;1;1;
0101;54093001;STIMMBEZIRK;279;247;32;0;191;191;0;0;4;187;84;46;15;13;1;18;4;;4;;;;2;;1;190;76;34;17;21;2;19;12;0;4;3;0;1;1;
0101;54121001;STIMMBEZIRK;220;203;17;0;140;138;2;0;2;138;57;41;18;5;1;10;2;;3;;;;1;;3;137;40;33;21;17;0;14;1;1;1;8;0;1;0;
0101;54128001;STIMMBEZIRK;815;756;59;0;519;519;0;0;9;510;195;175;44;41;8;32;10;;3;;;;2;;7;512;139;164;73;56;3;43;14;2;4;8;2;2;2;
0101;54146001;STIMMBEZIRK;148;141;7;0;108;108;0;0;2;106;49;21;15;7;2;9;2;;1;;;;0;;1;107;35;18;30;9;2;9;2;0;1;0;0;1;0;
0101;54001001;STIMMBEZIRK;1209;1101;108;0;800;699;0;101;14;786;332;208;61;42;13;90;24;;6;;;;10;;11;789;281;166;102;54;5;110;16;4;7;30;3;2;9;
0101;54009001;STIMMBEZIRK;360;304;56;0;261;209;0;52;2;259;92;59;27;25;9;36;3;;3;;;;5;;4;257;68;50;33;18;5;57;3;0;0;15;0;2;6;
0101;54016001;STIMMBEZIRK;170;164;6;0;129;123;0;6;4;125;58;36;12;6;1;11;0;;1;;;;0;;1;128;43;31;25;11;1;10;0;1;0;4;0;1;1;
0101;54017001;STIMMBEZIRK;549;485;64;0;378;318;0;60;9;369;142;107;34;32;4;32;5;;8;;;;5;;6;372;113;84;62;34;3;36;8;1;1;24;1;1;4;
0101;54018001;STIMMBEZIRK;174;160;14;0;115;101;0;14;4;111;47;19;11;2;0;20;8;;2;;;;2;;4;111;35;11;13;10;1;24;8;0;1;2;0;2;4;
0101;54022001;STIMMBEZIRK;291;255;36;0;201;166;0;35;9;192;84;51;16;19;4;6;7;;3;;;;2;;4;197;64;51;25;23;3;8;5;1;1;16;0;0;0;
0101;54022002;STIMMBEZIRK;479;413;66;0;360;294;0;66;9;351;147;113;42;14;0;16;12;;5;;;;2;;3;357;126;90;61;27;7;18;8;0;3;12;0;0;5;
0101;54027001;STIMMBEZIRK;86;83;3;0;64;61;0;3;1;63;27;17;9;3;1;4;0;;1;;;;1;;1;63;18;11;15;9;1;5;1;1;0;2;0;0;0;
0101;54034001;STIMMBEZIRK;144;134;10;0;109;100;0;9;2;107;67;15;14;4;0;2;2;;0;;;;3;;1;108;46;25;17;11;0;4;3;0;0;0;0;0;2;
0101;54048001;STIMMBEZIRK;69;59;10;0;54;44;0;10;1;53;39;5;4;1;0;3;1;;0;;;;0;;0;54;33;7;5;5;0;2;0;0;0;1;0;1;0;
0101;54055001;STIMMBEZIRK;607;555;52;0;420;368;0;52;13;407;167;123;27;24;7;35;13;;3;;;;8;;7;413;134;105;37;34;3;48;12;4;2;25;0;2;7;
0101;54062001;STIMMBEZIRK;179;168;11;0;128;118;0;10;2;126;45;41;12;12;0;10;4;;1;;;;1;;0;128;37;35;17;20;0;11;3;0;0;2;0;2;1;
0101;54065001;STIMMBEZIRK;799;721;78;0;482;416;0;66;14;468;193;162;28;26;8;30;10;;4;;;;7;;8;474;149;131;53;51;5;35;14;2;3;21;0;3;7;
0101;54068001;STIMMBEZIRK;749;677;72;0;525;458;0;67;14;511;226;146;45;23;9;37;11;;8;;;;6;;8;517;187;109;82;35;6;50;14;1;7;22;0;1;3;
0101;54073001;STIMMBEZIRK;1100;1031;69;0;743;679;0;64;21;722;339;178;53;43;9;67;20;;6;;;;7;;8;735;286;163;65;59;6;90;19;3;3;33;0;3;5;
0101;54076001;STIMMBEZIRK;1390;1272;118;0;814;713;0;101;22;792;354;230;51;46;12;63;29;;3;;;;4;;1;813;284;213;78;70;13;73;24;4;3;45;0;1;5;
0101;54076002;STIMMBEZIRK;1207;1101;106;0;799;700;0;99;9;790;325;234;45;50;18;90;23;;3;;;;2;;2;797;273;215;69;63;13;96;20;5;2;34;1;4;2;
0101;54076003;STIMMBEZIRK;1212;1121;91;0;624;539;0;85;9;615;255;159;54;26;10;87;13;;1;;;;10;;7;617;205;142;64;51;6;88;14;3;0;31;0;3;10;
0101;54076004;STIMMBEZIRK;1226;1139;87;0;616;532;0;84;13;603;225;200;35;41;6;53;26;;7;;;;10;;8;608;179;162;61;49;7;76;18;3;3;44;0;0;6;
0101;54076005;STIMMBEZIRK;100;89;11;0;83;72;0;11;1;82;36;19;9;3;0;9;1;;4;;;;1;;1;82;33;14;10;4;0;10;5;1;2;1;0;0;2;
0101;54076006;STIMMBEZIRK;550;509;41;0;383;344;0;39;9;374;159;97;31;26;5;45;5;;5;;;;1;;7;376;133;88;38;39;3;47;5;4;2;10;0;4;3;
0101;54076007;STIMMBEZIRK;604;533;71;0;422;354;0;68;9;413;180;119;35;36;9;24;6;;3;;;;1;;6;416;140;95;45;53;11;30;11;3;1;21;2;2;2;
0101;54077001;STIMMBEZIRK;45;44;1;0;32;31;0;1;0;32;19;3;3;2;0;2;2;;0;;;;1;;0;32;18;1;3;4;0;2;2;0;0;1;0;0;1;
0101;54086001;STIMMBEZIRK;920;848;72;0;591;523;0;68;11;580;254;147;49;28;12;48;17;;11;;;;14;;5;586;190;132;73;50;12;69;11;3;6;19;0;2;19;
0101;54088001;STIMMBEZIRK;1493;1327;166;0;1003;847;0;156;16;987;416;322;75;71;12;46;30;;4;;;;11;;3;1000;338;263;93;108;13;87;29;5;4;41;2;6;11;
0101;54088002;STIMMBEZIRK;1477;1325;152;0;944;816;0;128;26;918;358;305;60;89;13;52;25;;6;;;;10;;14;930;301;242;99;112;13;76;29;3;2;37;0;5;11;
0101;54088003;STIMMBEZIRK;1770;1589;181;0;1136;960;0;176;29;1107;454;351;85;78;8;68;35;;12;;;;16;;16;1120;363;277;141;121;6;99;41;6;7;45;1;4;9;
0101;54088004;STIMMBEZIRK;1432;1265;167;0;853;701;0;152;16;837;325;297;47;48;11;69;24;;5;;;;11;;12;841;274;256;76;73;11;73;29;2;2;25;0;5;15;
0101;54088005;STIMMBEZIRK;1651;1469;182;0;994;821;0;173;16;978;394;317;85;62;8;62;26;;7;;;;17;;11;983;303;245;154;111;11;86;16;2;2;40;0;3;10;
0101;54109001;STIMMBEZIRK;1067;978;89;0;741;658;0;83;23;718;289;213;74;53;8;52;16;;5;;;;8;;15;726;237;202;97;77;2;70;12;4;4;14;0;0;7;
0101;54109002;STIMMBEZIRK;999;919;80;0;669;606;0;63;12;657;263;214;45;48;7;56;9;;6;;;;9;;9;660;209;185;69;62;8;71;16;4;5;18;2;3;8;
0101;54109003;STIMMBEZIRK;1125;1035;90;0;786;699;0;87;18;768;341;226;67;41;7;58;12;;10;;;;6;;13;773;276;201;101;69;5;67;12;1;7;18;3;4;9;
0101;54110001;STIMMBEZIRK;355;320;35;0;234;204;0;30;0;234;102;47;27;22;6;18;8;;0;;;;4;;1;233;71;47;38;28;4;17;8;1;1;12;0;2;4;
0101;54124001;STIMMBEZIRK;199;187;12;0;138;128;0;10;2;136;55;36;20;8;3;7;4;;3;;;;0;;2;136;41;28;26;12;2;16;3;1;2;3;0;1;1;
0101;54125001;STIMMBEZIRK;783;723;60;0;543;488;0;55;8;535;257;138;34;26;12;40;20;;6;;;;2;;5;538;198;108;61;57;8;50;23;1;5;24;0;2;1;
0101;54126001;STIMMBEZIRK;752;713;39;0;520;487;0;33;11;509;233;154;30;35;1;40;10;;4;;;;2;;9;511;199;126;50;52;2;49;15;0;3;10;1;0;4;
0101;54131001;STIMMBEZIRK;1865;1689;176;0;1172;1008;0;164;29;1143;422;360;83;64;21;126;36;;10;;;;21;;22;1150;349;295;126;104;14;151;27;3;6;54;1;3;17;
0101;54136001;STIMMBEZIRK;198;182;16;0;137;121;0;16;2;135;59;32;13;8;5;14;2;;1;;;;1;;2;135;55;22;18;9;4;15;5;0;1;5;0;0;1;
0101;54142001;STIMMBEZIRK;310;268;42;0;225;186;0;39;3;222;91;66;24;7;6;21;1;;3;;;;3;;3;222;68;61;26;15;4;32;1;0;2;8;0;1;4;
0101;54154001;STIMMBEZIRK;295;287;8;0;198;190;0;8;3;195;113;33;18;6;3;18;3;;0;;;;1;;4;194;89;26;26;9;2;28;6;0;0;6;0;1;1;
0101;54165001;STIMMBEZIRK;490;425;65;0;357;296;0;61;2;355;135;99;52;27;2;23;6;;7;;;;4;;1;356;100;65;86;49;4;26;12;0;2;8;0;0;4;
0101;54166001;STIMMBEZIRK;775;682;93;0;527;444;0;83;11;516;187;154;59;36;9;46;13;;5;;;;7;;10;517;144;132;68;55;5;59;10;4;4;22;0;4;10;
0101;54167001;STIMMBEZIRK;915;829;86;0;671;587;0;84;11;660;333;127;47;38;17;62;24;;7;;;;5;;3;668;277;109;70;58;12;58;26;4;5;41;2;2;4;
0102;54035001;STIMMBEZIRK;288;234;54;0;187;138;0;49;6;181;95;32;17;15;3;17;2;;;;;;0;;0;187;68;27;25;28;4;20;2;0;0;12;0;0;1;
0102;54036001;STIMMBEZIRK;1037;907;130;0;682;559;0;123;15;667;255;212;39;35;16;74;30;;;;;;6;;7;675;213;201;56;68;10;61;24;4;0;26;0;3;9;
0102;54036002;STIMMBEZIRK;1110;943;167;0;698;542;0;156;19;679;290;172;60;51;16;59;26;;;;;;5;;13;685;251;158;76;88;11;39;21;4;1;28;1;4;3;
0102;54040001;STIMMBEZIRK;16;12;4;0;15;11;0;4;0;15;5;6;1;1;1;1;0;;;;;;0;;0;15;2;6;1;5;0;1;0;0;0;0;0;0;0;
0102;54063001;STIMMBEZIRK;152;138;14;0;116;103;0;13;2;114;48;29;9;10;4;11;2;;;;;;1;;2;114;41;34;8;13;2;8;3;1;1;3;0;0;0;
0102;54072001;STIMMBEZIRK;177;160;17;0;136;119;1;16;6;130;44;54;10;8;0;12;2;;;;;;0;;0;136;41;55;12;13;0;8;2;1;0;4;0;0;0;
0102;54090001;STIMMBEZIRK;40;37;3;0;36;33;0;3;0;36;20;5;2;8;0;1;0;;;;;;0;;0;36;10;5;2;16;0;2;0;0;1;0;0;0;0;
0102;54095001;STIMMBEZIRK;1076;971;105;0;745;647;98;0;12;733;313;231;46;46;9;41;41;;;;;;6;;5;740;234;214;69;104;11;48;19;5;2;20;0;4;10;
0102;54100001;STIMMBEZIRK;197;153;44;0;133;95;0;38;5;128;69;18;21;8;6;4;1;;;;;;1;;2;131;58;12;27;13;3;4;1;0;2;8;0;2;1;
0102;54104001;STIMMBEZIRK;192;145;47;0;149;103;46;0;3;146;57;27;14;15;10;15;8;;;;;;0;;2;147;38;25;25;30;6;10;6;0;0;7;0;0;0;
0102;54113001;STIMMBEZIRK;843;635;0;208;598;399;1;198;5;593;301;145;53;47;8;21;12;;;;;;6;;8;590;222;145;58;99;6;17;14;2;1;21;2;0;3;
0102;54113002;STIMMBEZIRK;1197;977;220;0;809;603;0;206;8;801;356;208;61;79;10;60;21;;;;;;6;;5;804;270;176;102;139;7;47;23;6;1;25;1;1;6;
0102;54113003;STIMMBEZIRK;1050;829;221;0;724;520;0;204;9;715;360;164;63;69;13;27;18;;;;;;1;;4;720;285;151;67;130;13;25;20;5;0;17;0;3;4;
0102;54134001;STIMMBEZIRK;795;666;129;0;542;425;1;116;11;531;247;133;44;43;14;31;16;;;;;;3;;7;535;200;121;63;86;6;24;6;4;0;19;0;2;4;
0102;54135001;STIMMBEZIRK;531;392;139;0;380;280;17;83;6;374;154;100;57;26;2;25;7;;;;;;3;;4;376;137;77;74;39;1;20;9;0;0;11;1;5;2;
0102;54140001;STIMMBEZIRK;100;81;19;0;74;57;0;17;1;73;33;16;7;11;2;3;1;;;;;;0;;0;74;29;20;7;11;1;2;1;0;0;2;0;1;0;
0102;54145001;STIMMBEZIRK;182;147;35;0;127;95;0;32;7;120;62;23;8;9;3;9;5;;;;;;1;;4;123;52;20;18;19;2;5;3;0;1;2;0;0;1;
0102;54148001;STIMMBEZIRK;189;164;25;0;145;123;0;22;0;145;73;32;15;10;3;8;3;;;;;;1;;0;145;56;26;19;19;1;11;4;0;1;7;0;0;1;
0102;54150001;STIMMBEZIRK;93;81;12;0;74;62;0;12;1;73;38;16;5;9;3;0;1;;;;;;1;;1;73;32;16;5;11;1;2;1;0;0;3;1;0;1;
0102;54007001;STIMMBEZIRK;290;263;27;0;190;190;0;0;4;186;95;53;7;12;5;12;2;;;;;;0;;0;190;87;36;24;16;6;6;5;0;0;9;1;0;0;
0102;54023001;STIMMBEZIRK;521;461;60;0;303;303;0;0;5;298;124;82;25;20;8;34;5;;;;;;0;;1;302;96;70;32;40;2;32;7;1;0;21;1;0;0;
0102;54026001;STIMMBEZIRK;38;32;6;0;28;28;0;0;1;27;17;4;1;4;0;1;0;;;;;;0;;1;27;17;4;1;3;1;0;0;0;0;0;0;0;1;
0102;54032001;STIMMBEZIRK;82;69;13;0;55;55;0;0;1;54;27;15;0;5;1;6;0;;;;;;0;;0;55;18;10;6;9;1;5;2;0;0;3;0;0;1;
0102;54042001;STIMMBEZIRK;2100;1860;240;0;1294;1294;0;0;27;1267;468;536;67;44;16;105;30;;;;;;1;;24;1270;434;384;145;96;13;97;31;12;6;41;1;4;6;
0102;54043001;STIMMBEZIRK;233;213;20;0;152;152;0;0;7;145;68;26;15;13;2;15;6;;;;;;0;;1;151;61;18;22;24;3;14;7;0;0;1;0;1;0;
0102;54052001;STIMMBEZIRK;635;599;36;0;404;404;0;0;3;401;180;145;21;11;5;32;5;;;;;;2;;2;402;170;115;39;25;3;23;5;3;1;17;0;0;1;
0102;54054001;STIMMBEZIRK;138;125;13;0;90;90;0;0;1;89;36;33;5;1;1;9;3;;;;;;1;;0;90;31;24;15;6;0;5;2;0;0;6;0;1;0;
0102;54070001;STIMMBEZIRK;765;706;59;0;476;476;0;0;13;463;193;144;32;19;10;58;6;;;;;;1;;5;471;170;135;45;47;10;41;4;2;4;9;1;2;1;
0102;54084001;STIMMBEZIRK;1035;958;77;0;704;704;0;0;14;690;260;268;44;51;9;46;11;;;;;;1;;5;699;216;231;78;89;5;28;14;4;2;27;2;1;2;
0102;54084002;STIMMBEZIRK;1189;1054;135;0;644;644;0;0;16;628;238;252;39;42;8;36;11;;;;;;2;;13;631;222;225;62;68;5;22;4;0;0;16;0;4;3;
0102;54084003;STIMMBEZIRK;974;883;91;0;628;628;0;0;12;616;259;204;46;41;6;53;6;;;;;;1;;2;626;223;170;74;61;7;45;6;3;2;29;0;4;2;
0102;54091001;STIMMBEZIRK;898;785;113;0;584;584;0;0;22;562;272;184;29;34;6;23;9;;;;;;5;;10;574;223;167;52;62;5;26;6;2;1;28;0;0;2;
0102;54091002;STIMMBEZIRK;993;838;155;0;579;579;0;0;21;558;266;196;23;29;7;20;16;;;;;;1;;13;566;215;183;48;65;4;21;15;0;0;14;0;0;1;
0102;54096001;STIMMBEZIRK;569;531;38;0;329;329;0;0;7;322;148;102;9;29;8;22;4;;;;;;0;;0;329;142;77;19;43;5;13;6;4;1;18;0;0;1;
0102;54097001;STIMMBEZIRK;347;333;14;0;238;238;0;0;2;236;118;63;14;16;4;18;3;;;;;;0;;1;237;93;55;31;27;0;19;1;2;0;7;0;1;1;
0102;54099001;STIMMBEZIRK;1261;1077;184;0;725;725;0;0;14;711;338;196;52;44;11;50;18;;;;;;2;;10;715;309;151;86;70;6;40;22;2;1;22;0;6;0;
0102;54105001;STIMMBEZIRK;364;323;41;0;224;224;0;0;5;219;102;60;10;16;3;23;5;;;;;;0;;6;218;97;55;18;15;6;14;6;0;0;5;0;1;1;
0102;54106001;STIMMBEZIRK;1483;1336;147;0;883;883;0;0;13;870;362;316;54;52;17;46;20;;;;;;3;;5;878;309;253;91;98;13;38;21;2;2;37;0;5;9;
0102;54116001;STIMMBEZIRK;1122;985;137;0;627;627;0;0;10;617;266;196;34;37;17;47;12;;;;;;8;;12;615;223;175;68;52;9;35;16;2;6;20;2;4;3;
0102;54119001;STIMMBEZIRK;452;404;48;0;265;265;0;0;4;261;105;92;12;15;1;31;4;;;;;;1;;3;262;83;80;19;33;2;25;4;0;1;14;0;0;1;
0102;54120001;STIMMBEZIRK;678;566;112;0;386;386;0;0;13;373;181;102;17;28;6;28;10;;;;;;1;;3;383;160;90;32;49;3;21;7;2;1;16;0;1;1;
0102;54130001;STIMMBEZIRK;19;17;2;0;13;13;0;0;0;13;7;2;4;0;0;0;0;;;;;;0;;0;13;5;3;1;1;2;1;0;0;0;0;0;0;0;
0102;54132001;STIMMBEZIRK;134;124;10;0;97;97;0;0;0;97;52;28;4;3;4;6;0;;;;;;0;;0;97;49;19;7;9;3;5;1;0;2;1;0;1;0;
0102;54141001;STIMMBEZIRK;233;207;26;0;155;155;0;0;5;150;80;35;5;8;1;18;3;;;;;;0;;4;151;50;32;10;26;3;12;6;1;0;10;0;0;1;
0102;54156001;STIMMBEZIRK;601;552;49;0;352;352;0;0;6;346;140;89;22;24;7;48;15;;;;;;1;;3;349;118;69;36;41;3;37;12;0;0;32;0;0;1;
0102;54157001;STIMMBEZIRK;90;80;10;0;55;55;0;0;1;54;17;22;5;0;2;8;0;;;;;;0;;0;55;12;22;6;3;0;6;1;1;0;4;0;0;0;
0102;54159001;STIMMBEZIRK;654;595;59;0;395;395;0;0;5;390;217;96;20;20;13;15;9;;;;;;0;;4;391;192;85;32;38;1;16;12;3;1;9;0;1;1;
0102;54161001;STIMMBEZIRK;845;740;104;1;485;484;1;0;7;478;175;144;42;30;20;49;15;;;;;;3;;6;479;147;112;67;58;12;30;25;3;1;18;0;5;1;
0102;54162001;STIMMBEZIRK;373;316;57;0;255;255;0;0;5;250;88;99;25;15;6;14;2;;;;;;1;;1;254;75;78;42;23;5;7;8;2;0;12;0;2;0;
0102;54039001;STIMMBEZIRK;9;7;2;0;9;7;0;2;0;9;5;1;3;0;0;0;0;;;;;;0;;0;9;1;2;2;1;3;0;0;0;0;0;0;0;0;
0102;54050001;STIMMBEZIRK;89;67;22;0;75;53;0;22;0;75;34;19;10;4;0;4;4;;;;;;0;;1;74;31;22;8;4;1;3;5;0;0;0;0;0;0;
0102;54074001;STIMMBEZIRK;108;78;30;0;90;64;0;26;2;88;32;25;12;3;2;12;0;;;;;;2;;1;89;31;19;20;6;0;6;1;0;0;2;0;1;3;
0102;54103001;STIMMBEZIRK;980;734;246;0;750;517;0;233;11;739;409;180;65;28;13;33;10;;;;;;1;;7;743;310;202;90;66;4;27;14;2;5;17;1;3;2;
0102;54003001;STIMMBEZIRK;422;399;23;0;256;256;0;0;5;251;125;56;20;9;4;25;11;;;;;;1;;3;253;109;50;26;26;1;23;9;1;0;6;0;1;1;
0102;54004001;STIMMBEZIRK;184;168;16;0;132;132;0;0;2;130;71;33;7;7;1;9;2;;;;;;0;;1;131;54;33;15;16;1;7;2;0;0;2;1;0;0;
0102;54011001;STIMMBEZIRK;458;431;27;0;309;309;0;0;3;306;184;69;10;16;5;17;5;;;;;;0;;1;308;154;63;23;33;2;17;4;1;1;9;0;0;1;
0102;54013001;STIMMBEZIRK;142;131;11;0;86;86;0;0;0;86;58;19;1;6;0;2;0;;;;;;0;;0;86;52;15;2;9;1;3;0;1;0;3;0;0;0;
0102;54041001;STIMMBEZIRK;744;703;41;0;476;476;0;0;4;472;238;126;33;28;11;22;11;;;;;;3;;2;474;209;120;49;37;10;19;14;1;1;6;0;4;4;
0102;54057001;STIMMBEZIRK;518;488;30;0;342;342;0;0;3;339;194;77;18;15;7;21;5;;;;;;2;;3;339;167;61;25;33;9;19;7;1;1;13;0;1;2;
0102;54079001;STIMMBEZIRK;541;511;30;0;406;406;0;0;3;403;254;84;25;13;7;13;6;;;;;;1;;1;405;204;80;42;39;5;13;8;0;0;10;1;3;0;
0102;54092001;STIMMBEZIRK;336;318;18;0;219;219;0;0;3;216;102;67;15;6;4;18;3;;;;;;1;;1;218;82;60;28;17;7;9;1;2;0;8;0;1;3;
0102;54101001;STIMMBEZIRK;496;469;27;0;296;296;0;0;7;289;130;92;11;17;5;24;8;;;;;;2;;5;291;117;72;28;22;3;20;9;3;1;13;0;0;3;
0102;54118001;STIMMBEZIRK;772;713;59;0;510;510;0;0;13;497;236;158;30;20;5;36;11;;;;;;1;;6;504;188;129;61;44;4;38;15;0;1;18;0;3;3;
0102;54123001;STIMMBEZIRK;247;239;8;0;176;176;0;0;4;172;102;42;9;10;0;5;4;;;;;;0;;2;174;92;36;19;12;0;4;6;0;0;2;0;2;1;
0102;54144001;STIMMBEZIRK;975;902;73;0;570;570;0;0;4;566;254;186;42;27;7;33;16;;;;;;1;;4;566;214;159;75;42;5;23;18;5;4;14;0;2;5;
0102;54144002;STIMMBEZIRK;809;764;45;0;531;531;0;0;12;519;307;128;15;21;7;27;12;;;;;;2;;10;521;234;108;51;68;2;25;11;1;1;19;0;1;0;
0102;54152001;STIMMBEZIRK;822;760;62;0;489;489;0;0;6;483;246;120;31;35;10;31;10;;;;;;0;;4;485;200;111;53;64;3;27;16;2;1;7;0;1;0;
0104;59107001;STIMMBEZIRK;1817;1616;201;0;948;947;1;0;11;937;401;270;56;42;8;87;19;;18;36;;;;;12;936;318;244;75;75;11;116;20;13;15;41;1;4;3;
0104;59128001;STIMMBEZIRK;341;314;27;0;213;213;0;0;1;212;122;44;7;11;4;12;7;;1;4;;;;;0;213;92;39;20;26;3;19;7;1;0;4;1;1;0;
0104;59131001;STIMMBEZIRK;791;747;44;0;535;535;0;0;1;534;221;162;44;21;3;44;13;;9;17;;;;;2;533;176;139;64;37;8;62;13;6;6;19;0;2;1;
0104;59132001;STIMMBEZIRK;595;561;34;0;363;363;0;0;1;362;177;94;25;15;3;15;16;;3;14;;;;;1;362;144;89;37;40;3;17;14;3;5;10;0;0;0;
0104;59138001;STIMMBEZIRK;845;776;69;0;520;520;0;0;4;516;247;129;40;28;4;33;11;;6;18;;;;;6;514;192;99;62;53;2;53;10;7;7;25;1;2;1;
0104;59162001;STIMMBEZIRK;403;351;52;0;245;245;0;0;2;243;120;63;10;7;2;17;7;;2;15;;;;;3;242;93;56;14;24;1;20;8;3;0;19;0;0;4;
0104;59169001;STIMMBEZIRK;273;262;11;0;175;175;0;0;4;171;88;30;15;12;5;8;1;;8;4;;;;;2;173;71;34;18;24;3;9;2;4;5;2;0;0;1;
0104;59174001;STIMMBEZIRK;1980;1805;175;0;1232;1232;0;0;9;1223;613;288;91;44;19;114;17;;5;32;;;;;10;1222;449;272;146;95;17;146;26;7;6;42;4;6;6;
0104;59101001;STIMMBEZIRK;351;317;34;0;252;252;0;0;1;251;90;73;35;11;2;25;8;;0;7;;;;;0;252;76;45;59;19;2;33;8;1;1;7;0;0;1;
0104;59103001;STIMMBEZIRK;463;410;53;0;308;308;0;0;3;305;106;89;43;13;6;27;16;;3;2;;;;;2;306;87;67;65;24;4;34;10;4;0;6;1;3;1;
0104;59116001;STIMMBEZIRK;1482;1361;121;0;971;971;0;0;17;954;398;258;70;40;19;89;38;;10;32;;;;;13;958;326;224;102;79;11;113;41;7;6;42;0;5;2;
0104;59126001;STIMMBEZIRK;1010;905;105;0;713;713;0;0;6;707;288;206;74;41;15;42;26;;4;11;;;;;7;706;250;158;122;60;13;46;29;4;5;15;0;3;1;
0104;59127001;STIMMBEZIRK;1870;1651;219;0;1166;1166;0;0;11;1155;437;348;112;54;18;116;36;;9;25;;;;;8;1158;371;293;160;98;17;134;33;8;4;34;0;4;2;
0104;59141001;STIMMBEZIRK;565;497;68;0;394;394;0;0;1;393;120;126;60;12;6;42;18;;1;8;;;;;3;391;101;107;63;33;6;44;16;4;3;7;0;6;1;
0104;59182001;STIMMBEZIRK;1278;1191;87;0;884;884;0;0;7;877;312;247;107;42;15;85;31;;12;26;;;;;4;880;249;198;146;81;12;110;30;8;10;30;1;5;0;
0104;59106001;STIMMBEZIRK;836;760;76;0;555;555;0;0;1;554;231;142;53;34;5;59;14;;0;16;;;;;1;554;199;114;82;58;5;61;13;1;0;19;0;1;1;
0104;59118001;STIMMBEZIRK;713;632;81;0;461;461;0;0;5;456;210;119;55;16;6;28;10;;1;11;;;;;4;457;176;113;74;31;6;30;13;1;1;11;0;1;0;
0104;59137001;STIMMBEZIRK;1286;1090;196;0;787;787;0;0;8;779;325;206;86;29;11;62;14;;4;42;;;;;8;779;258;170;135;73;10;65;15;2;1;42;0;6;2;
0104;59145001;STIMMBEZIRK;902;798;104;0;594;592;2;0;9;585;252;161;54;33;6;40;27;;4;8;;;;;3;591;205;135;87;67;3;51;22;0;1;13;2;2;3;
0104;59157001;STIMMBEZIRK;435;393;42;0;280;278;2;0;2;278;113;71;36;13;1;19;7;;1;17;;;;;1;279;95;63;50;16;2;23;9;1;1;19;0;0;0;
0104;59176001;STIMMBEZIRK;1932;1677;255;0;1231;1230;1;0;15;1216;483;358;103;73;8;108;27;;9;47;;;;;11;1220;390;309;167;132;9;116;26;9;3;52;1;2;4;
0104;59178001;STIMMBEZIRK;636;529;107;0;401;401;0;0;3;398;172;83;49;34;6;23;12;;2;17;;;;;2;399;145;67;61;57;5;23;14;2;2;22;0;1;0;
0104;59159001;STIMMBEZIRK;861;780;81;0;508;508;0;0;10;498;225;125;42;29;6;34;14;;11;12;;;;;6;502;185;114;55;57;6;39;18;5;5;16;0;2;0;
0104;59159002;STIMMBEZIRK;462;436;26;0;302;301;1;0;3;299;135;76;30;10;6;18;13;;0;11;;;;;5;297;114;65;38;19;1;26;16;2;1;14;0;1;0;
0104;59171001;STIMMBEZIRK;1123;980;143;0;667;667;0;0;8;659;242;209;44;33;13;70;21;;5;22;;;;;3;664;192;191;76;59;11;78;18;2;5;27;2;3;0;
0104;59171002;STIMMBEZIRK;1044;903;141;0;563;563;0;0;5;558;222;153;26;33;6;77;13;;4;24;;;;;5;558;192;132;52;58;5;66;19;5;4;23;0;2;0;
0104;59171003;STIMMBEZIRK;1238;1069;169;0;724;724;0;0;12;712;319;178;35;47;13;88;11;;3;18;;;;;9;715;251;178;51;96;7;91;9;2;4;19;1;4;2;
0104;59171004;STIMMBEZIRK;1043;912;131;0;475;475;0;0;9;466;160;162;38;23;3;49;15;;3;13;;;;;7;468;142;125;58;41;1;59;17;7;1;13;1;3;0;
0104;59184001;STIMMBEZIRK;1058;948;110;0;671;670;1;0;5;666;255;210;59;19;5;75;13;;13;17;;;;;5;666;192;180;86;51;7;98;13;2;7;20;5;3;2;
0104;59184002;STIMMBEZIRK;867;788;79;0;545;545;0;0;5;540;233;136;47;30;3;55;13;;5;18;;;;;4;541;208;120;60;34;7;65;15;4;2;22;1;1;2;
0104;59184003;STIMMBEZIRK;897;810;87;0;560;560;0;0;1;559;210;159;48;27;7;68;13;;6;21;;;;;1;559;180;121;80;51;4;76;16;1;4;23;1;1;1;
0104;59076001;STIMMBEZIRK;442;411;31;0;339;309;0;30;4;335;113;96;32;18;8;36;17;;8;7;;;;;3;336;106;84;40;20;9;40;17;2;5;9;0;1;3;
0104;59161001;STIMMBEZIRK;1236;1129;107;0;837;739;0;98;6;831;309;237;83;57;9;76;18;;7;35;;;;;3;834;260;197;115;89;9;83;19;8;5;45;1;2;1;
0104;59161002;STIMMBEZIRK;1218;1138;80;0;822;744;0;78;7;815;306;270;72;29;14;76;18;;9;21;;;;;6;816;246;238;96;65;12;88;24;5;10;25;1;1;5;
0104;59161003;STIMMBEZIRK;1051;926;125;0;738;618;0;120;11;727;287;203;70;43;17;57;24;;5;21;;;;;8;730;232;187;89;80;17;62;29;1;5;24;0;1;3;
0104;59185001;STIMMBEZIRK;1312;1190;122;0;869;748;1;120;12;857;373;235;73;49;12;72;16;;8;19;;;;;7;862;307;204;102;99;14;69;19;6;3;24;1;8;6;
0104;59185002;STIMMBEZIRK;1415;1273;142;0;869;730;0;139;9;860;336;272;60;46;12;68;23;;10;33;;;;;8;861;266;241;101;90;12;68;24;7;5;40;3;4;0;
0104;59185003;STIMMBEZIRK;1257;1121;136;0;878;744;0;134;14;864;347;231;78;35;6;98;35;;10;24;;;;;8;870;288;207;107;79;7;95;36;6;5;32;2;1;5;
0104;59105001;STIMMBEZIRK;83;81;2;0;51;51;0;0;1;50;24;11;2;2;0;4;2;;2;3;;;;;0;51;17;11;3;6;1;5;1;1;2;4;0;0;0;
0104;59115001;STIMMBEZIRK;1017;930;87;0;625;623;2;0;2;623;230;165;53;45;6;81;15;;8;20;;;;;0;625;193;149;85;66;3;81;14;5;1;24;0;3;1;
0104;59115002;STIMMBEZIRK;802;743;59;0;506;506;0;0;4;502;166;147;52;31;6;66;16;;4;14;;;;;3;503;135;141;79;45;4;54;18;1;2;18;0;1;5;
0104;59115003;STIMMBEZIRK;683;631;52;0;386;385;1;0;2;384;160;84;41;18;10;52;11;;1;7;;;;;1;385;123;79;55;33;6;61;6;2;2;15;0;2;1;
0104;59123001;STIMMBEZIRK;487;454;33;0;335;335;0;0;3;332;162;64;26;13;4;49;2;;0;12;;;;;3;332;127;58;32;28;1;56;2;1;1;21;1;4;0;
0104;59124001;STIMMBEZIRK;137;117;20;0;80;80;0;0;0;80;42;17;10;1;1;8;0;;0;1;;;;;0;80;40;13;8;2;1;15;0;0;0;1;0;0;0;
0104;59129001;STIMMBEZIRK;247;235;12;0;153;153;0;0;0;153;72;35;11;9;0;15;5;;0;6;;;;;1;152;63;28;10;13;0;24;5;0;0;6;0;2;1;
0104;59143001;STIMMBEZIRK;736;673;63;0;450;450;0;0;8;442;180;120;32;25;3;59;11;;3;9;;;;;4;446;161;119;44;35;5;55;9;2;0;13;1;1;1;
0104;59144001;STIMMBEZIRK;552;516;36;0;368;368;0;0;3;365;172;94;25;17;3;29;9;;1;15;;;;;2;366;142;72;44;32;5;39;10;2;1;17;0;1;1;
0104;59149001;STIMMBEZIRK;356;313;43;0;231;231;0;0;2;229;82;70;11;15;1;26;10;;4;10;;;;;0;231;75;60;27;17;1;28;8;1;1;11;1;0;1;
0104;59151001;STIMMBEZIRK;256;236;20;0;198;198;0;0;2;196;88;44;19;4;3;27;7;;0;4;;;;;0;198;76;38;26;10;5;28;8;0;1;5;0;1;0;
0104;59158001;STIMMBEZIRK;2004;1834;170;0;1185;1185;0;0;13;1172;454;297;99;45;17;179;26;;8;47;;;;;6;1179;383;276;157;72;14;168;37;6;5;52;0;4;5;
0104;59173001;STIMMBEZIRK;742;692;50;0;463;463;0;0;3;460;141;133;42;15;5;78;22;;2;22;;;;;2;461;122;99;71;32;6;72;27;2;1;22;4;1;2;
0104;59177001;STIMMBEZIRK;346;323;23;0;235;235;0;0;6;229;108;45;16;13;3;35;3;;1;5;;;;;4;231;96;39;18;16;3;45;3;0;1;7;0;1;2;
0104;59179001;STIMMBEZIRK;210;201;9;0;143;143;0;0;4;139;55;34;8;16;2;10;4;;1;9;;;;;0;143;46;25;16;20;1;14;3;3;1;8;0;4;2;
0104;59179002;STIMMBEZIRK;391;349;42;0;225;225;0;0;2;223;96;49;19;25;2;17;6;;1;8;;;;;3;222;89;41;25;22;4;21;7;3;2;8;0;0;0;
0104;59179003;STIMMBEZIRK;280;258;22;0;170;170;0;0;2;168;73;44;13;16;4;17;1;;0;0;;;;;2;168;72;33;23;8;5;22;1;1;0;3;0;0;0;
0104;59179004;STIMMBEZIRK;186;170;16;0;121;121;0;0;0;121;75;16;8;9;0;9;2;;1;1;;;;;0;121;73;19;6;6;0;11;2;0;0;2;0;2;0;
0104;59179005;STIMMBEZIRK;528;483;45;0;330;330;0;0;7;323;173;53;15;28;4;35;5;;4;6;;;;;4;326;147;46;25;36;3;44;9;0;3;6;0;3;4;
0105;59012001;STIMMBEZIRK;582;492;90;0;328;328;0;0;3;325;130;98;52;19;2;12;5;2;4;;1;;;;2;326;92;74;69;48;4;14;7;1;2;14;0;1;0;
0105;59018001;STIMMBEZIRK;846;748;98;0;504;504;0;0;15;489;211;158;29;26;5;36;3;8;9;;4;;;;6;498;171;114;56;60;5;38;8;9;4;26;0;2;5;
0105;59018002;STIMMBEZIRK;806;697;109;0;476;476;0;0;10;466;195;144;35;32;4;34;8;4;3;;7;;;;4;472;143;119;55;62;3;41;9;2;3;32;0;3;0;
0105;59019001;STIMMBEZIRK;919;843;76;0;541;541;0;0;8;533;208;159;39;20;4;64;20;5;7;;7;;;;3;538;170;127;66;48;5;74;17;6;6;16;0;3;0;
0105;59026001;STIMMBEZIRK;1038;876;162;0;607;607;0;0;24;583;278;162;51;34;3;22;9;12;6;;6;;;;8;599;233;137;72;69;2;31;15;9;1;25;2;3;0;
0105;59026002;STIMMBEZIRK;1067;898;169;0;707;707;0;0;5;702;335;192;58;49;6;26;14;11;5;;6;;;;1;706;272;123;115;89;12;33;13;6;3;37;0;2;1;
0105;59032001;STIMMBEZIRK;313;285;28;0;215;215;0;0;3;212;68;81;24;15;4;10;6;2;2;;0;;;;2;213;50;54;42;22;2;23;6;2;3;5;0;2;2;
0105;59043001;STIMMBEZIRK;784;730;54;0;469;469;0;0;10;459;168;146;23;41;11;31;18;7;10;;4;;;;8;461;135;120;38;53;6;41;13;3;7;38;0;2;5;
0105;59056001;STIMMBEZIRK;200;183;17;0;120;120;0;0;3;117;46;40;4;5;0;13;4;3;2;;0;;;;1;119;29;29;14;9;1;18;4;0;2;13;0;0;0;
0105;59078001;STIMMBEZIRK;720;652;68;0;507;507;0;0;7;500;200;149;63;40;5;23;13;2;2;;3;;;;1;506;176;99;86;55;3;38;15;6;0;24;1;2;1;
0105;59002001;STIMMBEZIRK;257;220;37;0;168;168;0;0;1;167;47;63;35;8;3;10;1;0;0;;0;;;;1;167;37;39;44;20;3;17;6;0;0;1;0;0;0;
0105;59034001;STIMMBEZIRK;196;164;32;0;134;134;0;0;4;130;38;48;23;6;1;5;6;0;3;;0;;;;0;134;30;38;35;9;1;8;7;1;2;3;0;0;0;
0105;59067001;STIMMBEZIRK;250;214;36;0;130;130;0;0;0;130;55;43;8;9;0;3;8;3;1;;0;;;;1;129;44;24;12;26;0;6;5;2;4;5;0;0;1;
0105;59068001;STIMMBEZIRK;523;446;77;0;300;300;0;0;4;296;118;109;26;15;6;17;3;1;0;;1;;;;4;296;93;95;47;24;6;16;4;3;1;7;0;0;0;
0105;59006001;STIMMBEZIRK;621;545;76;0;434;361;0;73;7;427;142;132;47;32;9;36;19;1;8;;1;;;;1;433;122;92;65;40;9;53;26;1;4;17;2;2;0;
0105;59014001;STIMMBEZIRK;304;275;29;0;204;175;0;29;1;203;80;69;16;6;3;14;7;1;5;;2;;;;1;203;68;51;20;8;1;30;9;0;3;10;0;2;1;
0105;59021001;STIMMBEZIRK;232;217;15;0;171;156;0;15;5;166;72;42;20;7;1;11;8;1;3;;1;;;;6;165;57;40;28;12;0;8;6;1;1;10;0;1;1;
0105;59055001;STIMMBEZIRK;213;186;27;0;156;130;26;0;1;155;54;40;14;16;5;9;7;1;8;;1;;;;1;155;43;27;25;26;7;10;7;1;3;5;1;0;0;
0105;59060001;STIMMBEZIRK;796;701;95;0;610;526;0;84;10;600;252;169;62;33;2;46;26;3;5;;2;;;;4;606;197;158;84;52;3;57;28;3;2;18;0;2;2;
0105;59063001;STIMMBEZIRK;554;519;35;0;391;356;0;35;6;385;97;161;22;25;12;36;15;4;10;;3;;;;5;386;80;131;41;31;9;47;16;0;8;19;0;2;2;
0105;59065001;STIMMBEZIRK;114;104;10;0;91;83;0;8;3;88;37;28;5;6;2;5;2;3;0;;0;;;;1;90;31;15;16;9;2;5;5;0;1;5;0;0;1;
0105;59070001;STIMMBEZIRK;196;171;25;0;154;133;1;20;2;152;53;54;17;7;3;4;8;1;4;;1;;;;2;152;41;35;31;12;6;9;5;0;3;10;0;0;0;
0105;59072001;STIMMBEZIRK;182;174;8;0;141;135;0;6;2;139;64;34;14;7;3;9;6;1;1;;0;;;;1;140;55;29;27;9;0;12;1;1;2;3;0;1;0;
0105;59074001;STIMMBEZIRK;303;279;24;0;216;192;0;24;4;212;73;83;17;10;4;7;11;1;5;;1;;;;2;214;63;62;36;15;2;15;11;0;1;7;1;0;1;
0105;59080001;STIMMBEZIRK;628;552;76;0;449;377;0;72;6;443;133;184;37;21;4;34;17;8;4;;1;;;;4;445;123;142;62;30;5;45;16;2;6;7;1;1;5;
0105;59083001;STIMMBEZIRK;1148;1029;119;0;777;665;0;112;12;765;268;262;68;54;14;55;23;4;12;;5;;;;8;769;220;228;97;90;6;62;20;6;11;25;0;4;0;
0105;59083002;STIMMBEZIRK;1259;1122;137;0;797;673;0;124;8;789;335;227;61;50;11;52;20;6;26;;1;;;;18;779;277;188;95;80;6;63;25;2;18;20;2;3;0;
0105;59083003;STIMMBEZIRK;1024;926;98;0;625;532;0;93;9;616;220;195;47;44;8;73;12;3;11;;3;;;;5;620;186;153;71;61;8;88;11;8;7;21;0;4;2;
0105;59094001;STIMMBEZIRK;573;482;91;0;443;368;0;75;9;434;152;145;67;26;6;18;9;5;3;;3;;;;7;436;122;100;102;45;7;29;11;3;2;14;0;1;0;
0105;59095001;STIMMBEZIRK;200;181;19;0;133;116;0;17;1;132;55;41;15;11;1;3;5;0;1;;0;;;;1;132;46;28;24;15;0;9;8;0;0;1;0;1;0;
0105;59187001;STIMMBEZIRK;977;830;147;0;732;591;0;141;13;719;296;223;73;41;12;32;32;2;7;;1;;;;11;721;240;149;131;82;13;34;38;2;9;21;0;2;0;
0105;59008001;STIMMBEZIRK;1198;1112;86;0;739;667;0;72;16;723;324;238;44;33;7;39;29;3;4;;2;;;;8;731;262;212;75;66;6;55;18;1;2;31;1;0;2;
0105;59016001;STIMMBEZIRK;417;344;73;0;333;266;0;67;7;326;159;81;39;22;2;19;0;2;1;;1;;;;6;327;135;58;53;38;2;28;1;1;1;9;0;1;0;
0105;59033001;STIMMBEZIRK;189;165;24;0;151;128;0;23;2;149;53;44;17;17;2;7;3;0;5;;1;;;;2;149;47;28;29;23;1;8;2;0;3;8;0;0;0;
0105;59037001;STIMMBEZIRK;720;680;40;0;488;454;0;34;7;481;200;133;45;18;7;57;12;3;5;;1;;;;3;485;169;110;56;34;6;77;9;2;3;17;0;1;1;
0105;59042001;STIMMBEZIRK;717;653;64;0;515;455;0;60;21;494;191;155;54;24;7;38;10;4;10;;1;;;;14;501;148;121;78;50;5;48;13;3;2;31;0;1;1;
0105;59049001;STIMMBEZIRK;378;347;31;0;258;227;0;31;10;248;102;91;22;10;4;12;5;1;1;;0;;;;4;254;90;76;25;19;5;17;5;2;0;14;0;1;0;
0105;59062001;STIMMBEZIRK;920;821;99;0;712;616;0;96;4;708;269;245;71;37;6;50;15;5;4;;6;;;;4;708;221;169;126;68;5;76;12;5;1;20;1;3;1;
0105;59073001;STIMMBEZIRK;1315;1133;182;0;934;767;0;167;17;917;372;284;95;50;18;67;18;4;8;;1;;;;5;929;307;212;167;94;9;74;17;1;4;41;0;3;0;
0105;59081001;STIMMBEZIRK;672;609;63;0;442;386;0;56;5;437;203;120;34;26;5;32;10;2;5;;0;;;;2;440;173;101;56;39;5;34;9;1;4;17;0;1;0;
0105;59082001;STIMMBEZIRK;540;494;46;0;397;356;0;41;3;394;181;115;28;19;4;23;7;7;6;;4;;;;1;396;159;87;48;37;3;32;6;3;4;15;0;1;1;
0105;59084001;STIMMBEZIRK;381;353;28;0;266;241;0;25;2;264;118;71;28;13;2;22;6;3;1;;0;;;;3;263;109;59;40;20;3;18;3;1;1;9;0;0;0;
0105;59086001;STIMMBEZIRK;742;673;69;0;518;458;1;59;6;512;209;160;51;44;7;23;12;1;4;;1;;;;2;516;189;107;69;60;6;42;20;3;3;12;0;4;1;
0105;59090001;STIMMBEZIRK;856;794;62;0;581;521;0;60;9;572;209;206;42;28;7;54;15;3;7;;1;;;;5;576;181;168;63;47;10;66;16;2;2;21;0;0;0;
0105;59093001;STIMMBEZIRK;350;325;25;0;233;209;0;24;5;228;67;72;32;23;5;16;9;0;1;;3;;;;0;233;49;55;50;33;3;18;9;1;0;13;2;0;0;
0105;59097001;STIMMBEZIRK;417;371;46;0;301;259;0;42;7;294;141;73;24;19;4;22;7;2;1;;1;;;;5;296;127;54;38;25;6;24;8;2;0;9;1;2;0;
0105;59098001;STIMMBEZIRK;1133;988;145;0;813;678;0;135;11;802;291;296;83;27;10;67;11;3;8;;6;;;;6;807;241;224;125;66;7;91;11;2;7;26;1;3;3;
0105;59102001;STIMMBEZIRK;164;153;11;0;124;124;0;0;1;123;54;48;6;4;1;5;5;0;0;;0;;;;1;123;42;37;15;7;0;13;2;1;0;4;0;1;1;
0105;59109001;STIMMBEZIRK;640;554;86;0;354;354;0;0;3;351;148;109;39;11;7;26;9;1;0;;1;;;;3;351;133;75;68;25;5;29;10;1;0;2;0;1;2;
0105;59112001;STIMMBEZIRK;1701;1532;169;0;1014;1014;0;0;29;985;432;303;72;62;17;51;26;5;13;;4;;;;13;1001;353;246;100;119;18;66;26;7;6;55;1;3;1;
0105;59121001;STIMMBEZIRK;699;645;54;0;438;438;0;0;9;429;187;149;36;23;5;12;11;3;3;;0;;;;5;433;162;122;60;39;3;17;9;3;1;13;0;3;1;
0105;59136001;STIMMBEZIRK;205;180;25;0;129;129;0;0;0;129;53;39;12;11;2;6;3;1;2;;0;;;;0;129;46;29;16;17;1;11;3;0;1;5;0;0;0;
0105;59142001;STIMMBEZIRK;542;451;91;0;346;346;0;0;12;334;163;113;21;13;1;10;7;3;3;;0;;;;9;337;147;101;28;22;1;16;6;4;2;9;0;1;0;
0105;59147001;STIMMBEZIRK;107;90;17;0;67;67;0;0;1;66;27;14;13;5;0;6;0;0;1;;0;;;;2;65;21;14;13;5;0;10;1;0;0;1;0;0;0;
0105;59148001;STIMMBEZIRK;494;381;113;0;273;273;0;0;9;264;107;73;29;15;7;25;4;3;1;;0;;;;4;269;84;58;42;28;4;29;6;0;1;16;0;0;1;
0105;59152001;STIMMBEZIRK;135;118;17;0;91;90;1;0;2;89;42;24;9;7;0;5;0;0;2;;0;;;;2;89;44;19;16;6;0;1;0;0;0;3;0;0;0;
0105;59154001;STIMMBEZIRK;507;465;42;0;291;291;0;0;8;283;117;95;18;18;4;19;5;1;4;;2;;;;5;286;94;77;29;30;6;28;5;2;1;12;0;1;1;
0105;59155001;STIMMBEZIRK;241;226;15;0;153;153;0;0;2;151;64;50;7;14;1;10;2;0;1;;2;;;;3;150;52;39;16;19;4;12;5;0;0;2;1;0;0;
0105;59163001;STIMMBEZIRK;199;172;27;0;127;127;0;0;2;125;64;32;8;3;1;5;10;1;0;;1;;;;1;126;50;28;14;10;2;9;7;0;0;6;0;0;0;
0105;59164001;STIMMBEZIRK;721;613;108;0;435;435;0;0;7;428;158;143;44;26;4;27;13;5;7;;1;;;;3;432;141;97;76;38;4;41;11;0;2;21;1;0;0;
0105;59167001;STIMMBEZIRK;1133;1016;117;0;713;713;0;0;12;701;298;220;53;31;10;58;16;4;8;;3;;;;6;707;262;166;93;55;9;62;11;3;5;40;0;1;0;
0105;59168001;STIMMBEZIRK;626;533;93;0;359;359;0;0;5;354;150;110;41;14;1;24;10;2;1;;1;;;;3;356;125;78;64;28;2;31;19;0;0;7;1;0;1;
0105;59186001;STIMMBEZIRK;671;572;99;0;425;425;0;0;4;421;169;123;60;14;5;28;19;1;2;;0;;;;1;424;138;100;86;25;7;35;15;1;0;14;0;1;2;
0105;59186002;STIMMBEZIRK;955;846;109;0;569;569;0;0;10;559;232;166;36;28;6;60;19;2;5;;5;;;;10;559;195;139;59;45;5;63;16;5;5;17;2;4;4;
0105;59186003;STIMMBEZIRK;763;686;77;0;482;482;0;0;9;473;180;155;50;18;7;42;17;0;3;;1;;;;4;478;161;114;73;40;13;40;11;0;3;16;0;6;1;
0106;51005001;STIMMBEZIRK;144;137;7;0;116;116;0;0;3;113;51;30;12;4;2;0;2;;;12;0;;;;1;115;43;25;15;8;0;6;3;0;1;12;0;1;1;
0106;51008001;STIMMBEZIRK;28;27;1;0;21;21;0;0;0;21;14;0;0;5;0;0;0;;;2;0;;;;1;20;9;1;0;6;2;0;0;0;0;2;0;0;0;
0106;51019001;STIMMBEZIRK;610;573;37;0;355;355;0;0;3;352;234;54;24;14;7;4;2;;;12;1;;;;2;353;199;52;25;33;6;3;8;3;2;20;1;1;0;
0106;51020001;STIMMBEZIRK;601;554;47;0;359;359;0;0;2;357;157;106;36;25;4;5;9;;;12;3;;;;3;356;137;91;46;37;7;10;8;1;2;13;2;1;1;
0106;51023001;STIMMBEZIRK;498;466;32;0;276;276;0;0;10;266;157;49;14;13;4;8;3;;;18;0;;;;6;270;134;53;13;28;2;8;2;2;4;22;0;1;1;
0106;51030001;STIMMBEZIRK;236;200;36;0;131;131;0;0;1;130;68;31;7;14;3;2;1;;;4;0;;;;1;130;58;25;10;18;2;6;0;2;0;7;0;2;0;
0106;51035001;STIMMBEZIRK;156;141;15;0;98;98;0;0;3;95;54;16;3;5;3;3;5;;;5;1;;;;2;96;44;15;4;12;2;5;4;1;0;7;0;1;1;
0106;51036001;STIMMBEZIRK;103;98;5;0;76;76;0;0;2;74;40;9;1;11;0;2;3;;;8;0;;;;1;75;30;10;7;13;0;2;3;1;0;9;0;0;0;
0106;51038001;STIMMBEZIRK;79;73;6;0;35;35;0;0;1;34;14;9;3;3;0;2;1;;;2;0;;;;1;34;12;10;4;5;0;0;1;0;0;2;0;0;0;
0106;51047001;STIMMBEZIRK;395;352;43;0;217;217;0;0;3;214;105;57;14;16;0;5;8;;;9;0;;;;5;212;88;48;25;16;1;8;10;0;1;13;0;1;1;
0106;51049001;STIMMBEZIRK;1631;1488;143;0;861;861;0;0;15;846;377;215;56;103;7;15;29;;;44;0;;;;8;853;323;210;55;154;5;20;26;5;4;40;0;3;8;
0106;51052001;STIMMBEZIRK;50;49;1;0;34;34;0;0;0;34;23;3;2;3;2;0;0;;;1;0;;;;0;34;20;5;3;2;2;0;0;0;0;2;0;0;0;
0106;51053001;STIMMBEZIRK;262;247;15;0;156;156;0;0;6;150;72;41;10;12;0;2;8;;;5;0;;;;1;155;68;40;12;18;0;1;8;1;0;7;0;0;0;
0106;51058001;STIMMBEZIRK;115;103;12;0;70;70;0;0;0;70;35;10;12;5;2;1;2;;;3;0;;;;0;70;22;12;11;16;1;1;2;0;0;4;0;1;0;
0106;51060001;STIMMBEZIRK;363;329;34;0;223;223;0;0;4;219;95;52;19;17;5;16;4;;;10;1;;;;1;222;86;52;13;26;2;19;3;4;2;15;0;0;0;
0106;51061001;STIMMBEZIRK;520;468;52;0;301;301;0;0;4;297;86;134;15;22;5;6;10;;;18;1;;;;2;299;77;126;19;22;4;14;10;0;5;21;0;1;0;
0106;51065001;STIMMBEZIRK;898;828;70;0;469;469;0;0;7;462;175;151;24;43;12;21;11;;;25;0;;;;5;464;152;146;31;55;7;24;11;6;1;25;0;4;2;
0106;51068001;STIMMBEZIRK;706;645;61;0;410;409;1;0;7;403;219;83;23;40;3;10;10;;;14;1;;;;4;406;192;84;24;63;3;8;13;2;0;15;0;0;2;
0106;51071001;STIMMBEZIRK;1340;1239;101;0;560;560;0;0;16;544;172;208;29;50;12;34;13;;;26;0;;;;11;549;159;194;44;56;13;28;11;3;1;36;0;4;0;
0106;51080001;STIMMBEZIRK;118;117;1;0;78;78;0;0;2;76;40;18;7;9;0;1;0;;;1;0;;;;2;76;31;23;6;12;0;1;0;0;0;2;0;1;0;
0106;51088001;STIMMBEZIRK;968;913;55;0;530;530;0;0;9;521;282;108;30;44;2;11;14;;;30;0;;;;4;526;242;117;31;60;9;15;10;2;6;33;0;0;1;
0106;51092001;STIMMBEZIRK;427;377;50;0;216;216;0;0;3;213;80;71;18;22;1;7;5;;;8;1;;;;1;215;82;68;18;20;3;10;3;1;0;9;1;0;0;
0106;51096001;STIMMBEZIRK;274;243;31;0;169;169;0;0;0;169;91;35;5;16;5;9;1;;;7;0;;;;0;169;77;29;15;20;7;10;1;1;0;7;0;0;2;
0106;51100001;STIMMBEZIRK;503;452;51;0;273;273;0;0;2;271;156;57;6;24;3;4;3;;;18;0;;;;0;273;133;49;20;28;2;8;6;2;2;19;1;0;3;
0106;51102001;STIMMBEZIRK;195;180;15;0;112;112;0;0;3;109;52;22;7;17;1;4;0;;;6;0;;;;1;111;40;25;4;23;2;6;3;0;0;7;0;0;1;
0106;51114001;STIMMBEZIRK;2054;1911;143;0;1171;1171;0;0;26;1145;649;258;57;65;11;18;23;;;63;1;;;;14;1157;509;276;82;130;11;32;22;6;5;69;3;5;7;
0106;51114002;STIMMBEZIRK;102;97;5;0;62;62;0;0;0;62;40;9;2;10;0;0;0;;;1;0;;;;0;62;37;4;8;11;0;2;0;0;0;0;0;0;0;
0106;51117001;STIMMBEZIRK;135;113;22;0;77;77;0;0;0;77;40;18;3;6;2;2;1;;;5;0;;;;0;77;35;18;3;9;0;1;1;1;0;7;0;2;0;
0106;51120001;STIMMBEZIRK;31;27;4;0;22;22;0;0;0;22;9;3;7;1;0;1;1;;;0;0;;;;0;22;7;3;9;1;0;1;1;0;0;0;0;0;0;
0106;51125001;STIMMBEZIRK;349;309;40;0;200;200;0;0;9;191;99;41;11;12;5;7;9;;;7;0;;;;3;197;70;36;20;34;5;9;8;2;1;10;1;0;1;
0106;51131001;STIMMBEZIRK;79;67;12;0;58;58;0;0;0;58;41;4;8;3;1;1;0;;;0;0;;;;0;58;30;4;6;13;1;0;2;0;1;1;0;0;0;
0106;51133001;STIMMBEZIRK;139;126;13;0;101;101;0;0;2;99;67;15;5;4;1;1;0;;;6;0;;;;0;101;56;15;5;12;1;2;0;0;1;6;1;1;1;
0106;51136001;STIMMBEZIRK;593;550;43;0;372;372;0;0;4;368;229;79;11;26;2;5;5;;;9;2;;;;3;369;192;66;22;58;5;6;8;0;2;10;0;0;0;
0106;51139001;STIMMBEZIRK;285;258;27;0;190;190;0;0;2;188;141;16;9;12;6;0;3;;;1;0;;;;2;188;107;20;13;30;6;5;3;1;1;1;0;0;1;
0106;51141001;STIMMBEZIRK;467;430;37;0;270;270;0;0;3;267;136;44;28;26;2;5;13;;;12;1;;;;2;268;122;49;21;30;0;9;13;1;2;17;1;3;0;
0106;51048001;STIMMBEZIRK;835;745;90;0;451;451;0;0;9;442;182;164;19;34;6;11;13;;;13;0;;;;4;447;164;137;26;59;4;14;14;7;2;14;0;4;2;
0106;51048002;STIMMBEZIRK;737;682;55;0;394;392;2;0;4;390;161;139;24;25;4;5;14;;;18;0;;;;3;391;138;131;18;39;2;13;14;5;7;22;0;1;1;
0106;51048003;STIMMBEZIRK;761;691;70;0;420;420;0;0;7;413;150;164;18;30;10;12;13;;;15;1;;;;4;416;143;139;34;40;4;18;12;2;0;19;2;2;1;
0106;51067001;STIMMBEZIRK;350;328;22;0;200;200;0;0;4;196;91;70;2;14;2;4;4;;;9;0;;;;1;199;88;59;4;17;1;8;4;0;0;12;0;5;1;
0106;51069001;STIMMBEZIRK;925;821;104;0;539;539;0;0;2;537;216;186;41;30;1;6;16;;;41;0;;;;4;535;192;173;47;47;1;10;20;3;0;39;0;3;0;
0106;51069002;STIMMBEZIRK;842;743;99;0;558;558;0;0;14;544;239;175;34;45;0;12;22;;;17;0;;;;6;552;189;175;49;75;5;12;16;5;6;19;0;0;1;
0106;51075001;STIMMBEZIRK;797;726;71;0;440;440;0;0;7;433;162;158;21;30;10;10;7;;;33;2;;;;7;433;146;139;35;41;10;12;6;3;1;36;1;1;2;
0106;51081001;STIMMBEZIRK;228;180;48;0;132;132;0;0;1;131;78;23;3;17;2;1;3;;;4;0;;;;2;130;68;18;8;23;1;2;3;0;0;7;0;0;0;
0106;51082001;STIMMBEZIRK;746;694;52;0;457;457;0;0;10;447;202;145;23;23;3;12;23;;;16;0;;;;9;448;171;124;42;44;5;16;21;3;1;19;0;2;0;
0106;51082002;STIMMBEZIRK;811;729;82;0;508;508;0;0;7;501;222;139;33;57;5;9;7;;;28;1;;;;4;504;184;125;38;88;3;13;12;6;3;31;0;0;1;
0106;51082003;STIMMBEZIRK;625;565;60;0;361;360;1;0;6;355;153;105;20;24;5;11;16;;;20;1;;;;4;357;133;85;42;37;4;17;14;1;1;22;0;1;0;
0106;51082004;STIMMBEZIRK;89;87;2;0;55;55;0;0;1;54;19;17;8;6;0;1;2;;;1;0;;;;1;54;17;17;7;7;0;2;2;0;1;1;0;0;0;
0106;51087001;STIMMBEZIRK;800;686;114;0;440;440;0;0;2;438;187;120;38;32;5;9;16;;;31;0;;;;0;440;142;116;42;55;6;15;12;5;1;41;1;3;1;
0106;51107001;STIMMBEZIRK;365;339;26;0;162;162;0;0;2;160;75;42;7;14;3;6;6;;;6;1;;;;2;160;64;44;8;19;2;8;6;0;0;5;1;1;2;
0106;51113001;STIMMBEZIRK;999;888;111;0;572;572;0;0;4;568;240;189;30;50;8;10;11;;;29;1;;;;1;571;220;163;50;69;4;13;10;2;7;31;0;1;1;
0106;51122001;STIMMBEZIRK;946;832;114;0;508;508;0;0;7;501;204;169;34;41;2;14;18;;;19;0;;;;6;502;170;149;49;64;3;18;13;5;5;22;0;2;2;
0106;51122002;STIMMBEZIRK;995;910;85;0;558;558;0;0;6;552;265;172;38;38;6;9;10;;;14;0;;;;2;556;233;142;45;78;7;9;10;1;3;24;1;3;0;
0106;51130001;STIMMBEZIRK;1183;1034;149;0;680;678;2;0;10;670;278;205;73;60;6;11;4;;;31;2;;;;5;675;237;189;86;83;8;19;9;3;1;38;0;1;1;
0106;59010001;STIMMBEZIRK;608;556;52;0;441;397;0;44;7;434;226;80;38;21;7;30;19;;;13;0;;;;4;437;187;63;68;41;6;30;19;2;2;16;0;1;2;
0106;59010002;STIMMBEZIRK;597;539;58;0;398;345;0;53;6;392;163;102;25;27;4;44;5;;;21;1;;;;2;396;145;84;37;48;4;43;6;2;0;22;1;4;0;
0106;59023001;STIMMBEZIRK;650;584;66;0;449;387;0;62;7;442;197;105;57;26;2;28;9;;;18;0;;;;4;445;173;96;64;37;4;32;13;2;0;21;0;2;1;
0106;59039001;STIMMBEZIRK;795;737;58;0;517;464;2;51;9;508;273;96;38;23;3;38;14;;;22;1;;;;6;511;231;73;70;36;4;43;19;5;3;26;0;1;0;
0106;59041001;STIMMBEZIRK;647;581;66;0;454;393;1;60;0;454;203;131;48;16;6;27;7;;;15;1;;;;1;453;163;106;67;40;5;37;8;2;2;18;0;0;5;
0106;59044001;STIMMBEZIRK;1840;1692;148;0;1200;1055;0;145;20;1180;504;311;100;70;12;79;33;;;68;3;;;;16;1184;448;266;120;109;13;89;34;11;9;76;1;4;4;
0106;59044002;STIMMBEZIRK;365;326;39;0;219;182;0;37;2;217;100;49;13;19;2;21;3;;;10;0;;;;1;218;91;37;19;28;2;23;2;3;2;11;0;0;0;
0106;59057001;STIMMBEZIRK;916;819;97;0;649;557;2;90;8;641;261;161;76;41;8;44;21;;;28;1;;;;6;643;228;133;98;54;9;44;27;3;7;30;2;5;3;
0106;59077001;STIMMBEZIRK;729;660;69;0;534;465;0;69;8;526;239;152;35;25;2;36;11;;;25;1;;;;3;531;212;127;46;43;3;52;13;1;0;29;1;4;0;
0106;59077002;STIMMBEZIRK;719;649;70;0;461;396;0;65;4;457;182;148;44;19;7;33;6;;;18;0;;;;3;458;163;113;50;34;8;53;7;4;1;22;0;3;0;
0106;59077003;STIMMBEZIRK;800;719;81;0;574;501;1;72;1;573;214;179;55;35;5;55;6;;;22;2;;;;0;574;189;162;65;59;8;45;4;5;1;29;2;4;1;
0106;59079001;STIMMBEZIRK;1467;1341;126;0;973;851;0;122;19;954;445;225;51;83;7;63;21;;;56;3;;;;16;957;376;201;82;128;7;56;19;7;4;67;4;4;2;
0106;59079002;STIMMBEZIRK;350;317;33;0;244;212;0;32;2;242;116;62;15;18;1;21;3;;;6;0;;;;1;243;105;58;20;26;3;15;6;0;1;8;0;0;1;
0106;59092001;STIMMBEZIRK;1294;1166;128;0;851;732;0;119;15;836;423;208;58;47;9;53;11;;;25;2;;;;10;841;373;176;79;88;5;65;7;4;8;28;1;3;4;
0106;59001001;STIMMBEZIRK;258;246;12;0;175;175;0;0;1;174;94;34;24;8;0;5;4;;;5;0;;;;0;175;76;27;26;22;1;10;6;1;0;5;0;0;1;
0106;59005001;STIMMBEZIRK;573;532;41;0;342;342;0;0;5;337;159;92;27;24;3;10;9;;;12;1;;;;3;339;140;86;39;34;1;12;9;1;0;17;0;0;0;
0106;59009001;STIMMBEZIRK;612;574;38;0;385;385;0;0;7;378;183;100;30;24;3;16;10;;;12;0;;;;2;383;159;79;45;45;3;16;11;1;0;18;2;0;4;
0106;59020001;STIMMBEZIRK;463;425;38;0;247;247;0;0;2;245;113;53;20;16;4;16;8;;;14;1;;;;2;245;101;44;30;27;2;12;9;2;2;16;0;0;0;
0106;59024001;STIMMBEZIRK;1607;1474;133;0;934;929;5;0;22;912;501;240;46;48;10;28;16;;;23;0;;;;19;915;437;232;70;73;7;38;22;4;4;24;0;3;1;
0106;59035001;STIMMBEZIRK;757;693;64;0;428;425;3;0;0;428;209;111;29;26;8;28;5;;;7;5;;;;1;427;168;100;44;44;5;30;5;7;1;16;4;1;2;
0106;59050001;STIMMBEZIRK;446;409;37;0;272;271;1;0;5;267;148;56;15;17;5;14;6;;;6;0;;;;2;270;124;46;24;30;5;15;5;3;3;11;1;2;1;
0106;59051001;STIMMBEZIRK;273;247;26;0;182;182;0;0;4;178;81;41;15;9;1;11;6;;;13;1;;;;3;179;74;41;10;15;1;14;8;0;1;12;1;2;0;
0106;59053001;STIMMBEZIRK;1701;1550;151;0;746;746;0;0;13;733;319;224;46;44;13;26;21;;;38;2;;;;9;737;261;190;96;87;7;28;16;3;4;40;2;2;1;
0106;59053002;STIMMBEZIRK;1723;1536;187;0;920;920;0;0;8;912;412;278;49;54;6;38;28;;;47;0;;;;7;913;348;243;82;98;4;49;25;9;3;49;1;0;2;
0106;59053003;STIMMBEZIRK;1936;1736;200;0;1092;1092;0;0;10;1082;452;336;75;63;8;51;19;;;74;4;;;;7;1085;371;287;118;116;8;75;17;9;2;73;5;3;1;
0106;59058001;STIMMBEZIRK;574;546;28;0;361;361;0;0;3;358;216;57;26;22;2;11;11;;;13;0;;;;4;357;173;48;34;51;2;14;10;3;2;18;0;0;2;
0106;59064001;STIMMBEZIRK;666;596;70;0;368;368;0;0;7;361;169;101;25;22;2;13;7;;;22;0;;;;7;361;141;99;25;43;1;14;7;3;0;26;0;2;0;
0106;59085001;STIMMBEZIRK;829;749;80;0;450;450;0;0;9;441;183;145;28;27;6;24;11;;;17;0;;;;6;444;158;126;44;39;7;28;13;4;1;21;2;1;0;
0106;59087001;STIMMBEZIRK;776;738;38;0;539;539;0;0;4;535;292;125;40;20;7;24;8;;;17;2;;;;3;536;252;118;43;48;3;17;13;3;5;25;2;4;3;
0106;59088001;STIMMBEZIRK;247;228;19;0;173;173;0;0;7;166;101;29;6;7;0;4;8;;;11;0;;;;7;166;84;27;3;15;1;6;8;1;1;19;0;1;0;
0106;59096001;STIMMBEZIRK;402;373;29;0;252;252;0;0;7;245;106;67;29;15;4;9;6;;;8;1;;;;9;243;98;46;42;25;3;16;3;0;1;9;0;0;0;
0107;51003001;STIMMBEZIRK;502;457;45;0;288;246;0;42;5;283;122;81;14;37;11;;4;;;14;;;;;1;287;101;86;25;26;5;5;4;3;6;22;2;1;1;
0107;51010001;STIMMBEZIRK;179;153;26;0;99;73;0;26;1;98;62;11;5;8;1;;5;;;6;;;;;1;98;54;14;5;6;1;0;5;2;0;9;0;0;2;
0107;51012001;STIMMBEZIRK;826;758;68;0;515;450;0;65;10;505;248;130;20;67;9;;5;;;26;;;;;10;505;213;119;25;73;10;7;9;9;6;31;1;2;0;
0107;51016001;STIMMBEZIRK;942;862;80;0;568;492;0;76;10;558;229;160;41;67;12;;11;;;38;;;;;6;562;203;145;58;73;8;11;11;4;2;42;0;3;2;
0107;51016002;STIMMBEZIRK;1252;1131;121;0;733;614;0;119;15;718;318;196;53;86;9;;17;;;39;;;;;9;724;282;179;66;97;7;18;19;2;2;46;0;3;3;
0107;51016003;STIMMBEZIRK;1312;1160;152;0;780;642;23;115;29;751;305;206;41;122;15;;19;;;43;;;;;15;765;284;202;53;107;11;14;21;8;3;56;0;3;3;
0107;51022001;STIMMBEZIRK;525;493;32;0;350;318;0;32;4;346;117;136;12;34;2;;14;;;31;;;;;4;346;97;138;12;39;4;3;11;1;0;36;1;1;3;
0107;51024001;STIMMBEZIRK;1128;1034;94;0;715;623;0;92;11;704;332;165;24;90;30;;13;;;50;;;;;7;708;286;172;33;92;16;15;17;2;8;61;2;1;3;
0107;51026001;STIMMBEZIRK;662;620;42;0;446;406;0;40;8;438;204;126;28;43;4;;9;;;24;;;;;5;441;177;111;35;44;4;20;7;3;1;28;1;7;3;
0107;51032001;STIMMBEZIRK;298;289;9;0;217;208;0;9;6;211;111;46;8;30;5;;3;;;8;;;;;3;214;106;45;14;27;3;0;7;2;2;7;0;0;1;
0107;51037001;STIMMBEZIRK;408;380;28;0;290;263;0;27;6;284;127;68;23;25;11;;14;;;16;;;;;0;290;112;63;34;33;7;11;12;3;0;14;0;0;1;
0107;51051001;STIMMBEZIRK;1010;927;83;0;620;537;0;83;18;602;236;164;61;63;13;;21;;;44;;;;;11;609;213;154;59;66;12;23;24;1;3;47;0;4;3;
0107;51064001;STIMMBEZIRK;507;464;43;0;343;301;0;42;2;341;148;82;18;51;7;;10;;;25;;;;;0;343;128;79;32;46;6;8;8;3;1;31;0;1;0;
0107;51089001;STIMMBEZIRK;169;160;9;0;116;108;0;8;6;110;48;24;17;14;1;;2;;;4;;;;;2;114;37;29;14;14;0;3;3;3;3;7;1;0;0;
0107;51097001;STIMMBEZIRK;873;805;68;0;490;427;0;63;10;480;247;117;24;37;6;;12;;;37;;;;;8;482;185;138;31;50;4;7;14;3;7;42;1;0;0;
0107;51097002;STIMMBEZIRK;941;863;78;0;549;470;1;78;5;544;311;95;24;55;7;;16;;;36;;;;;3;546;224;106;31;74;6;9;14;9;12;55;2;2;2;
0107;51097003;STIMMBEZIRK;1107;985;122;0;731;613;0;118;5;726;415;176;19;66;9;;16;;;25;;;;;10;721;306;198;46;73;5;15;15;4;20;33;0;3;3;
0107;51110001;STIMMBEZIRK;658;588;70;0;429;363;0;66;3;426;243;89;17;34;3;;14;;;26;;;;;3;426;217;86;29;37;4;3;14;3;0;28;1;0;4;
0107;51013001;STIMMBEZIRK;1342;1112;230;0;673;670;3;0;12;661;278;201;31;77;8;;13;;;53;;;;;10;663;245;190;41;92;4;10;11;6;10;50;0;2;2;
0107;51013002;STIMMBEZIRK;1340;1110;230;0;705;705;0;0;15;690;330;195;38;78;10;;14;;;25;;;;;13;692;297;184;50;99;3;11;14;2;1;30;0;1;0;
0107;51013003;STIMMBEZIRK;1496;1309;187;0;781;781;0;0;13;768;302;281;38;67;10;;21;;;49;;;;;7;774;270;264;39;89;5;15;18;5;10;52;1;2;4;
0107;51014001;STIMMBEZIRK;324;262;62;0;182;182;0;0;6;176;67;62;15;21;5;;3;;;3;;;;;3;179;54;52;22;36;4;3;4;0;0;4;0;0;0;
0107;51033001;STIMMBEZIRK;41;33;8;0;27;25;2;0;1;26;11;6;9;0;0;;0;;;0;;;;;1;26;8;7;7;3;0;0;0;0;0;1;0;0;0;
0107;51043001;STIMMBEZIRK;160;141;19;0;98;98;0;0;1;97;42;36;10;3;0;;2;;;4;;;;;1;97;38;33;11;5;0;4;1;0;0;4;0;0;1;
0107;51045001;STIMMBEZIRK;133;124;9;0;88;88;0;0;6;82;38;18;8;11;2;;2;;;3;;;;;1;87;36;14;15;13;1;0;4;0;0;4;0;0;0;
0107;51050001;STIMMBEZIRK;58;49;9;0;33;33;0;0;1;32;23;6;1;1;1;;0;;;0;;;;;0;33;21;5;4;1;1;1;0;0;0;0;0;0;0;
0107;51079001;STIMMBEZIRK;341;315;26;0;183;183;0;0;2;181;62;75;15;15;2;;2;;;10;;;;;1;182;53;65;17;24;0;7;4;2;0;9;1;0;0;
0107;51084001;STIMMBEZIRK;199;184;15;0;117;117;0;0;1;116;57;33;3;11;1;;4;;;7;;;;;0;117;46;32;5;17;1;1;6;1;0;8;0;0;0;
0107;51093001;STIMMBEZIRK;345;315;30;0;213;211;2;0;3;210;87;71;19;24;3;;4;;;2;;;;;1;212;74;61;23;36;3;8;3;1;0;3;0;0;0;
0107;51105001;STIMMBEZIRK;344;309;35;0;200;200;0;0;3;197;75;60;13;24;7;;8;;;10;;;;;1;199;61;60;14;24;7;5;9;4;0;14;0;1;0;
0107;51108001;STIMMBEZIRK;83;78;5;0;54;54;0;0;3;51;23;19;1;6;2;;0;;;0;;;;;2;52;13;17;3;9;1;5;1;0;0;1;0;1;1;
0107;51109001;STIMMBEZIRK;388;341;47;0;214;213;1;0;1;213;62;77;20;27;4;;8;;;15;;;;;2;212;57;66;28;22;3;7;10;1;2;14;0;0;2;
0107;51121001;STIMMBEZIRK;226;194;32;0;125;125;0;0;2;123;52;29;14;15;0;;3;;;10;;;;;1;124;45;26;16;16;0;1;2;1;0;13;2;1;1;
0107;51127001;STIMMBEZIRK;830;757;73;0;419;418;1;0;13;406;175;116;11;56;5;;9;;;34;;;;;4;415;162;95;27;63;4;12;8;0;2;38;0;3;1;
0107;51127002;STIMMBEZIRK;767;707;60;0;347;347;0;0;10;337;121;132;21;27;3;;9;;;24;;;;;5;342;111;120;25;28;3;10;12;3;2;24;0;2;2;
0107;51127003;STIMMBEZIRK;878;799;79;0;420;420;0;0;7;413;141;166;23;28;13;;10;;;32;;;;;5;415;125;151;31;33;6;14;9;2;4;36;0;2;2;
0107;51128001;STIMMBEZIRK;98;91;7;0;64;64;0;0;1;63;27;13;10;8;1;;2;;;2;;;;;0;64;26;14;7;6;1;0;4;0;0;4;0;1;1;
0107;51129001;STIMMBEZIRK;134;123;11;0;76;76;0;0;0;76;32;21;3;8;5;;6;;;1;;;;;0;76;25;15;5;14;1;5;8;1;0;1;0;1;0;
0107;51132001;STIMMBEZIRK;708;631;77;0;392;392;0;0;12;380;151;128;23;45;4;;2;;;27;;;;;5;387;121;111;39;71;2;2;2;1;3;32;0;2;1;
0107;51140001;STIMMBEZIRK;216;192;24;0;128;128;0;0;2;126;43;21;22;14;7;;2;;;17;;;;;1;127;37;22;18;15;5;8;2;1;1;16;0;0;2;
0107;51021001;STIMMBEZIRK;583;529;54;0;297;297;0;0;4;293;100;107;11;27;9;;15;;;24;;;;;2;295;95;100;15;26;3;9;11;1;2;28;0;3;2;
0107;51034001;STIMMBEZIRK;759;678;81;0;430;430;0;0;11;419;179;86;16;65;19;;21;;;33;;;;;6;424;171;79;20;64;11;14;19;2;4;31;1;6;2;
0107;51034002;STIMMBEZIRK;737;606;131;0;380;379;1;0;14;366;171;68;6;61;29;;5;;;26;;;;;13;367;160;50;17;71;19;4;6;2;1;34;0;2;1;
0107;51034003;STIMMBEZIRK;312;287;25;0;151;151;0;0;8;143;54;27;16;20;7;;5;;;14;;;;;4;147;48;32;12;25;5;2;5;1;2;13;0;0;2;
0107;51034004;STIMMBEZIRK;253;228;25;0;154;154;0;0;4;150;78;34;4;20;2;;3;;;9;;;;;4;150;71;27;5;24;1;8;4;1;0;8;0;1;0;
0107;51046001;STIMMBEZIRK;716;648;68;0;369;369;0;0;10;359;127;123;13;61;6;;13;;;16;;;;;7;362;113;113;27;55;2;8;10;6;2;23;0;2;1;
0107;51057001;STIMMBEZIRK;280;242;38;0;164;164;0;0;7;157;76;45;10;20;1;;2;;;3;;;;;3;161;68;47;15;20;1;2;1;3;0;4;0;0;0;
0107;51062001;STIMMBEZIRK;183;159;24;0;112;112;0;0;3;109;44;20;7;21;4;;8;;;5;;;;;0;112;38;26;7;13;2;2;6;3;3;9;1;0;2;
0107;51062002;STIMMBEZIRK;501;446;55;0;288;288;0;0;5;283;113;85;11;42;5;;14;;;13;;;;;0;288;102;76;27;41;3;5;12;1;1;18;0;2;0;
0107;51072001;STIMMBEZIRK;895;798;97;0;389;389;0;0;8;381;122;145;11;43;10;;24;;;26;;;;;4;385;108;123;31;47;7;11;25;4;1;24;1;2;1;
0107;51072002;STIMMBEZIRK;946;860;86;0;427;427;0;0;8;419;157;131;21;61;8;;18;;;23;;;;;5;422;145;108;35;65;4;12;23;3;1;25;0;1;0;
0107;51072003;STIMMBEZIRK;935;852;83;0;477;477;0;0;17;460;151;157;19;54;12;;32;;;35;;;;;8;469;139;154;27;52;12;11;27;1;1;39;0;3;3;
0107;51072004;STIMMBEZIRK;996;811;185;0;481;450;31;0;5;476;182;160;22;69;7;;17;;;19;;;;;2;479;164;156;32;67;3;8;10;3;7;21;0;5;3;
0107;51072005;STIMMBEZIRK;991;877;114;0;516;516;0;0;13;503;224;132;16;78;11;;23;;;19;;;;;9;507;183;115;32;101;7;12;27;0;1;19;0;5;5;
0107;51073001;STIMMBEZIRK;320;271;49;0;146;146;0;0;2;144;50;38;13;19;3;;10;;;11;;;;;2;144;48;39;9;16;2;3;11;1;0;13;0;0;2;
0107;51076001;STIMMBEZIRK;480;433;47;0;272;272;0;0;5;267;120;74;10;41;4;;8;;;10;;;;;3;269;101;80;17;43;4;2;7;2;1;10;0;2;0;
0107;51077001;STIMMBEZIRK;99;93;6;0;73;73;0;0;1;72;40;4;4;17;3;;1;;;3;;;;;1;72;37;6;5;19;1;0;1;0;0;3;0;0;0;
0107;51090001;STIMMBEZIRK;133;128;5;0;78;78;0;0;3;75;36;17;5;8;3;;1;;;5;;;;;1;77;38;13;7;7;1;1;1;0;1;7;0;0;1;
0107;51103001;STIMMBEZIRK;151;137;14;0;102;102;0;0;0;102;50;26;5;11;5;;2;;;3;;;;;0;102;43;28;3;13;5;3;3;0;0;2;0;1;1;
0107;51118001;STIMMBEZIRK;221;199;22;0;135;135;0;0;2;133;51;35;7;18;3;;2;;;17;;;;;0;135;45;35;12;20;1;2;1;2;1;16;0;0;0;
0107;51119001;STIMMBEZIRK;277;232;45;0;153;153;0;0;1;152;54;44;10;28;5;;5;;;6;;;;;0;153;45;38;12;37;2;2;7;1;0;8;0;0;1;
0107;51001001;STIMMBEZIRK;1024;934;90;0;613;613;0;0;9;604;263;182;33;83;8;;15;;;20;;;;;5;608;232;163;51;90;8;11;16;8;4;23;0;2;0;
0107;51001002;STIMMBEZIRK;908;847;61;0;403;403;0;0;9;394;168;109;24;44;2;;19;;;28;;;;;5;398;146;106;25;60;1;9;14;3;3;28;2;1;0;
0107;51001003;STIMMBEZIRK;878;795;83;0;451;451;0;0;5;446;182;127;34;57;6;;12;;;28;;;;;3;448;166;103;42;69;3;12;14;3;3;28;0;5;0;
0107;51002001;STIMMBEZIRK;171;157;14;0;116;116;0;0;4;112;58;26;6;13;3;;3;;;3;;;;;0;116;48;29;12;12;2;1;2;0;1;6;0;3;0;
0107;51004001;STIMMBEZIRK;755;659;96;0;426;413;13;0;5;421;217;123;13;26;9;;15;;;18;;;;;3;423;200;105;16;42;9;5;16;3;3;22;0;1;1;
0107;51006001;STIMMBEZIRK;604;557;47;0;373;373;0;0;11;362;158;104;12;43;14;;10;;;21;;;;;8;365;142;95;21;58;6;7;10;1;2;20;0;3;0;
0107;51015001;STIMMBEZIRK;652;567;85;0;371;371;0;0;4;367;192;85;32;26;6;;12;;;14;;;;;3;368;173;70;38;33;3;8;11;2;4;20;0;6;0;
0107;51017001;STIMMBEZIRK;231;215;16;0;153;153;0;0;1;152;62;49;7;17;2;;3;;;12;;;;;1;152;52;44;13;21;3;1;5;1;0;11;0;0;1;
0107;51027001;STIMMBEZIRK;727;636;91;0;427;427;0;0;11;416;201;113;25;28;8;;15;;;26;;;;;5;422;187;107;33;30;5;6;16;3;3;28;2;1;1;
0107;51028001;STIMMBEZIRK;627;574;53;0;364;364;0;0;5;359;150;107;25;48;6;;9;;;14;;;;;6;358;129;110;20;50;2;15;11;4;0;15;0;0;2;
0107;51039001;STIMMBEZIRK;316;284;32;0;211;211;0;0;7;204;96;55;4;23;9;;11;;;6;;;;;2;209;90;55;11;15;4;5;11;3;2;11;0;1;1;
0107;51054001;STIMMBEZIRK;87;76;11;0;59;59;0;0;1;58;25;16;2;9;5;;1;;;0;;;;;0;59;27;13;6;10;1;1;1;0;0;0;0;0;0;
0107;51063001;STIMMBEZIRK;428;381;47;0;257;253;4;0;4;253;106;66;31;27;4;;7;;;12;;;;;1;256;89;65;31;35;3;6;9;1;0;14;1;2;0;
0107;51074001;STIMMBEZIRK;1338;1188;150;0;737;737;0;0;10;727;242;285;45;79;23;;24;;;29;;;;;4;733;209;222;97;96;14;20;26;4;2;36;0;1;6;
0107;51074002;STIMMBEZIRK;1133;1017;116;0;545;545;0;0;8;537;162;230;33;44;10;;32;;;26;;;;;8;537;156;182;50;60;3;9;39;5;3;26;1;1;2;
0107;51074003;STIMMBEZIRK;1115;980;135;0;513;512;1;0;13;500;192;189;39;36;5;;24;;;15;;;;;10;503;169;157;47;51;10;13;27;3;4;19;0;3;0;
0107;51074004;STIMMBEZIRK;1234;1071;163;0;688;686;2;0;6;682;237;248;60;68;19;;21;;;29;;;;;9;679;216;160;111;93;10;14;32;2;3;35;0;2;1;
0107;51074005;STIMMBEZIRK;1134;1026;108;0;567;566;1;0;15;552;173;230;49;39;7;;26;;;28;;;;;9;558;151;179;64;70;7;8;30;5;1;36;0;5;2;
0107;51078001;STIMMBEZIRK;774;692;82;0;484;481;3;0;13;471;192;159;30;59;5;;5;;;21;;;;;5;479;169;126;66;65;3;10;6;3;4;25;0;1;1;
0107;51078002;STIMMBEZIRK;181;162;19;0;126;126;0;0;3;123;51;41;1;14;5;;5;;;6;;;;;1;125;43;31;1;21;6;5;6;0;0;11;1;0;0;
0107;51083001;STIMMBEZIRK;284;268;16;0;183;183;0;0;3;180;84;54;12;11;3;;6;;;10;;;;;1;182;74;49;13;15;3;8;4;1;0;12;0;1;2;
0107;51085001;STIMMBEZIRK;229;209;20;0;147;147;0;0;5;142;91;17;9;12;3;;8;;;2;;;;;2;145;77;14;16;21;1;2;7;1;1;3;1;1;0;
0107;51086001;STIMMBEZIRK;343;311;32;0;212;200;12;0;4;208;101;50;18;17;4;;7;;;11;;;;;5;207;86;47;21;20;3;6;11;2;1;9;0;1;0;
0107;51098001;STIMMBEZIRK;605;547;58;0;361;361;0;0;9;352;146;118;25;29;4;;13;;;17;;;;;7;354;125;108;37;36;2;10;13;2;0;20;0;0;1;
0107;51099001;STIMMBEZIRK;1090;970;120;0;614;614;0;0;10;604;269;159;28;81;22;;15;;;30;;;;;7;607;251;128;41;89;13;22;15;5;3;34;1;2;3;
0107;51104001;STIMMBEZIRK;61;56;5;0;43;43;0;0;0;43;17;12;0;10;1;;2;;;1;;;;;0;43;17;6;1;11;1;2;2;1;0;1;0;0;1;
0107;51126001;STIMMBEZIRK;78;72;6;0;55;55;0;0;1;54;29;16;3;4;2;;0;;;0;;;;;0;55;24;13;4;10;3;1;0;0;0;0;0;0;0;
0107;51134001;STIMMBEZIRK;653;586;67;0;380;380;0;0;6;374;197;87;19;32;7;;9;;;23;;;;;2;378;166;73;36;49;7;2;14;2;1;23;0;3;2;
0107;51135001;STIMMBEZIRK;278;245;33;0;185;185;0;0;6;179;71;41;20;29;2;;4;;;12;;;;;2;183;75;25;24;27;2;6;5;2;3;13;0;0;1;
0107;51137001;STIMMBEZIRK;500;449;51;0;292;292;0;0;4;288;137;84;9;26;3;;12;;;17;;;;;2;290;136;63;23;35;2;6;7;0;3;15;0;0;0;
0107;51138001;STIMMBEZIRK;539;503;36;0;336;336;0;0;5;331;169;85;20;39;2;;8;;;8;;;;;5;331;142;69;27;47;4;11;14;0;3;13;0;0;1;
0108;58037001;STIMMBEZIRK;1537;1292;245;0;1287;1043;0;244;6;1281;530;354;118;162;11;32;24;;;40;;;;10;3;1284;424;279;211;218;11;46;22;4;3;52;1;12;1;
0108;58037002;STIMMBEZIRK;1599;1364;235;0;1338;1117;0;221;12;1326;613;367;100;140;14;29;25;;;32;;;;6;12;1326;469;291;211;197;14;43;36;7;0;45;2;8;3;
0108;58116001;STIMMBEZIRK;727;653;74;0;576;502;0;74;6;570;228;150;42;69;4;18;7;;;34;;;;18;3;573;200;137;51;78;9;28;11;5;7;39;2;4;2;
0108;58150001;STIMMBEZIRK;961;771;190;0;778;594;0;184;5;773;309;206;83;81;12;24;27;;;25;;;;6;6;772;247;166;124;111;14;29;32;8;1;28;2;7;3;
0108;58150002;STIMMBEZIRK;1360;1171;189;0;1014;833;0;181;11;1003;437;268;78;102;9;26;22;;;37;;;;24;7;1007;348;238;141;124;16;48;27;4;4;47;4;5;1;
0108;58157001;STIMMBEZIRK;1192;908;284;0;1015;743;0;272;6;1009;500;168;63;223;8;13;10;;;21;;;;3;7;1008;363;139;117;307;8;21;19;1;2;27;1;3;0;
0108;58051001;STIMMBEZIRK;973;820;153;0;592;591;1;0;7;585;240;177;44;56;5;20;22;;;18;;;;3;2;590;187;139;83;70;9;34;24;4;3;32;1;4;0;
0108;58058001;STIMMBEZIRK;1160;931;229;0;683;663;20;0;14;669;289;213;57;56;6;13;14;;;17;;;;4;9;674;228;178;124;76;3;18;9;1;5;28;2;0;2;
0108;58058002;STIMMBEZIRK;1354;1176;178;0;776;776;0;0;5;771;351;245;41;63;5;15;16;;;31;;;;4;6;770;264;220;81;95;6;28;22;5;4;40;1;3;1;
0108;58058003;STIMMBEZIRK;1262;1099;163;0;774;774;0;0;2;772;364;216;51;90;6;8;18;;;17;;;;2;3;771;278;190;100;113;8;22;19;2;2;26;1;8;2;
0108;58058004;STIMMBEZIRK;1308;1111;197;0;824;824;0;0;3;821;349;271;61;63;3;14;17;;;39;;;;4;1;823;272;240;124;78;8;19;24;1;1;52;3;1;0;
0108;58058005;STIMMBEZIRK;943;802;141;0;643;643;0;0;10;633;330;166;37;53;4;11;7;;;24;;;;1;9;634;269;137;78;78;3;15;15;2;2;30;2;2;1;
0108;58096001;STIMMBEZIRK;901;822;79;0;576;576;0;0;9;567;304;128;39;46;5;11;10;;;15;;;;9;8;568;261;114;73;51;11;17;9;5;5;18;0;3;1;
0108;58096002;STIMMBEZIRK;198;188;10;0;153;153;0;0;1;152;88;43;3;1;1;6;2;;;5;;;;3;1;152;76;37;9;11;3;8;2;0;2;3;0;1;0;
0108;58110001;STIMMBEZIRK;611;506;105;0;365;365;0;0;2;363;148;105;34;30;4;14;6;;;21;;;;1;1;364;126;84;53;35;3;19;17;1;1;22;0;0;3;
0108;58110002;STIMMBEZIRK;282;249;33;0;182;182;0;0;2;180;76;36;22;18;1;6;5;;;5;;;;11;0;182;74;37;25;11;2;9;11;0;4;7;0;2;0;
0108;58112001;STIMMBEZIRK;944;793;151;0;620;619;1;0;6;614;275;173;72;49;4;10;12;;;6;;;;13;3;617;208;130;135;81;6;11;20;4;1;12;1;7;1;
0108;58121001;STIMMBEZIRK;1010;887;123;0;621;621;0;0;7;614;281;176;51;47;5;10;16;;;26;;;;2;7;614;233;168;83;62;4;10;18;2;1;30;1;1;1;
0108;58121002;STIMMBEZIRK;950;794;156;0;615;610;5;0;8;607;287;163;38;52;3;16;14;;;27;;;;7;7;608;237;151;76;58;1;19;19;4;5;33;3;1;1;
0108;58142001;STIMMBEZIRK;827;698;129;0;537;536;1;0;4;533;231;161;58;33;11;7;11;;;20;;;;1;2;535;199;107;114;42;16;11;21;2;1;21;0;1;0;
0108;58165001;STIMMBEZIRK;520;453;67;0;332;332;0;0;3;329;151;91;34;19;5;5;9;;;8;;;;7;3;329;122;67;64;27;9;8;11;1;3;16;0;1;0;
0108;58165002;STIMMBEZIRK;510;468;42;0;339;339;0;0;2;337;121;130;25;29;3;10;4;;;14;;;;1;0;339;96;116;46;29;7;14;7;2;2;17;3;0;0;
0108;58008001;STIMMBEZIRK;818;740;78;0;468;468;0;0;10;458;207;126;35;30;4;36;7;;;6;;;;7;7;461;174;99;68;38;2;51;11;1;3;9;0;4;1;
0108;58024001;STIMMBEZIRK;1278;1150;128;0;807;807;0;0;5;802;372;215;50;63;10;21;26;;;40;;;;5;3;804;294;206;85;79;8;31;30;11;3;45;0;6;6;
0108;58030001;STIMMBEZIRK;849;782;67;0;529;528;1;0;7;522;235;144;44;24;9;26;17;;;17;;;;6;7;522;195;124;61;37;10;40;23;4;2;23;0;2;1;
0108;58035001;STIMMBEZIRK;466;381;85;0;272;272;0;0;2;270;121;67;24;23;5;12;6;;;9;;;;3;1;271;104;48;39;23;4;21;11;0;0;16;0;3;2;
0108;58039001;STIMMBEZIRK;355;318;37;0;222;222;0;0;1;221;77;70;30;13;2;6;8;;;4;;;;11;0;222;66;51;46;14;2;15;13;2;0;9;3;1;0;
0108;58066001;STIMMBEZIRK;969;835;134;0;616;616;0;0;5;611;336;150;36;37;6;13;9;;;12;;;;12;2;614;273;126;74;68;5;26;13;2;3;19;0;2;3;
0108;58069001;STIMMBEZIRK;463;412;51;0;321;321;0;0;3;318;153;92;27;15;1;9;5;;;9;;;;7;3;318;123;70;53;25;2;15;11;0;0;14;0;3;2;
0108;58080001;STIMMBEZIRK;1043;901;142;0;673;673;0;0;10;663;315;183;35;46;5;10;14;;;24;;;;31;6;667;277;183;63;55;10;18;17;2;5;33;2;2;0;
0108;58081001;STIMMBEZIRK;288;253;35;0;204;204;0;0;1;203;89;47;23;19;1;14;3;;;7;;;;0;0;204;75;33;37;20;3;13;3;3;2;13;1;1;0;
0108;58083001;STIMMBEZIRK;175;141;34;0;113;113;0;0;0;113;47;28;12;6;2;7;8;;;2;;;;1;0;113;39;10;33;11;2;2;6;2;1;6;0;1;0;
0108;58088001;STIMMBEZIRK;155;142;13;0;91;91;0;0;0;91;56;14;4;5;2;3;3;;;4;;;;0;0;91;46;9;11;8;1;4;8;0;0;4;0;0;0;
0108;58111001;STIMMBEZIRK;102;94;8;0;78;78;0;0;1;77;42;19;3;4;0;5;1;;;1;;;;2;1;77;32;10;9;10;0;11;3;0;0;1;0;1;0;
0108;58123001;STIMMBEZIRK;773;688;85;0;551;551;0;0;5;546;240;143;51;35;10;26;11;;;19;;;;11;5;546;201;115;87;51;4;34;16;6;1;23;1;3;4;
0108;58127001;STIMMBEZIRK;956;854;102;0;528;528;0;0;7;521;220;154;30;61;10;19;8;;;15;;;;4;3;525;181;149;45;73;10;29;8;2;4;16;3;3;2;
0108;58127002;STIMMBEZIRK;939;832;107;0;533;533;0;0;5;528;260;121;38;29;7;10;28;;;25;;;;10;4;529;215;105;65;41;7;31;26;3;2;30;1;2;1;
0108;58127003;STIMMBEZIRK;1094;999;95;0;680;679;1;0;12;668;330;151;46;66;12;20;13;;;25;;;;5;8;672;278;144;72;78;9;39;13;3;3;28;1;0;4;
0108;58152001;STIMMBEZIRK;711;606;105;0;469;469;0;0;8;461;188;149;39;38;2;10;12;;;17;;;;6;4;465;153;139;63;48;4;15;11;1;5;22;1;1;2;
0108;58175001;STIMMBEZIRK;401;349;52;0;260;260;0;0;2;258;102;63;38;20;5;13;5;;;11;;;;1;2;258;85;47;55;28;3;14;8;0;4;9;0;2;3;
0108;58004001;STIMMBEZIRK;245;207;38;0;142;142;0;0;4;138;62;31;14;16;0;3;6;;;5;;;;1;4;138;49;22;22;21;0;12;7;0;0;5;0;0;0;
0108;58012001;STIMMBEZIRK;1264;1085;179;0;782;780;2;0;8;774;329;218;71;44;0;30;14;;;32;;;;36;9;773;260;187;133;69;4;42;19;9;3;41;2;1;3;
0108;58032001;STIMMBEZIRK;581;497;84;0;348;346;2;0;5;343;150;60;36;40;4;19;7;;;5;;;;22;4;344;137;60;59;44;3;20;7;0;6;7;0;1;0;
0108;58040001;STIMMBEZIRK;1144;967;177;0;601;601;0;0;8;593;249;153;41;48;5;18;17;;;26;;;;36;4;597;207;150;63;66;9;25;23;1;6;39;0;3;5;
0108;58042001;STIMMBEZIRK;605;536;69;0;316;316;0;0;5;311;147;69;14;17;5;6;7;;;6;;;;40;6;310;126;72;36;23;7;18;3;5;2;14;0;0;4;
0108;58052001;STIMMBEZIRK;1782;1562;220;0;1149;1141;8;0;7;1142;488;307;117;86;6;43;27;;;39;;;;29;7;1142;393;242;190;126;11;76;26;7;15;48;2;3;3;
0108;58057001;STIMMBEZIRK;435;402;33;0;297;295;2;0;1;296;125;77;28;27;1;10;2;;;9;;;;17;0;297;110;73;41;30;4;17;4;1;0;14;2;1;0;
0108;58067001;STIMMBEZIRK;465;433;32;0;298;298;0;0;0;298;148;68;26;24;2;9;9;;;5;;;;7;2;296;111;64;45;35;3;18;10;0;0;8;0;2;0;
0108;58082001;STIMMBEZIRK;718;613;105;0;426;426;0;0;6;420;187;83;24;24;3;15;11;;;19;;;;54;9;417;169;76;43;36;12;22;18;1;1;26;1;6;6;
0108;58084001;STIMMBEZIRK;237;217;20;0;165;165;0;0;2;163;86;30;14;7;1;9;4;;;8;;;;4;2;163;78;20;27;12;0;12;5;1;0;7;0;1;0;
0108;58087001;STIMMBEZIRK;495;450;45;0;305;305;0;0;3;302;150;80;16;24;2;12;3;;;3;;;;12;5;300;121;67;43;25;2;17;13;1;2;7;0;1;1;
0108;58090001;STIMMBEZIRK;929;802;127;0;580;579;1;0;1;579;265;127;41;44;7;27;19;;;24;;;;25;1;579;216;115;70;55;6;39;31;3;3;32;1;4;4;
0108;58090002;STIMMBEZIRK;238;214;24;0;185;185;0;0;2;183;90;32;12;18;3;5;6;;;9;;;;8;3;182;68;21;32;28;5;10;6;1;2;9;0;0;0;
0108;58099001;STIMMBEZIRK;674;615;59;0;388;388;0;0;3;385;164;71;17;21;1;16;12;;;15;;;;68;3;385;152;87;25;32;10;28;9;3;7;26;5;0;1;
0108;58102001;STIMMBEZIRK;622;524;98;0;368;366;2;0;2;366;153;100;27;33;1;12;7;;;20;;;;13;2;366;126;99;38;33;6;20;10;2;3;26;1;2;0;
0108;58137001;STIMMBEZIRK;2180;1933;247;0;1294;1292;2;0;11;1283;468;307;74;99;29;41;32;;;44;;;;189;12;1282;433;295;132;139;33;82;48;11;5;89;0;4;11;
0108;58162001;STIMMBEZIRK;351;290;61;0;213;211;2;0;4;209;95;51;12;23;3;6;4;;;2;;;;13;2;211;78;49;22;34;4;9;7;0;2;6;0;0;0;
0108;58166001;STIMMBEZIRK;1203;1021;182;0;746;746;0;0;6;740;357;130;54;61;6;13;16;;;28;;;;75;3;743;317;136;70;89;17;24;28;6;11;41;1;0;3;
0108;58173001;STIMMBEZIRK;876;757;119;0;546;546;0;0;6;540;229;137;58;36;4;30;16;;;22;;;;8;3;543;188;122;83;44;4;44;20;1;3;32;0;2;0;
0108;58174001;STIMMBEZIRK;428;372;56;0;240;238;2;0;3;237;116;57;8;25;2;7;4;;;8;;;;10;2;238;96;56;26;26;1;10;5;0;2;15;0;0;1;
0109;58001001;STIMMBEZIRK;596;503;93;0;519;431;0;88;5;514;233;156;61;30;9;5;14;;6;;;;;;3;516;206;106;92;57;7;11;13;1;2;16;1;4;0;
0109;58001002;STIMMBEZIRK;208;167;41;0;181;142;0;39;3;178;94;37;16;9;3;7;8;;4;;;;;;2;179;67;28;22;25;2;3;6;0;2;21;0;3;0;
0109;58028001;STIMMBEZIRK;1224;1097;127;0;926;804;0;122;16;910;400;279;78;66;15;27;22;;23;;;;;;6;920;352;214;120;114;13;21;29;4;7;39;0;3;4;
0109;58050001;STIMMBEZIRK;809;692;117;0;637;522;0;115;9;628;246;199;87;40;6;23;21;;6;;;;;;4;633;200;131;138;73;6;19;25;3;2;28;0;4;4;
0109;58050002;STIMMBEZIRK;924;731;193;0;720;539;1;180;20;700;272;224;90;38;15;30;25;;6;;;;;;8;712;220;158;151;72;10;24;28;4;2;35;2;3;3;
0109;58093001;STIMMBEZIRK;594;518;76;0;437;362;0;75;9;428;170;120;47;38;8;24;17;;4;;;;;;4;433;134;98;68;59;4;17;14;4;0;25;2;8;0;
0109;58104001;STIMMBEZIRK;1473;1302;171;0;1151;991;0;160;21;1130;500;378;100;71;13;22;36;;10;;;;;;8;1143;391;259;189;144;8;35;45;7;3;54;0;7;1;
0109;58126001;STIMMBEZIRK;732;602;130;0;600;479;0;121;12;588;272;181;68;31;5;16;12;;3;;;;;;3;597;220;140;111;75;3;18;12;2;14;0;0;1;1;
0109;58130001;STIMMBEZIRK;1448;1203;245;0;1146;917;1;228;17;1129;420;375;145;77;9;35;54;;14;;;;;;9;1137;348;275;220;141;8;36;50;2;5;40;3;5;4;
0109;58171001;STIMMBEZIRK;828;680;148;0;631;496;0;135;12;619;223;219;93;35;4;10;24;;11;;;;;;3;628;177;144;163;58;0;17;26;1;6;29;3;4;0;
0109;58171002;STIMMBEZIRK;300;232;68;0;239;172;0;67;11;228;97;83;18;14;1;5;8;;2;;;;;;2;237;84;67;32;18;1;8;7;0;0;18;1;1;0;
0109;58171003;STIMMBEZIRK;155;143;12;0;120;108;0;12;3;117;61;25;11;9;2;2;5;;2;;;;;;0;120;43;18;21;21;4;2;4;0;0;7;0;0;0;
0109;58016001;STIMMBEZIRK;135;111;24;0;95;95;0;0;1;94;52;17;17;5;2;0;1;;0;;;;;;1;94;41;15;19;13;1;3;1;1;0;0;0;0;0;
0109;58022001;STIMMBEZIRK;1269;1028;241;0;829;800;29;0;16;813;304;295;104;52;14;13;27;;4;;;;;;8;821;247;201;176;112;7;16;27;3;0;22;1;8;1;
0109;58022002;STIMMBEZIRK;1279;1057;222;0;761;761;0;0;19;742;327;259;56;48;13;16;17;;6;;;;;;10;751;255;197;122;94;3;18;18;0;3;36;1;3;1;
0109;58022003;STIMMBEZIRK;1312;1067;245;0;738;738;0;0;20;718;269;247;78;49;9;14;38;;14;;;;;;20;718;225;166;123;93;5;19;36;3;2;32;8;6;0;
0109;58022004;STIMMBEZIRK;1215;975;240;0;666;666;0;0;18;648;221;255;71;44;6;18;26;;7;;;;;;11;655;182;200;106;79;2;22;26;5;4;25;0;3;1;
0109;58022005;STIMMBEZIRK;1204;1043;161;0;691;691;0;0;22;669;220;283;62;42;14;16;22;;10;;;;;;9;682;180;229;101;67;6;17;20;3;3;46;4;4;2;
0109;58033001;STIMMBEZIRK;836;708;128;0;509;509;0;0;7;502;222;198;32;17;6;6;18;;3;;;;;;7;502;194;132;81;38;5;6;17;4;1;19;1;2;2;
0109;58063001;STIMMBEZIRK;181;163;18;0;97;97;0;0;3;94;35;30;12;5;1;5;2;;4;;;;;;1;96;30;21;14;9;1;3;4;1;0;13;0;0;0;
0109;58064001;STIMMBEZIRK;301;249;52;0;179;179;0;0;2;177;91;41;19;10;2;6;5;;3;;;;;;6;173;71;29;24;20;3;4;9;3;0;9;0;1;0;
0109;58076001;STIMMBEZIRK;131;111;20;0;97;97;0;0;0;97;61;22;5;4;0;1;2;;2;;;;;;0;97;49;16;9;13;0;1;1;1;1;3;0;2;1;
0109;58098001;STIMMBEZIRK;157;138;19;0;98;98;0;0;3;95;62;18;4;7;2;0;2;;0;;;;;;1;97;45;9;18;16;1;0;2;1;0;4;1;0;0;
0109;58108001;STIMMBEZIRK;457;386;71;0;319;317;2;0;4;315;138;95;31;23;9;7;8;;4;;;;;;1;318;118;68;45;45;4;11;8;1;0;8;3;7;0;
0109;58109001;STIMMBEZIRK;303;255;48;0;200;199;1;0;2;198;95;48;17;12;5;9;9;;3;;;;;;2;198;77;40;25;18;4;8;6;1;2;12;0;3;2;
0109;58133001;STIMMBEZIRK;123;112;11;0;85;85;0;0;1;84;36;35;10;0;1;2;0;;0;;;;;;1;84;29;27;18;3;2;1;1;0;0;2;0;0;1;
0109;58143001;STIMMBEZIRK;220;185;35;0;136;136;0;0;0;136;72;38;4;12;0;2;5;;3;;;;;;1;135;51;23;12;27;3;1;2;1;0;12;2;1;0;
0109;58144001;STIMMBEZIRK;162;144;18;0;115;115;0;0;3;112;52;23;13;12;3;5;3;;1;;;;;;3;112;47;19;20;12;1;3;3;3;1;2;0;1;0;
0109;58153001;STIMMBEZIRK;162;141;21;0;113;113;0;0;4;109;48;33;14;5;2;2;2;;3;;;;;;0;113;43;21;24;11;0;1;2;1;1;8;0;1;0;
0109;58170001;STIMMBEZIRK;1120;948;172;0;680;680;0;0;16;664;263;236;53;45;14;20;23;;10;;;;;;7;673;217;174;100;69;5;19;32;3;3;43;1;4;3;
0109;58170002;STIMMBEZIRK;1225;1012;213;0;726;706;20;0;17;709;297;269;47;42;10;17;16;;11;;;;;;10;716;236;198;106;76;4;19;21;3;3;44;3;2;1;
0109;58019001;STIMMBEZIRK;255;216;39;0;199;162;0;37;3;196;76;59;17;23;5;7;8;;1;;;;;;1;198;67;47;23;26;3;7;5;5;0;10;0;4;1;
0109;58053001;STIMMBEZIRK;1210;1074;136;0;779;653;0;126;13;766;293;284;67;69;8;16;17;;12;;;;;;7;772;226;206;115;110;9;15;27;5;12;39;0;7;1;
0109;58053002;STIMMBEZIRK;978;841;137;0;732;596;0;136;18;714;244;296;46;52;10;25;28;;13;;;;;;18;714;210;229;86;73;8;27;24;5;3;40;0;6;3;
0109;58053003;STIMMBEZIRK;388;330;58;0;317;260;2;55;6;311;138;91;26;24;4;6;14;;8;;;;;;4;313;112;59;46;45;4;6;21;1;6;11;1;1;0;
0109;58053004;STIMMBEZIRK;1192;1015;177;0;866;697;0;169;19;847;349;305;64;52;11;15;25;;26;;;;;;15;851;292;248;107;94;5;24;20;5;9;38;6;1;2;
0109;58053005;STIMMBEZIRK;1291;1125;166;0;1006;845;1;160;17;989;371;390;89;62;15;29;20;;13;;;;;;9;997;316;302;154;95;11;39;26;6;6;33;1;7;1;
0109;58053006;STIMMBEZIRK;1081;933;148;0;836;696;0;140;20;816;347;268;65;77;17;20;16;;6;;;;;;8;828;298;221;106;107;14;14;12;6;1;43;1;4;1;
0109;58145001;STIMMBEZIRK;256;227;29;0;209;180;0;29;7;202;92;56;20;10;3;7;8;;6;;;;;;3;206;70;35;30;25;0;10;7;0;2;23;2;2;0;
0109;58160001;STIMMBEZIRK;127;117;10;0;103;93;0;10;2;101;43;33;4;9;0;5;6;;1;;;;;;0;103;37;24;12;10;0;6;6;1;0;5;0;2;0;
0109;58018001;STIMMBEZIRK;581;489;92;0;352;352;0;0;7;345;114;128;34;13;15;16;16;;9;;;;;;4;348;97;100;47;33;11;14;15;1;7;18;0;4;1;
0109;58105001;STIMMBEZIRK;1143;974;169;0;667;667;0;0;10;657;292;206;62;48;9;13;20;;7;;;;;;5;662;226;155;88;90;7;14;25;0;2;42;1;10;2;
0109;58107001;STIMMBEZIRK;1284;1003;281;0;791;791;0;0;14;777;397;213;62;68;10;9;15;;3;;;;;;3;788;339;148;97;121;8;12;21;3;1;32;2;2;2;
0109;58107002;STIMMBEZIRK;1419;1135;284;0;874;874;0;0;38;836;439;228;64;59;13;14;14;;5;;;;;;7;867;339;164;136;142;8;16;16;3;1;35;3;4;0;
0109;58107003;STIMMBEZIRK;1441;1152;289;0;883;883;0;0;2;881;417;251;108;54;14;11;16;;10;;;;;;2;881;343;158;167;130;4;14;19;1;1;34;1;7;2;
0109;58138001;STIMMBEZIRK;396;355;41;0;289;289;0;0;4;285;130;80;41;15;5;8;6;;0;;;;;;2;287;110;59;57;27;3;14;4;0;1;11;0;0;1;
0109;58139001;STIMMBEZIRK;675;616;59;0;438;438;0;0;8;430;198;130;42;24;4;15;9;;8;;;;;;6;432;154;107;58;54;6;14;9;0;6;19;3;2;0;
0109;58141001;STIMMBEZIRK;313;259;54;0;202;202;0;0;2;200;92;44;35;14;1;5;3;;6;;;;;;2;200;75;29;43;20;4;8;5;1;0;13;0;1;1;
0109;58011001;STIMMBEZIRK;601;557;44;0;408;408;0;0;7;401;240;88;17;29;3;12;7;;5;;;;;;5;403;210;69;36;43;1;13;6;4;4;14;2;0;1;
0109;58021001;STIMMBEZIRK;509;479;30;0;350;350;0;0;12;338;147;100;31;26;4;9;18;;3;;;;;;7;343;118;69;55;42;3;8;15;5;0;23;0;3;2;
0109;58023001;STIMMBEZIRK;361;310;51;0;240;239;1;0;6;234;99;61;29;16;11;4;10;;4;;;;;;2;238;82;47;46;20;7;6;13;1;1;12;1;2;0;
0109;58027001;STIMMBEZIRK;299;284;15;0;213;213;0;0;5;208;130;42;10;8;4;6;4;;4;;;;;;3;210;106;27;24;26;3;4;2;0;1;15;0;1;1;
0109;58038001;STIMMBEZIRK;441;405;36;0;277;277;0;0;2;275;134;56;23;27;6;9;13;;7;;;;;;1;276;98;50;32;44;4;8;11;1;4;22;0;0;2;
0109;58045001;STIMMBEZIRK;246;237;9;0;187;187;0;0;4;183;81;63;23;5;2;3;5;;1;;;;;;1;186;68;44;34;18;1;3;9;1;0;7;1;0;0;
0109;58046001;STIMMBEZIRK;434;397;37;0;302;302;0;0;6;296;145;77;25;18;9;12;5;;5;;;;;;3;299;117;57;42;24;6;10;3;2;3;26;2;4;3;
0109;58049001;STIMMBEZIRK;408;382;26;0;254;254;0;0;5;249;103;79;16;15;9;11;10;;6;;;;;;1;253;96;66;31;13;5;7;7;1;3;21;0;3;0;
0109;58049002;STIMMBEZIRK;179;168;11;0;137;137;0;0;1;136;65;46;11;4;4;4;1;;1;;;;;;0;137;53;38;25;8;1;3;1;1;0;5;1;1;0;
0109;58049003;STIMMBEZIRK;563;522;41;0;359;359;0;0;3;356;152;130;26;23;5;6;10;;4;;;;;;2;357;129;102;43;36;4;5;7;1;3;24;1;1;1;
0109;58059001;STIMMBEZIRK;1009;915;94;0;642;642;0;0;11;631;342;131;50;47;7;13;30;;11;;;;;;9;633;276;107;69;75;5;12;28;9;6;39;1;3;3;
0109;58065001;STIMMBEZIRK;809;743;66;0;557;557;0;0;11;546;212;215;53;30;9;11;8;;8;;;;;;6;551;168;165;101;53;4;13;13;2;1;25;0;4;2;
0109;58091001;STIMMBEZIRK;362;341;21;0;251;251;0;0;5;246;135;71;12;13;5;2;6;;2;;;;;;1;250;114;55;23;28;5;6;3;0;1;9;0;5;1;
0109;58094001;STIMMBEZIRK;1283;1117;166;0;847;847;0;0;10;837;343;265;89;38;15;27;37;;23;;;;;;5;842;289;162;167;68;9;29;36;9;3;49;5;10;6;
0109;58117001;STIMMBEZIRK;1089;965;124;0;553;553;0;0;12;541;232;189;34;28;13;22;16;;7;;;;;;4;549;185;159;50;58;6;16;18;2;2;47;4;1;1;
0109;58117002;STIMMBEZIRK;1152;1044;108;0;625;625;0;0;20;605;205;229;51;50;19;19;25;;7;;;;;;7;618;175;183;91;71;10;17;27;6;1;33;3;0;1;
0109;58117003;STIMMBEZIRK;908;833;75;0;466;466;0;0;15;451;177;177;34;31;4;11;12;;5;;;;;;11;455;161;141;54;34;9;11;14;4;1;23;2;1;0;
0109;58117004;STIMMBEZIRK;1295;1183;112;0;731;731;0;0;17;714;343;237;45;33;7;18;20;;11;;;;;;7;724;297;174;82;67;8;18;18;5;3;38;1;9;4;
0109;58117005;STIMMBEZIRK;1091;956;135;0;650;650;0;0;9;641;319;191;38;39;13;14;19;;8;;;;;;4;646;270;153;66;78;11;13;19;3;4;26;1;2;0;
0109;58120001;STIMMBEZIRK;127;124;3;0;93;93;0;0;0;93;43;34;3;2;5;2;3;;1;;;;;;0;93;38;29;9;4;1;3;3;0;0;5;0;1;0;
0109;58147001;STIMMBEZIRK;626;575;51;0;430;430;0;0;3;427;215;125;22;36;8;6;13;;2;;;;;;3;427;170;99;43;60;6;13;13;2;1;18;0;1;1;
0109;58163001;STIMMBEZIRK;895;830;65;0;574;574;0;0;7;567;288;159;37;30;12;19;15;;7;;;;;;3;571;227;116;86;56;9;20;12;0;2;31;7;4;1;
0109;58168001;STIMMBEZIRK;591;515;76;0;356;356;0;0;6;350;156;96;31;22;7;14;14;;10;;;;;;3;353;128;69;60;32;5;14;14;0;2;27;0;1;1;
0109;58007001;STIMMBEZIRK;245;218;27;0;165;164;1;0;2;163;86;37;5;16;4;7;3;;5;;;;;;0;165;64;28;19;16;2;6;3;2;0;23;1;1;0;
0109;58009001;STIMMBEZIRK;279;235;44;0;178;177;1;0;1;177;68;59;18;16;4;2;7;;3;;;;;;1;177;49;39;42;18;2;6;5;2;0;11;1;2;0;
0109;58009002;STIMMBEZIRK;638;575;63;0;444;444;0;0;8;436;201;135;27;24;13;16;14;;6;;;;;;5;439;157;113;64;40;4;10;11;1;3;32;0;3;1;
0109;58009003;STIMMBEZIRK;563;504;59;0;384;384;0;0;7;377;177;123;30;20;10;6;4;;7;;;;;;3;381;142;87;62;42;3;6;8;1;1;23;0;5;1;
0109;58009004;STIMMBEZIRK;309;265;44;0;192;192;0;0;4;188;85;49;23;15;4;3;6;;3;;;;;;3;189;63;36;25;30;1;6;8;1;0;14;1;2;2;
0109;58009005;STIMMBEZIRK;1338;1176;162;0;761;760;1;0;14;747;349;221;61;39;8;26;27;;16;;;;;;5;756;276;174;110;78;7;22;25;2;5;47;0;10;0;
0109;58044001;STIMMBEZIRK;524;482;42;0;360;360;0;0;11;349;218;67;24;18;4;4;6;;8;;;;;;5;355;156;57;48;40;4;8;6;2;1;28;2;3;0;
0109;58128001;STIMMBEZIRK;1389;1258;131;0;847;843;4;0;17;830;388;249;48;78;12;23;22;;10;;;;;;6;841;298;182;106;127;6;12;15;6;8;65;10;4;2;
0110;58003001;STIMMBEZIRK;1570;1465;105;0;977;977;0;0;11;966;424;291;64;59;9;44;21;;10;43;1;;;;5;972;371;258;100;97;6;51;24;5;7;48;1;3;1;
0110;58054001;STIMMBEZIRK;926;837;89;0;554;554;0;0;7;547;235;182;29;27;3;19;8;;6;35;3;;;;4;550;207;164;40;49;2;24;11;4;4;40;1;3;1;
0110;58054002;STIMMBEZIRK;1057;937;120;0;580;580;0;0;6;574;226;185;57;33;7;19;12;;3;32;0;;;;1;579;199;167;69;54;4;24;14;5;2;34;0;6;1;
0110;58054003;STIMMBEZIRK;1023;935;88;0;615;615;0;0;8;607;252;200;39;37;6;24;19;;7;22;1;;;;3;612;215;171;69;58;7;27;23;4;3;30;1;3;1;
0110;58054004;STIMMBEZIRK;1247;1128;119;0;696;696;0;0;6;690;320;209;48;38;4;24;10;;6;28;3;;;;6;690;283;162;92;68;2;20;15;5;4;37;2;0;0;
0110;58054005;STIMMBEZIRK;1035;853;182;0;652;652;0;0;5;647;309;165;61;45;9;19;8;;5;26;0;;;;6;646;242;128;95;106;6;22;11;3;2;28;1;2;0;
0110;58118001;STIMMBEZIRK;1251;1141;110;0;844;844;0;0;12;832;365;260;45;59;14;17;21;;7;44;0;;;;5;839;327;221;80;83;12;20;22;8;5;52;1;7;1;
0110;58136001;STIMMBEZIRK;888;808;80;0;579;579;0;0;5;574;212;180;47;38;8;21;18;;4;42;4;;;;3;576;166;169;65;69;4;22;17;4;3;53;3;1;0;
0110;58026001;STIMMBEZIRK;893;791;102;0;678;582;0;96;8;670;287;190;70;34;7;25;20;;10;27;0;;;;5;673;257;149;101;66;7;24;27;8;3;26;0;4;1;
0110;58073001;STIMMBEZIRK;228;198;30;0;186;158;0;28;1;185;96;28;18;11;6;8;9;;0;8;1;;;;0;186;87;18;30;17;6;6;8;0;0;13;0;1;0;
0110;58122001;STIMMBEZIRK;468;430;38;0;375;342;0;33;4;371;169;94;21;18;10;20;8;;5;22;4;;;;3;372;132;75;35;40;5;29;12;5;3;30;1;2;3;
0110;58124001;STIMMBEZIRK;1266;1122;144;0;898;754;0;144;11;887;362;281;78;58;15;32;24;;6;30;1;;;;7;891;336;224;103;81;16;44;26;3;8;40;0;5;5;
0110;58124002;STIMMBEZIRK;1496;1338;158;0;1085;939;0;146;20;1065;404;374;120;65;13;20;17;;17;34;1;;;;14;1071;360;303;170;106;8;30;18;8;10;46;2;6;4;
0110;58124003;STIMMBEZIRK;1490;1325;165;0;1130;969;1;160;6;1124;441;375;107;78;19;38;32;;5;29;0;;;;5;1125;393;299;166;102;18;55;32;7;3;42;0;4;4;
0110;58132001;STIMMBEZIRK;169;150;19;0;133;114;0;19;7;126;67;38;7;5;1;4;3;;0;1;0;;;;7;126;50;29;15;19;0;5;4;1;1;1;0;0;1;
0110;58140001;STIMMBEZIRK;1840;1687;153;0;1208;1067;0;141;28;1180;429;443;81;57;31;34;34;;6;63;2;;;;40;1168;376;369;107;112;26;53;31;8;3;69;2;9;3;
0110;58140002;STIMMBEZIRK;1973;1801;172;0;1341;1179;11;151;29;1312;463;507;111;62;19;42;33;;7;65;3;;;;13;1328;421;448;144;111;17;46;34;15;7;71;4;7;3;
0110;58146001;STIMMBEZIRK;619;533;86;0;484;399;0;85;3;481;246;114;43;17;11;19;15;;2;14;0;;;;3;481;207;105;54;45;5;21;10;5;3;14;3;8;1;
0110;58010001;STIMMBEZIRK;126;122;4;0;89;89;0;0;0;89;50;20;5;1;1;4;4;;1;3;0;;;;0;89;46;18;8;3;0;3;5;1;0;4;0;1;0;
0110;58029001;STIMMBEZIRK;1144;1049;95;0;699;699;0;0;17;682;321;182;62;43;8;24;14;;4;23;1;;;;9;690;264;163;81;78;5;27;23;3;1;30;2;9;4;
0110;58036001;STIMMBEZIRK;192;183;9;0;125;125;0;0;2;123;78;27;3;1;1;0;7;;1;5;0;;;;2;123;65;26;4;11;1;3;6;0;1;6;0;0;0;
0110;58047001;STIMMBEZIRK;1329;1239;90;0;779;779;0;0;17;762;324;215;48;50;13;42;22;;7;40;1;;;;13;766;278;185;70;75;11;56;22;4;11;49;1;1;3;
0110;58055001;STIMMBEZIRK;44;43;1;0;41;41;0;0;3;38;18;7;1;6;1;2;1;;1;1;0;;;;3;38;16;6;1;6;0;4;1;0;1;3;0;0;0;
0110;58056001;STIMMBEZIRK;332;312;20;0;186;186;0;0;2;184;93;56;10;8;1;6;0;;1;8;1;;;;2;184;87;41;17;17;4;5;2;0;0;11;0;0;0;
0110;58070001;STIMMBEZIRK;1060;957;103;0;652;652;0;0;2;650;295;175;49;42;20;22;9;;5;31;2;;;;3;649;263;153;73;55;14;29;9;8;2;36;0;4;3;
0110;58078001;STIMMBEZIRK;922;857;65;0;506;506;0;0;15;491;218;147;31;38;9;11;14;;4;19;0;;;;11;495;197;136;42;54;11;13;8;3;2;21;0;4;4;
0110;58078002;STIMMBEZIRK;1071;955;116;0;648;648;0;0;4;644;302;176;44;30;8;30;19;;4;31;0;;;;4;644;269;152;66;43;15;26;23;7;2;35;0;3;3;
0110;58089001;STIMMBEZIRK;131;110;21;0;80;80;0;0;3;77;46;10;5;7;1;4;0;;2;2;0;;;;3;77;41;8;7;8;2;2;0;0;3;5;0;0;1;
0110;58097001;STIMMBEZIRK;403;381;22;0;243;243;0;0;1;242;118;63;10;17;4;7;11;;2;10;0;;;;2;241;107;50;14;25;1;15;10;0;2;13;0;1;3;
0110;58129001;STIMMBEZIRK;143;130;13;0;103;103;0;0;1;102;50;23;7;5;0;5;3;;0;9;0;;;;1;102;47;23;7;8;0;3;3;0;0;10;0;1;0;
0110;58154001;STIMMBEZIRK;265;248;17;0;169;169;0;0;0;169;72;45;10;4;3;19;5;;3;8;0;;;;0;169;61;36;18;9;4;24;4;1;0;10;0;2;0;
0110;58031001;STIMMBEZIRK;109;95;14;0;73;73;0;0;1;72;37;19;7;4;1;2;1;;0;1;0;;;;0;73;28;18;11;10;1;0;2;0;0;3;0;0;0;
0110;58048001;STIMMBEZIRK;178;166;12;0;133;133;0;0;4;129;60;31;19;6;1;3;3;;0;6;0;;;;2;131;50;25;25;11;1;3;5;3;0;7;0;1;0;
0110;58068001;STIMMBEZIRK;417;387;30;0;275;275;0;0;3;272;114;93;23;14;4;9;3;;0;12;0;;;;2;273;95;82;30;36;3;8;2;0;0;16;0;0;1;
0110;58071001;STIMMBEZIRK;379;342;37;0;222;222;0;0;5;217;109;56;15;7;2;5;4;;2;17;0;;;;3;219;97;55;17;17;4;6;2;1;1;17;1;0;1;
0110;58075001;STIMMBEZIRK;50;42;8;0;35;33;2;0;2;33;14;11;0;6;0;0;2;;0;0;0;;;;1;34;14;5;6;7;0;0;2;0;0;0;0;0;0;
0110;58086001;STIMMBEZIRK;948;875;73;0;579;579;0;0;7;572;280;165;34;26;7;15;15;;1;28;1;;;;7;572;245;145;58;46;4;18;14;4;1;33;1;1;2;
0110;58086002;STIMMBEZIRK;781;710;71;0;424;424;0;0;1;423;219;110;27;21;8;12;7;;2;17;0;;;;0;424;166;104;41;49;8;16;7;2;3;23;0;3;2;
0110;58086003;STIMMBEZIRK;998;923;75;0;543;543;0;0;4;539;281;146;40;19;4;12;10;;3;24;0;;;;3;540;231;139;60;43;5;15;13;5;1;24;0;3;1;
0110;58101001;STIMMBEZIRK;315;286;29;0;194;194;0;0;1;193;117;45;9;9;0;1;5;;1;6;0;;;;1;193;98;35;19;20;0;4;5;0;1;11;0;0;0;
0110;58148001;STIMMBEZIRK;941;807;134;0;567;567;0;0;6;561;266;169;50;28;12;13;14;;1;8;0;;;;7;560;208;147;71;67;12;22;14;3;0;9;0;4;3;
0110;58155001;STIMMBEZIRK;305;290;15;0;204;204;0;0;4;200;140;25;13;8;5;6;1;;1;1;0;;;;2;202;106;44;14;21;4;6;0;1;2;1;0;2;1;
0110;58172001;STIMMBEZIRK;1363;1184;179;0;824;824;0;0;17;807;321;256;62;50;14;34;19;;4;45;2;;;;12;812;267;219;101;78;11;45;22;1;2;55;1;9;1;
0110;58172002;STIMMBEZIRK;1376;1192;184;0;738;738;0;0;9;729;295;204;61;36;15;45;17;;7;48;1;;;;7;731;246;182;95;79;13;29;19;8;3;49;1;6;1;
0110;58172003;STIMMBEZIRK;1456;1243;213;0;901;900;1;0;8;893;420;256;88;40;14;22;17;;5;30;1;;;;4;897;357;212;132;80;14;19;27;6;8;38;2;1;1;
0111;60011001;STIMMBEZIRK;1253;1077;176;0;865;698;0;167;8;857;437;250;57;45;6;;9;;;44;9;;;;6;859;352;183;112;104;6;15;11;7;4;51;7;4;3;
0111;60011002;STIMMBEZIRK;1310;1181;129;0;905;778;0;127;15;890;423;245;67;62;10;;10;;;63;10;;;;7;898;343;204;101;118;10;23;15;1;3;65;12;3;0;
0111;60011003;STIMMBEZIRK;1342;1132;210;0;939;745;0;194;15;924;422;277;63;60;10;;26;;;55;11;;;;13;926;354;216;100;103;13;20;33;8;2;64;6;4;3;
0115;57004001;STIMMBEZIRK;521;455;66;0;335;335;0;0;9;326;150;124;23;19;2;;8;;;;;;;;3;332;130;105;35;35;2;6;8;1;0;9;1;0;0;
0115;57007001;STIMMBEZIRK;719;651;68;0;425;424;1;0;9;416;184;160;25;29;6;;12;;;;;;;;6;419;153;150;35;42;2;1;8;3;1;21;1;0;2;
0115;57007002;STIMMBEZIRK;199;175;24;0;106;106;0;0;6;100;50;34;10;4;1;;1;;;;;;;;1;105;48;29;12;6;1;2;2;1;0;3;0;1;0;
0115;57007003;STIMMBEZIRK;572;487;85;0;348;345;3;0;9;339;150;106;26;34;6;;17;;;;;;;;3;345;119;96;40;51;0;2;20;0;0;15;2;0;0;
0115;57013001;STIMMBEZIRK;494;451;43;0;326;326;0;0;13;313;123;117;47;16;4;;6;;;;;;;;3;323;118;86;70;18;0;8;3;1;0;18;0;1;0;
0115;57021001;STIMMBEZIRK;558;488;70;0;323;323;0;0;7;316;145;109;19;23;9;;11;;;;;;;;2;321;139;85;37;24;6;3;16;0;0;9;0;1;1;
0115;57021002;STIMMBEZIRK;319;287;32;0;203;203;0;0;3;200;88;57;26;12;6;;11;;;;;;;;2;201;70;53;26;24;1;1;9;2;0;13;2;0;0;
0115;57026001;STIMMBEZIRK;262;242;20;0;181;181;0;0;4;177;69;58;20;17;6;;7;;;;;;;;0;181;60;56;22;22;5;4;4;0;2;4;0;2;0;
0115;57027001;STIMMBEZIRK;353;315;38;0;196;196;0;0;7;189;77;73;19;9;8;;3;;;;;;;;2;194;69;67;22;12;3;3;4;0;0;14;0;0;0;
0115;57029001;STIMMBEZIRK;925;832;93;0;512;512;0;0;15;497;189;204;42;30;17;;15;;;;;;;;9;503;154;173;67;47;5;12;14;2;2;23;3;1;0;
0115;57030001;STIMMBEZIRK;719;580;139;0;386;386;0;0;12;374;163;106;25;53;9;;18;;;;;;;;8;378;145;87;43;58;5;0;15;2;0;21;2;0;0;
0115;57034001;STIMMBEZIRK;160;141;19;0;102;102;0;0;4;98;46;30;13;2;5;;2;;;;;;;;2;100;40;28;11;6;1;2;1;2;0;6;1;0;2;
0115;57035001;STIMMBEZIRK;598;547;51;0;357;357;0;0;10;347;131;140;28;18;11;;19;;;;;;;;9;348;124;118;37;19;3;9;13;1;1;19;0;2;2;
0115;57038001;STIMMBEZIRK;70;60;10;0;45;45;0;0;2;43;18;14;3;3;3;;2;;;;;;;;0;45;15;13;6;4;2;0;2;0;0;3;0;0;0;
0115;57048001;STIMMBEZIRK;899;801;98;0;418;417;1;0;13;405;147;160;37;26;17;;18;;;;;;;;6;412;132;140;34;32;10;11;18;4;1;27;2;1;0;
0115;57048002;STIMMBEZIRK;844;786;58;0;367;367;0;0;13;354;127;124;24;34;14;;31;;;;;;;;8;359;114;112;30;30;8;11;23;4;1;24;2;0;0;
0115;57048003;STIMMBEZIRK;847;767;80;0;389;389;0;0;10;379;143;159;21;26;10;;20;;;;;;;;3;386;132;134;47;31;0;7;16;3;1;11;1;2;1;
0115;57048004;STIMMBEZIRK;826;732;94;0;426;426;0;0;13;413;139;152;45;27;16;;34;;;;;;;;6;420;140;120;62;25;7;5;34;1;4;17;1;2;2;
0115;57048005;STIMMBEZIRK;939;810;129;0;514;514;0;0;13;501;216;168;54;34;9;;20;;;;;;;;6;508;196;151;55;45;3;8;19;1;3;21;2;4;0;
0115;57055001;STIMMBEZIRK;612;536;76;0;376;376;0;0;17;359;132;138;28;17;17;;27;;;;;;;;9;367;107;118;46;29;7;10;17;1;2;22;2;2;4;
0115;57055002;STIMMBEZIRK;609;553;56;0;352;352;0;0;8;344;160;111;28;22;13;;10;;;;;;;;6;346;143;102;36;29;6;0;12;3;1;11;1;2;0;
0115;57076001;STIMMBEZIRK;630;568;62;0;386;384;2;0;12;374;139;170;31;15;11;;8;;;;;;;;5;381;120;135;55;20;7;12;7;1;1;18;2;3;0;
0115;57082001;STIMMBEZIRK;325;289;36;0;232;232;0;0;4;228;97;87;21;13;4;;6;;;;;;;;0;232;88;71;29;22;0;10;4;0;2;4;0;1;1;
0115;57003001;STIMMBEZIRK;484;438;46;0;336;335;1;0;7;329;140;113;34;23;8;;11;;;;;;;;3;333;117;77;54;32;4;14;6;0;3;19;1;6;0;
0115;57006001;STIMMBEZIRK;180;165;15;0;125;125;0;0;2;123;50;45;14;9;2;;3;;;;;;;;0;125;42;39;14;10;0;3;4;2;2;7;0;1;1;
0115;57012001;STIMMBEZIRK;326;282;44;0;226;226;0;0;7;219;78;81;37;10;6;;7;;;;;;;;2;224;69;55;44;13;3;10;5;1;4;12;3;2;3;
0115;57018001;STIMMBEZIRK;117;104;13;0;89;89;0;0;2;87;32;28;11;7;3;;6;;;;;;;;1;88;31;14;17;5;2;2;7;0;2;7;0;1;0;
0115;57020001;STIMMBEZIRK;465;418;47;0;327;327;0;0;10;317;142;97;32;24;13;;9;;;;;;;;6;321;103;85;49;31;4;8;11;1;1;21;3;3;1;
0115;57028001;STIMMBEZIRK;325;294;31;0;221;221;0;0;3;218;102;75;15;15;1;;10;;;;;;;;3;218;83;58;29;25;0;2;6;2;4;9;0;0;0;
0115;57039001;STIMMBEZIRK;672;607;65;0;453;453;0;0;18;435;184;144;40;38;10;;19;;;;;;;;8;445;156;99;68;46;3;13;16;2;2;34;3;3;0;
0115;57040001;STIMMBEZIRK;361;330;31;0;216;215;1;0;2;214;63;97;18;23;7;;6;;;;;;;;2;214;55;69;33;22;1;9;8;0;4;11;0;2;0;
0115;57041001;STIMMBEZIRK;329;299;30;0;200;200;0;0;3;197;88;64;24;11;3;;7;;;;;;;;2;198;80;45;25;22;1;6;4;2;0;13;0;0;0;
0115;57043001;STIMMBEZIRK;1116;889;227;0;889;889;0;0;12;877;381;257;114;82;16;;27;;;;;;;;6;883;292;215;145;123;2;12;24;3;1;62;2;2;0;
0115;57043002;STIMMBEZIRK;1531;1257;274;0;867;866;1;0;32;835;301;296;102;92;20;;24;;;;;;;;11;856;256;224;145;115;4;23;32;1;0;49;0;7;0;
0115;57043003;STIMMBEZIRK;1235;1087;148;0;735;735;0;0;21;714;255;264;76;73;18;;28;;;;;;;;15;720;206;217;111;76;9;9;28;8;1;52;0;2;1;
0115;57049001;STIMMBEZIRK;293;251;42;0;198;198;0;0;6;192;63;86;20;11;9;;3;;;;;;;;3;195;57;67;34;11;1;3;4;2;3;13;0;0;0;
0115;57056001;STIMMBEZIRK;260;226;34;0;187;186;1;0;6;181;87;52;22;11;3;;6;;;;;;;;1;186;82;36;27;21;0;4;5;0;0;9;0;1;1;
0115;57060001;STIMMBEZIRK;376;331;45;0;239;239;0;0;7;232;89;86;26;18;9;;4;;;;;;;;2;237;74;68;49;24;4;4;5;0;1;8;0;0;0;
0115;57063001;STIMMBEZIRK;1697;1553;144;0;1106;1102;4;0;24;1082;490;355;96;64;31;;46;;;;;;;;13;1093;404;283;152;100;14;18;42;12;5;54;1;4;4;
0115;57073001;STIMMBEZIRK;1768;1516;252;0;909;909;0;0;24;885;333;366;79;63;13;;31;;;;;;;;13;896;302;273;122;73;5;25;31;5;2;49;1;5;3;
0115;57073002;STIMMBEZIRK;1818;1587;231;0;951;951;0;0;27;924;337;398;60;61;36;;32;;;;;;;;11;940;287;313;130;72;15;24;30;1;2;51;2;8;5;
0115;57073003;STIMMBEZIRK;1594;1275;319;0;786;786;0;0;21;765;340;261;79;51;23;;11;;;;;;;;3;783;293;184;131;89;12;7;14;1;5;42;1;4;0;
0115;57078001;STIMMBEZIRK;395;358;37;0;294;293;1;0;6;288;127;87;34;26;3;;11;;;;;;;;4;290;114;72;47;25;2;1;12;1;1;11;2;1;1;
0115;57079001;STIMMBEZIRK;671;569;102;0;451;450;1;0;7;444;220;120;44;40;8;;12;;;;;;;;0;451;189;100;58;50;4;9;13;2;0;23;2;0;1;
0115;57081001;STIMMBEZIRK;267;245;22;0;194;194;0;0;8;186;59;106;8;2;4;;7;;;;;;;;2;192;61;73;18;19;2;2;7;2;0;7;0;0;1;
0115;57087001;STIMMBEZIRK;863;734;129;0;540;540;0;0;8;532;191;230;42;51;11;;7;;;;;;;;4;536;159;188;65;55;4;6;10;2;2;43;0;2;0;
0115;57088001;STIMMBEZIRK;607;530;77;0;396;396;0;0;10;386;177;122;36;23;15;;13;;;;;;;;2;394;167;93;53;33;5;10;8;0;3;17;2;2;1;
0115;57025001;STIMMBEZIRK;1107;891;216;0;879;674;0;205;15;864;408;192;127;91;17;;29;;;;;;;;2;877;319;138;174;137;4;7;31;1;3;59;2;2;0;
0115;57025002;STIMMBEZIRK;1171;988;183;0;927;746;0;181;32;895;351;297;79;110;25;;33;;;;;;;;13;914;295;224;139;133;5;17;32;8;1;51;4;4;1;
0115;57025003;STIMMBEZIRK;1562;1240;322;0;1283;976;0;307;30;1253;520;326;162;181;24;;40;;;;;;;;12;1271;458;231;236;198;13;8;34;2;4;79;0;6;2;
0115;57025004;STIMMBEZIRK;1512;1270;242;0;1185;951;0;234;23;1162;415;364;151;167;26;;39;;;;;;;;10;1175;371;265;252;139;7;19;31;4;2;69;4;10;2;
0115;57025005;STIMMBEZIRK;1526;1327;199;0;1209;1020;0;189;23;1186;488;343;153;143;26;;33;;;;;;;;3;1206;425;236;244;151;8;22;31;2;9;69;3;4;2;
0115;57051001;STIMMBEZIRK;1313;1167;146;0;943;800;0;143;24;919;359;298;124;65;38;;35;;;;;;;;11;932;277;211;172;103;13;30;38;4;7;63;5;5;4;
0115;57051002;STIMMBEZIRK;1091;921;170;0;839;679;0;160;27;812;269;321;100;80;17;;25;;;;;;;;13;826;223;233;176;96;6;18;22;1;4;45;0;0;2;
0115;57051003;STIMMBEZIRK;925;752;173;0;768;598;0;170;24;744;301;218;112;91;11;;11;;;;;;;;11;757;283;166;134;97;4;14;10;1;4;32;6;2;4;
0115;57074001;STIMMBEZIRK;1073;951;122;0;777;663;0;114;17;760;296;275;74;62;25;;28;;;;;;;;6;771;231;211;127;85;14;19;21;7;8;39;4;4;1;
0115;57074002;STIMMBEZIRK;1212;1090;122;0;901;785;0;116;18;883;356;275;124;76;31;;21;;;;;;;;8;893;276;223;165;117;11;12;26;5;6;48;1;2;1;
0115;57074003;STIMMBEZIRK;1030;951;79;0;698;624;0;74;12;686;261;258;69;51;24;;23;;;;;;;;3;695;219;199;106;74;7;12;24;2;8;35;3;5;1;
0115;57074004;STIMMBEZIRK;1106;995;111;0;812;704;0;108;21;791;281;329;84;50;18;;29;;;;;;;;8;804;236;273;130;67;13;12;24;2;1;37;2;6;1;
0115;57074005;STIMMBEZIRK;624;587;37;0;386;353;0;33;9;377;116;159;41;32;10;;19;;;;;;;;3;383;90;140;54;33;3;7;19;2;2;25;3;4;1;
0115;57074006;STIMMBEZIRK;372;353;19;0;276;260;0;16;5;271;110;90;33;25;8;;5;;;;;;;;2;274;91;69;41;39;2;6;8;1;3;11;1;2;0;
0115;57016001;STIMMBEZIRK;937;835;102;0;618;618;0;0;16;602;261;200;59;52;21;;9;;;;;;;;5;613;237;157;88;45;6;15;11;6;3;38;1;4;2;
0115;57044001;STIMMBEZIRK;219;189;30;0;131;131;0;0;1;130;31;51;26;5;7;;10;;;;;;;;2;129;19;38;32;12;7;7;6;2;1;5;0;0;0;
0115;57050001;STIMMBEZIRK;799;732;67;0;482;482;0;0;21;461;201;148;43;35;10;;24;;;;;;;;6;476;162;117;68;50;5;10;13;4;2;41;1;3;0;
0115;57052001;STIMMBEZIRK;484;436;48;0;291;291;0;0;6;285;128;78;21;38;7;;13;;;;;;;;5;286;125;68;30;30;5;1;8;1;1;14;1;1;1;
0115;57072001;STIMMBEZIRK;455;406;49;0;265;264;1;0;5;260;93;104;24;21;6;;12;;;;;;;;2;263;87;84;36;15;1;5;14;2;1;14;0;3;1;
0115;57077001;STIMMBEZIRK;1093;995;98;0;654;653;1;0;21;633;226;246;54;64;13;;30;;;;;;;;10;644;204;190;89;62;6;14;23;3;4;42;1;6;0;
0115;57090001;STIMMBEZIRK;635;552;83;0;405;405;0;0;8;397;160;126;49;30;16;;16;;;;;;;;5;400;125;94;63;46;6;6;19;7;4;25;0;1;4;
0116;57005001;STIMMBEZIRK;299;254;45;0;186;186;0;0;2;184;92;52;17;11;1;;1;;;10;;;;;1;185;78;38;24;25;1;0;2;0;0;16;0;0;1;
0116;57024001;STIMMBEZIRK;445;407;38;0;306;305;1;0;4;302;140;71;29;22;4;;8;;;28;;;;;3;303;119;60;39;30;3;14;3;1;1;29;1;3;0;
0116;57068001;STIMMBEZIRK;645;576;69;0;460;459;1;0;12;448;281;80;25;23;9;;7;;;23;;;;;8;452;237;61;47;51;7;9;8;3;17;7;3;2;0;
0116;57069001;STIMMBEZIRK;789;727;62;0;495;495;0;0;6;489;226;130;50;32;8;;18;;;25;;;;;3;492;184;112;65;50;8;8;20;6;4;30;2;3;0;
0116;57071001;STIMMBEZIRK;724;657;67;0;477;477;0;0;9;468;255;106;39;29;5;;11;;;23;;;;;8;469;226;88;51;43;6;9;10;5;1;23;2;3;2;
0116;57080001;STIMMBEZIRK;1055;922;133;0;640;638;2;0;8;632;303;171;50;36;8;;25;;;39;;;;;5;635;251;146;82;60;6;19;19;1;3;45;2;1;0;
0116;57083001;STIMMBEZIRK;292;249;43;0;210;210;0;0;6;204;113;42;12;17;4;;5;;;11;;;;;5;205;95;32;21;30;0;1;8;1;0;14;2;1;0;
0116;57085001;STIMMBEZIRK;1257;1129;128;0;688;684;4;0;11;677;305;218;52;44;4;;19;;;35;;;;;7;681;246;188;82;78;5;19;17;4;5;35;1;1;0;
0116;57085002;STIMMBEZIRK;1174;1078;96;0;586;586;0;0;8;578;240;173;47;55;6;;12;;;45;;;;;4;582;204;160;64;64;5;10;13;4;0;46;5;4;3;
0116;57002001;STIMMBEZIRK;141;121;20;0;96;96;0;0;0;96;41;21;13;7;2;;6;;;6;;;;;0;96;41;8;16;11;1;2;7;1;0;8;0;1;0;
0116;57010001;STIMMBEZIRK;382;348;34;0;269;269;0;0;5;264;103;88;38;12;3;;10;;;10;;;;;3;266;94;69;43;15;1;7;15;2;3;14;0;1;2;
0116;57011001;STIMMBEZIRK;227;220;7;0;169;169;0;0;3;166;102;44;9;3;1;;2;;;5;;;;;3;166;82;33;21;17;2;1;1;3;0;5;0;1;0;
0116;57023001;STIMMBEZIRK;164;140;24;0;98;98;0;0;4;94;33;37;12;6;1;;1;;;4;;;;;1;97;30;25;20;7;0;3;4;1;1;4;0;1;1;
0116;57031001;STIMMBEZIRK;377;345;32;0;261;261;0;0;4;257;96;86;33;13;6;;8;;;15;;;;;1;260;81;50;55;24;4;9;9;1;4;21;1;1;0;
0116;57033001;STIMMBEZIRK;644;572;72;0;438;438;0;0;5;433;182;129;50;34;8;;11;;;19;;;;;3;435;150;90;79;49;9;11;16;6;2;21;1;1;0;
0116;57037001;STIMMBEZIRK;217;198;19;0;150;150;0;0;3;147;84;33;13;6;2;;4;;;5;;;;;1;149;78;18;22;13;0;5;3;2;0;7;0;0;1;
0116;57042001;STIMMBEZIRK;529;464;65;0;313;311;2;0;3;310;125;98;36;10;5;;13;;;23;;;;;2;311;102;79;45;24;4;10;14;4;0;27;0;2;0;
0116;57046001;STIMMBEZIRK;457;392;65;0;294;294;0;0;4;290;139;75;31;14;5;;14;;;12;;;;;3;291;111;60;48;27;3;7;13;3;2;14;0;3;0;
0116;57046002;STIMMBEZIRK;643;596;47;0;414;414;0;0;8;406;165;141;42;20;8;;8;;;22;;;;;2;412;141;126;58;30;9;5;10;2;3;24;0;2;2;
0116;57047001;STIMMBEZIRK;242;222;20;0;153;153;0;0;8;145;76;34;9;11;2;;4;;;9;;;;;5;148;67;31;16;15;1;0;4;2;0;11;0;1;0;
0116;57054001;STIMMBEZIRK;342;317;25;0;224;224;0;0;2;222;103;63;16;21;3;;4;;;12;;;;;2;222;86;60;26;22;1;3;6;1;1;14;0;0;2;
0116;57058001;STIMMBEZIRK;380;332;48;0;226;225;1;0;6;220;92;62;33;14;3;;3;;;13;;;;;2;224;85;47;40;20;0;5;4;2;0;19;2;0;0;
0116;57059001;STIMMBEZIRK;371;316;55;0;247;247;0;0;2;245;93;76;42;9;5;;10;;;10;;;;;2;245;81;53;53;14;1;1;16;3;4;14;0;4;1;
0116;57066001;STIMMBEZIRK;702;626;76;0;466;465;1;0;6;460;186;115;73;26;8;;18;;;34;;;;;2;464;148;103;86;45;7;9;18;4;4;34;1;3;2;
0116;57070001;STIMMBEZIRK;651;545;106;0;407;407;0;0;7;400;158;138;46;22;7;;8;;;21;;;;;4;403;137;95;72;38;6;14;11;4;2;21;0;3;0;
0116;57070002;STIMMBEZIRK;616;517;99;0;410;410;0;0;10;400;192;101;48;22;11;;11;;;15;;;;;6;404;139;86;73;51;6;12;10;7;2;17;0;0;1;
0116;57084001;STIMMBEZIRK;405;365;40;0;283;283;0;0;10;273;129;77;43;9;4;;5;;;6;;;;;6;277;89;64;61;32;4;8;4;5;2;6;0;1;1;
0116;57086001;STIMMBEZIRK;288;249;39;0;198;198;0;0;6;192;69;67;23;14;1;;9;;;9;;;;;4;194;61;51;36;16;1;5;9;3;0;8;1;1;2;
0116;57015001;STIMMBEZIRK;737;668;69;0;489;488;1;0;5;484;223;139;37;33;5;;24;;;23;;;;;4;485;186;126;58;54;5;5;19;3;1;26;1;0;1;
0116;57017001;STIMMBEZIRK;233;192;41;0;128;128;0;0;2;126;61;40;16;6;0;;0;;;3;;;;;2;126;45;26;30;18;1;3;0;1;0;2;0;0;0;
0116;57022001;STIMMBEZIRK;798;694;104;0;501;501;0;0;8;493;222;125;62;42;14;;9;;;19;;;;;5;496;176;108;74;68;9;11;12;5;6;25;0;2;0;
0116;57032001;STIMMBEZIRK;481;436;45;0;300;300;0;0;1;299;164;80;16;21;3;;6;;;9;;;;;1;299;142;68;26;28;3;7;6;4;0;14;1;0;0;
0116;57045001;STIMMBEZIRK;503;468;35;0;356;356;0;0;5;351;115;152;43;13;4;;13;;;11;;;;;2;354;104;122;58;22;8;6;17;2;2;10;0;3;0;
0116;57053001;STIMMBEZIRK;233;200;33;0;146;146;0;0;3;143;62;36;17;14;7;;4;;;3;;;;;2;144;47;27;27;27;5;0;4;0;1;4;0;2;0;
0116;57065001;STIMMBEZIRK;274;238;36;0;174;174;0;0;1;173;64;66;11;13;2;;6;;;11;;;;;0;174;52;57;15;19;2;0;10;3;1;12;1;2;0;
0116;57067001;STIMMBEZIRK;413;366;47;0;308;308;0;0;1;307;159;74;34;18;3;;8;;;11;;;;;1;307;132;62;51;35;3;4;2;3;1;12;0;1;1;
0116;57089001;STIMMBEZIRK;146;123;23;0;98;96;2;0;3;95;41;36;9;5;2;;2;;;0;;;;;2;96;30;30;21;6;2;3;2;1;0;1;0;0;0;
0116;55007001;STIMMBEZIRK;816;709;107;0;496;496;0;0;10;486;224;136;49;42;12;;12;;;11;;;;;7;489;174;98;88;83;9;5;14;3;1;13;0;1;0;
0116;55007002;STIMMBEZIRK;1096;995;101;0;621;621;0;0;11;610;251;211;39;33;14;;16;;;46;;;;;6;615;209;165;59;69;15;12;14;9;6;49;0;5;3;
0116;55007003;STIMMBEZIRK;554;488;66;0;286;285;1;0;6;280;130;76;26;16;7;;9;;;16;;;;;3;283;94;59;35;47;6;8;10;4;5;13;0;1;1;
0116;55007004;STIMMBEZIRK;374;331;43;0;220;220;0;0;5;215;100;59;14;15;7;;5;;;15;;;;;2;218;77;55;21;30;7;4;5;0;2;14;0;2;1;
0117;55006001;STIMMBEZIRK;427;394;33;0;261;261;0;0;3;258;102;96;23;10;6;;9;;2;10;;;;;3;258;82;82;42;21;4;1;5;3;2;12;0;3;1;
0117;55011001;STIMMBEZIRK;527;477;50;0;345;345;0;0;5;340;117;133;27;18;3;;15;;6;21;;;;;4;341;100;121;37;29;6;11;15;2;2;17;0;0;1;
0117;55020001;STIMMBEZIRK;548;503;45;0;325;325;0;0;1;324;135;100;25;19;7;;10;;9;19;;;;;2;323;115;92;25;31;7;9;12;5;7;18;0;1;1;
0117;55023001;STIMMBEZIRK;359;348;11;0;229;229;0;0;1;228;113;77;16;4;2;;5;;1;10;;;;;1;228;103;68;24;12;2;0;5;3;1;10;0;0;0;
0117;55027001;STIMMBEZIRK;221;202;19;0;132;132;0;0;1;131;53;50;5;7;0;;1;;2;13;;;;;0;132;46;53;3;10;0;1;0;0;2;15;0;1;1;
0117;55027002;STIMMBEZIRK;586;517;69;0;306;306;0;0;7;299;117;126;22;17;3;;6;;2;6;;;;;1;305;102;116;36;28;1;5;7;0;3;6;0;1;0;
0117;55027003;STIMMBEZIRK;775;710;65;0;344;344;0;0;4;340;125;116;29;27;4;;19;;3;17;;;;;5;339;115;94;43;38;2;5;22;2;0;17;0;0;1;
0117;55027004;STIMMBEZIRK;947;869;78;0;427;427;0;0;4;423;166;160;35;17;9;;16;;5;15;;;;;2;425;137;137;58;34;6;10;13;4;3;16;0;4;3;
0117;55027005;STIMMBEZIRK;516;472;44;0;288;288;0;0;7;281;106;104;13;16;4;;17;;2;19;;;;;3;285;96;94;25;23;2;4;21;1;0;18;0;1;0;
0117;55027006;STIMMBEZIRK;1025;927;98;0;573;573;0;0;19;554;234;188;33;42;5;;21;;4;27;;;;;10;563;203;166;43;74;1;10;23;6;5;25;1;4;2;
0117;55029001;STIMMBEZIRK;311;296;15;0;200;200;0;0;2;198;81;68;15;10;8;;8;;3;5;;;;;1;199;79;56;24;15;4;4;9;1;0;7;0;0;0;
0117;55036001;STIMMBEZIRK;528;474;54;0;307;307;0;0;6;301;137;97;16;14;11;;5;;8;13;;;;;3;304;118;81;21;39;16;2;4;3;3;13;0;1;3;
0117;55036002;STIMMBEZIRK;296;268;28;0;189;189;0;0;2;187;68;65;17;10;2;;9;;9;7;;;;;2;187;67;48;21;12;3;9;11;2;5;7;0;2;0;
0117;55014001;STIMMBEZIRK;929;803;126;0;507;507;0;0;8;499;169;197;52;28;7;;15;;8;23;;;;;11;496;130;173;64;52;6;8;24;8;5;21;1;2;2;
0117;55015001;STIMMBEZIRK;529;494;35;0;312;312;0;0;6;306;169;86;7;9;4;;9;;3;19;;;;;3;309;145;80;12;22;5;6;10;5;0;21;1;1;1;
0117;55015002;STIMMBEZIRK;300;272;28;0;189;189;0;0;6;183;86;59;12;8;0;;2;;2;14;;;;;2;187;79;47;24;14;0;5;1;2;0;15;0;0;0;
0117;55015003;STIMMBEZIRK;379;338;41;0;222;222;0;0;4;218;122;64;8;8;0;;5;;1;10;;;;;2;220;103;56;13;20;3;4;5;4;0;11;1;0;0;
0117;55017001;STIMMBEZIRK;1924;1659;265;0;990;990;0;0;18;972;485;251;73;59;11;;33;;9;51;;;;;16;974;358;278;103;100;12;8;42;7;5;57;0;1;3;
0117;55022001;STIMMBEZIRK;524;463;61;0;289;289;0;0;12;277;95;137;16;7;5;;4;;3;10;;;;;7;282;81;118;40;21;2;2;5;2;1;10;0;0;0;
0117;55022002;STIMMBEZIRK;424;381;43;0;258;258;0;0;2;256;122;82;21;4;2;;4;;3;18;;;;;2;256;111;67;35;12;0;6;5;1;0;19;0;0;0;
0117;55031001;STIMMBEZIRK;1014;884;130;0;515;515;0;0;4;511;208;162;53;22;9;;14;;6;37;;;;;2;513;197;158;52;33;10;7;11;2;2;37;2;1;1;
0117;55043001;STIMMBEZIRK;254;221;33;0;145;145;0;0;4;141;50;60;10;4;3;;1;;3;10;;;;;4;141;44;49;21;7;4;2;2;2;1;9;0;0;0;
0117;55043002;STIMMBEZIRK;215;181;34;0;112;112;0;0;1;111;47;31;12;8;3;;1;;0;9;;;;;1;111;40;24;18;12;3;2;1;1;0;10;0;0;0;
0117;55043003;STIMMBEZIRK;896;792;104;0;503;503;0;0;10;493;194;175;36;21;7;;20;;5;35;;;;;5;498;160;162;54;39;6;4;21;6;3;38;1;4;0;
0117;55043004;STIMMBEZIRK;419;363;56;0;246;246;0;0;6;240;99;80;17;18;3;;4;;2;17;;;;;2;244;83;75;20;29;3;5;5;3;2;19;0;0;0;
0117;55002001;STIMMBEZIRK;574;506;68;0;301;301;0;0;6;295;139;101;19;12;4;;6;;2;12;;;;;4;297;123;93;20;27;4;6;7;4;1;10;0;2;0;
0117;55002002;STIMMBEZIRK;351;322;29;0;212;212;0;0;1;211;105;71;15;8;2;;6;;0;4;;;;;4;208;92;62;21;18;0;4;4;2;0;4;0;0;1;
0117;55024001;STIMMBEZIRK;616;570;46;0;391;391;0;0;9;382;145;129;41;29;4;;9;;0;25;;;;;3;388;119;116;47;48;8;3;13;3;2;28;0;1;0;
0117;55024002;STIMMBEZIRK;300;264;36;0;196;196;0;0;1;195;81;58;23;10;0;;11;;0;12;;;;;0;196;68;46;34;20;1;3;11;1;2;10;0;0;0;
0117;55024003;STIMMBEZIRK;256;228;28;0;163;163;0;0;1;162;73;75;4;6;0;;0;;2;2;;;;;0;163;70;58;16;12;1;0;2;0;0;4;0;0;0;
0117;55037001;STIMMBEZIRK;668;600;68;0;303;303;0;0;4;299;109;114;30;6;9;;8;;2;21;;;;;3;300;87;102;44;22;9;2;6;4;2;22;0;0;0;
0117;55037002;STIMMBEZIRK;690;608;82;0;380;380;0;0;11;369;161;115;22;28;11;;9;;6;17;;;;;4;376;140;99;43;49;4;7;10;2;2;15;1;4;0;
0117;55037003;STIMMBEZIRK;441;379;62;0;233;233;0;0;5;228;102;72;10;16;4;;3;;4;17;;;;;3;230;80;57;30;28;4;7;4;2;1;16;0;0;1;
0117;55038001;STIMMBEZIRK;1555;1371;184;0;775;775;0;0;14;761;355;241;34;52;14;;22;;8;35;;;;;12;763;308;208;64;83;8;14;24;8;4;42;0;0;0;
0117;55038002;STIMMBEZIRK;567;509;58;0;292;292;0;0;7;285;140;83;15;14;10;;10;;1;12;;;;;3;289;113;66;23;43;6;5;14;4;1;11;0;1;2;
0117;55039001;STIMMBEZIRK;1075;847;228;0;504;504;0;0;7;497;219;154;42;38;3;;10;;6;25;;;;;4;500;181;147;50;75;2;4;13;3;3;21;0;0;1;
0117;55039002;STIMMBEZIRK;329;292;37;0;203;203;0;0;5;198;85;66;14;8;5;;11;;6;3;;;;;1;202;71;57;26;20;3;9;7;1;1;5;1;0;1;
0117;55010001;STIMMBEZIRK;1098;929;169;0;564;562;2;0;8;556;264;156;24;39;7;;10;;17;39;;;;;3;561;212;151;37;79;6;9;12;3;5;44;0;1;2;
0117;55016001;STIMMBEZIRK;1312;1148;164;0;576;576;0;0;22;554;282;130;25;45;5;;13;;9;45;;;;;13;563;228;123;37;98;1;6;13;3;5;47;0;2;0;
0117;55016002;STIMMBEZIRK;1284;1139;145;0;604;604;0;0;11;593;274;173;24;54;10;;13;;12;33;;;;;11;593;232;159;46;92;5;5;14;0;7;32;0;0;1;
0117;55016003;STIMMBEZIRK;1216;993;223;0;534;534;0;0;8;526;273;138;18;45;6;;3;;9;34;;;;;4;530;246;123;27;77;2;2;5;0;5;40;1;0;2;
0117;55016004;STIMMBEZIRK;491;452;39;0;283;283;0;0;6;277;119;91;15;22;1;;4;;7;18;;;;;2;281;109;86;22;33;1;2;2;2;4;19;0;1;0;
0117;55016005;STIMMBEZIRK;718;655;63;0;356;355;1;0;5;351;174;111;14;20;2;;11;;4;15;;;;;5;351;138;93;32;47;3;5;10;3;4;14;1;0;1;
0117;55016006;STIMMBEZIRK;464;404;60;0;203;203;0;0;2;201;91;68;7;11;3;;6;;3;12;;;;;0;203;82;65;9;22;1;3;4;2;3;11;0;1;0;
0117;55016007;STIMMBEZIRK;386;339;47;0;184;184;0;0;2;182;76;59;11;15;0;;6;;1;14;;;;;1;183;69;60;15;17;1;2;3;1;2;12;0;1;0;
0117;55018001;STIMMBEZIRK;855;769;86;0;507;507;0;0;14;493;244;111;32;20;5;;12;;39;30;;;;;12;495;221;112;49;41;5;4;17;2;9;33;0;1;1;
0117;55025001;STIMMBEZIRK;928;738;190;0;485;483;2;0;6;479;199;156;33;42;2;;10;;11;26;;;;;5;480;169;147;38;64;3;3;13;2;13;27;0;1;0;
0119;61004001;STIMMBEZIRK;203;190;13;0;159;159;0;0;4;155;86;40;16;10;;;3;;;;0;;;;2;157;76;33;21;15;1;3;4;1;0;2;0;0;1;
0119;61012001;STIMMBEZIRK;567;497;70;0;339;338;1;0;9;330;187;74;28;27;;;8;;;;6;;;;8;331;150;65;43;40;5;5;6;0;0;14;1;1;1;
0119;61015001;STIMMBEZIRK;607;539;68;0;358;358;0;0;5;353;161;114;30;30;;;12;;;;6;;;;2;356;113;96;47;33;9;6;9;2;5;35;1;0;0;
0119;61027001;STIMMBEZIRK;760;689;71;0;408;408;0;0;10;398;184;117;42;40;;;13;;;;2;;;;6;402;147;102;64;46;3;7;6;0;5;18;0;2;2;
0119;61037001;STIMMBEZIRK;910;834;76;0;578;578;0;0;7;571;204;219;58;54;;;28;;;;8;;;;4;574;168;165;75;66;20;15;21;6;6;30;0;2;0;
0119;61041001;STIMMBEZIRK;760;695;65;0;428;428;0;0;11;417;202;115;46;34;;;12;;;;8;;;;6;422;174;91;44;50;6;17;8;1;3;26;1;0;1;
0119;61044001;STIMMBEZIRK;1544;1351;193;0;830;826;4;0;19;811;339;282;87;59;;;33;;;;11;;;;5;825;265;234;101;92;4;25;26;5;10;54;1;3;5;
0119;61044002;STIMMBEZIRK;1272;1079;193;0;712;712;0;0;17;695;268;256;80;56;;;27;;;;8;;;;6;706;216;215;95;83;5;13;22;6;6;34;4;4;3;
0119;61044003;STIMMBEZIRK;550;501;49;0;313;313;0;0;1;312;102;135;42;19;;;11;;;;3;;;;1;312;81;103;59;19;3;9;9;3;1;20;0;1;4;
0119;61044004;STIMMBEZIRK;1015;906;109;0;600;600;0;0;12;588;235;183;95;36;;;36;;;;3;;;;4;596;174;154;86;59;10;18;34;9;3;37;2;7;3;
0119;61050001;STIMMBEZIRK;942;838;104;0;597;589;8;0;23;574;210;245;50;42;;;20;;;;7;;;;11;586;188;207;64;44;5;9;17;3;4;30;2;8;5;
0119;61050002;STIMMBEZIRK;877;807;70;0;558;557;1;0;6;552;230;210;40;44;;;25;;;;3;;;;3;555;194;174;46;70;5;5;19;2;5;30;0;5;0;
0119;61054001;STIMMBEZIRK;191;171;20;0;122;122;0;0;0;122;66;28;15;8;;;3;;;;2;;;;0;122;57;28;15;9;1;0;1;2;3;6;0;0;0;
0119;61074001;STIMMBEZIRK;738;668;70;0;473;470;3;0;14;459;200;149;41;34;;;31;;;;4;;;;7;466;156;128;50;68;6;9;20;1;3;19;1;4;1;
0119;61101001;STIMMBEZIRK;410;357;53;0;237;236;1;0;8;229;99;68;37;16;;;5;;;;4;;;;4;233;80;61;37;22;0;11;3;5;1;12;0;1;0;
0119;61101002;STIMMBEZIRK;256;220;36;0;177;177;0;0;6;171;60;54;39;7;;;9;;;;2;;;;4;173;47;45;45;15;2;1;10;2;2;4;0;0;0;
0119;61118001;STIMMBEZIRK;1381;1213;168;0;862;860;2;0;16;846;360;279;111;70;;;19;;;;7;;;;4;858;289;242;126;85;9;24;18;5;10;47;0;1;2;
0119;61008001;STIMMBEZIRK;80;79;1;0;60;60;0;0;0;60;32;13;6;7;;;2;;;;0;;;;1;59;22;12;5;14;2;0;1;0;0;2;0;1;0;
0119;61010001;STIMMBEZIRK;143;125;18;0;99;99;0;0;1;98;46;32;13;6;;;1;;;;0;;;;3;96;36;26;12;9;4;0;2;2;1;4;0;0;0;
0119;61024001;STIMMBEZIRK;204;176;28;0;140;140;0;0;3;137;58;42;15;15;;;7;;;;0;;;;2;138;50;33;22;20;0;2;7;0;0;4;0;0;0;
0119;61034001;STIMMBEZIRK;1312;1173;139;0;774;774;0;0;27;747;341;225;76;70;;;24;;;;11;;;;13;761;295;195;103;77;6;10;15;4;1;47;2;5;1;
0119;61035001;STIMMBEZIRK;629;560;69;0;419;419;0;0;9;410;174;146;41;30;;;14;;;;5;;;;7;412;135;125;52;49;10;4;14;3;4;12;0;2;2;
0119;61039001;STIMMBEZIRK;177;165;12;0;111;111;0;0;3;108;63;25;13;5;;;2;;;;0;;;;2;109;52;21;9;18;2;0;0;0;3;3;0;1;0;
0119;61040001;STIMMBEZIRK;1646;1501;145;0;1036;1036;0;0;19;1017;488;324;89;75;;;33;;;;8;;;;9;1027;411;265;114;103;11;18;24;7;9;53;2;7;3;
0119;61045001;STIMMBEZIRK;232;215;17;0;176;176;0;0;4;172;90;52;14;14;;;2;;;;0;;;;2;174;79;43;22;13;2;5;0;2;0;6;0;0;2;
0119;61047001;STIMMBEZIRK;324;286;38;0;210;210;0;0;3;207;116;49;25;12;;;5;;;;0;;;;2;208;90;38;33;33;2;7;2;0;0;3;0;0;0;
0119;61052001;STIMMBEZIRK;493;451;42;0;307;307;0;0;10;297;138;104;21;24;;;5;;;;5;;;;2;305;116;85;29;41;4;3;6;1;3;15;1;0;1;
0119;61059001;STIMMBEZIRK;71;63;8;0;53;53;0;0;2;51;24;22;3;0;;;2;;;;0;;;;2;51;21;9;5;3;2;3;3;1;0;3;1;0;0;
0119;61065001;STIMMBEZIRK;578;512;66;0;310;309;1;0;5;305;148;102;36;11;;;5;;;;3;;;;3;307;113;83;46;28;2;8;3;3;5;12;0;2;2;
0119;61067001;STIMMBEZIRK;357;330;27;0;225;224;1;0;7;218;102;68;19;17;;;12;;;;0;;;;5;220;85;46;24;35;3;2;10;0;0;11;0;3;1;
0119;61070001;STIMMBEZIRK;67;61;6;0;31;31;0;0;0;31;15;7;1;5;;;3;;;;0;;;;0;31;14;6;1;5;1;0;1;0;0;3;0;0;0;
0119;61082001;STIMMBEZIRK;930;806;124;0;594;593;1;0;14;580;260;182;82;38;;;11;;;;7;;;;5;589;200;144;99;72;9;8;21;2;4;20;4;3;3;
0119;61083001;STIMMBEZIRK;596;551;45;0;402;402;0;0;11;391;204;103;30;35;;;14;;;;5;;;;6;396;178;82;35;53;5;4;15;3;4;14;1;1;1;
0119;61084001;STIMMBEZIRK;228;213;15;0;163;163;0;0;4;159;99;40;9;8;;;2;;;;1;;;;2;161;82;27;13;18;2;4;5;1;0;5;0;1;3;
0119;61098001;STIMMBEZIRK;199;179;20;0;126;126;0;0;6;120;65;31;9;13;;;1;;;;1;;;;2;124;55;22;13;21;0;4;0;0;0;8;0;1;0;
0119;61100001;STIMMBEZIRK;129;126;3;0;95;95;0;0;1;94;50;24;8;12;;;0;;;;0;;;;0;95;42;19;9;17;5;2;0;0;0;1;0;0;0;
0119;61114001;STIMMBEZIRK;273;254;19;0;183;183;0;0;6;177;88;55;15;8;;;10;;;;1;;;;1;182;72;41;16;11;9;8;8;0;0;16;0;1;0;
0119;61001001;STIMMBEZIRK;114;113;1;0;81;80;0;1;3;78;35;17;15;10;;;0;;;;1;;;;0;81;34;15;15;12;0;2;0;0;0;2;0;1;0;
0119;61003001;STIMMBEZIRK;175;159;16;0;120;105;0;15;3;117;64;23;8;9;;;11;;;;2;;;;2;118;59;15;9;12;5;1;7;1;0;7;0;2;0;
0119;61011001;STIMMBEZIRK;200;188;12;0;136;124;0;12;0;136;73;34;15;7;;;6;;;;1;;;;0;136;66;31;15;10;5;2;3;0;0;3;1;0;0;
0119;61013001;STIMMBEZIRK;132;111;21;0;111;91;0;20;8;103;55;20;12;12;;;4;;;;0;;;;2;109;47;29;9;13;4;1;2;0;0;4;0;0;0;
0119;61014001;STIMMBEZIRK;131;114;17;0;103;86;0;17;2;101;48;25;13;11;;;4;;;;0;;;;1;102;40;18;12;14;1;4;4;1;2;4;0;0;2;
0119;61021001;STIMMBEZIRK;41;41;0;0;35;35;0;0;0;35;31;2;1;1;;;0;;;;0;;;;0;35;24;2;2;6;0;0;0;0;0;1;0;0;0;
0119;61031001;STIMMBEZIRK;367;355;12;0;224;213;0;11;11;213;90;61;25;19;;;16;;;;2;;;;2;222;71;54;26;20;5;4;11;3;0;24;0;2;2;
0119;61033001;STIMMBEZIRK;107;105;2;0;80;78;0;2;2;78;34;22;12;7;;;1;;;;2;;;;0;80;28;25;7;7;2;1;2;3;1;3;0;0;1;
0119;61043001;STIMMBEZIRK;353;335;18;0;230;213;0;17;2;228;158;36;11;10;;;12;;;;1;;;;2;228;132;34;14;23;6;5;7;1;1;5;0;0;0;
0119;61048001;STIMMBEZIRK;65;50;15;0;48;34;0;14;5;43;19;9;5;9;;;1;;;;0;;;;1;47;18;8;6;5;0;2;1;0;0;6;0;1;0;
0119;61066001;STIMMBEZIRK;323;293;30;0;250;222;0;28;6;244;155;52;10;23;;;3;;;;1;;;;6;244;129;41;18;34;4;1;3;0;0;9;1;2;2;
0119;61076001;STIMMBEZIRK;104;93;11;0;78;68;0;10;2;76;32;26;8;8;;;2;;;;0;;;;1;77;33;18;13;8;0;1;1;1;0;1;0;1;0;
0119;61078001;STIMMBEZIRK;230;200;30;0;180;151;0;29;2;178;63;59;21;23;;;11;;;;1;;;;2;178;64;48;21;20;1;5;7;1;1;9;0;0;1;
0119;61081001;STIMMBEZIRK;103;100;3;0;83;81;0;2;7;76;36;15;11;8;;;6;;;;0;;;;1;82;38;11;10;7;3;0;4;0;0;8;0;0;1;
0119;61085001;STIMMBEZIRK;210;199;11;0;130;120;0;10;5;125;70;29;4;17;;;2;;;;3;;;;1;129;63;25;4;24;1;0;2;2;1;4;0;2;1;
0119;61087001;STIMMBEZIRK;481;433;48;0;329;284;0;45;5;324;178;85;23;24;;;13;;;;1;;;;3;326;144;67;26;34;4;7;11;5;1;23;0;3;1;
0119;61091001;STIMMBEZIRK;622;556;66;0;450;387;0;63;15;435;268;90;22;38;;;9;;;;8;;;;4;446;235;83;15;60;4;9;4;5;5;21;2;1;2;
0119;61097001;STIMMBEZIRK;2134;1911;223;0;1370;1159;0;211;31;1339;668;381;121;114;;;45;;;;10;;;;18;1352;572;336;151;156;17;20;27;3;13;49;2;6;0;
0119;61105001;STIMMBEZIRK;1019;907;112;0;650;542;0;108;16;634;335;150;68;50;;;21;;;;10;;;;9;641;276;150;49;81;6;17;15;3;5;30;0;3;6;
0119;61106001;STIMMBEZIRK;118;104;14;0;87;73;0;14;2;85;50;20;9;3;;;2;;;;1;;;;1;86;38;20;8;6;0;1;6;0;0;5;1;1;0;
0119;61107001;STIMMBEZIRK;1526;1425;101;0;1000;907;0;93;17;983;516;252;82;87;;;34;;;;12;;;;4;996;422;218;99;114;17;17;22;8;2;69;0;3;5;
0119;61108001;STIMMBEZIRK;246;232;14;0;177;164;0;13;5;172;90;39;15;21;;;4;;;;3;;;;1;176;77;29;16;26;3;3;4;2;2;12;0;2;0;
0119;61002001;STIMMBEZIRK;49;46;3;0;31;31;0;0;0;31;16;3;8;1;;;3;;;;0;;;;0;31;16;5;5;1;1;0;2;0;1;0;0;0;0;
0119;61007001;STIMMBEZIRK;729;661;68;0;470;470;0;0;9;461;243;129;39;38;;;9;;;;3;;;;6;464;210;109;35;55;3;13;6;2;2;24;1;2;2;
0119;61018001;STIMMBEZIRK;825;749;76;0;527;527;0;0;15;512;308;125;20;46;;;10;;;;3;;;;4;523;248;101;36;61;7;6;9;4;7;36;0;5;3;
0119;61020001;STIMMBEZIRK;31;29;2;0;22;22;0;0;3;19;6;5;0;4;;;2;;;;2;;;;0;22;4;5;0;6;0;0;0;0;0;7;0;0;0;
0119;61023001;STIMMBEZIRK;262;248;14;0;171;171;0;0;1;170;89;41;29;5;;;6;;;;0;;;;1;170;71;33;37;11;5;1;4;0;2;6;0;0;0;
0119;61025001;STIMMBEZIRK;273;248;25;0;173;173;0;0;4;169;63;40;45;14;;;6;;;;1;;;;3;170;56;34;31;26;0;1;6;2;1;10;2;1;0;
0119;61060001;STIMMBEZIRK;112;109;3;0;82;82;0;0;4;78;40;22;6;7;;;2;;;;1;;;;1;81;26;20;5;15;3;2;0;4;0;6;0;0;0;
0119;61062001;STIMMBEZIRK;107;89;18;0;69;69;0;0;1;68;37;15;8;6;;;2;;;;0;;;;1;68;29;16;7;14;0;0;1;0;0;0;0;1;0;
0119;61063001;STIMMBEZIRK;203;199;4;0;129;129;0;0;3;126;53;22;23;17;;;10;;;;1;;;;1;128;44;19;24;19;1;2;6;1;1;7;0;3;1;
0119;61077001;STIMMBEZIRK;687;602;85;0;435;435;0;0;9;426;183;136;60;28;;;16;;;;3;;;;3;432;155;121;55;48;4;5;13;6;2;22;0;1;0;
0119;61095001;STIMMBEZIRK;719;675;44;0;443;443;0;0;18;425;200;120;34;49;;;12;;;;10;;;;8;435;167;105;32;72;3;6;9;9;0;29;0;2;1;
0119;61102001;STIMMBEZIRK;108;97;11;0;72;72;0;0;1;71;43;16;5;6;;;1;;;;0;;;;0;72;42;9;9;6;1;2;0;0;1;1;0;0;1;
0119;61110001;STIMMBEZIRK;1203;1068;135;0;696;696;0;0;11;685;290;218;88;56;;;25;;;;8;;;;6;690;257;191;91;72;5;9;12;3;2;39;4;3;2;
0119;61119001;STIMMBEZIRK;419;366;53;0;231;231;0;0;6;225;111;64;27;18;;;4;;;;1;;;;3;228;100;54;25;17;2;8;2;2;1;14;0;2;1;
0119;58013001;STIMMBEZIRK;241;227;14;0;155;155;0;0;8;147;86;39;11;6;;;3;;;;2;;;;2;153;69;32;17;17;1;1;2;0;1;8;0;3;2;
0119;58014001;STIMMBEZIRK;374;310;64;0;209;209;0;0;2;207;110;54;16;17;;;6;;;;4;;;;1;208;92;37;20;29;3;7;6;0;1;8;2;2;1;
0119;58015001;STIMMBEZIRK;576;522;54;0;375;375;0;0;17;358;187;87;31;36;;;13;;;;4;;;;2;373;163;76;36;44;3;9;10;4;1;23;0;4;0;
0119;58025001;STIMMBEZIRK;151;133;18;0;96;96;0;0;0;96;65;12;8;8;;;3;;;;0;;;;0;96;54;12;3;13;6;1;3;0;0;3;0;0;1;
0119;58061001;STIMMBEZIRK;458;415;43;0;277;277;0;0;9;268;132;63;27;30;;;13;;;;3;;;;2;275;102;53;29;43;4;14;11;1;2;13;0;2;1;
0119;58062001;STIMMBEZIRK;203;181;22;0;134;134;0;0;3;131;53;44;18;7;;;7;;;;2;;;;0;134;46;34;17;15;2;4;7;1;0;6;0;1;1;
0119;58072001;STIMMBEZIRK;773;720;53;0;437;436;1;0;14;423;188;145;27;45;;;12;;;;6;;;;5;432;155;120;37;47;5;8;7;4;8;34;2;4;1;
0119;58072002;STIMMBEZIRK;857;773;84;0;446;446;0;0;15;431;183;156;33;27;;;25;;;;7;;;;5;441;180;128;33;28;10;8;13;1;0;35;0;4;1;
0119;58072003;STIMMBEZIRK;794;691;103;0;392;392;0;0;17;375;156;130;33;31;;;17;;;;8;;;;5;387;128;108;42;38;9;10;12;4;1;33;1;0;1;
0119;58074001;STIMMBEZIRK;124;108;16;0;78;78;0;0;3;75;48;14;8;2;;;2;;;;1;;;;1;77;46;10;9;6;0;2;1;0;1;1;0;1;0;
0119;58077001;STIMMBEZIRK;1489;1303;186;0;826;826;0;0;19;807;366;264;75;61;;;25;;;;16;;;;7;819;277;220;92;113;8;27;20;10;5;43;4;0;0;
0119;58077002;STIMMBEZIRK;1416;1274;142;0;668;668;0;0;22;646;288;214;62;52;;;23;;;;7;;;;7;661;225;174;72;93;17;13;18;3;0;37;1;7;1;
0119;58077003;STIMMBEZIRK;1379;1185;194;0;730;730;0;0;18;712;331;240;57;54;;;22;;;;8;;;;8;722;256;200;73;99;11;17;19;3;4;23;2;8;7;
0119;58085001;STIMMBEZIRK;174;161;13;0;119;119;0;0;4;115;49;44;9;9;;;2;;;;2;;;;1;118;50;25;15;8;4;6;4;1;0;4;0;1;0;
0119;58100001;STIMMBEZIRK;471;448;23;0;299;299;0;0;7;292;143;88;30;14;;;15;;;;2;;;;5;294;123;73;38;27;3;13;8;1;0;4;0;4;0;
0119;58103001;STIMMBEZIRK;312;272;40;0;202;202;0;0;11;191;85;60;19;16;;;9;;;;2;;;;3;199;66;48;20;27;3;3;7;1;2;21;0;0;1;
0119;58106001;STIMMBEZIRK;152;133;19;0;133;133;0;0;3;130;74;20;18;11;;;5;;;;2;;;;1;132;71;15;19;12;4;1;3;1;2;2;1;0;1;
0119;58113001;STIMMBEZIRK;502;466;36;0;280;280;0;0;4;276;144;64;41;19;;;5;;;;3;;;;1;279;116;64;34;25;10;6;6;3;1;13;1;0;0;
0119;58115001;STIMMBEZIRK;504;466;38;0;345;345;0;0;8;337;173;86;37;28;;;13;;;;0;;;;4;341;151;69;38;35;6;16;9;0;3;11;1;2;0;
0119;58119001;STIMMBEZIRK;289;271;18;0;203;203;0;0;5;198;89;61;23;15;;;7;;;;3;;;;3;200;77;53;25;17;3;6;7;2;0;10;0;0;0;
0119;58125001;STIMMBEZIRK;548;501;47;0;316;316;0;0;11;305;161;86;15;29;;;10;;;;4;;;;1;315;113;62;21;54;2;17;7;1;1;33;0;4;0;
0119;58131001;STIMMBEZIRK;65;59;6;0;47;47;0;0;0;47;21;11;11;3;;;1;;;;0;;;;0;47;17;8;7;4;0;0;2;2;1;4;0;2;0;
0119;58134001;STIMMBEZIRK;339;308;31;0;221;221;0;0;4;217;135;51;9;15;;;0;;;;7;;;;4;217;103;36;20;31;2;7;0;3;1;11;2;0;1;
0119;58151001;STIMMBEZIRK;302;277;25;0;181;180;1;0;5;176;81;59;12;11;;;9;;;;4;;;;1;180;73;46;17;10;1;6;5;0;0;20;2;0;0;
0119;58156001;STIMMBEZIRK;298;277;21;0;210;210;0;0;6;204;125;45;15;12;;;7;;;;0;;;;7;203;96;39;18;21;1;8;6;1;1;10;0;1;1;
0119;58159001;STIMMBEZIRK;265;217;48;0;173;173;0;0;6;167;110;40;4;10;;;2;;;;1;;;;2;171;94;29;18;13;2;2;2;1;0;7;2;0;1;
0119;58161001;STIMMBEZIRK;217;209;8;0;147;147;0;0;5;142;85;29;13;8;;;6;;;;1;;;;5;142;67;22;14;16;1;3;6;1;2;10;0;0;0;
0119;58164001;STIMMBEZIRK;861;804;57;0;551;549;2;0;9;542;272;164;42;38;;;22;;;;4;;;;2;549;222;134;53;63;7;14;15;2;4;30;0;2;3;
0119;58167001;STIMMBEZIRK;243;225;18;0;152;152;0;0;1;151;81;37;13;15;;;4;;;;1;;;;1;151;76;27;14;14;2;3;2;1;4;6;0;2;0;
0120;61005001;STIMMBEZIRK;115;102;13;0;74;74;0;0;2;72;47;17;4;4;0;;0;;0;;0;;;;0;74;35;11;8;11;0;1;0;0;0;7;0;0;1;
0120;61016001;STIMMBEZIRK;289;241;48;0;178;163;15;0;8;170;88;60;11;4;1;;3;;3;;0;;;;4;174;68;43;26;13;1;9;2;1;2;8;0;1;0;
0120;61017001;STIMMBEZIRK;948;847;101;0;564;564;0;0;11;553;214;223;39;35;7;;20;;7;;8;;;;7;557;184;179;56;51;5;16;22;4;1;30;1;1;7;
0120;61053001;STIMMBEZIRK;32;29;3;0;26;26;0;0;0;26;21;1;0;2;0;;1;;1;;0;;;;0;26;16;1;2;4;0;1;1;0;1;0;0;0;0;
0120;61058001;STIMMBEZIRK;146;143;3;0;97;97;0;0;1;96;61;12;3;9;5;;5;;0;;1;;;;0;97;52;8;7;15;5;0;5;1;0;3;0;1;0;
0120;61061001;STIMMBEZIRK;643;601;42;0;303;303;0;0;7;296;84;136;26;9;12;;12;;14;;3;;;;4;299;69;115;24;20;7;8;10;2;5;31;0;2;6;
0120;61061002;STIMMBEZIRK;711;655;56;0;352;352;0;0;16;336;108;157;23;21;5;;19;;1;;2;;;;11;341;85;150;24;25;0;4;20;3;1;23;0;3;3;
0120;61061003;STIMMBEZIRK;708;665;43;0;289;288;1;0;9;280;86;121;13;28;9;;16;;6;;1;;;;5;284;75;93;30;30;2;1;14;4;5;24;0;3;3;
0120;61068001;STIMMBEZIRK;94;89;5;0;76;76;0;0;1;75;43;19;7;3;1;;2;;0;;0;;;;0;76;34;19;7;10;0;0;1;2;0;3;0;0;0;
0120;61072001;STIMMBEZIRK;1596;1361;235;0;979;979;0;0;20;959;425;320;81;64;13;;20;;17;;19;;;;12;967;318;282;139;120;9;14;11;8;8;49;2;3;4;
0120;61079001;STIMMBEZIRK;1279;1138;141;0;767;767;0;0;12;755;327;220;76;56;26;;31;;14;;5;;;;3;764;264;181;109;106;14;11;26;4;4;43;1;1;0;
0120;61109001;STIMMBEZIRK;332;312;20;0;231;231;0;0;5;226;134;58;13;10;5;;5;;0;;1;;;;1;230;102;49;30;24;2;6;4;3;0;9;0;1;0;
0120;61115001;STIMMBEZIRK;140;129;11;0;96;96;0;0;2;94;53;21;10;4;0;;2;;3;;1;;;;3;93;50;16;14;6;0;2;0;1;0;4;0;0;0;
0120;61019001;STIMMBEZIRK;1698;1544;154;0;1030;1027;3;0;19;1011;505;294;89;54;8;;31;;22;;8;;;;9;1021;396;261;115;102;6;17;34;6;14;63;3;3;1;
0120;61028001;STIMMBEZIRK;338;287;51;0;194;194;0;0;2;192;123;42;5;9;4;;5;;4;;0;;;;0;194;98;33;13;19;1;6;7;3;1;10;0;2;1;
0120;61036001;STIMMBEZIRK;517;462;55;0;317;317;0;0;7;310;176;59;20;24;9;;15;;6;;1;;;;2;315;122;62;23;55;4;5;17;1;3;21;0;2;0;
0120;61038001;STIMMBEZIRK;64;63;1;0;52;52;0;0;0;52;43;9;0;0;0;;0;;0;;0;;;;0;52;28;4;7;8;0;2;1;2;0;0;0;0;0;
0120;61042001;STIMMBEZIRK;958;878;80;0;531;530;1;0;15;516;260;152;27;33;7;;18;;13;;6;;;;3;528;210;132;55;54;4;5;12;7;7;39;0;1;2;
0120;61042002;STIMMBEZIRK;1041;937;104;0;599;599;0;0;14;585;275;178;54;34;25;;10;;7;;2;;;;6;593;210;163;66;65;15;16;11;3;4;33;2;5;0;
0120;61042003;STIMMBEZIRK;984;927;57;0;451;449;2;0;20;431;175;153;15;25;18;;21;;15;;9;;;;8;443;140;114;50;52;8;9;13;8;4;38;0;4;3;
0120;61042004;STIMMBEZIRK;995;909;86;0;394;393;1;0;7;387;152;145;26;30;15;;12;;6;;1;;;;5;389;120;142;35;35;8;7;11;4;2;22;0;1;2;
0120;61042005;STIMMBEZIRK;1002;902;100;0;598;598;0;0;9;589;311;154;47;30;14;;14;;12;;7;;;;3;595;249;130;70;53;11;11;27;3;6;32;0;3;0;
0120;61049001;STIMMBEZIRK;1386;1250;136;0;744;744;0;0;16;728;359;198;60;46;15;;37;;12;;1;;;;4;740;259;182;84;97;4;16;33;3;5;45;0;8;4;
0120;61049002;STIMMBEZIRK;1222;1108;114;0;576;576;0;0;17;559;235;178;40;36;25;;29;;10;;6;;;;13;563;160;160;66;77;5;10;23;7;2;42;2;6;3;
0120;61049003;STIMMBEZIRK;1167;1045;122;0;630;630;0;0;19;611;292;154;66;39;14;;24;;14;;8;;;;4;626;230;150;75;64;6;3;24;7;3;59;4;0;1;
0120;61049004;STIMMBEZIRK;1236;1115;121;0;581;581;0;0;13;568;250;176;62;30;15;;23;;9;;3;;;;4;577;167;166;77;70;8;16;28;1;3;34;3;2;2;
0120;61049005;STIMMBEZIRK;1235;1076;159;0;714;714;0;0;10;704;350;213;46;33;20;;22;;16;;4;;;;6;708;259;203;79;68;7;18;19;2;3;44;1;4;1;
0120;61064001;STIMMBEZIRK;133;116;17;0;86;86;0;0;0;86;55;15;8;4;2;;1;;1;;0;;;;1;85;46;12;11;7;3;3;1;0;0;2;0;0;0;
0120;61071001;STIMMBEZIRK;256;227;29;0;160;159;1;0;5;155;75;43;18;6;1;;10;;2;;0;;;;1;159;53;40;25;10;0;4;10;3;1;8;0;3;2;
0120;61080001;STIMMBEZIRK;151;133;18;0;107;107;0;0;4;103;75;18;5;4;0;;1;;0;;0;;;;1;106;48;24;11;15;0;2;0;1;1;3;0;0;1;
0120;61086001;STIMMBEZIRK;339;304;35;0;214;214;0;0;4;210;125;47;13;10;6;;0;;7;;2;;;;0;214;98;42;19;24;6;3;0;2;3;16;0;1;0;
0120;61088001;STIMMBEZIRK;379;341;38;0;226;226;0;0;5;221;130;39;22;16;5;;7;;1;;1;;;;1;225;105;39;29;20;7;3;6;0;0;12;1;3;0;
0120;61089001;STIMMBEZIRK;82;75;7;0;51;51;0;0;0;51;30;13;6;0;0;;0;;1;;1;;;;0;51;25;10;11;3;0;1;0;0;1;0;0;0;0;
0120;61093001;STIMMBEZIRK;317;279;38;0;199;199;0;0;6;193;120;39;11;8;5;;5;;4;;1;;;;1;198;85;27;25;22;3;7;7;1;0;19;1;1;0;
0120;61096001;STIMMBEZIRK;393;377;16;0;279;279;0;0;5;274;170;52;16;13;4;;7;;5;;7;;;;5;274;126;49;23;32;0;6;7;5;2;21;1;1;1;
0120;61103001;STIMMBEZIRK;73;66;7;0;57;57;0;0;2;55;32;10;1;5;3;;3;;1;;0;;;;0;57;22;7;5;11;2;3;2;0;0;3;0;2;0;
0120;61112001;STIMMBEZIRK;132;126;6;0;87;87;0;0;0;87;49;26;6;4;2;;0;;0;;0;;;;0;87;40;19;17;4;4;2;0;0;1;0;0;0;0;
0120;61116001;STIMMBEZIRK;1939;1740;199;0;1071;1071;0;0;21;1050;496;343;74;41;35;;38;;16;;7;;;;12;1059;381;311;98;95;15;29;38;10;5;61;5;7;4;
0120;61117001;STIMMBEZIRK;314;304;10;0;215;215;0;0;5;210;112;50;18;15;8;;7;;0;;0;;;;3;212;92;34;34;18;5;5;10;1;0;6;0;4;3;
0120;61006001;STIMMBEZIRK;470;427;43;0;321;280;0;41;8;313;153;81;29;19;8;;12;;9;;2;;;;4;317;126;63;48;31;7;6;9;2;3;18;1;3;0;
0120;61022001;STIMMBEZIRK;831;767;64;0;563;499;1;63;6;557;251;176;55;40;8;;12;;8;;7;;;;1;562;203;150;75;63;5;19;12;2;2;27;2;1;1;
0120;61026001;STIMMBEZIRK;135;124;11;0;105;97;0;8;1;104;50;26;8;10;2;;6;;2;;0;;;;1;104;42;19;14;17;2;2;5;0;0;3;0;0;0;
0120;61030001;STIMMBEZIRK;259;222;37;0;193;156;3;34;5;188;102;34;16;13;3;;9;;11;;0;;;;1;192;81;29;30;27;2;2;6;1;4;9;0;0;1;
0120;61055001;STIMMBEZIRK;818;702;116;0;498;409;24;65;11;487;173;142;38;70;9;;12;;40;;3;;;;7;491;146;131;43;84;2;6;15;5;19;37;1;1;1;
0120;61055002;STIMMBEZIRK;1060;953;107;0;723;623;1;99;22;701;266;201;55;65;20;;30;;61;;3;;;;11;712;236;186;74;66;14;16;30;6;29;48;3;3;1;
0120;61056001;STIMMBEZIRK;2038;1820;218;0;1399;1184;0;215;33;1366;591;457;100;99;42;;47;;19;;11;;;;15;1384;464;398;164;164;20;33;35;9;7;70;5;11;4;
0120;61057001;STIMMBEZIRK;451;418;33;0;316;284;0;32;7;309;136;106;21;31;3;;8;;3;;1;;;;3;313;107;98;23;47;3;8;5;0;2;13;1;3;3;
0120;61073001;STIMMBEZIRK;572;522;50;0;359;315;0;44;6;353;194;79;16;28;8;;14;;12;;2;;;;1;358;159;59;24;46;5;14;14;4;2;27;1;3;0;
0120;61092001;STIMMBEZIRK;485;450;35;0;301;267;0;34;7;294;132;99;25;10;7;;13;;5;;3;;;;2;299;116;97;23;19;7;4;14;1;2;15;0;1;0;
0120;61104001;STIMMBEZIRK;355;326;29;0;234;205;0;29;3;231;84;85;17;22;9;;10;;4;;0;;;;1;233;69;72;22;26;5;7;5;1;1;19;0;5;1;
0120;61104002;STIMMBEZIRK;268;246;22;0;205;183;0;22;7;198;112;47;6;15;4;;8;;6;;0;;;;2;203;96;36;12;26;1;3;4;2;1;21;0;1;0;
0121;56029001;STIMMBEZIRK;1356;1210;146;0;841;841;0;0;7;834;359;299;63;54;10;;19;;;30;;;;;4;837;274;229;117;108;14;13;22;9;4;37;3;3;4;
0121;56029002;STIMMBEZIRK;1336;1195;141;0;928;928;0;0;7;921;408;315;75;61;9;;14;;;39;;;;;3;925;353;252;115;113;4;12;17;8;8;38;0;1;4;
0121;56030001;STIMMBEZIRK;1183;1078;105;0;706;706;0;0;9;697;315;224;37;51;13;;20;;;37;;;;;8;698;289;199;54;69;8;9;20;2;8;38;2;0;0;
0121;56030002;STIMMBEZIRK;1250;1098;152;0;791;788;3;0;9;782;321;270;65;53;10;;27;;;36;;;;;5;786;274;216;82;94;5;19;23;8;21;39;1;3;1;
0121;56031001;STIMMBEZIRK;1245;1091;154;0;805;805;0;0;7;798;310;326;58;43;12;;17;;;32;;;;;7;798;270;272;83;79;12;14;24;3;2;33;2;3;1;
0121;56031002;STIMMBEZIRK;1284;1143;141;0;809;809;0;0;4;805;335;299;65;34;8;;28;;;36;;;;;5;804;256;252;116;79;10;13;26;3;3;37;2;2;5;
0121;56033001;STIMMBEZIRK;807;730;77;0;553;553;0;0;3;550;259;165;40;38;8;;20;;;20;;;;;3;550;226;148;49;65;5;9;21;3;1;19;1;3;0;
0121;56042001;STIMMBEZIRK;464;412;52;0;294;294;0;0;2;292;135;98;20;14;2;;7;;;16;;;;;4;290;111;76;43;27;2;4;6;1;0;20;0;0;0;
0121;56045001;STIMMBEZIRK;749;654;95;0;494;493;1;0;3;491;172;212;41;22;5;;15;;;24;;;;;1;493;138;193;60;42;2;12;18;0;1;24;0;2;1;
0121;56046001;STIMMBEZIRK;687;619;68;0;445;443;2;0;4;441;189;134;35;42;6;;9;;;26;;;;;3;442;163;122;48;53;4;4;5;2;2;30;0;4;5;
0122;56006001;STIMMBEZIRK;510;466;44;0;375;333;0;42;2;373;184;92;38;24;6;6;7;;;15;1;;;;2;373;145;75;56;43;7;13;9;4;2;16;1;1;1;
0122;56010001;STIMMBEZIRK;1314;1179;135;0;905;773;0;132;11;894;417;271;66;37;12;20;28;;;38;5;;;;7;898;344;244;95;79;4;23;32;10;11;45;4;5;2;
0122;56038001;STIMMBEZIRK;320;258;62;0;221;165;0;56;2;219;115;45;19;11;0;6;2;;;21;0;;;;1;220;88;47;24;29;2;2;2;5;0;21;0;0;0;
0122;56051001;STIMMBEZIRK;1082;973;109;0;754;653;0;101;11;743;356;225;57;34;6;14;19;;;30;2;;;;9;745;298;185;87;63;4;19;28;6;11;32;1;8;3;
0122;56009001;STIMMBEZIRK;1935;1680;255;0;1456;1213;0;243;15;1441;570;421;222;109;5;15;25;;;64;10;;;;9;1447;508;414;174;177;7;17;34;5;20;74;10;4;3;
0122;56013001;STIMMBEZIRK;1123;995;128;0;785;667;0;118;8;777;341;189;37;132;8;6;21;;;41;2;;;;3;782;268;166;67;185;8;10;17;6;4;46;0;2;3;
0122;56013002;STIMMBEZIRK;1126;938;188;0;795;615;0;180;10;785;331;220;74;84;11;6;16;;;41;2;;;;2;793;270;213;89;121;13;9;20;3;3;48;1;1;2;
0122;56013003;STIMMBEZIRK;1082;926;156;0;795;646;0;149;2;793;334;212;78;101;3;7;17;;;41;0;;;;2;793;273;189;101;153;5;10;13;3;0;44;0;2;0;
0122;56032001;STIMMBEZIRK;1718;1496;222;0;1267;1055;0;212;10;1257;495;406;129;82;14;12;29;;;87;3;;;;10;1257;444;370;118;146;11;17;33;13;6;94;0;3;2;
0122;56040001;STIMMBEZIRK;1853;1574;279;0;1318;1063;0;255;12;1306;555;404;150;60;12;8;38;;;70;9;;;;13;1305;447;362;177;145;12;10;37;11;4;78;5;12;5;
0122;56047001;STIMMBEZIRK;1714;1500;214;0;1194;993;0;201;10;1184;523;322;93;141;11;9;26;;;55;4;;;;7;1187;426;281;139;207;13;15;24;4;4;68;3;3;0;
0122;56003001;STIMMBEZIRK;509;460;49;0;383;339;0;44;4;379;210;92;31;22;3;3;11;;;7;0;;;;1;382;186;76;46;39;3;8;11;1;0;8;0;2;2;
0122;56004001;STIMMBEZIRK;646;573;73;0;476;409;0;67;6;470;337;68;13;9;1;2;9;;;31;0;;;;9;467;269;85;25;18;1;6;10;1;0;43;0;7;2;
0122;56008001;STIMMBEZIRK;1001;888;113;0;795;683;0;112;10;785;364;184;68;55;14;14;39;;;46;1;;;;6;789;284;171;91;100;7;21;39;10;6;55;1;3;1;
0122;56011001;STIMMBEZIRK;291;269;22;0;235;213;0;22;1;234;107;60;20;18;5;4;11;;;7;2;;;;0;235;89;56;28;31;3;2;10;3;3;8;2;0;0;
0122;56014001;STIMMBEZIRK;1196;1062;134;0;843;722;0;121;12;831;428;210;65;47;5;13;16;;;40;7;;;;9;834;365;178;86;89;4;14;20;5;17;48;5;2;1;
0122;56017001;STIMMBEZIRK;334;293;41;0;196;158;0;38;9;187;99;36;16;18;2;1;4;;;10;1;;;;7;189;81;33;21;27;1;1;6;2;2;13;1;1;0;
0122;56022001;STIMMBEZIRK;603;541;62;0;437;378;0;59;4;433;247;105;15;23;7;7;4;;;21;4;;;;4;433;218;95;24;38;7;11;4;5;1;26;1;2;1;
0122;56026001;STIMMBEZIRK;1367;1252;115;0;1010;901;0;109;13;997;462;338;52;60;4;14;23;;;43;1;;;;11;999;395;272;94;106;9;27;19;8;3;56;2;5;3;
0122;56034001;STIMMBEZIRK;470;442;28;0;340;313;0;27;3;337;171;81;23;20;6;7;7;;;16;6;;;;4;336;163;72;30;26;4;11;7;3;1;14;3;0;2;
0122;56035001;STIMMBEZIRK;651;605;46;0;487;441;0;46;7;480;236;127;39;27;10;8;9;;;24;0;;;;4;483;190;113;62;50;8;14;9;2;8;25;0;2;0;
0123;56001001;STIMMBEZIRK;1303;1164;139;0;782;782;0;0;11;771;367;230;41;60;11;;25;;;37;;;;;7;775;310;190;81;105;6;12;15;2;8;39;4;2;1;
0123;56001002;STIMMBEZIRK;1339;1187;152;0;746;739;7;0;7;739;304;255;49;54;12;;17;;;48;;;;;3;743;257;239;66;82;7;7;17;7;2;47;6;2;4;
0123;56001003;STIMMBEZIRK;1273;1072;201;0;653;653;0;0;8;645;293;204;48;53;4;;18;;;25;;;;;5;648;248;163;67;86;7;15;20;6;1;27;2;2;4;
0123;56016001;STIMMBEZIRK;627;560;67;0;343;343;0;0;5;338;141;117;21;20;8;;14;;;17;;;;;2;341;113;112;29;34;8;8;10;2;1;15;4;2;3;
0123;56019001;STIMMBEZIRK;888;746;142;0;513;513;0;0;5;508;298;132;28;12;0;;8;;;30;;;;;7;506;238;111;52;45;2;5;9;4;7;32;0;1;0;
0123;56020001;STIMMBEZIRK;1467;1263;204;0;854;854;0;0;12;842;440;261;47;36;9;;13;;;36;;;;;9;845;368;202;82;86;7;12;19;4;14;43;0;4;4;
0123;56023001;STIMMBEZIRK;766;681;85;0;459;459;0;0;4;455;182;208;36;14;0;;5;;;10;;;;;3;456;162;176;55;35;1;6;4;2;1;12;0;1;1;
0123;56023002;STIMMBEZIRK;645;586;59;0;406;406;0;0;3;403;185;126;28;28;7;;10;;;19;;;;;0;406;158;115;45;41;4;3;10;4;2;19;2;3;0;
0123;56023003;STIMMBEZIRK;697;636;61;0;444;444;0;0;4;440;180;159;40;35;1;;10;;;15;;;;;1;443;145;134;56;57;1;7;12;3;2;21;0;4;1;
0123;56024001;STIMMBEZIRK;781;693;88;0;425;425;0;0;4;421;205;148;20;19;3;;9;;;17;;;;;3;422;161;116;34;50;2;9;12;3;9;20;1;2;3;
0123;56024002;STIMMBEZIRK;812;728;84;0;476;476;0;0;5;471;215;166;32;23;7;;9;;;19;;;;;6;470;173;138;59;44;4;6;11;2;8;17;0;6;2;
0123;56024003;STIMMBEZIRK;769;695;74;0;427;427;0;0;5;422;196;141;29;23;6;;10;;;17;;;;;6;421;153;127;44;39;3;5;10;2;11;20;3;1;3;
0123;56027001;STIMMBEZIRK;1132;972;160;0;679;679;0;0;8;671;352;197;55;28;4;;14;;;21;;;;;7;672;266;203;82;56;3;7;16;3;6;26;0;3;1;
0123;56028001;STIMMBEZIRK;890;758;132;0;468;468;0;0;5;463;235;153;26;14;6;;14;;;15;;;;;5;463;183;136;51;45;2;8;13;1;2;22;0;0;0;
0123;56028002;STIMMBEZIRK;804;713;91;0;511;511;0;0;8;503;264;151;26;22;6;;15;;;19;;;;;6;505;219;128;46;61;2;7;11;2;2;25;0;2;0;
0123;56028003;STIMMBEZIRK;876;759;117;0;553;553;0;0;3;550;297;162;36;24;6;;8;;;17;;;;;3;550;232;137;61;64;5;9;11;2;1;25;0;3;0;
0123;56036001;STIMMBEZIRK;1194;1026;168;0;695;695;0;0;10;685;298;229;50;49;16;;14;;;29;;;;;6;689;245;190;87;69;11;15;22;7;2;38;0;2;1;
0123;56036002;STIMMBEZIRK;1179;1039;140;0;687;687;0;0;8;679;328;202;34;27;16;;25;;;47;;;;;8;679;272;161;68;62;8;8;24;3;9;54;3;6;1;
0123;56036003;STIMMBEZIRK;1190;1044;146;0;612;612;0;0;4;608;243;235;37;27;13;;20;;;33;;;;;4;608;198;183;66;60;11;14;25;9;5;31;1;5;0;
0123;56037001;STIMMBEZIRK;434;363;71;0;274;274;0;0;1;273;133;89;22;15;3;;3;;;8;;;;;2;272;117;72;32;31;2;2;5;0;0;7;0;3;1;
0125;60002001;STIMMBEZIRK;1068;950;118;0;564;564;0;0;9;555;229;157;56;47;1;;19;8;8;30;;;;;9;555;193;144;63;83;0;8;22;5;5;31;1;0;0;
0125;60002002;STIMMBEZIRK;1117;1001;116;0;627;627;0;0;8;619;246;207;46;36;3;;28;5;6;42;;;;;4;623;198;175;69;68;2;18;28;5;2;48;3;5;2;
0125;60034001;STIMMBEZIRK;1499;1387;112;0;812;812;0;0;8;804;331;252;69;44;21;;20;5;15;47;;;;;8;804;289;198;103;86;17;21;26;4;8;48;0;2;2;
0125;60036001;STIMMBEZIRK;592;553;39;0;369;369;0;0;4;365;177;72;28;22;9;;11;0;6;40;;;;;2;367;149;68;35;47;12;8;5;0;1;41;0;1;0;
0125;60054001;STIMMBEZIRK;2013;1824;189;0;1024;1024;0;0;11;1013;372;334;93;67;16;;29;17;9;76;;;;;6;1018;311;258;138;118;18;22;33;14;8;89;0;5;4;
0125;60064001;STIMMBEZIRK;947;865;82;0;537;537;0;0;9;528;242;144;29;19;3;;18;12;6;55;;;;;8;529;190;108;59;50;5;24;22;10;6;55;0;0;0;
0125;60073001;STIMMBEZIRK;1576;1435;141;0;912;912;0;0;15;897;357;285;72;51;8;;41;15;10;58;;;;;11;901;301;249;94;97;7;23;40;11;9;64;0;1;5;
0125;60003001;STIMMBEZIRK;348;329;19;0;226;225;1;0;4;222;114;60;16;18;1;;7;1;1;4;;;;;2;224;101;48;29;27;0;4;6;0;1;6;0;2;0;
0125;60009001;STIMMBEZIRK;794;735;59;0;404;404;0;0;11;393;198;88;31;30;4;;15;4;7;16;;;;;6;398;167;80;52;49;2;9;11;2;4;18;0;3;1;
0125;60013001;STIMMBEZIRK;107;99;8;0;83;83;0;0;2;81;41;17;2;8;2;;4;0;2;5;;;;;1;82;40;14;4;7;1;3;2;4;1;6;0;0;0;
0125;60021001;STIMMBEZIRK;252;227;25;0;173;173;0;0;0;173;98;39;7;10;0;;2;2;0;15;;;;;1;172;73;30;13;25;2;4;2;4;1;16;1;1;0;
0125;60023001;STIMMBEZIRK;329;303;26;0;195;195;0;0;1;194;93;49;12;13;2;;6;2;3;14;;;;;0;195;75;38;19;29;2;3;4;3;2;18;0;2;0;
0125;60031001;STIMMBEZIRK;369;330;39;0;235;234;1;0;1;234;102;60;21;12;4;;8;5;3;19;;;;;3;232;83;54;29;22;1;2;9;6;1;21;2;1;1;
0125;60033001;STIMMBEZIRK;376;338;38;0;237;237;0;0;8;229;114;54;13;23;3;;3;0;4;15;;;;;6;231;97;49;22;30;1;6;4;0;2;18;0;2;0;
0125;60035001;STIMMBEZIRK;279;255;24;0;200;200;0;0;6;194;88;67;17;7;1;;2;1;2;9;;;;;4;196;75;60;25;17;0;6;2;0;0;11;0;0;0;
0125;60037001;STIMMBEZIRK;274;227;47;0;156;156;0;0;2;154;82;38;8;9;1;;2;4;0;10;;;;;2;154;73;32;15;14;1;5;2;5;0;7;0;0;0;
0125;60040001;STIMMBEZIRK;1038;922;116;0;681;681;0;0;9;672;305;223;50;37;5;;8;4;5;35;;;;;6;675;243;177;86;92;12;11;11;1;6;35;1;0;0;
0125;60056001;STIMMBEZIRK;214;198;16;0;153;153;0;0;3;150;83;34;10;10;1;;1;2;1;8;;;;;3;150;70;28;20;16;0;4;1;2;0;6;0;1;2;
0125;60095001;STIMMBEZIRK;816;765;51;0;478;478;0;0;8;470;255;112;35;28;2;;16;1;3;18;;;;;6;472;208;94;66;53;2;5;15;4;4;20;0;0;1;
0125;60099001;STIMMBEZIRK;1315;1190;125;0;760;760;0;0;10;750;334;218;54;57;15;;16;3;6;47;;;;;8;752;281;171;98;91;8;14;18;8;6;55;0;2;0;
0125;60042001;STIMMBEZIRK;329;295;34;0;239;205;0;34;1;238;93;78;23;21;1;;10;0;0;12;;;;;2;237;74;57;40;33;0;10;8;1;0;13;0;1;0;
0125;60077001;STIMMBEZIRK;931;841;90;0;666;580;2;84;7;659;223;312;25;33;5;;11;2;9;39;;;;;8;658;203;228;50;76;8;12;14;4;5;54;0;2;2;
0125;60082001;STIMMBEZIRK;831;734;97;0;556;464;92;0;8;548;264;137;29;36;8;;26;8;4;36;;;;;4;552;221;120;45;72;4;17;27;7;1;35;0;2;1;
0125;60084001;STIMMBEZIRK;717;641;76;0;509;436;0;73;4;505;248;149;26;40;6;;10;3;4;19;;;;;2;507;221;120;42;73;3;4;7;4;4;24;2;2;1;
0126;60012001;STIMMBEZIRK;1439;1317;122;0;828;715;0;113;22;806;335;262;55;62;10;;20;;5;46;11;;;;12;816;293;235;75;93;10;14;22;6;3;49;9;3;4;
0126;60012002;STIMMBEZIRK;1291;1170;121;0;825;711;2;112;19;806;312;250;65;63;13;;32;;11;57;3;;;;12;813;245;218;98;96;9;26;37;9;1;67;2;3;2;
0126;60017001;STIMMBEZIRK;200;190;10;0;157;147;0;10;3;154;80;28;22;8;5;;5;;2;4;0;;;;1;156;62;21;22;25;6;4;7;0;2;7;0;0;0;
0126;60026001;STIMMBEZIRK;387;362;25;0;289;265;0;24;3;286;139;74;20;13;5;;7;;4;21;3;;;;2;287;129;57;26;23;2;7;8;4;4;23;3;0;1;
0126;60072001;STIMMBEZIRK;398;360;38;0;294;257;0;37;4;290;141;68;24;20;11;;8;;5;13;0;;;;2;292;117;52;37;39;12;7;10;3;1;13;0;0;1;
0126;60080001;STIMMBEZIRK;351;314;37;0;259;227;0;32;2;257;96;85;39;12;4;;5;;3;9;4;;;;3;256;81;61;52;25;3;9;7;2;1;12;2;0;1;
0126;60086001;STIMMBEZIRK;119;115;4;0;85;82;0;3;1;84;41;17;11;3;0;;3;;1;8;0;;;;1;84;33;15;10;3;1;3;6;0;0;13;0;0;0;
0126;60087001;STIMMBEZIRK;593;559;34;0;351;320;0;31;9;342;166;78;40;21;6;;11;;5;15;0;;;;7;344;124;77;44;47;7;8;10;4;1;17;0;5;0;
0126;60089001;STIMMBEZIRK;1931;1814;117;0;976;864;1;111;23;953;359;346;68;45;10;;30;;15;75;5;;;;53;923;301;304;72;94;9;23;32;7;9;69;0;1;2;
0126;60089002;STIMMBEZIRK;2059;1943;116;0;955;852;0;103;14;941;316;347;57;72;19;;38;;11;77;4;;;;8;947;259;310;72;104;12;19;50;7;11;91;4;1;7;
0126;60007001;STIMMBEZIRK;428;386;42;0;247;247;0;0;5;242;101;68;22;16;3;;2;;5;25;0;;;;4;243;79;71;31;21;2;1;5;4;1;24;0;0;4;
0126;60007002;STIMMBEZIRK;397;362;35;0;218;218;0;0;4;214;101;53;10;13;3;;5;;4;25;0;;;;3;215;83;49;7;25;3;15;3;2;1;25;0;0;2;
0126;60008001;STIMMBEZIRK;526;484;42;0;356;354;2;0;3;353;174;90;35;16;2;;6;;10;19;1;;;;6;350;161;85;27;33;4;8;7;3;4;16;1;1;0;
0126;60022001;STIMMBEZIRK;308;288;20;0;173;173;0;0;3;170;90;37;6;13;2;;2;;3;16;1;;;;3;170;77;34;9;22;1;0;2;0;2;18;0;3;2;
0126;60029001;STIMMBEZIRK;538;478;60;0;306;306;0;0;5;301;135;95;17;14;3;;5;;4;27;1;;;;3;303;102;83;26;39;5;4;7;2;1;28;2;4;0;
0126;60041001;STIMMBEZIRK;350;329;21;0;205;205;0;0;1;204;74;70;25;10;1;;10;;1;11;2;;;;0;205;58;60;34;17;1;4;12;2;0;14;0;3;0;
0126;60051001;STIMMBEZIRK;365;323;42;0;235;235;0;0;4;231;112;75;6;13;3;;7;;7;7;1;;;;2;233;94;68;11;28;3;5;7;2;5;9;1;0;0;
0126;60053001;STIMMBEZIRK;1156;1010;146;0;667;667;0;0;15;652;331;168;47;29;9;;17;;8;41;2;;;;9;658;266;140;58;65;17;6;23;21;4;54;1;2;1;
0126;60053002;STIMMBEZIRK;119;107;12;0;88;88;0;0;0;88;45;19;9;3;2;;3;;2;4;1;;;;0;88;42;12;12;8;1;3;4;0;2;3;0;0;1;
0126;60053003;STIMMBEZIRK;157;144;13;0;96;96;0;0;4;92;43;28;6;7;0;;1;;0;7;0;;;;1;95;35;27;5;10;2;5;1;1;0;9;0;0;0;
0126;60057001;STIMMBEZIRK;365;335;30;0;238;238;0;0;1;237;128;51;13;13;4;;6;;3;18;1;;;;1;237;111;44;18;27;4;2;6;1;2;21;0;1;0;
0126;60062001;STIMMBEZIRK;593;520;73;0;340;340;0;0;1;339;141;101;36;24;6;;12;;3;15;1;;;;1;339;115;85;36;40;5;19;9;7;2;19;0;1;1;
0126;60074001;STIMMBEZIRK;222;202;20;0;124;124;0;0;0;124;54;38;10;5;2;;4;;0;10;1;;;;0;124;45;27;12;16;0;3;6;0;0;13;1;0;1;
0126;60088001;STIMMBEZIRK;838;771;67;0;432;432;0;0;9;423;193;130;33;17;4;;11;;6;28;1;;;;2;430;177;121;40;25;6;5;9;5;6;30;0;5;1;
0126;60101001;STIMMBEZIRK;748;704;44;0;448;448;0;0;10;438;202;130;32;19;14;;18;;2;20;1;;;;3;445;164;131;42;46;6;11;15;7;1;19;1;1;1;
0126;60006001;STIMMBEZIRK;182;163;19;0;111;111;0;0;9;102;38;41;16;3;0;;3;;0;1;0;;;;5;106;32;34;22;8;1;1;4;0;0;2;0;2;0;
0126;60010001;STIMMBEZIRK;493;459;34;0;318;318;0;0;3;315;139;76;38;21;7;;11;;4;19;0;;;;2;316;114;62;42;43;2;9;10;8;2;20;1;3;0;
0126;60015001;STIMMBEZIRK;297;264;33;0;172;172;0;0;4;168;80;39;17;9;6;;6;;3;8;0;;;;2;170;70;38;17;15;4;5;6;1;1;9;0;2;2;
0126;60018001;STIMMBEZIRK;38;31;7;0;22;22;0;0;1;21;8;5;1;4;0;;0;;0;3;0;;;;1;21;6;5;1;4;2;0;0;0;0;3;0;0;0;
0126;60020001;STIMMBEZIRK;1344;1218;126;0;751;751;0;0;10;741;314;212;61;61;3;;15;;20;53;2;;;;9;742;250;177;84;100;5;19;16;10;18;53;3;5;2;
0126;60024001;STIMMBEZIRK;448;411;37;0;269;269;0;0;3;266;120;76;26;19;4;;4;;4;12;1;;;;2;267;93;58;48;31;2;6;5;3;8;12;1;0;0;
0126;60025001;STIMMBEZIRK;744;676;68;0;444;444;0;0;4;440;197;165;28;21;2;;4;;8;14;1;;;;4;440;162;143;50;38;3;10;3;4;7;18;1;0;1;
0126;60030001;STIMMBEZIRK;462;408;54;0;313;311;2;0;2;311;164;68;45;10;4;;7;;3;8;2;;;;3;310;124;55;55;37;4;3;8;4;1;16;3;0;0;
0126;60048001;STIMMBEZIRK;486;444;42;0;295;295;0;0;5;290;104;96;31;22;2;;6;;3;25;1;;;;2;293;85;83;45;31;0;14;7;1;0;25;1;1;0;
0126;60049001;STIMMBEZIRK;1373;1180;193;0;826;826;0;0;10;816;413;193;79;51;8;;17;;5;48;2;;;;10;816;343;165;87;111;8;14;27;3;3;50;2;3;0;
0126;60050001;STIMMBEZIRK;348;319;29;0;214;214;0;0;0;214;110;60;21;12;3;;1;;0;7;0;;;;0;214;94;54;24;25;3;2;2;1;1;7;0;0;1;
0126;60059001;STIMMBEZIRK;637;588;49;0;333;333;0;0;1;332;133;97;33;17;6;;10;;4;31;1;;;;1;332;113;69;45;29;8;15;12;2;3;34;1;0;1;
0126;60059002;STIMMBEZIRK;181;169;12;0;118;118;0;0;6;112;49;42;5;4;1;;6;;1;4;0;;;;1;117;40;34;12;9;0;4;7;0;0;8;0;3;0;
0126;60060001;STIMMBEZIRK;463;427;36;0;291;291;0;0;3;288;139;55;44;15;8;;4;;3;20;0;;;;3;288;124;61;31;32;4;8;5;1;3;18;0;1;0;
0126;60061001;STIMMBEZIRK;291;266;25;0;195;195;0;0;5;190;76;60;17;13;3;;5;;1;15;0;;;;3;192;63;46;22;23;4;7;6;2;1;17;0;0;1;
0126;60061002;STIMMBEZIRK;222;207;15;0;153;153;0;0;1;152;72;41;11;14;3;;2;;2;7;0;;;;0;153;57;26;20;29;1;1;2;3;1;12;0;0;1;
0126;60061003;STIMMBEZIRK;134;102;32;0;92;92;0;0;2;90;31;27;14;6;2;;2;;1;7;0;;;;0;92;26;25;17;11;2;2;3;0;0;6;0;0;0;
0126;60067001;STIMMBEZIRK;168;140;28;0;92;92;0;0;1;91;49;22;6;7;3;;0;;1;3;0;;;;1;91;42;20;8;16;0;1;0;0;1;2;0;0;1;
0126;60067002;STIMMBEZIRK;317;287;30;0;177;177;0;0;1;176;103;32;6;11;1;;4;;1;18;0;;;;1;176;87;22;15;25;0;1;4;1;0;18;0;3;0;
0126;60067003;STIMMBEZIRK;552;467;85;0;238;238;0;0;4;234;119;67;15;13;3;;7;;2;8;0;;;;1;237;94;65;23;29;4;6;2;3;1;8;0;1;1;
0126;60067004;STIMMBEZIRK;280;253;27;0;192;192;0;0;6;186;113;33;4;13;5;;4;;3;10;1;;;;4;188;93;34;10;25;5;3;2;3;4;8;1;0;0;
0126;60069001;STIMMBEZIRK;918;814;104;0;550;550;0;0;4;546;251;156;42;35;12;;12;;3;35;0;;;;1;549;207;148;50;66;11;8;10;5;5;34;0;5;0;
0126;60070001;STIMMBEZIRK;614;560;54;0;386;386;0;0;4;382;171;108;28;27;4;;10;;7;27;0;;;;3;383;141;93;37;47;1;9;12;5;4;30;1;2;1;
0126;60071001;STIMMBEZIRK;229;210;19;0;166;166;0;0;3;163;94;36;8;11;1;;6;;3;4;0;;;;2;164;79;31;8;27;1;5;4;1;1;7;0;0;0;
0126;60075001;STIMMBEZIRK;512;469;43;0;331;331;0;0;5;326;142;78;61;19;7;;5;;2;11;1;;;;2;329;125;74;46;43;3;6;9;1;0;20;1;0;1;
0126;60075002;STIMMBEZIRK;536;495;41;0;306;306;0;0;3;303;144;81;34;13;7;;3;;3;18;0;;;;2;304;113;65;42;38;7;12;4;0;0;22;0;1;0;
0126;60075003;STIMMBEZIRK;712;662;50;0;405;405;0;0;7;398;183;111;36;18;23;;8;;1;18;0;;;;7;398;154;104;33;39;19;12;10;4;2;20;0;0;1;
0126;60079001;STIMMBEZIRK;166;155;11;0;113;113;0;0;1;112;35;36;19;12;2;;4;;0;4;0;;;;1;112;24;28;33;17;0;0;4;1;1;3;0;0;1;
0126;60081001;STIMMBEZIRK;228;206;22;0;158;158;0;0;8;150;74;46;15;2;2;;6;;0;5;0;;;;5;153;50;43;23;20;1;1;7;2;0;6;0;0;0;
0126;60090001;STIMMBEZIRK;158;147;11;0;100;100;0;0;1;99;23;42;23;4;2;;3;;0;2;0;;;;0;100;24;41;19;4;3;1;4;1;0;3;0;0;0;
0126;60091001;STIMMBEZIRK;409;383;26;0;241;241;0;0;5;236;96;83;20;10;3;;8;;1;15;0;;;;2;239;78;79;38;14;4;4;8;1;0;12;0;1;0;
0126;60093001;STIMMBEZIRK;374;353;21;0;228;228;0;0;1;227;93;81;23;10;0;;3;;1;16;0;;;;1;227;83;70;27;17;2;1;10;1;0;15;0;0;1;
0126;60096001;STIMMBEZIRK;864;763;101;0;494;494;0;0;7;487;240;122;44;24;9;;18;;3;25;2;;;;2;492;204;107;60;44;9;13;19;1;3;27;2;2;1;
0126;60097001;STIMMBEZIRK;678;615;63;0;398;398;0;0;3;395;162;123;48;21;9;;7;;2;23;0;;;;2;396;147;114;55;33;8;3;7;3;2;22;0;1;1;
0126;60098001;STIMMBEZIRK;387;357;30;0;245;245;0;0;4;241;115;67;29;8;0;;3;;1;16;2;;;;4;241;99;61;32;19;0;4;4;2;0;14;4;2;0;
0126;60016001;STIMMBEZIRK;566;535;31;0;382;351;0;31;13;369;168;115;41;10;8;;5;;4;18;0;;;;6;376;134;105;52;35;5;10;5;6;1;22;1;0;0;
0126;60028001;STIMMBEZIRK;720;658;62;0;531;472;0;59;6;525;222;167;39;33;11;;15;;13;23;2;;;;6;525;186;134;65;65;6;10;17;6;8;25;0;1;2;
0126;60028002;STIMMBEZIRK;449;405;44;0;322;279;0;43;9;313;123;86;31;29;5;;14;;5;16;4;;;;5;317;103;60;44;42;4;7;18;2;5;18;3;9;2;
0126;60028003;STIMMBEZIRK;422;374;48;0;292;247;0;45;1;291;129;71;28;19;5;;4;;6;28;1;;;;0;292;101;60;44;33;4;11;6;3;2;26;1;1;0;
0126;60038001;STIMMBEZIRK;594;549;45;0;448;407;0;41;10;438;211;107;29;35;1;;10;;10;14;21;;;;8;440;175;93;42;54;1;13;16;4;6;15;19;2;0;
0126;60052001;STIMMBEZIRK;509;440;69;0;396;328;0;68;3;393;190;114;22;19;6;;8;;4;27;3;;;;2;394;152;89;46;53;5;3;9;3;3;28;2;0;1;
0126;60068001;STIMMBEZIRK;892;821;71;0;497;428;0;69;8;489;221;169;43;24;1;;15;;6;10;0;;;;5;492;184;139;72;41;3;12;17;4;2;16;0;2;0;
0126;60068002;STIMMBEZIRK;1293;1203;90;0;542;464;0;78;12;530;234;164;53;28;8;;17;;5;15;6;;;;7;535;199;139;72;51;7;13;22;5;2;17;5;1;2;
0126;60068003;STIMMBEZIRK;532;491;41;0;364;325;0;39;5;359;169;99;42;17;1;;4;;7;19;1;;;;5;359;141;86;50;34;2;7;6;5;4;20;2;0;2;
0126;60043001;STIMMBEZIRK;686;617;69;0;464;396;0;68;4;460;150;159;34;36;9;;21;;9;41;1;;;;4;460;110;139;41;64;8;14;25;7;3;45;1;2;1;
0126;60043002;STIMMBEZIRK;633;569;64;0;426;363;0;63;3;423;174;125;34;30;3;;11;;8;37;1;;;;3;423;145;107;38;53;3;9;16;1;7;37;2;3;2;
0126;60043003;STIMMBEZIRK;648;597;51;0;386;340;0;46;3;383;151;112;24;38;2;;16;;7;32;1;;;;2;384;113;92;36;62;1;9;19;4;5;35;2;6;0;
0126;60046001;STIMMBEZIRK;949;860;89;0;666;584;2;80;2;664;320;179;52;45;7;;19;;7;35;0;;;;1;665;275;167;61;83;9;8;19;5;4;33;0;1;0;
0126;60058001;STIMMBEZIRK;659;577;82;0;458;383;0;75;10;448;173;141;51;23;5;;16;;9;27;3;;;;4;454;153;128;59;42;4;13;14;7;2;25;4;3;0;
0126;60058002;STIMMBEZIRK;576;491;85;0;430;345;0;85;6;424;159;159;29;24;5;;12;;3;32;1;;;;4;426;114;142;53;49;2;8;12;4;0;40;1;0;1;
0126;60058003;STIMMBEZIRK;763;690;73;0;556;487;0;69;13;543;243;158;39;36;5;;6;;2;54;0;;;;10;546;209;153;45;68;3;5;6;3;1;52;0;0;1;
0126;60065001;STIMMBEZIRK;1095;998;97;0;753;667;0;86;5;748;306;253;75;51;13;;7;;8;33;2;;;;3;750;248;212;82;101;7;11;22;19;5;38;1;2;2;
0126;60076001;STIMMBEZIRK;833;770;63;0;560;502;0;58;6;554;231;190;39;27;7;;14;;10;34;2;;;;6;554;208;160;44;53;7;7;16;4;10;34;3;3;5;
0126;60076002;STIMMBEZIRK;773;700;73;0;497;431;0;66;12;485;185;202;16;30;8;;11;;8;25;0;;;;7;490;152;182;31;44;6;11;13;7;6;28;1;4;5;
0126;60085001;STIMMBEZIRK;952;867;85;0;634;551;0;83;6;628;251;199;74;29;6;;19;;7;42;1;;;;2;632;210;156;102;58;4;13;23;6;6;47;2;3;2;
0126;60085002;STIMMBEZIRK;774;678;96;0;570;480;0;90;7;563;237;200;46;34;2;;12;;6;24;2;;;;4;566;203;169;68;60;1;11;15;4;4;26;1;2;2;
0126;60085003;STIMMBEZIRK;531;475;56;0;354;299;1;54;2;352;165;92;21;17;13;;15;;7;21;1;;;;2;352;131;88;33;32;9;7;13;3;5;23;2;3;3;
0126;60085004;STIMMBEZIRK;367;335;32;0;277;247;0;30;6;271;135;66;30;11;4;;4;;4;16;1;;;;6;271;108;58;37;31;3;2;5;3;2;18;0;4;0;
0126;60027001;STIMMBEZIRK;2306;2132;174;0;1357;1357;0;0;22;1335;665;350;103;78;18;;26;;7;74;14;;;;15;1342;573;288;150;153;12;23;26;5;3;79;11;15;4;
0127;60045001;STIMMBEZIRK;711;625;86;0;532;448;0;84;8;524;192;162;54;49;7;;19;;11;30;;;;;8;524;153;122;85;77;6;17;17;1;5;34;0;3;4;
0127;60047001;STIMMBEZIRK;1286;1134;152;0;905;764;0;141;7;898;373;261;80;85;6;;18;;13;62;;;;;5;900;313;227;98;146;7;19;13;2;8;59;0;3;5;
0127;60047002;STIMMBEZIRK;1405;1226;179;0;943;775;0;168;14;929;445;249;82;72;11;;19;;15;36;;;;;11;932;354;221;99;123;6;23;28;18;13;43;0;3;1;
0127;60047003;STIMMBEZIRK;339;299;40;0;248;209;0;39;4;244;117;59;22;23;6;;3;;2;12;;;;;3;245;93;46;30;35;5;9;9;0;0;12;1;5;0;
0127;60066001;STIMMBEZIRK;730;628;102;0;561;464;0;97;4;557;219;170;65;43;12;;11;;8;29;;;;;3;558;185;158;86;68;3;9;11;2;3;31;0;1;1;
0127;60094001;STIMMBEZIRK;1128;1005;123;0;789;670;1;118;9;780;379;192;80;52;9;;17;;11;40;;;;;6;783;346;174;82;74;7;19;20;7;4;41;1;7;1;
0127;60100001;STIMMBEZIRK;331;296;35;0;250;215;0;35;2;248;98;77;27;18;1;;6;;2;19;;;;;1;249;80;78;25;33;2;6;6;2;0;17;0;0;0;
0128;62019001;STIMMBEZIRK;629;577;52;0;380;380;0;0;6;374;148;119;30;24;6;;9;7;4;24;;;;3;0;380;132;105;43;48;4;5;13;3;5;20;2;0;0;
0128;62046001;STIMMBEZIRK;715;674;41;0;467;466;1;0;7;460;182;151;40;24;7;;14;9;8;25;;;;0;5;462;145;126;57;59;8;7;16;9;5;25;1;4;0;
0128;62050001;STIMMBEZIRK;283;254;29;0;186;186;0;0;0;186;74;55;11;20;2;;5;4;3;12;;;;0;0;186;59;56;14;30;2;2;8;0;2;12;1;0;0;
0128;62056001;STIMMBEZIRK;555;468;87;0;280;280;0;0;4;276;128;76;14;17;4;;14;5;1;17;;;;0;3;277;104;64;19;37;7;4;11;4;1;25;0;1;0;
0128;62056002;STIMMBEZIRK;413;338;75;0;202;202;0;0;5;197;86;57;9;6;4;;8;6;2;19;;;;0;1;201;77;45;17;14;3;3;11;3;2;24;1;0;1;
0128;62062001;STIMMBEZIRK;695;616;79;0;419;416;3;0;4;415;171;143;18;35;7;;6;5;5;25;;;;0;4;415;158;122;35;40;6;9;7;4;3;31;0;0;0;
0128;62062002;STIMMBEZIRK;253;212;41;0;157;157;0;0;1;156;64;48;15;5;3;;4;2;1;14;;;;0;0;157;54;43;18;11;1;0;9;1;1;14;2;3;0;
0128;62065001;STIMMBEZIRK;251;177;74;0;129;123;6;0;1;128;56;38;6;12;2;;1;2;2;9;;;;0;0;129;50;39;11;11;1;2;3;3;3;6;0;0;0;
0128;62065002;STIMMBEZIRK;792;704;88;0;453;451;2;0;6;447;179;141;40;18;11;;18;4;2;34;;;;0;5;448;144;137;49;35;3;14;18;8;2;38;0;0;0;
0128;62089001;STIMMBEZIRK;775;686;89;0;431;431;0;0;6;425;194;109;36;33;4;;15;12;4;17;;;;1;2;429;162;98;53;58;3;6;18;6;1;20;0;3;1;
0128;62089002;STIMMBEZIRK;261;247;14;0;150;150;0;0;2;148;47;58;13;4;2;;6;3;1;14;;;;0;1;149;40;43;21;10;1;1;10;2;1;17;0;3;0;
0128;62091001;STIMMBEZIRK;1098;1009;89;0;661;659;2;0;17;644;253;205;40;45;18;;18;9;6;50;;;;0;9;652;230;176;58;66;15;15;18;4;4;55;4;7;0;
0128;62091002;STIMMBEZIRK;698;641;57;0;433;430;3;0;4;429;178;125;28;36;8;;13;6;3;32;;;;0;1;432;150;95;46;61;5;11;9;6;4;36;4;3;2;
0128;62091003;STIMMBEZIRK;491;440;51;0;320;320;0;0;2;318;141;103;22;11;5;;12;2;3;19;;;;0;2;318;115;85;43;31;7;1;9;1;4;22;0;0;0;
0128;62092001;STIMMBEZIRK;910;818;92;0;521;520;1;0;10;511;195;155;50;43;8;;15;13;2;30;;;;0;5;516;171;159;58;50;9;6;14;11;0;30;2;3;3;
0128;62092002;STIMMBEZIRK;278;242;36;0;179;179;0;0;0;179;87;53;11;9;1;;2;4;0;12;;;;0;1;178;70;47;25;12;1;2;4;3;0;14;0;0;0;
0128;62092003;STIMMBEZIRK;263;228;35;0;162;162;0;0;2;160;60;51;12;10;3;;2;2;2;17;;;;1;0;162;44;48;14;18;2;3;8;2;2;20;0;1;0;
0128;62005001;STIMMBEZIRK;1174;1021;153;0;654;654;0;0;6;648;262;199;55;69;3;;18;9;5;28;;;;0;6;648;194;168;90;114;5;12;16;11;3;33;0;2;0;
0128;62005002;STIMMBEZIRK;1177;1053;124;0;694;694;0;0;8;686;245;220;80;68;11;;21;4;6;31;;;;0;6;688;197;183;110;109;11;9;22;3;3;37;2;1;1;
0128;62014001;STIMMBEZIRK;1676;1512;164;0;975;975;0;0;11;964;366;344;76;50;7;;31;12;15;62;;;;1;3;972;293;309;114;107;10;13;30;11;14;69;0;2;0;
0128;62016001;STIMMBEZIRK;1574;1445;129;0;945;945;0;0;3;942;389;290;91;66;7;;19;16;3;61;;;;0;3;942;319;242;114;138;8;13;23;12;1;68;1;1;2;
0128;62016002;STIMMBEZIRK;527;467;60;0;310;310;0;0;2;308;142;82;31;11;6;;9;4;1;21;;;;1;2;308;110;78;47;23;6;5;12;3;1;23;0;0;0;
0128;62027001;STIMMBEZIRK;988;895;93;0;590;590;0;0;3;587;261;179;48;48;3;;17;10;3;18;;;;0;4;586;225;159;67;80;2;5;16;5;4;20;0;3;0;
0128;62036001;STIMMBEZIRK;617;531;86;0;360;360;0;0;3;357;140;108;44;25;6;;15;4;4;11;;;;0;1;359;114;93;57;53;3;3;17;2;3;14;0;0;0;
0128;62036002;STIMMBEZIRK;814;723;91;0;504;504;0;0;0;504;233;130;27;60;9;;16;2;3;24;;;;0;0;504;191;106;42;96;6;8;17;3;5;26;0;4;0;
0128;62051001;STIMMBEZIRK;400;354;46;0;234;234;0;0;4;230;95;56;26;22;0;;14;3;2;10;;;;2;1;233;74;57;32;39;2;2;11;3;2;10;0;1;0;
0128;62078001;STIMMBEZIRK;1033;913;120;0;577;577;0;0;4;573;244;163;33;45;7;;18;17;5;38;;;;3;3;574;204;155;43;71;4;13;14;12;6;43;1;6;2;
0128;62081001;STIMMBEZIRK;1614;1409;205;0;967;967;0;0;10;957;375;309;109;54;8;;44;12;6;40;;;;0;8;959;280;251;155;121;12;16;55;8;5;51;1;2;2;
0128;62003001;STIMMBEZIRK;703;639;64;0;416;416;0;0;2;414;162;133;29;31;13;;12;5;5;24;;;;0;3;413;127;119;43;55;12;6;12;7;3;26;1;2;0;
0128;62008001;STIMMBEZIRK;709;622;87;0;380;380;0;0;4;376;170;111;31;30;4;;3;8;3;16;;;;0;6;374;138;83;50;46;4;7;10;5;2;25;1;0;3;
0128;62025001;STIMMBEZIRK;1225;1118;107;0;735;735;0;0;4;731;374;193;43;30;8;;22;11;9;40;;;;1;4;731;313;172;72;72;11;9;19;1;6;53;2;1;0;
0128;62031001;STIMMBEZIRK;349;311;38;0;224;224;0;0;5;219;93;72;16;19;4;;9;1;0;5;;;;0;1;223;77;67;26;27;3;4;10;1;1;5;0;1;1;
0128;62032001;STIMMBEZIRK;463;425;38;0;287;287;0;0;6;281;124;85;16;14;7;;7;5;4;19;;;;0;4;283;106;72;29;30;5;2;9;4;1;21;1;2;1;
0128;62039001;STIMMBEZIRK;612;568;44;0;407;407;0;0;4;403;163;123;33;25;4;;12;7;6;26;;;;4;3;404;144;118;46;38;2;4;8;7;1;32;2;0;2;
0128;62048001;STIMMBEZIRK;544;475;69;0;297;296;1;0;7;290;138;76;14;20;4;;2;6;4;26;;;;0;9;288;118;74;24;31;3;0;3;5;4;26;0;0;0;
0128;62059001;STIMMBEZIRK;602;559;43;0;364;363;1;0;3;361;127;138;31;16;18;;8;6;0;16;;;;1;3;361;112;129;49;26;8;6;9;4;0;18;0;0;0;
0128;62083001;STIMMBEZIRK;632;543;89;0;355;355;0;0;3;352;114;118;46;27;1;;11;6;4;25;;;;0;5;350;97;95;62;31;5;9;11;4;4;32;0;0;0;
0128;62087001;STIMMBEZIRK;1211;1078;133;0;692;692;0;0;18;674;252;239;56;26;16;;15;8;11;51;;;;0;14;678;213;211;83;55;12;15;10;8;10;59;0;2;0;
0128;62093001;STIMMBEZIRK;487;445;42;0;305;305;0;0;4;301;155;67;24;17;5;;6;4;5;18;;;;0;3;302;134;59;37;30;3;3;9;4;3;18;0;0;2;
0128;62094001;STIMMBEZIRK;1280;1146;134;0;740;740;0;0;6;734;344;188;51;46;9;;11;16;6;59;;;;4;5;735;282;151;70;97;7;12;12;10;9;75;4;0;6;
0129;62011001;STIMMBEZIRK;787;696;91;0;465;376;3;86;10;455;240;115;15;40;4;;13;;;28;;;;;6;459;192;112;26;71;3;4;10;4;2;30;2;3;0;
0129;62035001;STIMMBEZIRK;696;604;92;0;457;367;0;90;8;449;188;140;31;30;7;;22;;;31;;;;;4;453;159;118;53;58;3;4;20;1;3;31;1;1;1;
0129;62035002;STIMMBEZIRK;962;824;138;0;728;598;1;129;5;723;271;248;73;64;10;;19;;;38;;;;;2;726;206;191;122;116;7;11;20;5;2;44;0;1;1;
0129;62035003;STIMMBEZIRK;964;838;126;0;701;582;0;119;10;691;308;211;79;45;4;;12;;;32;;;;;4;697;268;170;108;81;3;9;14;3;2;36;1;1;1;
0129;62035004;STIMMBEZIRK;246;220;26;0;165;139;1;25;3;162;77;62;8;3;2;;1;;;9;;;;;0;165;59;58;12;10;2;4;0;4;3;13;0;0;0;
0129;62069001;STIMMBEZIRK;668;571;97;0;462;367;1;94;5;457;214;134;32;39;2;;8;;;28;;;;;3;459;160;126;47;77;1;2;8;4;1;30;2;1;0;
0129;62069002;STIMMBEZIRK;775;684;91;0;577;489;0;88;4;573;256;185;37;35;6;;15;;;39;;;;;4;573;197;164;60;78;2;7;14;6;3;39;1;1;1;
0129;62069003;STIMMBEZIRK;407;351;56;0;301;245;0;56;4;297;141;98;26;13;0;;5;;;14;;;;;4;297;115;80;39;36;0;4;6;1;0;16;0;0;0;
0129;62071001;STIMMBEZIRK;682;614;68;0;436;371;0;65;6;430;207;122;25;46;6;;3;;;21;;;;;2;434;172;116;31;67;4;6;4;3;1;25;0;3;2;
0129;62071002;STIMMBEZIRK;715;637;78;0;434;360;0;74;4;430;186;141;24;35;3;;8;;;33;;;;;4;430;158;120;44;55;2;2;9;1;1;34;0;3;1;
0129;62088001;STIMMBEZIRK;499;446;53;0;331;284;0;47;5;326;121;102;21;28;4;;12;;;38;;;;;1;330;99;87;31;51;5;1;13;2;3;37;0;0;1;
0129;62088002;STIMMBEZIRK;461;407;54;0;321;274;47;0;8;313;165;80;15;22;6;;6;;;19;;;;;6;315;129;70;22;42;4;7;8;1;6;25;0;1;0;
0129;62088003;STIMMBEZIRK;487;432;55;0;357;310;0;47;4;353;156;106;20;27;4;;9;;;31;;;;;4;353;135;91;37;43;3;2;10;1;0;29;2;0;0;
0129;62020001;STIMMBEZIRK;557;470;87;0;396;309;0;87;3;393;156;139;26;31;2;;6;;;33;;;;;1;395;140;118;38;49;2;3;7;6;0;30;0;0;2;
0129;62021001;STIMMBEZIRK;1138;992;146;0;788;646;0;142;13;775;360;245;38;59;14;;17;;;42;;;;;9;779;297;210;75;99;11;4;23;4;2;52;0;1;1;
0129;62022001;STIMMBEZIRK;796;687;109;0;556;452;0;104;5;551;233;183;49;39;7;;12;;;28;;;;;4;552;197;151;73;71;2;11;11;4;3;27;1;1;0;
0129;62022002;STIMMBEZIRK;682;557;125;0;501;382;0;119;9;492;214;181;29;29;6;;11;;;22;;;;;4;497;173;159;46;58;7;6;15;0;2;31;0;0;0;
0129;62026001;STIMMBEZIRK;384;340;44;0;266;223;1;42;6;260;91;84;32;18;11;;7;;;17;;;;;3;263;78;76;33;30;5;4;8;3;1;22;0;3;0;
0129;62033001;STIMMBEZIRK;45;41;4;0;38;35;0;3;0;38;21;13;1;3;0;;0;;;0;;;;;0;38;13;10;5;8;0;0;1;1;0;0;0;0;0;
0129;62040001;STIMMBEZIRK;282;247;35;0;219;184;3;32;7;212;87;77;8;8;3;;18;;;11;;;;;6;213;76;59;31;20;1;3;9;1;0;11;0;2;0;
0129;62045001;STIMMBEZIRK;821;698;123;0;594;477;1;116;8;586;259;190;38;29;14;;12;;;44;;;;;7;587;211;141;71;73;9;0;19;2;6;48;3;4;0;
0129;62045002;STIMMBEZIRK;870;712;158;0;610;465;2;143;10;600;259;179;55;32;12;;18;;;45;;;;;5;605;205;147;89;80;11;5;20;1;0;44;1;1;1;
0129;62045003;STIMMBEZIRK;1041;865;176;0;695;539;46;110;15;680;303;235;45;46;6;;13;;;32;;;;;12;683;256;194;74;80;7;11;22;2;4;31;0;2;0;
0129;62058001;STIMMBEZIRK;192;173;19;0;148;130;0;18;0;148;56;42;14;11;4;;6;;;15;;;;;0;148;45;33;22;23;1;1;7;1;0;15;0;0;0;
0129;62082001;STIMMBEZIRK;1346;1145;201;0;814;648;1;165;16;798;345;265;64;48;10;;26;;;40;;;;;12;802;275;227;101;95;3;7;23;4;6;55;0;5;1;
0129;62082002;STIMMBEZIRK;1255;1113;142;0;753;614;5;134;13;740;325;248;39;49;10;;20;;;49;;;;;11;742;281;212;70;88;9;6;17;3;2;52;0;2;0;
0129;62082003;STIMMBEZIRK;1662;1480;182;0;1052;878;0;174;12;1040;396;362;80;86;24;;25;;;67;;;;;10;1042;334;314;119;125;8;13;28;4;10;77;0;9;1;
0129;62082004;STIMMBEZIRK;1394;1230;164;0;887;729;3;155;10;877;345;323;65;50;12;;24;;;58;;;;;2;885;303;278;97;82;9;8;20;11;2;64;2;8;1;
0129;62082005;STIMMBEZIRK;1382;1216;166;0;874;717;0;157;16;858;309;349;58;38;14;;33;;;57;;;;;12;862;262;277;90;94;12;15;37;4;3;60;2;3;3;
0129;62086001;STIMMBEZIRK;642;567;75;0;448;377;0;71;3;445;165;164;30;31;3;;14;;;38;;;;;2;446;142;143;44;53;2;4;12;3;5;35;1;2;0;
0129;62086002;STIMMBEZIRK;616;495;121;0;427;306;0;121;10;417;172;129;28;45;3;;13;;;27;;;;;6;421;153;102;40;71;2;7;13;0;0;31;1;1;0;
0134;53008001;STIMMBEZIRK;319;285;34;0;213;213;0;0;4;209;101;47;23;18;1;;5;1;2;11;;;;;3;210;90;36;31;30;1;1;5;1;2;11;0;2;0;
0134;53009001;STIMMBEZIRK;1673;1484;189;0;896;896;0;0;8;888;337;335;53;63;10;;25;3;14;48;;;;;8;888;284;287;92;90;11;13;30;6;10;56;2;5;2;
0134;53011001;STIMMBEZIRK;508;454;54;0;338;338;0;0;5;333;93;137;55;9;1;;19;4;4;11;;;;;4;334;67;103;83;25;3;8;23;2;1;14;1;3;1;
0134;53024001;STIMMBEZIRK;136;119;17;0;82;82;0;0;1;81;31;31;2;5;1;;5;0;2;4;;;;;0;82;30;28;3;9;0;0;5;1;2;4;0;0;0;
0134;53034001;STIMMBEZIRK;192;163;29;0;133;133;0;0;3;130;80;25;6;7;1;;3;1;0;7;;;;;0;133;69;22;13;13;0;1;3;2;0;10;0;0;0;
0134;53061001;STIMMBEZIRK;920;840;80;0;534;532;2;0;14;520;161;203;32;49;9;;16;7;2;41;;;;;10;524;149;174;42;63;10;6;17;8;4;48;0;2;1;
0134;53067001;STIMMBEZIRK;502;459;43;0;329;329;0;0;5;324;133;110;36;13;9;;7;3;1;12;;;;;2;327;113;83;49;33;6;4;16;3;2;13;0;2;3;
0134;53075001;STIMMBEZIRK;1371;1190;181;0;858;858;0;0;8;850;328;291;95;45;14;;28;7;15;27;;;;;4;854;297;247;122;70;9;15;37;3;7;37;6;4;0;
0134;53094001;STIMMBEZIRK;159;150;9;0;98;98;0;0;0;98;37;19;6;14;5;;4;2;1;10;;;;;0;98;37;17;5;19;4;0;4;3;1;7;0;1;0;
0134;53103001;STIMMBEZIRK;673;616;57;0;422;422;0;0;12;410;151;115;62;36;1;;12;4;5;24;;;;;9;413;133;100;67;49;3;5;20;3;2;26;2;2;1;
0134;53120001;STIMMBEZIRK;292;264;28;0;155;155;0;0;4;151;59;41;7;12;1;;9;3;0;19;;;;;2;153;56;39;14;9;1;2;8;2;2;19;1;0;0;
0134;53002001;STIMMBEZIRK;707;599;108;0;478;380;0;98;5;473;241;123;25;36;2;;8;1;2;35;;;;;5;473;205;107;46;46;4;6;7;1;4;42;1;2;2;
0134;53005001;STIMMBEZIRK;194;161;33;0;131;99;0;32;1;130;63;28;11;14;2;;1;1;3;7;;;;;1;130;52;26;12;24;1;1;3;2;1;7;0;0;1;
0134;53013001;STIMMBEZIRK;263;246;17;0;193;177;0;16;1;192;83;51;18;14;7;;2;2;3;12;;;;;1;192;73;42;29;16;2;4;3;0;5;17;0;0;1;
0134;53014001;STIMMBEZIRK;1582;1405;177;0;1080;909;0;171;12;1068;443;305;82;108;16;;26;10;19;59;;;;;11;1069;362;314;107;146;6;7;27;9;9;73;1;3;5;
0134;53037001;STIMMBEZIRK;389;334;55;0;294;239;0;55;7;287;119;91;32;20;2;;6;2;1;14;;;;;4;290;92;81;37;42;2;1;7;2;1;19;0;4;2;
0134;53056001;STIMMBEZIRK;170;153;17;0;110;94;0;16;0;110;31;24;21;9;2;;3;3;3;14;;;;;1;109;27;16;25;12;0;3;4;3;3;14;0;1;1;
0134;53084001;STIMMBEZIRK;407;370;37;0;264;228;0;36;6;258;103;69;20;20;4;;8;2;2;30;;;;;5;259;91;65;27;30;3;5;9;2;2;25;0;0;0;
0134;53095001;STIMMBEZIRK;553;496;57;0;404;350;0;54;6;398;142;128;46;25;11;;7;5;3;31;;;;;3;401;118;98;61;46;10;5;9;7;4;33;2;5;3;
0134;53113001;STIMMBEZIRK;441;402;39;0;313;275;0;38;2;311;111;104;40;22;2;;6;3;2;21;;;;;1;312;97;108;36;27;5;3;5;4;1;25;0;1;0;
0134;53125001;STIMMBEZIRK;437;382;55;0;307;256;0;51;4;303;119;92;17;21;7;;8;5;3;31;;;;;3;304;99;74;32;35;7;4;6;4;0;39;1;3;0;
0134;53134001;STIMMBEZIRK;243;223;20;0;156;139;0;17;3;153;66;38;11;14;2;;6;2;0;14;;;;;3;153;50;39;9;26;0;4;6;0;1;15;0;3;0;
0134;53010001;STIMMBEZIRK;69;69;0;0;62;62;0;0;3;59;38;10;3;2;0;;1;3;1;1;;;;;2;60;39;8;4;2;0;1;1;3;0;1;0;0;1;
0134;53015001;STIMMBEZIRK;246;215;31;0;138;138;0;0;3;135;50;37;16;5;1;;5;3;1;17;;;;;2;136;45;37;15;12;2;1;6;2;0;15;0;1;0;
0134;53020001;STIMMBEZIRK;579;508;71;0;292;292;0;0;7;285;105;75;24;23;3;;7;20;2;26;;;;;7;285;92;66;33;32;2;3;6;15;4;28;1;2;1;
0134;53020002;STIMMBEZIRK;293;249;44;0;142;142;0;0;0;142;48;54;15;4;0;;2;9;1;9;;;;;1;141;40;49;20;10;0;2;1;8;0;10;0;0;1;
0134;53020003;STIMMBEZIRK;168;154;14;0;120;120;0;0;1;119;53;40;6;5;1;;1;6;1;6;;;;;2;118;52;36;8;10;1;1;0;3;1;5;0;1;0;
0134;53020004;STIMMBEZIRK;714;630;84;0;335;335;0;0;12;323;112;119;20;16;7;;9;14;3;23;;;;;7;328;98;111;34;28;4;3;14;5;3;24;1;3;0;
0134;53020005;STIMMBEZIRK;643;588;55;0;337;334;3;0;11;326;117;122;11;14;3;;3;17;9;30;;;;;8;329;110;116;20;18;6;3;7;5;4;36;0;3;1;
0134;53020006;STIMMBEZIRK;365;328;37;0;184;184;0;0;4;180;61;64;15;4;2;;9;9;1;15;;;;;0;184;54;66;19;9;2;0;10;5;0;17;1;1;0;
0134;53020007;STIMMBEZIRK;503;452;51;0;265;265;0;0;7;258;90;99;18;16;2;;5;10;3;15;;;;;4;261;83;92;29;17;4;3;8;3;3;18;0;0;1;
0134;53020008;STIMMBEZIRK;447;402;45;0;243;241;2;0;7;236;97;83;10;9;5;;10;7;1;14;;;;;2;241;82;83;14;22;5;2;12;3;2;14;0;2;0;
0134;53020009;STIMMBEZIRK;424;374;50;0;262;262;0;0;2;260;90;102;23;16;1;;5;3;3;17;;;;;0;262;72;91;35;21;3;3;9;6;3;18;0;0;1;
0134;53020010;STIMMBEZIRK;559;526;33;0;319;319;0;0;5;314;108;108;25;21;5;;11;5;4;27;;;;;3;316;92;104;29;33;3;8;10;5;3;28;0;0;1;
0134;53029001;STIMMBEZIRK;282;258;24;0;188;188;0;0;2;186;59;72;19;5;2;;4;3;1;21;;;;;3;185;53;58;32;7;0;1;8;3;0;21;1;1;0;
0134;53035001;STIMMBEZIRK;55;54;1;0;43;43;0;0;0;43;11;14;5;6;0;;1;0;2;4;;;;;0;43;10;12;8;5;1;0;1;0;2;4;0;0;0;
0134;53046001;STIMMBEZIRK;1022;931;91;0;584;583;1;0;12;572;252;189;38;29;2;;7;10;13;32;;;;;10;574;208;173;50;61;4;8;9;6;10;38;0;4;3;
0134;53046002;STIMMBEZIRK;346;332;14;0;202;202;0;0;1;201;112;39;5;15;6;;7;2;2;13;;;;;2;200;106;38;4;20;8;1;3;4;2;14;0;0;0;
0134;53048001;STIMMBEZIRK;1093;932;161;0;626;626;0;0;9;617;215;215;51;60;5;;13;10;12;36;;;;;5;621;193;197;63;77;3;4;17;8;10;39;1;6;3;
0134;53064001;STIMMBEZIRK;516;453;63;0;298;298;0;0;4;294;109;97;18;22;3;;4;6;3;32;;;;;3;295;99;82;33;29;1;3;7;3;3;32;1;2;0;
0134;53080001;STIMMBEZIRK;131;103;28;0;68;68;0;0;1;67;28;13;2;9;2;;2;2;0;9;;;;;1;67;25;12;6;8;1;0;2;1;0;11;0;1;0;
0134;53092001;STIMMBEZIRK;874;803;71;0;556;556;0;0;6;550;236;142;48;25;8;;16;19;7;49;;;;;2;554;198;126;61;50;2;14;19;12;8;58;0;4;2;
0134;53104001;STIMMBEZIRK;447;406;41;0;292;291;1;0;1;291;99;97;20;15;4;;8;4;3;41;;;;;0;292;96;96;20;19;2;4;9;2;4;39;0;1;0;
0134;53115001;STIMMBEZIRK;379;338;41;0;265;265;0;0;0;265;133;50;14;24;4;;11;5;1;23;;;;;1;264;119;47;23;34;1;4;8;1;2;24;0;1;0;
0134;53119001;STIMMBEZIRK;212;198;14;0;131;131;0;0;4;127;43;44;13;8;2;;1;2;3;11;;;;;4;127;35;38;22;7;1;0;2;1;4;16;0;0;1;
0134;53126001;STIMMBEZIRK;300;280;20;0;206;206;0;0;4;202;86;66;12;17;0;;5;3;3;10;;;;;1;205;87;58;15;17;0;6;2;2;1;10;1;3;3;
0134;53132001;STIMMBEZIRK;729;660;69;0;395;395;0;0;4;391;181;103;26;14;2;;8;9;17;31;;;;;4;391;158;94;30;25;3;8;10;5;14;41;0;2;1;
0134;53001001;STIMMBEZIRK;61;47;14;0;42;42;0;0;0;42;18;12;2;5;1;;2;0;0;2;;;;;0;42;13;12;6;4;2;0;3;0;0;2;0;0;0;
0134;53004001;STIMMBEZIRK;714;612;102;0;447;443;4;0;6;441;228;113;29;30;3;;16;6;0;16;;;;;3;444;195;95;36;63;2;5;18;4;2;21;1;2;0;
0134;53016001;STIMMBEZIRK;143;116;27;0;84;84;0;0;0;84;33;35;4;4;1;;2;0;1;4;;;;;1;83;22;36;9;5;0;1;2;0;1;7;0;0;0;
0134;53018001;STIMMBEZIRK;195;173;22;0;149;149;0;0;2;147;47;51;29;12;0;;0;3;1;4;;;;;2;147;46;35;41;16;0;0;4;0;3;2;0;0;0;
0134;53026001;STIMMBEZIRK;327;266;61;0;198;198;0;0;2;196;71;53;31;18;2;;5;3;1;12;;;;;2;196;69;45;27;21;0;2;5;1;2;19;5;0;0;
0134;53030001;STIMMBEZIRK;34;30;4;0;29;29;0;0;0;29;4;11;11;0;0;;1;0;2;0;;;;;0;29;3;3;19;1;1;0;1;0;1;0;0;0;0;
0134;53033001;STIMMBEZIRK;122;110;12;0;74;74;0;0;2;72;24;21;6;4;0;;5;0;5;7;;;;;1;73;23;15;10;7;0;1;3;0;4;8;2;0;0;
0134;53040001;STIMMBEZIRK;75;68;7;0;50;50;0;0;0;50;24;11;3;8;0;;1;0;1;2;;;;;0;50;27;8;3;7;0;0;1;1;0;3;0;0;0;
0134;53041001;STIMMBEZIRK;1094;1005;89;0;709;709;0;0;9;700;276;242;61;46;4;;21;8;2;40;;;;;6;703;256;195;88;64;4;11;23;6;3;50;0;2;1;
0134;53041002;STIMMBEZIRK;1038;926;112;0;696;696;0;0;3;693;296;226;51;44;7;;13;4;15;37;;;;;2;694;266;193;80;75;6;3;18;2;7;41;0;3;0;
0134;53041003;STIMMBEZIRK;959;814;145;0;639;636;3;0;8;631;262;186;51;50;5;;18;4;10;45;;;;;5;634;233;137;92;75;2;10;23;6;8;45;0;2;1;
0134;53043001;STIMMBEZIRK;751;650;101;0;473;473;0;0;7;466;204;127;52;37;1;;13;5;6;21;;;;;5;468;176;111;62;60;4;4;18;8;2;23;0;0;0;
0134;53051001;STIMMBEZIRK;253;227;26;0;164;164;0;0;3;161;87;50;3;9;1;;0;1;4;6;;;;;2;162;78;40;10;13;2;5;0;2;4;7;0;1;0;
0134;53054001;STIMMBEZIRK;360;334;26;0;217;217;0;0;3;214;73;81;19;17;2;;7;1;2;12;;;;;3;214;72;60;29;22;1;2;11;0;1;13;1;1;1;
0134;53057001;STIMMBEZIRK;196;177;19;0;126;126;0;0;4;122;64;35;6;6;1;;4;0;2;4;;;;;3;123;59;29;13;11;1;1;3;0;2;4;0;0;0;
0134;53062001;STIMMBEZIRK;209;179;30;0;138;138;0;0;3;135;61;39;8;12;1;;4;3;0;7;;;;;2;136;58;43;9;11;2;0;5;1;0;6;0;0;1;
0134;53066001;STIMMBEZIRK;205;181;24;0;135;135;0;0;3;132;62;32;11;7;4;;6;0;0;10;;;;;0;135;48;31;13;21;0;3;6;1;1;10;0;0;1;
0134;53078001;STIMMBEZIRK;177;162;15;0;115;115;0;0;1;114;42;31;8;12;3;;2;6;4;6;;;;;0;115;37;20;17;19;2;0;2;5;3;9;0;0;1;
0134;53088001;STIMMBEZIRK;106;99;7;0;88;88;0;0;1;87;36;30;7;4;0;;1;1;1;7;;;;;0;88;34;23;13;4;1;0;1;2;0;9;1;0;0;
0134;53093001;STIMMBEZIRK;613;549;64;0;373;373;0;0;5;368;160;99;41;30;5;;9;4;1;19;;;;;4;369;140;77;48;52;3;3;16;6;0;23;0;0;1;
0134;53098001;STIMMBEZIRK;357;319;38;0;229;229;0;0;4;225;109;63;15;17;1;;5;1;1;13;;;;;1;228;95;51;32;24;2;1;5;2;2;13;0;0;1;
0134;53102001;STIMMBEZIRK;55;46;9;0;39;39;0;0;0;39;24;8;2;3;0;;0;0;1;1;;;;;0;39;20;6;3;5;1;2;0;1;0;1;0;0;0;
0134;53107001;STIMMBEZIRK;359;314;45;0;237;237;0;0;2;235;98;73;22;12;6;;3;5;2;14;;;;;2;235;80;56;38;23;6;3;7;4;3;14;1;0;0;
0134;53107002;STIMMBEZIRK;140;114;26;0;73;73;0;0;1;72;35;12;10;5;0;;5;0;1;4;;;;;1;72;35;10;10;7;0;1;5;0;0;3;0;1;0;
0134;53110001;STIMMBEZIRK;458;422;36;0;290;290;0;0;2;288;134;72;25;22;5;;10;3;3;14;;;;;1;289;116;64;33;37;3;3;13;2;3;14;0;1;0;
0134;53117001;STIMMBEZIRK;325;278;47;0;211;211;0;0;3;208;112;51;11;16;1;;8;0;0;9;;;;;4;207;99;48;14;25;0;2;7;1;0;11;0;0;0;
0134;53117002;STIMMBEZIRK;111;103;8;0;74;74;0;0;1;73;42;18;0;9;1;;1;0;0;2;;;;;1;73;38;15;0;14;0;1;0;0;0;3;0;2;0;
0134;53123001;STIMMBEZIRK;778;707;71;0;427;427;0;0;10;417;205;109;34;23;3;;8;3;8;24;;;;;9;418;176;99;50;38;1;7;10;5;7;23;1;1;0;
0134;53136001;STIMMBEZIRK;844;771;73;0;529;529;0;0;4;525;252;155;36;31;10;;10;4;2;25;;;;;3;526;218;120;57;60;8;3;16;0;5;35;1;2;1;
0134;53025001;STIMMBEZIRK;467;431;36;0;322;290;0;32;5;317;146;65;38;44;3;;5;5;5;6;;;;;5;317;123;71;34;58;4;2;9;3;3;9;0;0;1;
0134;53038001;STIMMBEZIRK;275;256;19;0;144;125;0;19;2;142;58;47;5;10;3;;6;1;1;11;;;;;0;144;52;37;18;11;2;1;6;2;0;13;1;1;0;
0134;53039001;STIMMBEZIRK;172;164;8;0;124;116;0;8;2;122;51;40;9;5;2;;5;1;2;7;;;;;1;123;54;32;13;9;3;0;4;1;0;6;0;0;1;
0134;53044001;STIMMBEZIRK;449;413;36;0;329;295;0;34;4;325;102;127;40;14;4;;9;4;0;25;;;;;2;327;94;103;58;25;7;2;6;3;0;27;0;2;0;
0134;53068001;STIMMBEZIRK;463;431;32;0;313;284;0;29;2;311;107;103;22;28;3;;14;8;3;23;;;;;1;312;92;96;35;24;4;8;13;3;4;26;3;3;1;
0134;53069001;STIMMBEZIRK;655;601;54;0;423;374;0;49;8;415;146;119;37;39;5;;15;8;5;41;;;;;6;417;127;92;57;52;4;6;16;5;7;42;1;6;2;
0134;53077001;STIMMBEZIRK;304;283;21;0;204;184;0;20;2;202;77;80;7;9;0;;7;3;3;16;;;;;2;202;62;64;25;21;1;1;6;1;3;17;0;0;1;
0134;53079001;STIMMBEZIRK;701;660;41;0;511;473;0;38;7;504;173;167;42;43;11;;21;4;5;38;;;;;7;504;164;145;50;51;6;14;19;1;4;47;0;1;2;
0134;53081001;STIMMBEZIRK;381;340;41;0;266;227;0;39;2;264;123;67;23;21;4;;5;4;0;17;;;;;3;263;111;57;22;34;2;2;6;5;2;20;1;1;0;
0134;53085001;STIMMBEZIRK;976;903;73;0;639;568;0;71;4;635;305;195;42;43;3;;9;6;4;28;;;;;6;633;275;161;63;73;4;4;13;6;3;26;2;3;0;
0134;53086001;STIMMBEZIRK;231;209;22;0;142;122;0;20;1;141;57;33;7;19;1;;7;1;2;14;;;;;1;141;46;29;9;24;0;2;7;2;1;18;0;2;1;
0134;53096001;STIMMBEZIRK;841;759;82;0;521;442;0;79;5;516;145;133;48;126;5;;13;3;8;35;;;;;4;517;149;146;60;86;4;6;12;4;9;40;0;1;0;
0134;53097001;STIMMBEZIRK;557;502;55;0;364;311;0;53;5;359;119;113;38;48;3;;12;3;0;23;;;;;4;360;105;94;49;53;3;4;14;2;2;31;0;3;0;
0134;53099001;STIMMBEZIRK;302;286;16;0;212;197;0;15;4;208;77;54;21;21;7;;7;3;3;15;;;;;4;208;66;53;30;24;6;3;7;1;3;15;0;0;0;
0134;53101001;STIMMBEZIRK;255;233;22;0;176;154;0;22;2;174;63;43;18;25;4;;4;2;1;14;;;;;3;173;53;38;22;31;1;4;5;0;0;18;1;0;0;
0134;53108001;STIMMBEZIRK;1454;1336;118;0;947;832;1;114;18;929;327;298;70;102;8;;28;21;6;69;;;;;14;933;300;264;102;106;8;15;28;11;7;84;1;3;4;
0134;53109001;STIMMBEZIRK;506;476;30;0;324;294;0;30;1;323;142;79;21;24;6;;12;4;6;29;;;;;2;322;116;76;24;39;1;7;16;4;3;33;0;2;1;
0134;53112001;STIMMBEZIRK;1098;988;110;0;738;636;0;102;9;729;313;201;58;66;6;;27;3;7;48;;;;;5;733;294;187;61;77;5;14;28;2;8;55;0;1;1;
0134;53114001;STIMMBEZIRK;143;132;11;0;119;108;0;11;1;118;45;25;20;8;0;;2;4;3;11;;;;;1;118;39;23;23;10;0;2;5;2;3;9;1;1;0;
0134;53118001;STIMMBEZIRK;508;454;54;0;349;297;0;52;4;345;114;145;27;14;7;;9;4;4;21;;;;;2;347;111;129;35;16;8;5;12;3;3;23;0;2;0;
0134;53121001;STIMMBEZIRK;258;229;29;0;187;161;0;26;2;185;62;56;16;17;3;;9;0;3;19;;;;;0;187;54;45;26;17;2;1;12;0;2;24;1;3;0;
0134;53122001;STIMMBEZIRK;477;423;54;0;329;277;0;52;0;329;120;138;18;21;7;;5;2;6;12;;;;;1;328;105;123;28;33;4;2;8;2;6;14;0;2;1;
0134;53124001;STIMMBEZIRK;333;299;34;0;220;188;0;32;0;220;80;70;18;15;3;;9;3;4;18;;;;;2;218;66;54;30;26;2;4;13;1;1;18;0;2;1;
0134;53127001;STIMMBEZIRK;168;153;15;0;124;109;0;15;1;123;48;27;17;9;1;;1;3;3;14;;;;;1;123;37;28;19;17;1;1;1;0;2;17;0;0;0;
0134;53130001;STIMMBEZIRK;639;574;65;0;414;355;0;59;11;403;123;126;56;45;9;;17;9;4;14;;;;;8;406;110;112;73;53;11;5;18;6;3;11;0;3;1;
0135;53003001;STIMMBEZIRK;893;685;208;0;674;480;3;191;6;668;298;159;84;79;6;;7;;;35;;;;;6;668;233;138;107;129;3;3;10;2;2;39;0;1;1;
0135;53003002;STIMMBEZIRK;812;592;220;0;602;403;1;198;9;593;288;141;52;67;4;;20;;;21;;;;;5;597;239;132;68;99;1;4;21;2;0;28;0;3;0;
0135;53003003;STIMMBEZIRK;793;652;141;0;596;472;0;124;5;591;260;124;81;74;3;;12;;;37;;;;;3;593;191;98;99;133;1;7;14;0;4;41;1;2;2;
0135;53012001;STIMMBEZIRK;1484;1322;162;0;983;840;2;141;15;968;302;402;115;72;8;;25;;;44;;;;;7;976;275;356;122;112;6;15;30;2;3;46;0;5;4;
0135;53012002;STIMMBEZIRK;1119;950;169;0;783;631;2;150;4;779;275;277;92;72;9;;18;;;36;;;;;1;782;250;244;83;125;6;6;26;3;0;37;1;1;0;
0135;53012003;STIMMBEZIRK;1036;952;84;0;554;479;2;73;10;544;159;227;62;31;8;;10;;;47;;;;;5;549;155;196;78;37;5;6;13;1;3;48;1;2;4;
0135;53023001;STIMMBEZIRK;1000;848;152;0;734;595;0;139;22;712;285;255;50;74;9;;6;;;33;;;;;13;721;236;235;69;110;6;3;5;4;5;38;0;8;2;
0135;53023002;STIMMBEZIRK;834;736;98;0;555;461;0;94;6;549;237;186;33;43;5;;18;;;27;;;;;4;551;199;159;56;69;1;6;15;6;4;28;0;6;2;
0135;53023003;STIMMBEZIRK;890;734;156;0;666;511;0;155;5;661;250;202;61;89;8;;16;;;35;;;;;2;664;205;170;75;127;4;7;19;3;1;42;0;8;3;
0135;53028001;STIMMBEZIRK;893;808;85;0;520;442;1;77;7;513;173;170;57;40;4;;27;;;42;;;;;4;516;177;153;56;44;4;5;25;4;3;41;0;1;3;
0135;53028002;STIMMBEZIRK;913;833;80;0;610;531;0;79;4;606;192;228;80;44;2;;20;;;40;;;;;6;604;173;194;78;63;6;5;26;5;3;46;1;3;1;
0135;53028003;STIMMBEZIRK;896;792;104;0;631;539;1;91;9;622;213;211;73;60;7;;19;;;39;;;;;4;627;189;179;92;83;5;6;19;6;3;40;2;1;2;
0135;53050001;STIMMBEZIRK;684;638;46;0;483;445;38;0;4;479;194;175;17;34;12;;15;;;32;;;;;2;481;184;158;21;39;8;4;16;9;0;33;2;4;3;
0135;53053001;STIMMBEZIRK;408;355;53;0;316;263;0;53;3;313;129;90;18;35;5;;9;;;27;;;;;3;313;113;78;29;44;3;4;10;0;1;29;0;0;2;
0135;53072001;STIMMBEZIRK;1030;895;135;0;712;592;0;120;6;706;281;225;59;69;6;;20;;;46;;;;;4;708;272;180;60;91;2;3;26;7;15;47;0;0;5;
0135;53131001;STIMMBEZIRK;157;149;8;0;115;107;0;8;2;113;49;26;4;18;0;;4;;;12;;;;;0;115;44;18;10;23;1;0;4;1;0;13;0;1;0;
0135;53133001;STIMMBEZIRK;645;541;104;0;466;376;0;90;2;464;170;116;86;44;1;;17;;;30;;;;;3;463;144;97;89;77;1;3;14;1;0;32;1;4;0;
0135;53133002;STIMMBEZIRK;669;548;121;0;470;369;0;101;5;465;211;103;56;54;0;;20;;;21;;;;;3;467;162;92;52;99;1;0;28;0;3;23;0;7;0;
0135;53133003;STIMMBEZIRK;611;480;131;0;453;333;0;120;6;447;204;92;69;48;4;;6;;;24;;;;;2;451;160;86;64;95;1;9;4;2;2;24;0;4;0;
0135;53135001;STIMMBEZIRK;139;124;15;0;100;86;0;14;3;97;71;11;4;8;1;;2;;;0;;;;;1;99;62;10;5;13;2;1;1;3;0;2;0;0;0;
0135;53006001;STIMMBEZIRK;565;495;70;0;342;279;0;63;7;335;90;109;24;28;7;;11;;;66;;;;;5;337;77;91;33;37;2;11;8;7;1;66;0;1;3;
0135;53019001;STIMMBEZIRK;148;144;4;0;109;105;0;4;2;107;42;38;5;9;2;;1;;;10;;;;;1;108;35;35;7;11;0;0;1;0;0;13;0;5;1;
0135;53022001;STIMMBEZIRK;293;256;37;0;209;172;0;37;7;202;84;57;14;14;4;;2;;;27;;;;;7;202;72;55;13;15;5;6;2;3;2;26;1;1;1;
0135;53058001;STIMMBEZIRK;141;131;10;0;98;88;0;10;2;96;38;31;3;9;2;;5;;;8;;;;;2;96;33;24;5;15;0;2;5;0;0;10;0;2;0;
0135;53073001;STIMMBEZIRK;307;285;22;0;220;198;0;22;4;216;95;62;15;12;4;;8;;;20;;;;;3;217;78;62;12;23;3;2;8;2;0;24;1;2;0;
0135;53074001;STIMMBEZIRK;138;117;21;0;111;91;20;0;2;109;57;19;14;3;3;;3;;;10;;;;;1;110;53;23;6;9;2;0;6;0;1;8;0;2;0;
0135;53082001;STIMMBEZIRK;242;213;29;0;177;151;0;26;3;174;77;55;3;8;3;;3;;;25;;;;;2;175;67;48;8;19;2;0;4;1;0;24;0;1;1;
0135;53087001;STIMMBEZIRK;569;519;50;0;379;337;0;42;8;371;177;125;14;19;4;;11;;;21;;;;;3;376;157;100;23;40;0;7;16;6;2;21;0;2;2;
0135;53111001;STIMMBEZIRK;713;646;67;0;502;438;0;64;2;500;195;185;29;32;7;;13;;;39;;;;;1;501;154;141;61;58;3;4;16;10;5;46;0;2;1;
0135;53128001;STIMMBEZIRK;173;153;20;0;127;107;0;20;3;124;56;33;14;10;2;;5;;;4;;;;;1;126;47;31;13;18;0;1;4;2;2;7;0;0;1;
0135;53007001;STIMMBEZIRK;352;297;55;0;205;202;3;0;2;203;84;59;26;20;3;;6;;;5;;;;;1;204;70;56;26;29;1;3;5;4;2;5;1;1;1;
0135;53017001;STIMMBEZIRK;545;491;54;0;282;282;0;0;5;277;114;83;22;22;8;;6;;;22;;;;;4;278;104;74;27;23;10;0;6;7;1;22;2;1;1;
0135;53021001;STIMMBEZIRK;126;96;30;0;74;73;1;0;0;74;45;16;5;5;1;;0;;;2;;;;;1;73;42;13;5;8;0;0;0;0;0;2;0;2;1;
0135;53027001;STIMMBEZIRK;671;608;63;0;382;382;0;0;3;379;134;131;29;40;6;;10;;;29;;;;;3;379;131;108;40;43;2;3;9;2;3;34;0;4;0;
0135;53031001;STIMMBEZIRK;292;268;24;0;186;185;1;0;5;181;75;62;18;10;3;;4;;;9;;;;;3;183;66;53;24;18;2;4;3;1;1;9;0;1;1;
0135;53036001;STIMMBEZIRK;284;260;24;0;172;172;0;0;0;172;93;41;13;10;3;;1;;;11;;;;;0;172;81;27;21;15;4;4;2;3;0;12;2;1;0;
0135;53042001;STIMMBEZIRK;127;113;14;0;80;80;0;0;2;78;42;22;6;4;0;;2;;;2;;;;;1;79;35;20;5;7;0;1;3;1;0;7;0;0;0;
0135;53045001;STIMMBEZIRK;201;174;27;0;130;130;0;0;4;126;58;38;6;8;2;;5;;;9;;;;;1;129;50;31;8;16;1;4;4;0;2;11;1;1;0;
0135;53047001;STIMMBEZIRK;1052;954;98;0;605;594;11;0;12;593;214;224;37;45;7;;14;;;52;;;;;6;599;196;192;52;71;3;9;15;2;1;52;1;3;2;
0135;53049001;STIMMBEZIRK;404;339;65;0;224;224;0;0;6;218;83;67;26;19;2;;3;;;18;;;;;6;218;75;52;33;27;2;3;3;1;1;19;0;0;2;
0135;53052001;STIMMBEZIRK;155;146;9;0;90;90;0;0;2;88;46;24;5;5;2;;3;;;3;;;;;2;88;43;19;9;6;0;2;3;2;0;4;0;0;0;
0135;53059001;STIMMBEZIRK;170;152;18;0;131;130;1;0;7;124;46;38;19;11;1;;1;;;8;;;;;3;128;42;29;26;9;1;7;0;0;0;13;0;1;0;
0135;53060001;STIMMBEZIRK;492;454;38;0;299;299;0;0;4;295;140;76;26;19;3;;9;;;22;;;;;3;296;132;62;28;37;0;3;12;0;5;17;0;0;0;
0135;53070001;STIMMBEZIRK;234;210;24;0;152;151;1;0;4;148;53;49;21;9;0;;3;;;13;;;;;3;149;40;39;32;14;2;0;2;2;1;15;0;1;1;
0135;53071001;STIMMBEZIRK;498;452;46;0;323;323;0;0;4;319;108;111;38;18;6;;9;;;29;;;;;3;320;94;77;60;28;5;7;6;6;3;30;2;1;1;
0135;53076001;STIMMBEZIRK;1132;924;208;0;604;601;3;0;10;594;287;152;46;58;6;;15;;;30;;;;;11;593;264;123;62;80;3;6;18;1;2;32;0;2;0;
0135;53089001;STIMMBEZIRK;469;403;66;0;270;269;1;0;7;263;102;88;26;13;2;;15;;;17;;;;;3;267;96;79;25;15;1;8;13;5;2;21;0;1;1;
0135;53091001;STIMMBEZIRK;151;123;28;0;81;80;1;0;4;77;34;16;2;8;1;;0;;;16;;;;;0;81;30;16;3;12;1;0;1;2;0;14;1;0;1;
0135;53106001;STIMMBEZIRK;313;287;26;0;202;202;0;0;3;199;88;53;19;14;3;;6;;;16;;;;;1;201;77;46;20;19;4;12;3;1;2;17;0;0;0;
