Wahlkreis;Wahlbezirk Nr.;Erfassungsgebietsart;Gemeinde/Amt Nr.;Wahlberechtigte gesamt (A);Wahlberechtigte ohne Wahlschein (A1);Wahlberechtigte mit Wahlschein (A2);Wahlberechtigte nicht im Waehlerverzeichnis (A3);Waehlende gesamt (B);Urnenwaehlende laut Stimmabgabevermerk im Waehlerverzeichnis (B1);Urnenwaehlende mit Wahlschein (B2a);Briefwaehlende (B2b);Direktstimmen ungueltige (C);Direktstimmen gueltige (D);D1;D2;D3;D4;D5;D6;D7;D9;D10;D11;D12;D13;D16;D17;D18;D19;D20;Listenstimmen ungueltige (E);Listenstimmen gueltige (F);F1;F2;F3;F4;F5;F6;F7;F8;F9;F10;F11;F12;F13;F14;F15;F16;
0101;54988001;BRIEFWAHLBEZIRK;01054548800001;0;0;0;0;1361;0;0;0;9;1352;524;181;314;182;19;15;113;;;4;;;;;;;;5;1356;656;156;257;113;15;11;95;4;1;3;5;15;0;1;22;2;
0101;54988002;BRIEFWAHLBEZIRK;01054548800001;0;0;0;0;445;0;0;0;5;440;166;67;103;44;7;5;46;;;2;;;;;;;;1;444;190;60;89;38;6;5;40;2;3;3;0;3;0;0;5;0;
0102;54056001;STIMMBEZIRK;01054005605602;1348;884;464;0;569;569;0;0;4;565;239;68;138;30;25;9;56;;;;;;;;;;;3;566;250;55;128;49;22;10;36;3;2;3;1;3;1;0;1;2;
0102;54056002;STIMMBEZIRK;01054005605602;1321;1049;272;0;502;502;0;0;4;498;192;116;80;21;13;9;67;;;;;;;;;;;4;498;202;91;77;23;15;8;57;4;2;4;1;7;0;2;2;3;
0102;54056003;STIMMBEZIRK;01054005605602;1358;1047;311;0;526;526;0;0;4;522;174;89;102;30;24;13;90;;;;;;;;;;;3;523;221;81;77;27;19;10;67;3;0;5;0;4;0;1;5;3;
0102;54056004;STIMMBEZIRK;01054005605602;1270;1029;241;0;398;398;0;0;7;391;166;68;50;20;14;11;62;;;;;;;;;;;6;392;182;67;45;16;14;6;44;4;1;8;0;1;1;0;2;1;
0102;54056005;STIMMBEZIRK;01054005605602;1570;1223;347;0;623;620;3;0;8;615;238;110;105;29;19;14;100;;;;;;;;;;;5;618;256;96;93;32;23;7;87;4;3;4;1;9;0;0;1;2;
0102;54056006;STIMMBEZIRK;01054005605602;1423;1180;243;0;459;459;0;0;7;452;147;110;93;18;20;10;54;;;;;;;;;;;6;453;146;87;79;25;20;9;59;3;3;10;0;4;0;1;5;2;
0102;54056007;STIMMBEZIRK;01054005605602;1477;1151;326;0;537;537;0;0;6;531;189;89;132;16;23;7;75;;;;;;;;;;;4;533;205;80;117;18;24;11;60;0;1;2;1;1;1;1;10;1;
0102;54056008;STIMMBEZIRK;01054005605602;1216;951;265;0;405;405;0;0;3;402;156;71;76;25;14;6;54;;;;;;;;;;;1;404;170;59;69;35;14;5;38;1;0;8;0;3;0;0;1;1;
0102;54056009;STIMMBEZIRK;01054005605602;1109;812;297;0;416;416;0;0;3;413;115;83;113;15;17;4;66;;;;;;;;;;;2;414;136;56;110;22;15;2;58;2;2;5;0;1;0;0;3;2;
0102;54056010;STIMMBEZIRK;01054005605602;1473;1134;339;0;510;510;0;0;3;507;176;91;97;24;13;13;93;;;;;;;;;;;2;508;197;76;87;33;17;11;71;3;0;4;1;4;1;0;3;0;
0102;54056011;STIMMBEZIRK;01054005605602;1506;1161;345;0;676;674;2;0;10;666;263;115;115;33;20;6;114;;;;;;;;;;;4;672;300;92;114;34;19;6;82;5;1;3;1;10;0;0;4;1;
0102;54056012;STIMMBEZIRK;01054005605602;1272;944;328;0;556;556;0;0;3;553;205;87;97;27;32;11;94;;;;;;;;;;;3;553;254;63;78;33;29;8;67;6;0;0;0;12;0;0;3;0;
0102;54056013;STIMMBEZIRK;01054005605602;1202;937;265;0;468;468;0;0;6;462;145;81;115;20;20;15;66;;;;;;;;;;;4;464;178;61;99;18;21;13;54;1;0;6;0;4;1;0;3;5;
0102;54056014;STIMMBEZIRK;01054005605602;1222;925;297;0;341;341;0;0;4;337;95;63;81;15;14;11;58;;;;;;;;;;;1;340;110;53;77;12;15;11;44;1;0;6;1;5;0;0;2;3;
0102;54928001;BRIEFWAHLBEZIRK;01054005605602;0;0;0;0;4046;0;0;0;41;4005;1276;740;886;231;113;67;692;;;;;;;;;;;16;4030;1617;641;757;255;113;60;461;14;11;22;5;29;6;6;26;7;
0102;54953001;BRIEFWAHLBEZIRK;01054545300002;0;0;0;0;1131;0;0;0;5;1126;519;150;167;74;35;15;166;;;;;;;;;;;2;1129;615;123;136;78;38;9;104;2;2;5;0;5;1;0;9;2;
0103;01000001;STIMMBEZIRK;01001000000003;1677;1293;384;0;677;677;0;0;7;670;158;137;148;38;21;25;130;5;;;5;;2;;;;1;6;671;173;104;161;38;20;21;132;1;3;5;1;7;0;0;3;2;
0103;01000002;STIMMBEZIRK;01001000000003;1752;1506;246;0;571;571;0;0;8;563;126;117;106;25;21;17;127;10;;;10;;2;;;;2;3;568;163;80;99;17;25;13;131;4;7;4;2;9;1;1;9;3;
0103;01000003;STIMMBEZIRK;01001000000003;1458;1223;235;0;404;404;0;0;7;397;89;76;70;15;15;16;105;0;;;9;;2;;;;0;7;397;101;55;72;8;16;13;108;1;0;0;0;13;3;0;6;1;
0103;01000004;STIMMBEZIRK;01001000000003;1404;1156;247;1;379;378;1;0;8;371;52;60;97;15;11;31;83;2;;;10;;7;;;;3;8;371;52;38;103;16;11;20;97;5;1;11;2;7;1;0;5;2;
0103;01000005;STIMMBEZIRK;01001000000003;1288;1126;162;0;355;353;2;0;3;352;37;64;118;16;16;31;57;1;;;6;;5;;;;1;2;353;46;43;108;14;19;34;55;4;0;14;0;7;1;0;2;6;
0103;01000006;STIMMBEZIRK;01001000000003;1212;1089;123;0;284;284;0;0;8;276;67;36;60;7;18;20;65;1;;;1;;0;;;;1;5;279;65;36;57;9;20;10;72;0;0;6;0;3;0;1;0;0;
0103;01000007;STIMMBEZIRK;01001000000003;1600;1276;324;0;545;535;10;0;7;538;69;87;174;21;15;54;94;5;;;10;;7;;;;2;5;540;74;64;183;18;15;36;104;5;3;12;0;14;2;0;9;1;
0103;01000008;STIMMBEZIRK;01001000000003;1422;1183;239;0;500;495;5;0;4;496;39;79;190;28;6;47;82;3;;;13;;9;;;;0;3;497;44;47;184;26;6;44;105;5;0;10;0;13;1;1;5;6;
0103;01000009;STIMMBEZIRK;01001000000003;1567;1227;340;0;562;555;7;0;2;560;54;78;243;18;6;59;72;6;;;15;;9;;;;0;2;560;58;43;230;24;7;56;89;3;1;18;0;14;2;1;8;6;
0103;01000010;STIMMBEZIRK;01001000000003;1554;1102;452;0;655;653;2;0;9;646;146;106;196;41;14;31;98;0;;;9;;4;;;;1;6;649;156;70;201;46;10;30;104;1;3;10;1;12;0;0;2;3;
0103;01000011;STIMMBEZIRK;01001000000003;1313;1003;310;0;520;514;6;0;6;514;118;74;143;24;18;29;90;1;;;7;;7;;;;3;3;517;118;56;147;28;18;21;99;3;3;6;0;8;0;0;7;3;
0103;01000012;STIMMBEZIRK;01001000000003;1478;1082;396;0;663;663;0;0;6;657;210;111;152;48;24;14;84;2;;;8;;4;;;;0;8;655;231;77;157;36;27;10;101;2;1;3;0;6;0;0;1;3;
0103;01000013;STIMMBEZIRK;01001000000003;1591;1249;342;0;642;642;0;0;14;628;138;129;162;12;25;27;112;2;;;12;;9;;;;0;10;632;152;101;170;12;24;27;117;2;2;4;2;5;2;0;6;6;
0103;01000014;STIMMBEZIRK;01001000000003;1300;1025;275;0;485;482;3;0;2;483;108;92;107;21;19;23;90;3;;;15;;5;;;;0;1;484;112;62;101;25;18;15;115;3;2;5;0;14;2;0;5;5;
0103;01000015;STIMMBEZIRK;01001000000003;1409;1116;293;0;663;661;2;0;8;655;207;113;148;36;21;14;100;1;;;7;;4;;;;4;4;659;228;99;134;30;23;15;108;2;1;5;2;7;0;0;3;2;
0103;01000016;STIMMBEZIRK;01001000000003;1795;1537;258;0;754;754;0;0;9;745;226;127;141;38;35;22;133;2;;;14;;5;;;;2;2;752;255;116;148;30;41;15;124;1;1;4;0;10;2;1;2;2;
0103;01000017;STIMMBEZIRK;01001000000003;1760;1388;372;0;841;840;1;0;12;829;218;143;175;68;50;20;133;7;;;8;;6;;;;1;8;833;241;111;184;52;59;17;142;3;5;2;1;5;2;1;2;6;
0103;01000018;STIMMBEZIRK;01001000000003;1829;1576;252;1;718;716;2;0;9;709;210;135;98;39;41;21;139;5;;;13;;4;;;;4;4;714;217;107;98;36;40;18;160;2;3;6;2;14;1;0;6;4;
0103;01000019;STIMMBEZIRK;01001000000003;1448;1269;179;0;537;534;3;0;6;531;122;111;88;17;42;20;112;5;;;11;;2;;;;1;5;532;132;93;95;15;46;18;103;2;3;9;1;8;1;2;3;1;
0103;01000020;STIMMBEZIRK;01001000000003;1643;1334;309;0;527;527;0;0;9;518;93;96;130;32;28;25;90;4;;;19;;1;;;;0;4;523;108;59;117;33;30;18;115;8;3;6;0;10;1;1;10;4;
0103;01000021;STIMMBEZIRK;01001000000003;1347;1136;211;0;434;434;0;0;3;431;57;80;137;21;15;30;75;4;;;6;;5;;;;1;4;430;65;50;133;16;15;31;94;0;1;8;3;6;2;0;3;3;
0103;01000022;STIMMBEZIRK;01001000000003;1720;1349;370;1;602;598;4;0;4;598;78;104;214;24;16;45;95;7;;;9;;6;;;;0;2;600;91;68;225;28;17;39;81;9;4;16;1;10;1;0;5;5;
0103;01000023;STIMMBEZIRK;01001000000003;1944;1523;421;0;657;650;7;0;4;653;93;123;216;29;26;38;105;2;;;10;;10;;;;1;4;653;113;73;205;34;27;27;123;8;2;13;1;9;3;0;7;8;
0103;01000024;STIMMBEZIRK;01001000000003;1653;1288;365;0;558;557;1;0;2;556;111;99;154;20;11;30;105;7;;;10;;7;;;;2;2;556;127;61;161;19;9;23;113;3;3;16;0;11;1;0;2;7;
0103;01000025;STIMMBEZIRK;01001000000003;1473;1184;289;0;624;624;0;0;7;617;96;94;243;28;10;52;71;5;;;11;;6;;;;1;6;618;116;62;232;33;10;42;80;1;3;10;1;12;0;1;9;6;
0103;01000026;STIMMBEZIRK;01001000000003;1628;1277;351;0;599;599;0;0;9;590;126;102;162;30;36;20;91;8;;;10;;2;;;;3;6;593;146;69;167;21;32;13;109;2;7;10;0;11;1;1;2;2;
0103;01000027;STIMMBEZIRK;01001000000003;1752;1329;423;0;669;664;5;0;6;663;149;115;219;24;10;29;94;4;;;13;;6;;;;0;5;664;165;65;227;24;14;23;113;3;2;4;0;14;0;0;6;4;
0103;01000028;STIMMBEZIRK;01001000000003;1602;1198;404;0;556;555;1;0;10;546;165;97;120;28;22;10;86;4;;;11;;2;;;;1;6;550;178;69;126;25;26;9;88;2;3;3;0;10;2;2;5;2;
0103;01000029;STIMMBEZIRK;01001000000003;1916;1518;398;0;850;847;3;0;10;840;228;142;232;57;19;21;105;5;;;25;;6;;;;0;7;843;264;95;232;50;18;23;109;4;4;6;0;26;2;0;7;3;
0103;01000030;STIMMBEZIRK;01001000000003;1927;1485;442;0;954;951;3;0;10;944;280;154;229;54;36;17;146;5;;;20;;2;;;;1;7;947;310;120;230;53;39;16;135;2;2;7;2;25;2;0;3;1;
0103;01000031;STIMMBEZIRK;01001000000003;1803;1405;398;0;774;772;2;0;4;770;214;123;189;47;39;21;115;2;;;11;;5;;;;4;6;768;220;89;206;41;42;13;135;1;1;2;0;8;0;0;6;4;
0103;01000032;STIMMBEZIRK;01001000000003;1355;1082;273;0;608;608;0;0;8;600;214;114;110;38;17;8;73;3;;;20;;2;;;;1;6;602;245;88;108;32;13;7;81;1;2;4;0;15;1;0;3;2;
0103;01000033;STIMMBEZIRK;01001000000003;1546;1350;196;0;500;500;0;0;10;490;125;106;56;29;34;21;97;5;;;12;;3;;;;2;7;493;129;88;49;21;39;21;114;0;3;3;2;12;1;2;4;5;
0103;01000034;STIMMBEZIRK;01001000000003;1254;1035;219;0;378;378;0;0;7;371;93;64;75;23;15;16;71;1;;;11;;2;;;;0;5;373;98;49;87;19;16;12;70;0;1;3;0;8;1;0;4;5;
0103;01000035;STIMMBEZIRK;01001000000003;1675;1378;297;0;673;673;0;0;7;666;205;120;120;37;25;25;107;15;;;9;;2;;;;1;3;670;210;104;125;43;31;24;108;1;6;5;1;9;0;0;3;0;
0103;01000036;STIMMBEZIRK;01001000000003;1338;1141;197;0;474;473;1;0;7;467;112;92;98;28;27;15;75;5;;;11;;1;;;;3;6;468;115;75;95;27;28;11;89;1;2;2;0;15;0;0;7;1;
0103;01000037;STIMMBEZIRK;01001000000003;1730;1359;371;0;625;624;1;0;9;616;208;100;104;29;29;16;110;2;;;11;;4;;;;3;4;621;215;91;105;31;33;16;103;2;2;5;0;8;2;0;6;2;
0103;01000038;STIMMBEZIRK;01001000000003;1354;1113;241;0;466;464;2;0;4;462;136;93;87;21;32;12;67;2;;;6;;5;;;;1;2;464;135;57;91;22;35;9;89;1;0;6;0;7;1;0;8;3;
0103;01000039;STIMMBEZIRK;01001000000003;1921;1482;439;0;831;828;3;0;11;820;291;128;132;54;50;21;126;7;;;9;;2;;;;0;7;824;316;94;143;48;56;21;117;2;5;4;2;9;0;1;2;4;
0103;01000040;STIMMBEZIRK;01001000000003;1603;1220;383;0;497;497;0;0;10;487;162;104;69;15;29;10;78;4;;;11;;3;;;;2;7;490;169;82;71;19;29;8;85;0;2;3;1;13;1;1;2;4;
0103;01000041;STIMMBEZIRK;01001000000003;1932;1524;408;0;834;832;2;0;8;826;270;142;158;53;24;20;136;6;;;10;;2;;;;5;10;824;296;114;145;45;21;19;132;3;3;13;2;16;1;0;9;5;
0103;01000042;STIMMBEZIRK;01001000000003;1810;1293;517;0;751;747;4;0;5;746;281;111;174;48;23;19;75;3;;;10;;2;;;;0;3;748;287;83;190;46;24;12;80;2;4;4;0;12;0;0;2;2;
0103;01000043;STIMMBEZIRK;01001000000003;1939;1612;327;0;657;657;0;0;8;649;230;116;103;30;48;19;92;7;;;3;;0;;;;1;6;651;225;92;94;43;46;21;103;4;5;4;1;4;0;1;6;2;
0103;01000044;STIMMBEZIRK;01001000000003;1844;1228;616;0;655;651;4;0;2;653;244;103;137;46;27;13;71;1;;;10;;1;;;;0;0;655;241;78;149;49;30;5;80;0;0;6;0;12;0;0;3;2;
0103;01900001;BRIEFWAHLBEZIRK;01001000000003;0;0;0;0;884;0;0;0;4;880;253;156;212;54;18;25;136;5;;;11;;5;;;;5;3;881;277;144;219;46;22;22;114;1;6;7;2;10;1;0;7;3;
0103;01900002;BRIEFWAHLBEZIRK;01001000000003;0;0;0;0;820;0;0;0;2;818;215;139;217;58;18;33;115;7;;;9;;5;;;;2;1;819;277;110;216;49;19;19;85;1;5;6;1;8;2;2;16;3;
0103;01900003;BRIEFWAHLBEZIRK;01001000000003;0;0;0;0;885;0;0;0;5;880;250;140;228;62;14;31;127;7;;;10;;5;;;;6;3;882;306;112;220;48;20;20;120;3;4;8;1;8;0;0;8;4;
0103;01900004;BRIEFWAHLBEZIRK;01001000000003;0;0;0;0;891;0;0;0;7;884;225;162;222;60;17;29;149;7;;;7;;3;;;;3;6;885;262;123;230;52;22;27;128;0;6;11;3;5;0;4;9;3;
0103;01900005;BRIEFWAHLBEZIRK;01001000000003;0;0;0;0;889;0;0;0;2;887;235;128;221;52;25;34;167;5;;;7;;9;;;;4;3;886;287;104;230;43;22;24;130;2;6;10;0;6;1;1;10;10;
0103;01900006;BRIEFWAHLBEZIRK;01001000000003;0;0;0;0;880;0;0;0;5;875;274;166;199;49;20;33;105;6;;;14;;9;;;;0;2;878;320;127;206;37;24;26;91;2;3;7;0;13;1;1;10;10;
0103;01900007;BRIEFWAHLBEZIRK;01001000000003;0;0;0;0;868;0;0;0;5;863;269;139;182;62;13;29;153;2;;;7;;6;;;;1;1;867;321;111;213;41;17;20;125;0;1;4;0;6;1;1;3;3;
0103;01900008;BRIEFWAHLBEZIRK;01001000000003;0;0;0;0;886;0;0;0;7;879;255;149;213;71;15;26;129;9;;;5;;6;;;;1;3;883;311;118;206;60;15;21;116;3;2;7;0;5;3;3;8;5;
0103;01900009;BRIEFWAHLBEZIRK;01001000000003;0;0;0;0;878;0;0;0;6;872;241;137;236;45;16;36;136;8;;;12;;5;;;;0;4;874;279;120;223;40;22;24;131;8;4;6;0;11;0;1;3;2;
0103;01900010;BRIEFWAHLBEZIRK;01001000000003;0;0;0;0;877;0;0;0;2;875;214;154;234;67;19;25;141;5;;;10;;2;;;;4;1;876;277;120;233;43;22;14;118;7;9;8;1;12;2;2;6;2;
0103;01900011;BRIEFWAHLBEZIRK;01001000000003;0;0;0;0;886;0;0;0;5;881;260;136;236;50;16;28;131;9;;;8;;7;;;;0;1;885;319;117;213;46;22;21;108;0;5;10;0;8;0;1;11;4;
0103;01900012;BRIEFWAHLBEZIRK;01001000000003;0;0;0;0;890;0;0;0;9;881;227;142;241;46;10;34;151;8;;;13;;8;;;;1;3;887;296;107;241;53;12;17;117;5;7;12;0;9;1;0;6;4;
0103;01900013;BRIEFWAHLBEZIRK;01001000000003;0;0;0;0;879;0;0;0;8;871;215;146;257;54;14;30;125;8;;;13;;7;;;;2;5;874;282;117;240;32;13;28;117;3;2;12;1;13;2;0;6;6;
0103;01900014;BRIEFWAHLBEZIRK;01001000000003;0;0;0;0;840;0;0;0;5;835;239;154;212;46;23;20;116;7;;;7;;7;;;;4;3;837;288;110;213;44;25;17;109;3;3;7;0;9;0;0;9;0;
0103;01900015;BRIEFWAHLBEZIRK;01001000000003;0;0;0;0;761;0;0;0;7;754;181;132;228;45;6;35;100;8;;;7;;10;;;;2;3;758;221;96;228;39;12;28;92;1;3;12;3;8;1;1;7;6;
0104;59113001;STIMMBEZIRK;01059011311304;511;374;137;0;251;248;3;0;2;249;99;38;55;14;2;4;24;5;;;8;;0;;;;;1;250;106;31;46;20;2;2;30;1;3;0;0;7;0;0;2;0;
0104;59113002;STIMMBEZIRK;01059011311304;394;271;123;0;166;166;0;0;0;166;53;29;38;15;1;2;25;0;;;2;;1;;;;;0;166;47;25;46;22;1;2;18;0;0;1;0;3;0;0;0;1;
0104;59113003;STIMMBEZIRK;01059011311304;1040;789;251;0;490;489;1;0;7;483;203;57;115;18;7;14;51;4;;;14;;0;;;;;2;488;220;49;75;32;13;8;61;1;1;5;0;14;0;0;9;0;
0104;59113004;STIMMBEZIRK;01059011311304;1139;895;244;0;545;545;0;0;9;536;185;93;124;23;24;8;62;3;;;13;;1;;;;;2;543;198;73;110;32;21;9;77;1;1;2;0;9;1;0;5;4;
0104;59113005;STIMMBEZIRK;01059011311304;1020;753;267;0;478;475;3;0;1;477;230;52;115;29;9;4;27;8;;;2;;1;;;;;0;478;247;49;93;36;8;1;29;0;4;0;0;2;0;1;3;5;
0104;59113006;STIMMBEZIRK;01059011311304;1069;715;354;0;534;412;122;0;22;512;203;93;100;31;9;6;56;2;;;8;;4;;;;;14;520;216;93;75;31;10;4;70;1;2;0;2;8;0;0;4;4;
0104;59914001;BRIEFWAHLBEZIRK;01059011311304;0;0;0;0;1119;0;0;0;7;1112;381;131;342;85;16;13;118;12;;;13;;1;;;;;0;1119;481;119;253;89;21;11;115;3;5;4;0;12;0;0;5;1;
0104;59183001;STIMMBEZIRK;01059018318304;855;753;102;0;412;412;0;0;7;405;156;73;61;14;16;14;64;3;;;4;;0;;;;;3;409;174;62;54;15;18;5;70;1;0;3;1;4;0;0;2;0;
0104;59183002;STIMMBEZIRK;01059018318304;743;657;86;0;387;387;0;0;7;380;142;69;43;14;26;5;69;3;;;8;;1;;;;;3;384;165;54;39;8;33;4;66;0;2;2;1;6;1;2;1;0;
0104;59183003;STIMMBEZIRK;01059018318304;1665;1337;328;0;808;808;0;0;12;796;297;118;166;45;22;11;117;7;;;13;;0;;;;;3;805;346;84;153;42;27;3;119;6;4;1;1;9;1;0;8;1;
0104;59183004;STIMMBEZIRK;01059018318304;1514;1210;304;0;631;631;0;0;4;627;276;94;85;33;21;4;96;6;;;10;;2;;;;;4;627;293;84;80;38;23;3;86;1;2;1;1;9;0;0;5;1;
0104;59183005;STIMMBEZIRK;01059018318304;673;571;102;0;348;348;0;0;1;347;143;43;58;16;12;8;56;2;;;7;;2;;;;;0;348;155;32;53;21;14;5;59;0;0;2;0;5;0;0;1;1;
0104;59183006;STIMMBEZIRK;01059018318304;1167;969;198;0;551;551;0;0;7;544;212;100;76;36;29;9;72;3;;;6;;1;;;;;5;546;224;84;68;29;29;11;81;2;2;6;0;6;2;0;2;0;
0104;59183007;STIMMBEZIRK;01059018318304;998;865;133;0;501;501;0;0;3;498;176;100;88;26;17;9;61;9;;;7;;5;;;;;2;499;178;77;97;30;18;5;64;2;5;1;0;6;1;0;7;8;
0104;59183008;STIMMBEZIRK;01059018318304;1356;1097;259;0;672;672;0;0;9;663;239;87;112;34;30;13;125;6;;;14;;3;;;;;9;663;271;77;95;28;28;7;121;2;7;3;1;13;1;0;3;6;
0104;59916001;BRIEFWAHLBEZIRK;01059018318304;0;0;0;0;741;0;0;0;4;737;266;133;141;36;23;16;100;11;;;11;;0;;;;;3;738;331;101;116;37;26;5;96;0;5;5;1;9;1;2;3;0;
0104;59916002;BRIEFWAHLBEZIRK;01059018318304;0;0;0;0;636;0;0;0;7;629;224;105;113;25;23;13;97;8;;;15;;6;;;;;5;631;266;87;103;33;27;5;80;1;3;3;0;9;1;0;8;5;
0104;59120001;STIMMBEZIRK;01059012012004;744;623;121;0;331;331;0;0;6;325;105;65;38;6;16;4;78;3;;;9;;1;;;;;5;326;107;54;31;13;16;5;78;2;1;0;0;10;0;0;8;1;
0104;59120002;STIMMBEZIRK;01059012012004;669;572;97;0;281;280;1;0;6;275;83;59;30;12;6;2;74;2;;;4;;3;;;;;2;279;85;42;33;16;5;2;85;0;0;2;1;4;0;1;2;1;
0104;59120003;STIMMBEZIRK;01059012012004;716;613;103;0;220;220;0;0;4;216;55;41;36;10;13;7;51;1;;;1;;1;;;;;5;215;63;33;35;12;13;7;47;0;0;1;0;0;0;0;2;2;
0104;59120004;STIMMBEZIRK;01059012012004;1038;795;243;0;462;461;1;0;8;454;145;84;95;20;9;7;74;4;;;10;;6;;;;;1;461;157;64;95;21;10;5;84;4;1;1;0;9;1;0;6;3;
0104;59120005;STIMMBEZIRK;01059012012004;804;608;196;0;368;368;0;0;3;365;99;59;93;13;8;3;81;0;;;6;;3;;;;;1;367;116;49;75;20;8;1;85;0;2;2;1;7;0;0;0;1;
0104;59120006;STIMMBEZIRK;01059012012004;751;569;182;0;298;298;0;0;7;291;103;65;45;10;7;8;45;1;;;5;;2;;;;;4;294;105;52;35;15;9;8;61;0;0;0;0;3;0;0;5;1;
0104;59120007;STIMMBEZIRK;01059012012004;906;712;194;0;444;443;1;0;5;439;153;68;74;24;10;8;94;1;;;6;;1;;;;;3;441;156;54;72;29;12;6;98;1;1;4;0;3;0;0;5;0;
0104;59120008;STIMMBEZIRK;01059012012004;683;560;123;0;225;223;2;0;4;221;81;47;23;10;10;5;40;2;;;1;;2;;;;;1;224;77;38;16;11;13;2;60;0;0;4;1;1;0;0;0;1;
0104;59120009;STIMMBEZIRK;01059012012004;836;615;221;0;309;307;2;0;4;305;89;39;53;16;18;10;70;2;;;3;;5;;;;;5;304;92;26;55;21;17;6;69;0;2;3;1;4;1;1;2;4;
0104;59120010;STIMMBEZIRK;01059012012004;778;610;168;0;363;363;0;0;6;357;118;55;66;15;12;4;82;0;;;0;;5;;;;;5;358;129;46;46;18;15;0;93;0;1;4;2;1;0;0;1;2;
0104;59120011;STIMMBEZIRK;01059012012004;265;219;46;0;159;159;0;0;3;156;46;21;36;12;3;1;32;2;;;2;;1;;;;;3;156;48;22;32;12;4;1;32;0;1;0;0;2;0;0;1;1;
0104;59120012;STIMMBEZIRK;01059012012004;255;210;45;0;119;119;0;0;3;116;22;17;13;2;8;3;44;1;;;4;;2;;;;;3;116;23;9;14;6;8;2;49;0;0;1;0;4;0;0;0;0;
0104;59120013;STIMMBEZIRK;01059012012004;501;387;114;0;212;211;1;0;0;212;59;38;38;6;12;4;47;2;;;6;;0;;;;;0;212;61;31;32;10;9;2;55;0;2;2;0;6;0;0;2;0;
0104;59917001;BRIEFWAHLBEZIRK;01059012012004;0;0;0;0;528;0;0;0;4;524;193;78;102;20;12;7;101;4;;;7;;0;;;;;1;527;257;58;71;28;12;3;88;0;0;0;1;4;0;0;4;1;
0104;59917002;BRIEFWAHLBEZIRK;01059012012004;0;0;0;0;650;0;0;0;4;646;237;113;122;31;16;5;110;2;;;6;;4;;;;;2;648;284;83;105;30;17;4;113;0;2;0;0;5;0;2;0;3;
0104;59917003;BRIEFWAHLBEZIRK;01059012012004;0;0;0;0;545;0;0;0;4;541;208;84;87;23;6;13;107;4;;;4;;5;;;;;2;543;229;70;79;31;9;4;104;1;4;2;0;1;1;0;6;2;
0104;59912001;BRIEFWAHLBEZIRK;01059591200004;0;0;0;0;535;0;0;0;3;532;212;83;77;25;12;11;73;21;;;16;;2;;;;;1;534;238;73;81;19;16;4;59;2;8;4;1;13;0;0;12;4;
0104;59912002;BRIEFWAHLBEZIRK;01059591200004;0;0;0;0;549;0;0;0;5;544;232;74;77;26;18;11;82;15;;;9;;0;;;;;3;546;263;70;59;27;18;7;76;0;7;2;0;10;0;1;5;1;
0104;59919001;BRIEFWAHLBEZIRK;01059591900004;0;0;0;0;1226;0;0;0;9;1217;402;172;295;91;20;23;152;20;;;36;;6;;;;;2;1224;517;155;255;59;24;18;142;6;8;8;0;25;1;0;4;2;
0104;59937001;BRIEFWAHLBEZIRK;01059593700004;0;0;0;0;732;0;0;0;3;729;302;83;181;47;16;10;50;17;;;22;;1;;;;;1;731;344;79;153;46;20;6;49;2;3;1;2;17;0;0;7;2;
0104;59937002;BRIEFWAHLBEZIRK;01059593700004;0;0;0;0;651;0;0;0;3;648;237;94;161;39;19;6;69;12;;;10;;1;;;;;2;649;294;87;118;28;24;7;64;0;5;6;1;11;0;0;4;0;
0104;59940001;BRIEFWAHLBEZIRK;01059594000004;0;0;0;0;1040;0;0;0;14;1026;407;200;151;48;28;16;145;20;;;9;;2;;;;;6;1034;513;159;114;60;32;9;119;0;5;3;1;9;0;2;8;0;
0104;59940002;BRIEFWAHLBEZIRK;01059594000004;0;0;0;0;586;0;0;0;6;580;191;114;124;28;5;14;79;11;;;11;;3;;;;;3;583;249;99;108;22;8;5;61;3;9;2;0;6;0;0;9;2;
0104;59952001;BRIEFWAHLBEZIRK;01059595200004;0;0;0;0;1471;0;0;0;10;1461;554;259;252;62;31;32;215;28;;;21;;7;;;;;3;1468;650;190;218;66;35;21;217;1;12;9;0;20;2;2;18;7;
0105;59045001;STIMMBEZIRK;01059004504505;1334;971;363;0;454;453;1;0;4;450;204;69;79;17;18;8;48;6;;1;;;0;;;;;5;449;225;55;69;26;18;8;37;5;1;4;0;1;0;0;0;0;
0105;59045002;STIMMBEZIRK;01059004504505;1556;1313;243;0;525;525;0;0;11;514;242;92;75;15;31;13;39;2;;4;;;1;;;;;9;516;237;77;69;16;28;10;58;3;1;5;3;7;0;1;1;0;
0105;59045003;STIMMBEZIRK;01059004504505;1506;1146;360;0;476;476;0;0;4;472;209;118;70;19;7;10;34;5;;0;;;0;;;;;4;472;212;88;77;25;7;9;39;1;2;4;0;4;0;0;3;1;
0105;59045004;STIMMBEZIRK;01059004504505;1308;1017;291;0;430;430;0;0;12;418;172;92;77;14;14;7;37;4;;0;;;1;;;;;5;425;192;74;71;13;13;4;43;1;2;1;0;7;0;0;2;2;
0105;59045005;STIMMBEZIRK;01059004504505;1579;1217;362;0;695;695;0;0;9;686;292;111;126;26;29;17;79;2;;3;;;1;;;;;7;688;306;79;127;32;28;16;81;1;1;3;0;7;1;0;4;2;
0105;59924001;BRIEFWAHLBEZIRK;01059004504505;0;0;0;0;912;0;0;0;8;904;418;212;114;35;24;21;71;6;;1;;;2;;;;;5;907;451;152;130;51;23;17;64;2;4;3;0;4;0;1;5;0;
0105;59924002;BRIEFWAHLBEZIRK;01059004504505;0;0;0;0;623;0;0;0;6;617;233;152;106;25;19;15;48;14;;3;;;2;;;;;3;620;278;107;96;27;21;14;49;4;12;1;3;0;0;2;5;1;
0105;59075001;STIMMBEZIRK;01059007507505;1557;1189;368;0;644;644;0;0;11;633;217;138;115;25;29;10;78;16;;1;;;4;;;;;8;636;252;88;132;34;32;6;66;2;9;3;1;4;0;0;4;3;
0105;59075002;STIMMBEZIRK;01059007507505;1509;1237;272;0;542;541;1;0;13;529;198;107;100;24;14;16;61;8;;1;;;0;;;;;10;532;224;73;93;30;14;16;69;3;1;2;1;3;1;2;0;0;
0105;59075003;STIMMBEZIRK;01059007507505;1614;1306;308;0;548;546;2;0;7;541;207;110;92;23;26;15;61;3;;0;;;4;;;;;5;543;222;75;98;27;22;12;60;3;4;3;1;7;0;1;3;5;
0105;59075004;STIMMBEZIRK;01059007507505;1125;1007;118;0;393;393;0;0;7;386;112;86;73;12;23;13;55;10;;0;;;2;;;;;6;387;139;63;59;15;19;8;61;2;4;0;0;9;0;1;5;2;
0105;59075005;STIMMBEZIRK;01059007507505;1661;1395;266;0;549;548;1;0;14;535;201;118;71;22;29;14;68;10;;1;;;1;;;;;7;542;223;73;84;37;31;6;75;0;2;2;0;6;0;0;0;3;
0105;59075006;STIMMBEZIRK;01059007507505;1364;1097;267;0;574;570;4;0;9;565;203;155;109;21;20;8;44;4;;1;;;0;;;;;7;567;219;92;124;37;24;7;48;3;2;5;1;2;0;0;2;1;
0105;59075007;STIMMBEZIRK;01059007507505;1294;1096;198;0;521;519;2;0;7;514;175;144;59;11;28;16;72;8;;0;;;1;;;;;3;518;190;98;75;23;24;14;76;1;4;2;0;6;0;0;5;0;
0105;59075008;STIMMBEZIRK;01059007507505;1935;1596;339;0;859;859;0;0;7;852;271;197;127;36;49;20;120;30;;0;;;2;;;;;2;857;322;133;136;38;45;15;127;6;11;1;1;10;1;0;7;4;
0105;59075009;STIMMBEZIRK;01059007507505;1398;1106;292;0;712;712;0;0;0;712;266;168;103;29;25;13;87;20;;0;;;1;;;;;0;712;310;95;113;41;26;14;96;3;3;0;2;2;0;0;5;2;
0105;59075010;STIMMBEZIRK;01059007507505;1383;1099;284;0;556;556;0;0;7;549;185;98;96;35;25;16;77;13;;2;;;2;;;;;6;550;190;77;99;47;27;10;71;1;5;5;0;4;1;0;9;4;
0105;59075011;STIMMBEZIRK;01059007507505;1424;1097;327;0;447;447;0;0;6;441;168;98;65;9;23;21;44;9;;0;;;4;;;;;4;443;170;67;76;16;28;11;54;3;2;3;0;8;0;0;2;3;
0105;59075012;STIMMBEZIRK;01059007507505;1341;1123;218;0;520;519;1;0;12;508;179;113;73;22;24;16;69;9;;1;;;2;;;;;8;512;172;75;82;35;26;16;83;3;3;5;1;5;0;1;3;2;
0105;59075013;STIMMBEZIRK;01059007507505;1282;1057;225;0;421;417;4;0;3;418;168;94;38;10;31;10;60;5;;1;;;1;;;;;3;418;170;65;53;15;29;7;64;0;1;4;0;7;1;0;2;0;
0105;59075014;STIMMBEZIRK;01059007507505;1207;1100;107;0;410;410;0;0;8;402;161;92;44;8;27;8;44;15;;3;;;0;;;;;4;406;170;65;50;15;29;6;54;1;5;2;2;4;0;1;2;0;
0105;59954001;BRIEFWAHLBEZIRK;01059007507505;0;0;0;0;978;0;0;0;5;973;385;228;165;45;22;18;97;13;;0;;;0;;;;;1;977;442;127;185;51;23;16;102;2;5;4;0;8;0;2;10;0;
0105;59954002;BRIEFWAHLBEZIRK;01059007507505;0;0;0;0;682;0;0;0;8;674;220;173;133;32;7;20;70;14;;3;;;2;;;;;1;681;287;98;129;38;8;17;70;7;5;3;1;6;1;0;9;2;
0105;59954003;BRIEFWAHLBEZIRK;01059007507505;0;0;0;0;870;0;0;0;6;864;324;208;146;33;20;18;95;14;;3;;;3;;;;;4;866;366;127;148;52;21;9;120;0;7;5;0;6;0;0;3;2;
0105;59954004;BRIEFWAHLBEZIRK;01059007507505;0;0;0;0;828;0;0;0;5;823;301;210;140;25;28;14;80;21;;2;;;2;;;;;4;824;357;131;150;40;32;11;73;5;11;4;1;2;0;0;6;1;
0105;59915001;BRIEFWAHLBEZIRK;01059591500005;0;0;0;0;708;0;0;0;10;698;260;146;114;39;25;10;87;14;;1;;;2;;;;;6;702;309;100;118;49;30;8;74;1;2;2;0;5;0;0;2;2;
0105;59915002;BRIEFWAHLBEZIRK;01059591500005;0;0;0;0;848;0;0;0;7;841;357;150;142;57;25;15;80;12;;1;;;2;;;;;0;848;426;95;137;60;29;8;60;2;4;6;0;9;2;1;5;4;
0105;59990001;BRIEFWAHLBEZIRK;01059599000005;0;0;0;0;788;0;0;0;4;784;310;133;173;31;22;14;92;6;;0;;;3;;;;;2;786;321;98;158;44;24;11;92;1;5;5;1;14;0;1;8;3;
0105;59990002;BRIEFWAHLBEZIRK;01059599000005;0;0;0;0;678;0;0;0;3;675;272;102;138;39;18;12;83;6;;3;;;2;;;;;2;676;287;93;128;43;15;10;70;1;3;0;2;15;1;0;6;2;
0105;59990003;BRIEFWAHLBEZIRK;01059599000005;0;0;0;0;675;0;0;0;5;670;277;138;106;26;25;12;67;15;;1;;;3;;;;;2;673;297;105;112;30;24;9;62;3;10;1;0;6;0;0;13;1;
0106;51044001;STIMMBEZIRK;01051004404406;1133;993;140;0;384;384;0;0;13;371;145;74;49;24;32;21;18;3;;;;;5;;;0;;8;376;156;64;41;22;29;19;19;2;1;7;0;5;0;0;8;3;
0106;51044002;STIMMBEZIRK;01051004404406;1263;934;329;0;487;487;0;0;8;479;240;61;58;46;34;16;16;1;;;;;5;;;2;;5;482;225;54;60;54;34;13;26;1;0;3;0;6;1;0;1;4;
0106;51044003;STIMMBEZIRK;01051004404406;1395;1110;285;0;489;489;0;0;8;481;218;70;71;45;34;9;23;9;;;;;1;;;1;;3;486;199;62;76;54;35;9;21;2;3;19;2;1;0;0;2;1;
0106;51044004;STIMMBEZIRK;01051004404406;1151;976;175;0;458;458;0;0;5;453;215;81;57;36;22;14;24;4;;;;;0;;;0;;2;456;199;81;67;40;22;10;26;1;3;2;2;3;0;0;0;0;
0106;51044005;STIMMBEZIRK;01051004404406;1321;1074;247;0;575;575;0;0;7;568;269;84;81;56;32;9;27;6;;;;;2;;;2;;6;569;256;78;79;58;35;14;24;4;2;3;1;10;0;0;2;3;
0106;51044006;STIMMBEZIRK;01051004404406;1176;1042;134;0;354;354;0;0;6;348;128;73;38;17;39;18;29;5;;;;;1;;;0;;3;351;121;70;38;16;42;21;28;1;1;2;1;2;0;0;6;2;
0106;51044007;STIMMBEZIRK;01051004404406;988;884;104;0;318;318;0;0;11;307;137;68;28;16;28;9;16;4;;;;;1;;;0;;5;313;141;62;23;21;31;8;18;0;2;0;0;5;0;0;1;1;
0106;51044008;STIMMBEZIRK;01051004404406;1274;1001;273;0;513;513;0;0;7;506;243;98;43;45;30;22;20;5;;;;;0;;;0;;4;509;237;93;44;47;29;21;21;2;1;2;2;6;0;0;4;0;
0106;51044009;STIMMBEZIRK;01051004404406;1279;1048;231;0;426;426;0;0;9;417;142;105;56;25;27;28;29;3;;;;;0;;;2;;9;417;142;89;63;27;29;18;32;1;1;6;1;3;0;0;4;1;
0106;51044010;STIMMBEZIRK;01051004404406;1199;977;222;0;424;424;0;0;9;415;178;55;65;33;35;12;28;5;;;;;4;;;0;;8;416;175;50;59;33;35;8;30;1;2;4;2;4;0;0;7;6;
0106;51044011;STIMMBEZIRK;01051004404406;1333;1067;266;0;426;426;0;0;8;418;178;81;51;40;13;23;25;3;;;;;4;;;0;;0;426;190;69;55;32;18;19;25;4;0;3;0;4;1;1;2;3;
0106;51044012;STIMMBEZIRK;01051004404406;1312;1058;254;0;513;513;0;0;5;508;236;86;70;41;31;9;28;4;;;;;2;;;1;;3;510;224;76;77;50;30;9;25;2;3;4;0;2;0;2;2;4;
0106;51044013;STIMMBEZIRK;01051004404406;1169;950;219;0;356;356;0;0;16;340;122;75;48;36;10;18;21;7;;;;;3;;;0;;8;348;126;67;49;43;14;8;24;2;2;3;2;4;0;0;0;4;
0106;51044014;STIMMBEZIRK;01051004404406;1175;1002;173;0;562;562;0;0;5;557;265;107;65;44;34;10;27;3;;;;;2;;;0;;3;559;263;90;77;40;38;4;29;2;1;1;1;4;0;1;5;3;
0106;51921001;BRIEFWAHLBEZIRK;01051004404406;0;0;0;0;1338;0;0;0;14;1324;544;293;199;113;45;30;77;11;;;;;9;;;3;;6;1332;579;220;207;129;50;21;78;4;3;13;3;4;2;1;10;8;
0106;51921002;BRIEFWAHLBEZIRK;01051004404406;0;0;0;0;1526;0;0;0;10;1516;673;311;183;127;61;51;72;29;;;;;9;;;0;;3;1523;722;263;194;122;60;41;65;8;6;11;1;13;1;0;10;6;
0106;51969001;BRIEFWAHLBEZIRK;01051516900006;0;0;0;0;1278;0;0;0;12;1266;527;206;136;192;69;17;95;18;;;;;3;;;3;;5;1273;613;171;142;112;73;12;92;10;3;7;1;11;1;0;24;1;
0106;51969002;BRIEFWAHLBEZIRK;01051516900006;0;0;0;0;1384;0;0;0;11;1373;661;185;172;173;72;19;73;15;;;;;1;;;2;;5;1379;702;174;171;111;74;14;72;5;7;13;4;14;0;3;14;1;
0106;51972001;BRIEFWAHLBEZIRK;01051517200006;0;0;0;0;1189;0;0;0;8;1181;537;260;146;91;30;26;62;25;;;;;4;;;0;;5;1184;603;223;152;68;28;21;53;1;9;6;5;7;1;1;5;1;
0106;51972002;BRIEFWAHLBEZIRK;01051517200006;0;0;0;0;1183;0;0;0;13;1170;525;240;125;149;35;19;56;16;;;;;4;;;1;;8;1175;607;188;134;109;35;7;52;5;8;7;4;5;1;1;11;1;
0106;59996001;BRIEFWAHLBEZIRK;01059599600006;0;0;0;0;1189;0;0;0;6;1183;564;165;173;60;47;15;116;29;;;;;5;;;9;;2;1187;616;145;150;68;49;12;92;2;13;6;7;10;1;0;10;6;
0106;59996002;BRIEFWAHLBEZIRK;01059599600006;0;0;0;0;1057;0;0;0;12;1045;503;181;160;34;31;6;105;17;;;;;0;;;8;;4;1053;580;147;130;46;32;5;88;0;5;7;1;4;1;2;4;1;
0107;51011001;STIMMBEZIRK;01051001101107;631;585;46;0;176;176;0;0;3;173;69;38;14;23;26;1;;;;;1;;;;;1;;3;173;78;40;10;11;23;1;5;1;1;1;0;2;0;0;0;0;
0107;51011002;STIMMBEZIRK;01051001101107;1690;1379;311;0;663;663;0;0;16;647;242;124;86;128;51;11;;;;;2;;;;;3;;12;651;283;112;78;76;45;10;31;8;0;2;0;0;0;2;4;0;
0107;51011003;STIMMBEZIRK;01051001101107;1498;1332;166;0;603;603;0;0;7;596;222;123;80;107;41;12;;;;;6;;;;;5;;4;599;256;109;68;60;38;9;33;12;3;0;0;3;0;2;3;3;
0107;51011004;STIMMBEZIRK;01051001101107;1864;1594;270;0;660;660;0;0;9;651;267;137;52;131;45;12;;;;;5;;;;;2;;11;649;314;126;57;62;42;8;26;4;0;2;0;3;0;1;3;1;
0107;51011005;STIMMBEZIRK;01051001101107;1559;1310;249;0;711;711;0;0;11;700;302;121;63;128;64;11;;;;;7;;;;;4;;4;707;336;106;63;61;63;11;38;3;3;4;0;4;1;0;12;2;
0107;51011006;STIMMBEZIRK;01051001101107;1765;1543;222;0;724;724;0;0;18;706;270;141;55;156;58;12;;;;;14;;;;;0;;11;713;312;130;54;72;61;15;39;2;3;5;2;13;0;1;4;0;
0107;51011007;STIMMBEZIRK;01051001101107;1092;847;245;0;532;532;0;0;7;525;210;78;48;137;42;8;;;;;2;;;;;0;;4;528;263;61;51;75;40;5;20;1;2;4;0;1;1;1;1;2;
0107;51906001;BRIEFWAHLBEZIRK;01051001101107;0;0;0;0;495;0;0;0;9;486;185;105;48;117;16;7;;;;;3;;;;;5;;5;490;244;85;51;53;17;4;27;2;1;1;0;2;0;0;2;1;
0107;51906002;BRIEFWAHLBEZIRK;01051001101107;0;0;0;0;488;0;0;0;1;487;205;81;47;110;25;12;;;;;3;;;;;4;;0;488;252;92;44;40;21;8;22;3;0;1;0;2;0;1;2;0;
0107;51906003;BRIEFWAHLBEZIRK;01051001101107;0;0;0;0;445;0;0;0;3;442;142;85;63;122;20;6;;;;;1;;;;;3;;3;442;216;80;52;39;20;7;14;1;6;2;1;2;0;0;1;1;
0107;51963001;BRIEFWAHLBEZIRK;01051516300007;0;0;0;0;518;0;0;0;3;515;253;89;38;83;34;7;;;;;5;;;;;6;;1;517;254;85;43;52;39;3;18;3;5;3;1;3;0;0;7;1;
0107;51963002;BRIEFWAHLBEZIRK;01051516300007;0;0;0;0;485;0;0;0;11;474;208;78;71;68;29;10;;;;;8;;;;;2;;3;482;229;62;68;47;32;3;17;5;3;4;0;5;1;0;5;1;
0107;51963003;BRIEFWAHLBEZIRK;01051516300007;0;0;0;0;518;0;0;0;6;512;272;87;59;60;13;11;;;;;4;;;;;6;;3;515;250;84;57;42;12;8;39;4;3;2;0;7;0;2;5;0;
0107;51963004;BRIEFWAHLBEZIRK;01051516300007;0;0;0;0;572;0;0;0;14;558;269;99;70;80;18;8;;;;;9;;;;;5;;4;568;298;85;69;48;20;4;29;2;1;1;0;1;2;2;6;0;
0107;51978001;BRIEFWAHLBEZIRK;01051517800007;0;0;0;0;1929;0;0;0;35;1894;933;380;264;195;65;18;;;;;26;;;;;13;;12;1917;1022;308;195;160;55;16;93;4;8;12;1;8;4;2;25;4;
0107;51966001;BRIEFWAHLBEZIRK;01051516600007;0;0;0;0;613;0;0;0;13;600;241;134;63;99;22;16;;;;;11;;;;;14;;9;604;274;113;58;67;27;9;25;4;4;5;0;6;1;2;6;3;
0107;51966002;BRIEFWAHLBEZIRK;01051516600007;0;0;0;0;522;0;0;0;7;515;256;86;51;80;19;15;;;;;4;;;;;4;;0;522;279;80;41;55;27;8;14;5;3;1;0;4;1;1;3;0;
0107;51966003;BRIEFWAHLBEZIRK;01051516600007;0;0;0;0;581;0;0;0;9;572;204;84;95;102;51;15;;;;;6;;;;;15;;2;579;234;74;84;48;55;8;51;3;6;5;0;6;0;3;2;0;
0107;51975001;BRIEFWAHLBEZIRK;01051517500007;0;0;0;0;746;0;0;0;16;730;335;141;106;72;38;23;;;;;10;;;;;5;;5;741;381;95;81;51;34;13;53;2;5;5;3;7;2;1;8;0;
0107;51975002;BRIEFWAHLBEZIRK;01051517500007;0;0;0;0;915;0;0;0;9;906;340;224;179;90;18;41;;;;;7;;;;;7;;7;908;419;172;156;56;14;23;30;3;3;8;0;7;0;1;13;3;
0107;51975003;BRIEFWAHLBEZIRK;01051517500007;0;0;0;0;722;0;0;0;7;715;324;142;102;82;39;16;;;;;7;;;;;3;;3;719;348;110;85;52;39;11;36;4;5;6;1;5;0;2;14;1;
0107;51975004;BRIEFWAHLBEZIRK;01051517500007;0;0;0;0;843;0;0;0;11;832;342;144;137;141;36;22;;;;;8;;;;;2;;3;840;411;115;126;78;34;13;36;4;1;6;1;7;2;0;5;1;
0108;58043001;STIMMBEZIRK;01058004304308;1525;1138;387;0;494;494;0;0;4;490;250;104;54;6;22;11;35;3;;1;4;;;;;;;7;487;153;93;91;20;27;15;67;2;0;2;0;7;0;0;8;2;
0108;58043002;STIMMBEZIRK;01058004304308;1444;1028;416;0;668;668;0;0;8;660;375;102;70;13;14;18;55;3;;1;9;;;;;;;8;660;235;104;123;46;23;14;89;3;5;4;0;8;1;1;4;0;
0108;58043003;STIMMBEZIRK;01058004304308;1316;1013;303;0;626;626;0;0;5;621;328;131;78;11;21;5;32;1;;2;12;;;;;;;9;617;210;119;128;33;26;9;68;0;3;2;0;12;1;0;4;2;
0108;58043004;STIMMBEZIRK;01058004304308;1221;1025;196;0;522;522;0;0;5;517;267;104;54;8;24;9;40;2;;1;8;;;;;;;5;517;170;105;77;28;24;11;76;3;1;3;1;10;1;0;7;0;
0108;58043005;STIMMBEZIRK;01058004304308;1453;1140;313;0;567;567;0;0;6;561;316;111;46;10;31;3;30;9;;0;5;;;;;;;9;558;196;104;97;30;39;3;68;0;4;6;1;8;0;0;2;0;
0108;58043006;STIMMBEZIRK;01058004304308;1490;1142;348;0;505;505;0;0;5;500;298;70;50;8;24;13;30;1;;2;4;;;;;;;7;498;197;66;86;32;30;15;52;2;2;5;1;6;0;0;3;1;
0108;58043007;STIMMBEZIRK;01058004304308;1227;938;289;0;481;481;0;0;7;474;250;80;78;17;15;13;17;0;;0;4;;;;;;;12;469;165;85;106;39;15;9;31;4;0;4;0;5;2;0;4;0;
0108;58043008;STIMMBEZIRK;01058004304308;1284;941;343;0;442;442;0;0;4;438;232;72;76;14;15;5;10;3;;1;10;;;;;;;7;435;171;69;102;28;16;6;26;1;2;1;1;9;0;1;2;0;
0108;58043009;STIMMBEZIRK;01058004304308;1651;1154;497;0;687;687;0;0;9;678;395;115;89;14;24;5;26;2;;1;7;;;;;;;11;676;251;114;148;45;29;6;64;2;3;5;1;7;0;0;1;0;
0108;58043010;STIMMBEZIRK;01058004304308;1126;890;236;0;481;481;0;0;2;479;262;89;42;12;22;8;25;4;;1;14;;;;;;;6;475;181;72;69;23;22;9;59;3;4;6;1;14;2;0;9;1;
0108;58043011;STIMMBEZIRK;01058004304308;1298;1069;229;0;515;514;1;0;3;512;306;82;39;8;24;14;30;0;;0;9;;;;;;;9;506;204;82;75;26;34;9;55;1;2;7;0;8;0;0;3;0;
0108;58043012;STIMMBEZIRK;01058004304308;1377;1074;303;0;562;562;0;0;5;557;338;105;48;12;14;4;23;3;;1;9;;;;;;;6;556;223;104;110;25;16;7;50;0;1;8;0;8;1;0;3;0;
0108;58043013;STIMMBEZIRK;01058004304308;1047;815;232;0;494;494;0;0;1;493;298;75;63;10;20;8;16;0;;0;3;;;;;;;6;488;187;83;125;20;22;7;36;1;1;2;0;2;0;0;2;0;
0108;58043014;STIMMBEZIRK;01058004304308;1167;922;245;0;522;522;0;0;6;516;314;91;35;15;22;9;26;2;;0;2;;;;;;;9;513;207;93;81;30;26;7;50;0;3;6;1;1;0;0;6;2;
0108;58927001;BRIEFWAHLBEZIRK;01058004304308;0;0;0;0;775;0;0;0;1;774;420;179;95;18;10;8;33;4;;0;7;;;;;;;1;774;279;183;151;46;18;10;63;4;2;3;0;5;0;0;9;1;
0108;58927002;BRIEFWAHLBEZIRK;01058004304308;0;0;0;0;758;0;0;0;3;755;439;154;76;15;13;7;39;1;;0;11;;;;;;;6;752;263;166;147;41;22;7;75;2;1;6;1;10;0;0;11;0;
0108;58927003;BRIEFWAHLBEZIRK;01058004304308;0;0;0;0;912;0;0;0;4;908;501;188;101;18;17;10;45;4;;1;23;;;;;;;6;906;322;167;205;55;21;9;84;2;2;5;1;25;1;0;5;2;
0108;58927004;BRIEFWAHLBEZIRK;01058004304308;0;0;0;0;918;0;0;0;4;914;572;171;56;23;24;6;46;5;;2;9;;;;;;;6;912;384;170;135;67;30;12;74;1;6;5;3;11;0;0;12;2;
0108;58927005;BRIEFWAHLBEZIRK;01058004304308;0;0;0;0;731;0;0;0;4;727;415;133;75;20;23;8;43;3;;0;7;;;;;;;0;731;279;145;127;44;25;6;71;7;5;5;0;8;1;2;5;1;
0108;58005001;STIMMBEZIRK;01058000500508;1759;1234;525;0;774;774;0;0;6;768;433;119;120;30;16;6;33;4;;0;7;;;;;;;11;763;268;101;203;75;20;8;53;2;1;8;2;12;0;3;6;1;
0108;58005002;STIMMBEZIRK;01058000500508;1766;1228;538;0;856;856;0;0;5;851;483;141;143;33;20;3;19;1;;0;8;;;;;;;7;849;319;118;246;88;25;4;28;0;4;4;1;6;0;0;1;5;
0108;58005003;STIMMBEZIRK;01058000500508;1843;1287;556;0;824;823;1;0;10;814;498;122;116;21;20;9;19;3;;0;6;;;;;;;13;811;344;109;198;64;26;12;34;3;2;4;1;8;0;2;4;0;
0108;58005004;STIMMBEZIRK;01058000500508;1444;999;445;0;645;645;0;0;3;642;357;98;106;25;19;2;18;3;;0;14;;;;;;;4;641;220;91;190;55;19;2;35;2;4;4;0;13;0;0;5;1;
0108;58005005;STIMMBEZIRK;01058000500508;1311;1005;306;0;503;503;0;0;13;490;256;93;73;16;11;6;26;1;;0;8;;;;;;;5;498;162;98;105;39;10;7;59;1;1;3;0;6;1;1;5;0;
0108;58905001;BRIEFWAHLBEZIRK;01058000500508;0;0;0;0;1019;0;0;0;6;1013;661;164;87;29;25;7;28;2;;1;9;;;;;;;3;1016;459;160;169;99;28;7;60;3;1;5;1;10;2;0;7;5;
0108;58905002;BRIEFWAHLBEZIRK;01058000500508;0;0;0;0;1202;0;0;0;7;1195;716;220;134;32;20;9;42;2;;2;18;;;;;;;6;1196;456;229;256;99;24;16;79;6;1;4;1;15;1;2;5;2;
0108;58924001;BRIEFWAHLBEZIRK;01058582400008;0;0;0;0;971;0;0;0;3;968;563;185;117;39;12;5;37;3;;1;6;;;;;;;1;970;388;176;189;92;19;7;71;3;4;6;0;8;3;1;3;0;
0108;58924002;BRIEFWAHLBEZIRK;01058582400008;0;0;0;0;677;0;0;0;3;674;418;114;53;30;11;4;30;5;;3;6;;;;;;;2;675;298;123;107;53;11;7;43;1;6;1;2;8;0;3;11;1;
0108;58924003;BRIEFWAHLBEZIRK;01058582400008;0;0;0;0;806;0;0;0;0;806;461;123;96;33;17;9;41;7;;3;16;;;;;;;0;806;318;121;175;71;17;11;59;0;6;0;0;13;1;0;13;1;
0108;58924004;BRIEFWAHLBEZIRK;01058582400008;0;0;0;0;823;0;0;0;2;821;465;159;110;19;18;14;26;4;;1;5;;;;;;;2;821;319;152;188;52;18;13;54;5;3;1;1;5;1;0;8;1;
0108;58993001;BRIEFWAHLBEZIRK;01058589300008;0;0;0;0;1658;0;0;0;6;1652;980;276;166;45;43;13;88;6;;7;28;;;;;;;10;1648;692;257;261;122;66;22;148;1;10;8;5;27;1;3;20;5;
0108;58993002;BRIEFWAHLBEZIRK;01058589300008;0;0;0;0;1629;0;0;0;10;1619;974;217;160;46;55;27;99;11;;1;29;;;;;;;3;1626;701;199;265;115;61;29;161;8;17;9;2;25;3;2;25;4;
0109;58092001;STIMMBEZIRK;01058009209209;1736;1239;497;0;737;737;0;0;13;724;288;197;134;30;25;8;32;6;;;;;4;;;;;9;728;321;117;147;51;18;5;38;4;5;4;0;9;0;2;2;5;
0109;58092002;STIMMBEZIRK;01058009209209;1957;1391;566;0;892;892;0;0;11;881;311;211;232;44;22;16;42;1;;;;;2;;;;;6;886;329;119;260;69;23;10;46;5;0;10;2;10;0;0;1;2;
0109;58092003;STIMMBEZIRK;01058009209209;1589;1140;449;0;781;781;0;0;6;775;296;173;197;31;23;17;34;3;;;;;1;;;;;7;774;317;100;204;62;27;15;26;3;3;6;0;3;2;0;4;2;
0109;58092004;STIMMBEZIRK;01058009209209;1433;978;455;0;577;577;0;0;12;565;194;118;137;29;27;19;37;3;;;;;1;;;;;4;573;200;59;159;46;29;12;35;2;2;7;1;14;0;1;6;0;
0109;58092005;STIMMBEZIRK;01058009209209;1873;1366;507;0;753;753;0;0;3;750;262;154;215;29;24;20;43;3;;;;;0;;;;;0;753;277;85;219;53;17;21;44;2;2;15;0;6;2;1;4;5;
0109;58092006;STIMMBEZIRK;01058009209209;1407;1029;378;0;457;457;0;0;3;454;168;119;93;21;20;13;16;3;;;;;1;;;;;1;456;184;73;99;26;20;9;25;5;1;7;0;3;0;0;3;1;
0109;58956001;BRIEFWAHLBEZIRK;01058009209209;0;0;0;0;846;0;0;0;4;842;353;254;111;27;25;8;58;6;;;;;0;;;;;1;845;400;164;125;44;26;6;51;4;3;8;0;4;1;0;7;2;
0109;58956002;BRIEFWAHLBEZIRK;01058009209209;0;0;0;0;972;0;0;0;4;968;378;262;222;39;15;11;37;2;;;;;2;;;;;2;970;442;154;230;60;13;12;37;2;1;10;0;4;0;0;3;2;
0109;58956003;BRIEFWAHLBEZIRK;01058009209209;0;0;0;0;925;0;0;0;3;922;378;255;179;33;14;9;51;2;;;;;1;;;;;2;923;422;150;194;56;18;7;51;3;2;6;0;5;1;1;6;1;
0109;58169001;STIMMBEZIRK;01058016916909;997;811;186;0;526;526;0;0;10;516;276;81;75;20;30;6;25;2;;;;;1;;;;;4;522;255;73;82;39;25;6;22;0;1;0;0;12;2;1;3;1;
0109;58169002;STIMMBEZIRK;01058016916909;946;789;157;0;457;457;0;0;6;451;245;77;48;23;31;4;17;4;;;;;2;;;;;2;455;242;64;54;25;27;5;22;0;1;5;0;6;0;0;3;1;
0109;58994001;BRIEFWAHLBEZIRK;01058016916909;0;0;0;0;321;0;0;0;3;318;173;57;46;7;10;3;16;6;;;;;0;;;;;1;320;170;50;51;12;13;3;13;0;3;0;0;3;0;0;1;1;
0109;58989001;BRIEFWAHLBEZIRK;01058588900009;0;0;0;0;851;0;0;0;7;844;353;161;132;73;33;15;60;11;;;;;6;;;;;3;848;415;110;132;57;37;10;44;8;7;4;1;7;1;0;9;6;
0109;58989002;BRIEFWAHLBEZIRK;01058588900009;0;0;0;0;851;0;0;0;9;842;346;163;175;84;14;9;40;6;;;;;5;;;;;4;847;393;128;186;57;13;6;40;0;3;3;0;8;2;2;3;3;
0109;58989003;BRIEFWAHLBEZIRK;01058588900009;0;0;0;0;953;0;0;0;10;943;347;223;194;89;17;11;52;9;;;;;1;;;;;8;945;410;189;198;54;20;6;42;2;3;2;0;4;1;0;12;2;
0109;58930001;BRIEFWAHLBEZIRK;01058583000009;0;0;0;0;883;0;0;0;6;877;338;212;166;45;19;14;65;6;;;;;12;;;;;0;883;378;168;175;47;22;16;48;0;3;9;0;9;0;1;5;2;
0109;58930002;BRIEFWAHLBEZIRK;01058583000009;0;0;0;0;768;0;0;0;5;763;320;173;122;43;27;7;57;9;;;;;5;;;;;1;767;366;126;116;39;27;11;47;4;6;2;0;8;0;0;15;0;
0109;58959001;BRIEFWAHLBEZIRK;01058585900009;0;0;0;0;1220;0;0;0;8;1212;574;196;253;88;23;11;60;3;;;;;4;;;;;2;1218;623;131;265;104;24;10;40;0;1;5;2;5;1;5;2;0;
0109;58959002;BRIEFWAHLBEZIRK;01058585900009;0;0;0;0;621;0;0;0;7;614;254;115;138;40;8;8;42;2;;;;;7;;;;;1;620;274;87;134;43;9;7;33;4;0;3;0;12;1;0;8;5;
0109;58964001;BRIEFWAHLBEZIRK;01058586400009;0;0;0;0;990;0;0;0;8;982;442;223;132;55;26;19;71;11;;;;;3;;;;;3;987;486;183;128;55;24;15;58;5;6;9;1;5;2;1;7;2;
0109;58964002;BRIEFWAHLBEZIRK;01058586400009;0;0;0;0;695;0;0;0;7;688;273;119;120;37;41;11;74;9;;;;;4;;;;;3;692;310;80;117;38;38;4;57;5;4;9;2;18;0;0;8;2;
0109;58964003;BRIEFWAHLBEZIRK;01058586400009;0;0;0;0;1081;0;0;0;11;1070;441;203;186;76;41;28;80;13;;;;;2;;;;;5;1076;451;158;205;80;41;18;62;7;10;10;0;14;2;3;14;1;
0109;58995004;BRIEFWAHLBEZIRK;01058589500009;0;0;0;0;1009;0;0;0;16;993;488;175;135;40;46;15;77;14;;;;;3;;;;;6;1003;494;129;160;61;52;10;63;3;13;4;1;4;0;1;4;4;
0110;58034001;STIMMBEZIRK;01058003403410;1547;1327;220;0;554;554;0;0;8;546;200;93;108;25;37;8;63;5;;1;6;;;;;;;10;544;233;65;87;29;34;7;58;3;4;9;1;4;0;0;9;1;
0110;58034002;STIMMBEZIRK;01058003403410;1396;1189;207;0;564;564;0;0;8;556;222;112;77;20;32;15;68;2;;2;6;;;;;;;3;561;258;105;58;20;33;7;63;2;0;5;1;3;0;0;5;1;
0110;58034003;STIMMBEZIRK;01058003403410;1313;1032;281;0;616;616;0;0;3;613;270;155;81;26;17;5;49;3;;1;6;;;;;;;1;615;301;113;94;26;15;8;43;0;1;6;0;5;1;1;1;0;
0110;58034004;STIMMBEZIRK;01058003403410;1380;1168;212;0;532;532;0;0;13;519;192;130;64;23;37;14;45;3;;5;6;;;;;;;7;525;195;102;61;29;37;14;65;0;4;6;1;5;1;1;3;1;
0110;58034005;STIMMBEZIRK;01058003403410;1709;1374;335;0;696;696;0;0;15;681;250;165;99;25;40;14;71;6;;1;10;;;;;;;13;683;296;113;95;31;41;7;77;0;4;5;0;7;0;0;6;1;
0110;58034006;STIMMBEZIRK;01058003403410;1433;1164;269;0;675;675;0;0;10;665;310;153;75;20;23;14;63;3;;0;4;;;;;;;6;669;321;121;80;38;21;10;57;3;2;9;1;1;1;0;4;0;
0110;58920001;BRIEFWAHLBEZIRK;01058003403410;0;0;0;0;660;0;0;0;2;658;268;157;108;30;16;9;60;3;;1;6;;;;;;;3;657;342;110;87;29;15;6;44;3;3;2;0;4;3;2;5;2;
0110;58920002;BRIEFWAHLBEZIRK;01058003403410;0;0;0;0;764;0;0;0;4;760;318;210;102;25;18;10;71;2;;3;1;;;;;;;1;763;364;172;84;35;18;5;62;0;5;7;1;1;0;1;7;1;
0110;58135001;STIMMBEZIRK;01058013513510;1355;1155;200;0;508;508;0;0;11;497;203;123;53;20;36;14;41;2;;0;5;;;;;;;7;501;223;98;64;17;37;8;38;0;3;4;1;2;0;0;4;2;
0110;58135002;STIMMBEZIRK;01058013513510;1400;1209;191;0;429;429;0;0;6;423;160;87;69;14;22;13;52;3;;1;2;;;;;;;3;426;167;75;62;19;20;6;52;3;1;14;0;2;0;0;3;2;
0110;58135003;STIMMBEZIRK;01058013513510;1253;1070;183;0;443;443;0;0;3;440;188;102;55;10;20;16;41;1;;1;6;;;;;;;3;440;196;93;41;20;23;11;31;1;1;13;0;5;1;1;3;0;
0110;58135004;STIMMBEZIRK;01058013513510;1188;1064;124;0;488;488;0;0;5;483;169;100;95;10;23;28;44;5;;1;8;;;;;;;4;484;175;79;94;21;22;23;40;5;0;13;0;7;1;1;3;0;
0110;58135005;STIMMBEZIRK;01058013513510;1292;1122;170;0;351;351;0;0;5;346;134;68;39;13;38;9;39;2;;2;2;;;;;;;1;350;139;63;46;11;31;7;34;3;3;6;0;1;1;0;4;1;
0110;58135006;STIMMBEZIRK;01058013513510;1564;1149;415;0;499;499;0;0;8;491;195;81;81;26;27;15;50;4;;1;11;;;;;;;3;496;212;64;77;36;31;10;41;2;3;9;0;8;0;0;3;0;
0110;58135007;STIMMBEZIRK;01058013513510;1455;1111;344;0;632;632;0;0;7;625;240;128;119;29;27;16;49;3;;1;13;;;;;;;2;630;274;89;123;38;32;12;46;1;3;1;0;9;1;0;1;0;
0110;58135008;STIMMBEZIRK;01058013513510;1343;1053;290;0;418;418;0;0;3;415;107;82;98;26;12;22;58;4;;1;5;;;;;;;2;416;123;51;113;27;14;17;46;5;1;8;1;4;0;1;3;2;
0110;58135009;STIMMBEZIRK;01058013513510;1296;1121;175;0;355;355;0;0;3;352;93;81;66;16;24;20;44;3;;0;5;;;;;;;4;351;101;74;59;13;20;11;44;2;1;13;0;4;0;1;7;1;
0110;58135010;STIMMBEZIRK;01058013513510;1379;1046;333;0;420;420;0;0;4;416;178;86;62;17;24;6;37;1;;0;5;;;;;;;3;417;186;62;58;28;23;5;39;2;0;8;0;3;0;1;2;0;
0110;58135011;STIMMBEZIRK;01058013513510;1299;1150;149;0;352;352;0;0;9;343;105;88;48;17;23;11;43;3;;1;4;;;;;;;4;348;122;67;43;23;20;10;38;2;6;6;2;4;0;0;3;2;
0110;58135012;STIMMBEZIRK;01058013513510;1251;1031;220;0;366;356;10;0;1;365;116;81;69;16;26;17;35;3;;1;1;;;;;;;1;365;117;66;69;19;27;16;38;3;2;2;0;1;0;0;2;3;
0110;58135013;STIMMBEZIRK;01058013513510;1288;1066;222;0;516;516;0;0;8;508;190;105;68;28;39;10;56;1;;0;11;;;;;;;1;515;230;85;61;27;34;4;49;1;1;3;0;11;0;0;8;1;
0110;58135014;STIMMBEZIRK;01058013513510;1158;1024;134;0;294;294;0;0;8;286;103;46;40;6;24;14;44;3;;0;6;;;;;;;8;286;121;39;26;9;24;9;38;6;1;7;2;3;0;0;1;0;
0110;58135015;STIMMBEZIRK;01058013513510;1131;1020;111;0;351;351;0;0;4;347;124;87;21;17;44;9;38;2;;2;3;;;;;;;1;350;141;69;22;14;43;11;38;1;2;2;2;2;1;0;2;0;
0110;58135016;STIMMBEZIRK;01058013513510;1085;999;86;0;261;261;0;0;6;255;91;57;12;6;40;9;33;4;;1;2;;;;;;;6;255;102;49;15;6;45;6;21;3;1;2;0;2;0;1;2;0;
0110;58967001;BRIEFWAHLBEZIRK;01058013513510;0;0;0;0;1126;0;0;0;11;1115;434;230;201;51;42;32;100;7;;5;13;;;;;;;5;1121;507;186;195;61;38;19;73;2;4;8;3;12;0;0;13;0;
0110;58967002;BRIEFWAHLBEZIRK;01058013513510;0;0;0;0;523;0;0;0;3;520;222;104;90;15;10;12;50;3;;1;13;;;;;;;1;522;239;85;83;26;11;9;41;3;3;6;2;8;0;0;4;2;
0110;58967003;BRIEFWAHLBEZIRK;01058013513510;0;0;0;0;565;0;0;0;5;560;242;128;83;23;16;14;42;5;;2;5;;;;;;;1;564;284;94;87;26;14;4;31;1;6;6;2;5;0;0;2;2;
0110;58967004;BRIEFWAHLBEZIRK;01058013513510;0;0;0;0;847;0;0;0;3;844;374;183;117;36;24;18;81;5;;1;5;;;;;;;2;845;419;151;116;41;29;9;57;2;5;4;0;3;1;1;7;0;
0110;58933001;BRIEFWAHLBEZIRK;01058583300010;0;0;0;0;832;0;0;0;4;828;394;123;133;53;42;12;60;7;;1;3;;;;;;;2;830;439;100;111;62;44;6;53;2;2;3;0;3;1;1;3;0;
0110;58933002;BRIEFWAHLBEZIRK;01058583300010;0;0;0;0;991;0;0;0;5;986;499;202;111;41;37;12;70;7;;0;7;;;;;;;2;989;571;149;88;58;36;8;58;3;2;2;0;6;0;0;4;4;
0110;58988001;BRIEFWAHLBEZIRK;01058588800010;0;0;0;0;986;0;0;0;3;983;436;219;138;44;29;18;84;3;;3;9;;;;;;;0;986;501;148;132;59;28;17;64;3;4;7;0;9;0;1;8;5;
0110;58988002;BRIEFWAHLBEZIRK;01058588800010;0;0;0;0;860;0;0;0;5;855;362;167;145;38;32;15;72;5;;3;16;;;;;;;4;856;415;122;139;44;36;10;52;6;5;5;1;12;1;2;5;1;
0110;58947001;BRIEFWAHLBEZIRK;01058584700010;0;0;0;0;1088;0;0;0;10;1078;493;187;121;59;49;16;106;21;;2;24;;;;;;;8;1080;556;160;109;80;46;10;75;2;6;8;1;18;1;3;4;1;
0110;58953001;BRIEFWAHLBEZIRK;01058585300010;0;0;0;0;862;0;0;0;1;861;397;157;146;44;23;15;54;6;;1;18;;;;;;;0;862;438;116;130;60;21;11;52;0;7;9;0;13;0;0;5;0;
0110;58953002;BRIEFWAHLBEZIRK;01058585300010;0;0;0;0;871;0;0;0;5;866;444;143;139;33;33;12;43;5;;1;13;;;;;;;0;871;473;112;141;44;35;5;32;2;3;4;0;11;0;1;8;0;
0111;04000001;STIMMBEZIRK;01004000000011;1765;1259;506;0;604;604;0;0;11;593;243;91;155;32;38;10;;8;;;6;;;;;10;;5;599;256;83;126;52;38;6;18;4;2;4;0;6;0;1;3;0;
0111;04000002;STIMMBEZIRK;01004000000011;1637;1278;359;0;568;567;1;0;10;558;252;108;106;28;38;4;;8;;;9;;;;;5;;7;561;267;89;84;35;29;5;34;1;1;1;1;12;0;0;2;0;
0111;04000003;STIMMBEZIRK;01004000000011;1581;1239;342;0;457;457;0;0;5;452;206;86;78;24;38;7;;9;;;3;;;;;1;;3;454;207;72;59;29;36;5;30;3;7;2;1;2;0;1;0;0;
0111;04000004;STIMMBEZIRK;01004000000011;1183;896;287;0;454;449;5;0;8;446;173;110;97;27;24;2;;5;;;5;;;;;3;;6;448;198;87;72;29;24;1;25;2;3;1;0;4;0;0;1;1;
0111;04000005;STIMMBEZIRK;01004000000011;1569;1218;351;0;650;650;0;0;8;642;289;155;107;34;40;6;;7;;;4;;;;;0;;9;641;303;131;76;20;38;12;44;3;6;2;0;3;0;0;3;0;
0111;04000006;STIMMBEZIRK;01004000000011;1180;929;251;0;493;489;4;0;10;483;225;105;83;38;23;1;;5;;;3;;;;;0;;2;491;242;71;67;42;29;0;27;3;3;3;0;2;0;1;1;0;
0111;04000007;STIMMBEZIRK;01004000000011;1090;847;243;0;454;453;1;0;7;447;197;101;94;21;22;7;;3;;;2;;;;;0;;5;449;195;78;86;31;23;8;19;0;2;3;0;1;0;0;2;1;
0111;04000008;STIMMBEZIRK;01004000000011;1249;1032;217;0;478;476;2;0;3;475;212;110;76;22;39;7;;4;;;5;;;;;0;;3;475;207;88;64;29;36;10;28;0;0;5;0;5;1;0;2;0;
0111;04000009;STIMMBEZIRK;01004000000011;1012;856;156;0;410;408;2;0;5;405;196;76;77;18;28;5;;2;;;2;;;;;1;;2;408;196;66;54;28;25;4;17;3;0;6;1;4;0;0;3;1;
0111;04000010;STIMMBEZIRK;01004000000011;1216;999;217;0;402;402;0;0;4;398;164;92;73;25;34;4;;1;;;4;;;;;1;;2;400;170;87;46;24;35;3;26;0;2;1;0;2;0;0;4;0;
0111;04000011;STIMMBEZIRK;01004000000011;1956;1819;137;0;312;312;0;0;5;307;92;85;53;17;39;14;;1;;;6;;;;;0;;3;309;96;66;46;19;40;11;15;7;2;1;0;4;0;0;1;1;
0111;04000012;STIMMBEZIRK;01004000000011;709;644;65;0;131;131;0;0;4;127;50;29;23;3;14;1;;2;;;5;;;;;0;;3;128;48;26;15;7;15;1;6;0;2;1;0;2;1;0;2;2;
0111;04000013;STIMMBEZIRK;01004000000011;1928;1612;316;0;444;444;0;0;11;433;161;80;106;28;41;8;;4;;;5;;;;;0;;5;439;167;66;82;31;38;6;29;4;3;4;0;7;1;0;1;0;
0111;04000014;STIMMBEZIRK;01004000000011;1339;1104;235;0;422;389;33;0;7;415;200;95;70;21;16;11;;1;;;1;;;;;0;;2;420;192;82;62;40;11;4;20;5;0;1;0;3;0;0;0;0;
0111;04000015;STIMMBEZIRK;01004000000011;1010;814;196;0;387;387;0;0;4;383;164;75;78;20;31;9;;2;;;4;;;;;0;;0;387;180;49;65;25;29;9;22;2;1;1;0;4;0;0;0;0;
0111;04000016;STIMMBEZIRK;01004000000011;1480;1226;254;0;455;455;0;0;11;444;205;96;67;25;34;7;;5;;;4;;;;;1;;7;448;223;80;47;23;32;4;19;1;4;5;1;4;0;1;3;1;
0111;04000017;STIMMBEZIRK;01004000000011;1087;887;200;0;216;216;0;0;1;215;82;66;30;11;22;3;;0;;;0;;;;;1;;3;213;86;56;26;9;22;7;3;1;0;2;0;1;0;0;0;0;
0111;04000018;STIMMBEZIRK;01004000000011;1861;1459;402;0;554;554;0;0;5;549;231;132;100;31;32;15;;4;;;4;;;;;0;;5;549;244;100;85;40;31;16;22;2;0;2;0;2;0;0;4;1;
0111;04000019;STIMMBEZIRK;01004000000011;1043;846;197;0;320;318;2;0;8;312;118;68;57;18;34;8;;2;;;7;;;;;0;;1;319;126;67;45;19;32;7;12;3;2;1;0;4;0;0;1;0;
0111;04000020;STIMMBEZIRK;01004000000011;1170;908;262;0;400;400;0;0;3;397;177;73;75;24;26;6;;5;;;10;;;;;1;;3;397;190;63;58;25;29;4;16;2;0;1;0;6;0;1;2;0;
0111;04000021;STIMMBEZIRK;01004000000011;1357;1071;286;0;453;453;0;0;9;444;189;97;75;24;40;13;;3;;;2;;;;;1;;5;448;181;85;71;24;43;8;26;4;0;3;0;2;0;0;0;1;
0111;04000022;STIMMBEZIRK;01004000000011;2102;1715;387;0;677;675;2;0;11;666;289;148;97;35;59;17;;10;;;8;;;;;3;;10;667;288;114;78;44;59;13;36;4;4;8;0;10;2;0;5;2;
0111;04000023;STIMMBEZIRK;01004000000011;1395;1112;283;0;584;584;0;0;16;568;286;91;88;42;41;9;;6;;;5;;;;;0;;8;576;300;75;69;43;45;5;20;5;5;2;1;5;0;0;1;0;
0111;04000024;STIMMBEZIRK;01004000000011;1495;1108;387;0;637;635;2;0;5;632;320;112;119;26;39;8;;2;;;4;;;;;2;;4;633;336;84;92;32;39;5;26;6;0;6;0;3;1;0;3;0;
0111;04000025;STIMMBEZIRK;01004000000011;1474;1150;324;0;551;551;0;0;8;543;248;101;94;37;43;10;;2;;;8;;;;;0;;3;548;265;74;68;35;43;12;38;2;0;2;0;7;2;0;0;0;
0111;04000026;STIMMBEZIRK;01004000000011;1389;1102;287;0;698;698;0;0;13;685;343;124;126;29;42;11;;2;;;7;;;;;1;;10;688;341;100;112;40;42;6;30;2;0;6;1;4;0;0;4;0;
0111;04000027;STIMMBEZIRK;01004000000011;1262;977;285;0;430;428;2;0;6;424;197;117;48;23;28;5;;5;;;1;;;;;0;;3;427;211;88;42;26;28;5;15;5;1;0;1;1;0;1;2;1;
0111;04000028;STIMMBEZIRK;01004000000011;1927;1599;328;0;706;706;0;0;13;693;313;158;110;45;46;13;;2;;;4;;;;;2;;9;697;330;130;96;48;46;5;31;0;0;3;0;3;0;0;4;1;
0111;04000029;STIMMBEZIRK;01004000000011;1962;1676;286;0;492;492;0;0;13;479;194;129;87;18;33;10;;4;;;1;;;;;3;;11;481;188;107;83;27;36;14;15;1;0;1;0;0;1;0;5;3;
0111;04000030;STIMMBEZIRK;01004000000011;1451;1320;131;0;275;274;1;0;10;265;109;60;38;15;26;8;;4;;;4;;;;;1;;1;274;111;56;34;11;21;9;17;6;3;1;0;4;0;0;1;0;
0111;04000031;STIMMBEZIRK;01004000000011;1423;1233;190;0;378;377;1;0;6;372;122;90;78;17;40;12;;4;;;8;;;;;1;;5;373;127;83;56;13;36;10;31;4;0;3;0;8;0;0;1;1;
0111;04000032;STIMMBEZIRK;01004000000011;1363;1207;156;0;420;418;2;0;7;413;156;115;70;18;29;15;;4;;;6;;;;;0;;4;416;167;94;51;17;27;16;26;8;0;3;0;5;0;0;2;0;
0111;04000033;STIMMBEZIRK;01004000000011;1180;990;190;0;378;377;1;0;7;371;155;81;62;20;37;9;;1;;;6;;;;;0;;6;372;162;68;53;23;32;6;14;4;0;1;0;4;0;1;3;1;
0111;04000034;STIMMBEZIRK;01004000000011;1164;1005;159;0;436;436;0;0;3;433;190;84;88;22;37;7;;3;;;2;;;;;0;;2;434;221;67;64;10;35;6;16;1;2;5;2;2;0;0;2;1;
0111;04000035;STIMMBEZIRK;01004000000011;1862;1550;312;0;643;643;0;0;10;633;233;139;119;34;71;18;;6;;;12;;;;;1;;4;639;249;113;91;32;77;18;34;0;1;1;0;17;1;0;4;1;
0111;04000036;STIMMBEZIRK;01004000000011;2353;2039;314;0;743;741;2;0;9;734;323;183;104;23;73;8;;5;;;13;;;;;2;;16;727;330;148;84;34;69;5;24;6;2;5;1;15;1;1;1;1;
0111;04000037;STIMMBEZIRK;01004000000011;1014;908;106;0;264;262;2;0;2;262;106;74;49;11;17;4;;1;;;0;;;;;0;;4;260;114;59;44;7;18;6;8;1;0;3;0;0;0;0;0;0;
0111;04000038;STIMMBEZIRK;01004000000011;937;826;111;0;239;239;0;0;3;236;58;59;64;15;24;11;;3;;;2;;;;;0;;0;239;68;49;40;21;23;15;14;2;1;2;0;2;1;0;1;0;
0111;04000039;STIMMBEZIRK;01004000000011;856;689;167;0;298;298;0;0;7;291;129;59;56;15;21;5;;0;;;6;;;;;0;;6;292;134;49;48;15;21;5;11;0;0;1;0;5;0;0;2;1;
0111;04000040;STIMMBEZIRK;01004000000011;1129;973;156;0;378;373;5;0;6;372;134;70;103;27;22;10;;3;;;2;;;;;1;;2;376;140;55;78;22;20;12;31;4;1;7;0;3;0;0;1;2;
0111;04000041;STIMMBEZIRK;01004000000011;1445;1116;329;0;559;553;6;0;7;552;250;116;102;32;34;5;;1;;;9;;;;;3;;4;555;295;81;77;28;29;4;24;2;0;3;0;9;0;0;3;0;
0111;04000042;STIMMBEZIRK;01004000000011;1201;929;272;0;453;451;2;0;6;447;193;127;81;16;17;5;;4;;;3;;;;;1;;4;449;190;113;66;22;19;5;19;2;3;3;0;5;1;0;1;0;
0111;04000043;STIMMBEZIRK;01004000000011;1674;1282;392;0;574;573;1;0;9;565;239;119;115;42;23;14;;6;;;7;;;;;0;;1;573;261;84;95;43;27;15;25;1;4;5;0;8;0;0;4;1;
0111;04900001;BRIEFWAHLBEZIRK;01004000000011;0;0;0;0;853;0;0;0;6;847;387;171;184;35;30;15;;9;;;7;;;;;9;;0;853;406;126;146;60;30;16;36;6;6;3;3;7;0;1;5;2;
0111;04900002;BRIEFWAHLBEZIRK;01004000000011;0;0;0;0;842;0;0;0;8;834;349;207;166;38;26;15;;10;;;11;;;;;12;;3;839;397;157;125;44;26;13;42;0;8;7;0;10;1;2;6;1;
0111;04900003;BRIEFWAHLBEZIRK;01004000000011;0;0;0;0;877;0;0;0;7;870;356;213;176;44;35;12;;18;;;12;;;;;4;;2;875;410;170;132;46;41;12;32;6;4;5;0;11;2;2;2;0;
0111;04900004;BRIEFWAHLBEZIRK;01004000000011;0;0;0;0;950;0;0;0;7;943;392;245;185;48;32;16;;14;;;9;;;;;2;;1;949;470;185;124;45;31;11;46;2;7;9;2;8;1;0;7;1;
0111;04900005;BRIEFWAHLBEZIRK;01004000000011;0;0;0;0;804;0;0;0;5;799;334;220;156;32;35;8;;10;;;4;;;;;0;;3;801;392;165;112;38;31;6;39;4;3;4;0;2;0;1;4;0;
0111;04900006;BRIEFWAHLBEZIRK;01004000000011;0;0;0;0;877;0;0;0;9;868;375;213;187;36;37;11;;3;;;6;;;;;0;;5;872;424;166;136;49;29;10;34;4;2;1;0;9;0;1;7;0;
0111;04900007;BRIEFWAHLBEZIRK;01004000000011;0;0;0;0;840;0;0;0;13;827;351;212;164;35;35;9;;14;;;6;;;;;1;;7;833;418;182;104;36;36;8;25;5;10;1;0;3;0;1;3;1;
0111;04900008;BRIEFWAHLBEZIRK;01004000000011;0;0;0;0;824;0;0;0;5;819;354;219;157;44;25;11;;5;;;3;;;;;1;;1;823;399;177;111;50;32;7;35;2;2;1;0;4;2;1;0;0;
0111;04900009;BRIEFWAHLBEZIRK;01004000000011;0;0;0;0;896;0;0;0;14;882;386;213;181;33;31;19;;12;;;6;;;;;1;;6;890;452;171;124;38;32;15;30;2;6;2;0;6;0;1;11;0;
0111;04900010;BRIEFWAHLBEZIRK;01004000000011;0;0;0;0;813;0;0;0;9;804;314;209;153;55;35;10;;11;;;16;;;;;1;;3;810;375;158;111;55;32;8;37;5;6;2;1;13;0;0;5;2;
0111;04900011;BRIEFWAHLBEZIRK;01004000000011;0;0;0;0;846;0;0;0;6;840;379;204;169;33;32;10;;11;;;1;;;;;1;;4;842;441;167;111;41;28;12;19;2;7;5;1;1;0;1;5;1;
0111;04900012;BRIEFWAHLBEZIRK;01004000000011;0;0;0;0;801;0;0;0;11;790;332;190;136;50;39;19;;9;;;14;;;;;1;;4;797;388;160;87;41;42;17;32;1;5;3;1;12;0;1;6;1;
0112;02000031;STIMMBEZIRK;01002000000012;1007;661;332;14;470;469;1;0;4;466;98;84;201;30;4;6;21;;17;;5;;;;;;;2;468;105;69;196;31;7;10;26;2;0;14;0;7;0;0;0;1;
0112;02000032;STIMMBEZIRK;01002000000012;897;571;326;0;396;395;1;0;5;391;95;77;150;26;8;10;10;;6;;9;;;;;;;3;393;102;60;157;21;8;11;12;1;3;5;0;8;0;1;2;2;
0112;02000033;STIMMBEZIRK;01002000000012;1134;700;434;0;491;487;4;0;3;488;90;101;221;26;5;14;14;;13;;4;;;;;;;2;489;107;66;219;25;5;13;33;2;9;2;0;3;1;0;2;2;
0112;02000034;STIMMBEZIRK;01002000000012;1036;613;423;0;404;403;1;0;1;403;77;79;170;26;6;8;17;;11;;9;;;;;;;1;403;75;54;174;31;7;14;18;4;0;10;0;9;1;1;1;4;
0112;02000035;STIMMBEZIRK;01002000000012;1047;662;384;1;422;420;2;0;4;418;90;76;182;20;7;13;14;;10;;6;;;;;;;4;418;98;56;168;23;10;10;28;1;2;9;0;5;1;0;4;3;
0112;02000036;STIMMBEZIRK;01002000000012;1152;680;472;0;472;472;0;0;2;470;117;80;194;25;7;16;14;;6;;11;;;;;;;2;470;121;55;206;21;11;17;14;1;1;5;1;9;0;0;2;6;
0112;02000037;STIMMBEZIRK;01002000000012;1291;797;494;0;576;574;2;0;4;572;244;70;145;71;12;11;10;;2;;7;;;;;;;3;573;232;57;144;81;15;11;17;0;0;2;0;8;1;0;1;4;
0112;02000038;STIMMBEZIRK;01002000000012;987;560;427;0;384;380;4;0;1;383;150;39;119;46;7;6;8;;2;;6;;;;;;;0;384;138;31;120;55;7;8;12;0;1;2;0;6;0;0;1;3;
0112;02000041;STIMMBEZIRK;01002000000012;1183;856;327;0;598;595;3;0;5;593;116;111;272;27;8;20;17;;15;;7;;;;;;;2;596;119;79;271;32;8;23;28;2;0;16;2;5;1;3;4;3;
0112;02000042;STIMMBEZIRK;01002000000012;1075;741;334;0;520;519;1;0;0;520;126;96;206;34;7;13;23;;10;;5;;;;;;;0;520;134;84;186;39;7;18;21;1;3;10;1;5;3;0;2;6;
0112;02000043;STIMMBEZIRK;01002000000012;1357;945;412;0;660;656;4;0;5;655;138;118;269;38;14;22;18;;23;;15;;;;;;;2;658;145;85;265;40;19;24;31;3;2;18;1;13;1;3;5;3;
0112;02000044;STIMMBEZIRK;01002000000012;953;688;265;0;419;414;5;0;2;417;97;64;168;33;12;13;18;;10;;2;;;;;;;1;418;100;49;157;42;13;15;19;2;0;8;0;2;3;1;3;4;
0112;02000045;STIMMBEZIRK;01002000000012;1478;1033;445;0;581;573;8;0;2;579;111;103;252;42;9;20;24;;12;;6;;;;;;;3;578;104;80;253;47;13;22;33;2;0;13;0;3;2;1;2;3;
0112;02000046;STIMMBEZIRK;01002000000012;2101;1432;669;0;796;793;3;0;4;792;161;109;349;51;9;44;36;;17;;16;;;;;;;0;796;172;91;332;51;7;51;36;4;5;14;1;12;4;1;6;9;
0112;02000047;STIMMBEZIRK;01002000000012;1681;1188;493;0;599;598;1;0;6;593;154;105;228;43;12;12;21;;11;;7;;;;;;;8;591;153;90;216;49;11;14;31;4;3;6;0;7;1;0;4;2;
0112;02000051;STIMMBEZIRK;01002000000012;1663;1166;497;0;685;683;2;0;2;683;109;121;296;59;13;26;41;;12;;6;;;;;;;2;683;118;82;300;58;13;36;40;3;1;17;0;2;5;0;5;3;
0112;02000052;STIMMBEZIRK;01002000000012;1439;1023;416;0;662;659;3;0;2;660;81;111;318;38;18;30;28;;23;;13;;;;;;;2;660;95;87;290;38;17;37;51;2;1;17;1;11;4;1;4;4;
0112;02000053;STIMMBEZIRK;01002000000012;1472;994;478;0;548;545;3;0;5;543;93;96;228;31;14;26;23;;24;;8;;;;;;;4;544;104;75;224;36;15;25;28;1;0;17;0;9;3;1;4;2;
0112;02000054;STIMMBEZIRK;01002000000012;1582;1090;492;0;693;690;3;0;5;688;129;108;302;49;12;24;39;;17;;8;;;;;;;6;687;139;87;297;46;13;26;42;1;2;12;0;7;1;1;2;11;
0112;02000055;STIMMBEZIRK;01002000000012;1161;773;388;0;518;517;1;0;3;515;76;71;276;31;9;18;13;;12;;9;;;;;;;1;517;86;62;255;32;11;21;17;0;1;12;0;9;3;1;1;6;
0112;02000056;STIMMBEZIRK;01002000000012;1691;1143;548;0;697;692;5;0;6;691;107;95;329;43;11;43;30;;22;;11;;;;;;;2;695;127;74;304;35;15;50;42;1;2;13;0;12;6;2;7;5;
0112;02000061;STIMMBEZIRK;01002000000012;1217;853;364;0;555;554;1;0;3;552;187;83;180;45;11;12;17;;6;;11;;;;;;;3;552;192;73;170;40;13;12;23;1;3;4;0;10;2;0;5;4;
0112;02000062;STIMMBEZIRK;01002000000012;1277;854;423;0;437;435;2;0;2;435;77;75;186;27;12;13;23;;12;;10;;;;;;;1;436;91;55;177;32;12;12;30;2;2;7;1;9;1;1;3;1;
0112;02000063;STIMMBEZIRK;01002000000012;1308;894;414;0;499;499;0;0;10;489;151;77;169;24;16;10;23;;12;;7;;;;;;;5;494;152;71;162;26;16;10;27;1;1;11;0;7;1;1;3;5;
0112;02000064;STIMMBEZIRK;01002000000012;1429;1018;411;0;499;497;2;0;3;496;108;107;172;37;10;24;26;;11;;1;;;;;;;1;498;111;80;185;37;12;17;29;3;6;5;0;1;1;1;2;8;
0112;02000065;STIMMBEZIRK;01002000000012;1751;1324;427;0;677;672;5;0;4;673;172;146;215;38;27;18;32;;17;;8;;;;;;;2;675;172;115;221;43;29;17;39;2;3;16;0;8;2;2;4;2;
0112;02000066;STIMMBEZIRK;01002000000012;1397;1011;386;0;565;563;2;0;9;556;132;106;182;38;23;13;32;;17;;13;;;;;;;6;559;150;69;198;34;25;15;33;1;4;10;0;10;0;1;5;4;
0112;02000071;STIMMBEZIRK;01002000000012;1053;778;275;0;462;462;0;0;5;457;104;69;169;37;10;20;26;;14;;8;;;;;;;3;459;104;54;170;33;12;18;43;2;2;11;0;6;0;0;2;2;
0112;02000072;STIMMBEZIRK;01002000000012;1687;1247;440;0;867;865;2;0;3;864;290;157;266;41;29;15;41;;16;;9;;;;;;;2;865;313;126;271;41;34;13;39;0;2;9;0;11;1;0;3;2;
0112;02000073;STIMMBEZIRK;01002000000012;1422;1094;328;0;594;590;4;0;7;587;254;126;106;28;13;8;36;;10;;6;;;;;;;4;590;258;98;100;36;12;8;51;2;4;5;0;8;0;1;4;3;
0112;02000074;STIMMBEZIRK;01002000000012;1186;872;314;0;438;434;4;0;4;434;127;86;125;27;9;20;26;;10;;4;;;;;;;1;437;125;72;127;24;9;12;32;3;1;7;5;6;4;0;5;5;
0112;02000075;STIMMBEZIRK;01002000000012;961;637;324;0;359;359;0;0;2;357;134;62;89;21;7;15;10;;9;;10;;;;;;;0;359;128;58;90;25;9;12;12;1;1;6;0;9;0;0;5;3;
0112;02000076;STIMMBEZIRK;01002000000012;1137;818;319;0;494;493;1;0;6;488;155;113;128;34;14;10;17;;10;;7;;;;;;;3;491;155;79;151;34;14;11;28;2;1;5;1;6;0;0;0;4;
0112;02000081;STIMMBEZIRK;01002000000012;1180;849;331;0;504;501;3;0;8;496;173;105;138;19;19;6;25;;4;;7;;;;;;;3;501;178;79;141;24;21;6;31;1;2;3;1;7;1;0;3;3;
0112;02000082;STIMMBEZIRK;01002000000012;1109;689;420;0;466;466;0;0;4;462;208;78;108;26;11;4;17;;5;;5;;;;;;;1;465;209;67;109;26;12;6;25;0;0;3;0;3;1;0;3;1;
0112;02000083;STIMMBEZIRK;01002000000012;1120;886;234;0;399;397;2;0;5;394;141;105;64;23;18;5;22;;10;;6;;;;;;;4;395;138;94;66;21;18;8;20;3;2;5;0;8;3;0;3;6;
0112;02000084;STIMMBEZIRK;01002000000012;1129;860;269;0;496;492;4;0;4;492;199;118;100;18;15;5;19;;5;;13;;;;;;;4;492;192;97;105;30;19;4;27;0;0;2;0;10;0;1;2;3;
0112;02000085;STIMMBEZIRK;01002000000012;1505;1075;430;0;803;800;3;0;2;801;271;131;266;60;19;13;28;;6;;7;;;;;;;1;802;279;101;266;65;23;10;34;1;0;6;2;9;0;0;3;3;
0112;02000086;STIMMBEZIRK;01002000000012;1067;747;320;0;547;547;0;0;8;539;201;129;139;29;15;6;12;;1;;7;;;;;;;4;543;195;102;153;44;16;2;14;0;2;3;0;5;0;1;6;0;
0112;02000241;STIMMBEZIRK;01002000000012;1449;1024;425;0;665;665;0;0;8;657;241;122;149;47;17;19;44;;8;;10;;;;;;;5;660;221;97;165;56;18;19;60;2;1;4;0;9;1;1;4;2;
0112;02000242;STIMMBEZIRK;01002000000012;1324;977;347;0;561;559;2;0;5;556;201;99;122;34;29;11;49;;7;;4;;;;;;;3;558;210;85;121;28;30;14;50;2;0;5;0;6;0;0;5;2;
0112;02000243;STIMMBEZIRK;01002000000012;1394;994;400;0;654;653;1;0;3;651;204;131;169;41;25;16;42;;9;;14;;;;;;;4;650;216;102;164;39;27;17;55;0;1;8;0;12;4;0;3;2;
0112;02000244;STIMMBEZIRK;01002000000012;1931;1541;390;0;826;824;2;0;10;816;262;201;160;52;24;18;71;;14;;14;;;;;;;10;816;267;169;149;51;26;19;96;1;2;10;2;14;1;0;8;1;
0112;02000245;STIMMBEZIRK;01002000000012;1463;1243;220;0;459;459;0;0;7;452;119;136;86;27;26;11;35;;7;;5;;;;;;;4;455;130;119;85;21;26;9;45;2;2;4;2;6;2;0;2;0;
0112;02000246;STIMMBEZIRK;01002000000012;1107;963;144;0;436;434;2;0;12;424;169;95;84;17;19;11;22;;4;;3;;;;;;;9;427;157;92;78;19;17;12;35;1;2;2;0;3;0;0;4;5;
0112;02000251;STIMMBEZIRK;01002000000012;1583;1280;303;0;567;567;0;0;5;562;182;111;140;33;28;6;39;;10;;13;;;;;;;5;562;166;81;153;41;28;5;57;3;0;7;0;11;0;0;5;5;
0112;02000252;STIMMBEZIRK;01002000000012;1250;1008;242;0;529;526;3;0;7;522;175;84;131;35;25;6;48;;13;;5;;;;;;;5;524;176;84;128;36;26;6;45;1;1;6;0;2;1;0;6;6;
0112;02000253;STIMMBEZIRK;01002000000012;1556;1165;391;0;721;718;3;0;6;715;287;158;130;49;22;12;38;;4;;15;;;;;;;3;718;276;131;141;54;23;9;62;0;0;4;1;15;0;1;1;0;
0112;02000254;STIMMBEZIRK;01002000000012;1307;926;381;0;539;539;0;0;8;531;210;116;96;42;35;4;16;;6;;6;;;;;;;7;532;197;96;105;44;34;3;29;0;3;1;0;9;4;1;3;3;
0112;02000255;STIMMBEZIRK;01002000000012;1407;937;470;0;572;572;0;0;7;565;243;88;124;35;22;10;29;;6;;8;;;;;;;5;567;229;76;138;41;25;4;36;1;0;5;0;5;0;0;5;2;
0112;02900801;BRIEFWAHLBEZIRK;01002000000012;0;0;0;0;728;0;0;0;1;727;332;148;100;70;12;10;42;;5;;8;;;;;;;0;728;360;141;95;51;12;8;43;1;2;2;0;8;0;1;2;2;
0112;02900802;BRIEFWAHLBEZIRK;01002000000012;0;0;0;0;439;0;0;0;3;436;181;77;65;57;20;9;18;;6;;3;;;;;;;0;439;196;61;76;51;17;6;19;1;4;4;0;3;0;0;1;0;
0112;02900803;BRIEFWAHLBEZIRK;01002000000012;0;0;0;0;688;0;0;0;7;681;210;195;124;52;13;8;56;;11;;12;;;;;;;3;685;257;163;118;36;15;9;58;1;3;7;0;12;0;0;3;3;
0112;02900804;BRIEFWAHLBEZIRK;01002000000012;0;0;0;0;500;0;0;0;6;494;138;140;110;35;10;10;40;;4;;7;;;;;;;2;498;168;113;104;22;9;10;49;2;0;4;0;9;0;0;7;1;
0112;02900805;BRIEFWAHLBEZIRK;01002000000012;0;0;0;0;397;0;0;0;1;396;140;81;94;27;12;8;26;;4;;4;;;;;;;1;396;159;74;93;19;16;3;19;1;0;3;1;3;0;2;3;0;
0112;02900806;BRIEFWAHLBEZIRK;01002000000012;0;0;0;0;693;0;0;0;6;687;245;133;153;63;23;9;44;;9;;8;;;;;;;0;693;282;106;147;44;19;7;58;0;3;3;1;8;0;0;10;5;
0112;02900807;BRIEFWAHLBEZIRK;01002000000012;0;0;0;0;418;0;0;0;3;415;128;89;117;43;6;2;19;;5;;6;;;;;;;1;417;152;75;115;29;7;2;20;0;1;5;1;4;1;2;3;0;
0112;02900808;BRIEFWAHLBEZIRK;01002000000012;0;0;0;0;582;0;0;0;5;577;190;136;142;51;10;8;22;;10;;8;;;;;;;0;582;228;119;117;36;11;6;24;1;4;9;3;8;1;0;7;8;
0112;02900809;BRIEFWAHLBEZIRK;01002000000012;0;0;0;0;607;0;0;0;5;602;198;154;138;50;13;12;25;;9;;3;;;;;;;4;603;223;109;155;36;10;11;32;5;0;5;0;4;2;1;4;6;
0112;02900810;BRIEFWAHLBEZIRK;01002000000012;0;0;0;0;712;0;0;0;8;704;294;167;142;45;12;8;22;;4;;10;;;;;;;3;709;318;143;131;40;16;7;30;2;1;2;0;8;3;1;4;3;
0112;02900811;BRIEFWAHLBEZIRK;01002000000012;0;0;0;0;467;0;0;0;2;465;180;134;66;34;5;10;25;;6;;5;;;;;;;1;466;207;100;74;34;7;10;22;3;0;4;0;3;0;0;2;0;
0112;02900812;BRIEFWAHLBEZIRK;01002000000012;0;0;0;0;736;0;0;0;3;733;257;169;181;62;15;5;26;;8;;10;;;;;;;1;735;300;139;173;54;13;4;26;2;1;5;0;11;1;0;3;3;
0112;02900813;BRIEFWAHLBEZIRK;01002000000012;0;0;0;0;254;0;0;0;3;251;64;38;81;22;4;15;13;;8;;6;;;;;;;0;254;77;34;70;16;5;13;17;1;0;7;0;9;0;0;3;2;
0112;02900821;BRIEFWAHLBEZIRK;01002000000012;0;0;0;0;744;0;0;0;3;741;181;150;261;63;10;24;33;;18;;1;;;;;;;2;742;219;127;232;52;14;25;37;6;1;8;0;4;3;1;5;8;
0112;02900822;BRIEFWAHLBEZIRK;01002000000012;0;0;0;0;776;0;0;0;3;773;211;131;252;71;12;30;39;;21;;6;;;;;;;0;776;249;107;240;43;12;27;54;4;2;8;0;6;5;0;9;10;
0112;02900823;BRIEFWAHLBEZIRK;01002000000012;0;0;0;0;763;0;0;0;3;760;208;166;236;45;15;16;46;;21;;7;;;;;;;1;762;259;117;238;31;18;20;51;1;6;11;0;5;0;0;2;3;
0112;02900824;BRIEFWAHLBEZIRK;01002000000012;0;0;0;0;615;0;0;0;7;608;134;123;250;42;3;16;26;;9;;5;;;;;;;4;611;171;84;250;37;3;16;33;2;0;5;0;4;1;0;2;3;
0112;02900825;BRIEFWAHLBEZIRK;01002000000012;0;0;0;0;811;0;0;0;4;807;181;138;351;74;7;13;32;;8;;3;;;;;;;3;808;208;115;353;54;9;13;32;0;1;8;2;4;3;0;3;3;
0112;02900826;BRIEFWAHLBEZIRK;01002000000012;0;0;0;0;807;0;0;0;6;801;204;155;300;71;11;19;27;;9;;5;;;;;;;3;804;265;118;289;47;13;19;32;0;2;4;1;3;3;1;5;2;
0112;02900827;BRIEFWAHLBEZIRK;01002000000012;0;0;0;0;479;0;0;0;0;479;235;45;110;67;8;6;6;;1;;1;;;;;;;0;479;239;37;105;65;11;6;10;0;0;0;0;1;1;0;3;1;
0112;02900828;BRIEFWAHLBEZIRK;01002000000012;0;0;0;0;396;0;0;0;2;394;170;43;103;52;6;4;9;;3;;4;;;;;;;0;396;178;32;94;44;10;7;13;1;0;4;0;4;0;1;1;7;
0112;02900829;BRIEFWAHLBEZIRK;01002000000012;0;0;0;0;620;0;0;0;1;619;136;99;289;39;3;16;18;;15;;4;;;;;;;0;620;151;75;272;47;4;19;24;1;1;14;0;3;0;1;4;4;
0112;02900830;BRIEFWAHLBEZIRK;01002000000012;0;0;0;0;611;0;0;0;2;609;138;93;251;64;4;22;27;;7;;3;;;;;;;3;608;177;73;238;45;6;21;28;1;1;6;1;3;1;0;4;3;
0112;02900831;BRIEFWAHLBEZIRK;01002000000012;0;0;0;0;412;0;0;0;0;412;72;86;182;35;3;6;18;;7;;3;;;;;;;0;412;91;63;174;32;5;9;24;2;1;3;0;1;2;0;2;3;
0112;02900832;BRIEFWAHLBEZIRK;01002000000012;0;0;0;0;621;0;0;0;3;618;137;111;242;59;12;19;29;;6;;3;;;;;;;1;620;165;109;223;35;13;20;33;1;0;5;1;3;3;0;5;4;
0112;02900833;BRIEFWAHLBEZIRK;01002000000012;0;0;0;0;460;0;0;0;5;455;109;109;144;39;10;8;25;;7;;4;;;;;;;2;458;133;98;145;21;13;11;23;0;2;4;0;2;2;0;2;2;
0112;02900834;BRIEFWAHLBEZIRK;01002000000012;0;0;0;0;459;0;0;0;2;457;75;92;201;24;2;22;27;;11;;3;;;;;;;0;459;103;63;198;19;2;17;26;1;1;9;1;3;2;1;6;7;
0112;02900835;BRIEFWAHLBEZIRK;01002000000012;0;0;0;0;379;0;0;0;4;375;48;62;200;31;6;8;7;;9;;4;;;;;;;0;379;55;47;193;28;7;10;16;0;3;4;1;7;0;0;3;5;
0112;02900836;BRIEFWAHLBEZIRK;01002000000012;0;0;0;0;441;0;0;0;4;437;93;93;162;36;5;11;23;;9;;5;;;;;;;3;438;118;77;156;22;7;9;34;3;0;4;0;4;0;1;1;2;
0112;02900837;BRIEFWAHLBEZIRK;01002000000012;0;0;0;0;469;0;0;0;2;467;93;100;182;39;3;17;17;;6;;10;;;;;;;1;468;119;89;169;23;6;18;18;0;5;3;1;7;1;2;5;2;
0112;02900838;BRIEFWAHLBEZIRK;01002000000012;0;0;0;0;370;0;0;0;2;368;69;56;160;28;1;28;18;;5;;3;;;;;;;1;369;90;49;156;19;2;18;15;2;0;6;0;2;0;1;5;4;
0112;02900839;BRIEFWAHLBEZIRK;01002000000012;0;0;0;0;520;0;0;0;2;518;85;87;244;35;7;21;23;;14;;2;;;;;;;0;520;121;80;228;14;8;17;24;4;2;11;1;2;0;1;4;3;
0113;02000011;STIMMBEZIRK;01002000000013;1228;870;358;0;424;423;1;0;2;422;104;64;151;28;13;22;20;1;16;;;0;3;;;;;1;423;105;51;152;31;13;17;19;4;0;16;0;5;1;1;4;4;
0113;02000012;STIMMBEZIRK;01002000000013;1808;1163;645;0;585;580;5;0;7;578;131;107;216;47;13;20;22;1;8;;;9;4;;;;;5;580;139;84;214;59;15;21;20;3;0;9;0;4;7;0;3;2;
0113;02000013;STIMMBEZIRK;01002000000013;1441;1049;392;0;570;568;2;0;4;566;90;78;262;34;17;31;24;1;22;;;3;4;;;;;2;568;91;52;275;39;17;32;23;4;1;18;0;8;3;1;1;3;
0113;02000014;STIMMBEZIRK;01002000000013;1337;889;448;0;521;521;0;0;2;519;119;86;190;41;20;19;23;3;14;;;2;2;;;;;0;521;127;79;182;48;16;19;24;1;0;10;2;7;1;0;3;2;
0113;02000015;STIMMBEZIRK;01002000000013;2009;1312;697;0;649;649;0;0;5;644;133;113;245;34;21;31;31;4;26;;;1;5;;;;;1;648;135;94;248;38;21;26;39;3;0;17;1;9;4;2;6;5;
0113;02000021;STIMMBEZIRK;01002000000013;1314;911;403;0;493;490;3;0;5;488;68;83;211;25;10;33;34;3;15;;;4;2;;;;;2;491;75;64;222;23;9;29;30;0;1;14;0;11;4;0;6;3;
0113;02000022;STIMMBEZIRK;01002000000013;1631;1098;533;0;752;748;4;0;4;748;119;130;366;31;12;20;38;2;21;;;2;7;;;;;2;750;146;92;379;33;10;16;29;1;1;21;0;12;1;1;4;4;
0113;02000023;STIMMBEZIRK;01002000000013;1892;1234;658;0;774;771;3;0;9;765;125;135;364;41;12;36;21;3;19;;;5;4;;;;;3;771;121;100;371;54;12;42;32;0;2;12;1;6;3;1;4;10;
0113;02000024;STIMMBEZIRK;01002000000013;2073;1431;642;0;758;757;1;0;8;750;113;125;316;49;25;47;34;3;25;;;7;6;;;;;10;748;116;83;320;50;25;45;44;6;5;24;1;14;3;0;6;6;
0113;02000091;STIMMBEZIRK;01002000000013;1495;1080;415;0;602;600;2;0;9;593;56;100;309;22;12;44;22;4;16;;;3;5;;;;;5;597;56;68;303;28;11;45;37;3;3;18;0;7;2;0;7;9;
0113;02000092;STIMMBEZIRK;01002000000013;1232;973;259;0;604;603;1;0;9;595;153;132;185;22;24;22;31;4;16;;;4;2;;;;;6;598;176;96;181;24;20;20;46;3;2;11;0;6;1;0;5;7;
0113;02000093;STIMMBEZIRK;01002000000013;1057;715;342;0;478;477;1;0;3;475;87;85;211;19;6;19;21;3;19;;;3;2;;;;;1;477;90;66;201;36;4;24;17;2;1;17;0;7;3;0;6;3;
0113;02000094;STIMMBEZIRK;01002000000013;1414;997;417;0;519;517;2;0;4;515;76;96;234;28;12;15;27;1;18;;;3;5;;;;;1;518;78;79;242;29;13;17;29;2;1;13;2;5;4;0;3;1;
0113;02000095;STIMMBEZIRK;01002000000013;791;647;144;0;318;318;0;0;7;311;112;67;81;14;12;13;6;1;5;;;0;0;;;;;5;313;111;47;95;17;13;10;9;0;0;5;0;4;0;0;2;0;
0113;02000096;STIMMBEZIRK;01002000000013;1044;785;259;0;574;574;0;0;7;567;191;116;156;26;18;14;25;1;19;;;1;0;;;;;5;569;191;82;176;28;20;15;33;4;1;9;0;6;1;0;2;1;
0113;02000097;STIMMBEZIRK;01002000000013;740;610;130;0;419;419;0;0;7;412;128;68;115;33;16;7;35;1;9;;;0;0;;;;;3;416;127;54;123;37;15;5;26;0;1;11;0;14;0;0;2;1;
0113;02000101;STIMMBEZIRK;01002000000013;1906;1710;196;0;470;469;1;0;15;455;155;114;60;16;42;21;28;5;10;;;2;2;;;;;6;464;167;109;48;21;48;16;30;4;1;8;0;3;2;0;7;0;
0113;02000102;STIMMBEZIRK;01002000000013;1900;1708;192;0;328;328;0;0;7;321;113;82;30;12;34;33;11;2;3;;;0;1;;;;;2;326;115;81;34;14;33;27;10;0;2;2;0;2;0;1;5;0;
0113;02000103;STIMMBEZIRK;01002000000013;1646;1448;198;0;276;274;2;0;8;268;87;62;45;13;26;11;15;2;6;;;0;1;;;;;1;275;97;50;51;13;27;14;16;0;1;3;0;1;0;0;1;1;
0113;02000111;STIMMBEZIRK;01002000000013;1843;1562;281;0;390;390;0;0;8;382;136;112;49;11;43;5;18;3;3;;;1;1;;;;;5;385;126;105;57;16;39;10;21;1;2;2;0;3;0;0;3;0;
0113;02000112;STIMMBEZIRK;01002000000013;1402;1213;189;0;353;353;0;0;10;343;136;89;25;16;40;12;13;7;4;;;0;1;;;;;9;344;143;74;30;11;39;9;18;2;0;3;0;7;1;2;3;2;
0113;02000113;STIMMBEZIRK;01002000000013;2191;1886;305;0;641;641;0;0;29;612;251;185;62;17;46;20;22;2;6;;;1;0;;;;;14;627;258;163;74;20;42;14;32;1;4;7;1;9;0;1;1;0;
0113;02000114;STIMMBEZIRK;01002000000013;1232;890;342;0;481;481;0;0;2;479;188;109;101;16;14;5;30;1;13;;;2;0;;;;;0;481;187;88;121;21;12;5;25;3;1;5;1;8;0;0;3;1;
0113;02000121;STIMMBEZIRK;01002000000013;1291;902;389;0;462;458;4;0;5;457;71;81;198;29;10;16;21;4;21;;;3;3;;;;;3;459;77;69;198;29;7;21;20;6;2;12;0;9;1;0;4;4;
0113;02000122;STIMMBEZIRK;01002000000013;1505;1077;427;1;529;528;1;0;4;525;104;96;203;26;15;19;23;5;24;;;5;5;;;;;0;529;101;78;202;31;17;24;33;4;4;12;0;6;4;0;6;7;
0113;02000123;STIMMBEZIRK;01002000000013;1624;1179;445;0;533;533;0;0;8;525;94;102;201;28;12;24;33;3;16;;;7;5;;;;;2;531;107;83;202;25;10;25;28;5;1;14;0;17;4;1;5;4;
0113;02000124;STIMMBEZIRK;01002000000013;1214;890;324;0;483;482;1;0;4;479;60;88;194;23;13;35;29;4;22;;;5;6;;;;;0;483;69;55;201;24;12;24;45;2;2;19;0;19;4;0;3;4;
0113;02000125;STIMMBEZIRK;01002000000013;976;730;246;0;324;324;0;0;3;321;58;54;102;20;22;21;24;3;13;;;0;4;;;;;0;324;68;51;94;16;19;17;25;4;1;12;0;4;0;1;8;4;
0113;02000126;STIMMBEZIRK;01002000000013;904;646;258;0;211;210;1;0;3;208;68;44;50;7;8;12;13;0;5;;;0;1;;;;;1;210;74;42;45;6;7;15;13;0;0;5;1;1;0;0;1;0;
0113;02000127;STIMMBEZIRK;01002000000013;1295;917;378;0;445;445;0;0;9;436;121;97;128;24;11;16;19;0;15;;;2;3;;;;;5;440;131;69;132;24;11;16;18;3;0;18;0;9;1;1;4;3;
0113;02000131;STIMMBEZIRK;01002000000013;1692;1270;422;0;605;598;7;0;4;601;90;107;283;39;10;27;14;1;22;;;5;3;;;;;3;602;102;84;265;40;8;32;26;5;1;23;0;4;3;0;3;6;
0113;02000132;STIMMBEZIRK;01002000000013;2141;1751;390;0;552;550;2;0;9;543;95;93;177;29;13;66;33;1;24;;;5;7;;;;;5;547;94;81;171;32;12;64;34;5;2;26;2;3;4;0;9;8;
0113;02000133;STIMMBEZIRK;01002000000013;1896;1490;406;0;739;735;4;0;8;731;124;133;269;39;26;48;36;5;42;;;5;4;;;;;5;734;133;102;273;32;24;49;47;6;2;35;0;10;3;1;10;7;
0113;02000134;STIMMBEZIRK;01002000000013;2003;1489;514;0;812;808;4;0;7;805;148;146;309;35;15;57;46;1;37;;;6;5;;;;;4;808;153;113;298;42;17;66;48;4;1;31;0;14;2;3;11;5;
0113;02000141;STIMMBEZIRK;01002000000013;1530;1231;299;0;476;473;3;0;5;471;114;86;135;20;25;26;31;2;25;;;2;5;;;;;6;470;109;70;148;19;24;21;34;3;2;21;1;7;2;1;5;3;
0113;02000142;STIMMBEZIRK;01002000000013;1063;837;226;0;377;377;0;0;6;371;118;83;86;20;13;10;25;3;8;;;3;2;;;;;5;372;117;74;90;25;14;8;21;1;2;7;0;8;1;1;0;3;
0113;02000143;STIMMBEZIRK;01002000000013;1575;1223;352;0;580;577;3;0;5;575;172;144;132;17;34;12;40;3;20;;;0;1;;;;;2;578;176;114;138;31;30;11;43;2;0;16;0;8;2;1;5;1;
0113;02000144;STIMMBEZIRK;01002000000013;1346;971;375;0;414;413;1;0;4;410;109;80;110;25;17;20;30;4;12;;;0;3;;;;;5;409;115;64;109;26;16;17;36;1;5;10;0;8;0;0;1;1;
0113;02000145;STIMMBEZIRK;01002000000013;1284;875;409;0;506;506;0;0;8;498;127;104;174;27;8;21;21;0;13;;;2;1;;;;;3;503;131;74;182;34;9;18;29;3;0;10;1;8;2;0;0;2;
0113;02000146;STIMMBEZIRK;01002000000013;1501;1008;493;0;504;501;3;0;3;501;163;97;145;19;20;18;23;0;11;;;4;1;;;;;1;503;172;63;152;21;21;18;32;1;1;8;2;5;1;2;3;1;
0113;02000151;STIMMBEZIRK;01002000000013;1580;1181;399;0;701;698;3;0;6;695;265;136;180;38;19;13;27;2;10;;;2;3;;;;;2;699;265;102;197;35;23;17;33;1;6;8;0;5;3;0;2;2;
0113;02000152;STIMMBEZIRK;01002000000013;1451;1074;377;0;643;643;0;0;14;629;229;144;141;32;32;16;26;1;5;;;0;3;;;;;5;638;234;118;152;41;28;18;25;5;1;3;1;9;1;0;0;2;
0113;02000153;STIMMBEZIRK;01002000000013;1395;914;481;0;539;535;4;0;6;533;218;98;136;26;23;4;20;3;3;;;1;1;;;;;2;537;218;85;143;33;19;7;17;1;0;2;1;11;0;0;0;0;
0113;02000154;STIMMBEZIRK;01002000000013;1533;1074;459;0;651;648;3;0;6;645;246;134;160;37;25;14;20;1;7;;;1;0;;;;;2;649;256;100;155;51;24;11;23;2;0;6;1;13;1;0;4;2;
0113;02000155;STIMMBEZIRK;01002000000013;1071;876;195;0;522;521;1;0;8;514;152;127;139;18;19;9;28;3;16;;;1;2;;;;;4;518;164;99;143;27;17;13;27;1;2;9;1;8;0;0;7;0;
0113;02900841;BRIEFWAHLBEZIRK;01002000000013;0;0;0;0;378;0;0;0;6;372;89;49;165;10;4;13;20;1;13;;;2;6;;;;;4;374;96;43;159;9;4;12;25;2;2;11;0;5;0;0;2;4;
0113;02900842;BRIEFWAHLBEZIRK;01002000000013;0;0;0;0;507;0;0;0;5;502;122;103;197;18;4;18;18;0;8;;;1;13;;;;;0;507;130;81;201;21;4;20;27;2;2;5;0;2;1;0;4;7;
0113;02900843;BRIEFWAHLBEZIRK;01002000000013;0;0;0;0;610;0;0;0;2;608;144;128;242;27;3;23;18;1;14;;;3;5;;;;;3;607;166;99;232;34;5;30;19;1;2;7;0;1;2;0;5;4;
0113;02900844;BRIEFWAHLBEZIRK;01002000000013;0;0;0;0;604;0;0;0;3;601;95;111;269;29;14;23;35;1;17;;;2;5;;;;;0;604;107;72;273;35;11;29;31;3;0;17;1;6;2;3;11;3;
0113;02900845;BRIEFWAHLBEZIRK;01002000000013;0;0;0;0;380;0;0;0;2;378;39;67;183;18;3;26;15;0;18;;;6;3;;;;;1;379;58;47;193;14;4;19;21;4;0;5;1;4;3;0;4;2;
0113;02900846;BRIEFWAHLBEZIRK;01002000000013;0;0;0;0;574;0;0;0;4;570;155;130;192;23;4;24;27;4;10;;;0;1;;;;;0;574;167;93;196;24;5;26;35;1;2;10;1;1;0;2;7;4;
0113;02900847;BRIEFWAHLBEZIRK;01002000000013;0;0;0;0;388;0;0;0;1;387;102;85;134;25;3;13;12;0;5;;;1;7;;;;;1;387;128;66;129;17;3;10;22;1;0;4;0;3;3;0;0;1;
0113;02900848;BRIEFWAHLBEZIRK;01002000000013;0;0;0;0;515;0;0;0;4;511;189;98;102;41;13;12;42;5;7;;;0;2;;;;;1;514;213;80;107;39;10;9;34;1;5;4;0;6;0;0;4;2;
0113;02900849;BRIEFWAHLBEZIRK;01002000000013;0;0;0;0;540;0;0;0;8;532;200;120;84;30;31;8;47;2;4;;;4;2;;;;;5;535;222;105;76;32;28;12;38;5;1;2;0;2;3;3;5;1;
0113;02900850;BRIEFWAHLBEZIRK;01002000000013;0;0;0;0;445;0;0;0;8;437;171;109;60;21;15;1;41;9;5;;;2;3;;;;;3;442;192;95;58;23;16;2;35;5;4;2;0;3;2;0;1;4;
0113;02900851;BRIEFWAHLBEZIRK;01002000000013;0;0;0;0;611;0;0;0;4;607;244;166;93;17;24;9;40;9;4;;;1;0;;;;;0;611;272;134;94;20;27;8;39;0;5;2;0;4;0;0;6;0;
0113;02900852;BRIEFWAHLBEZIRK;01002000000013;0;0;0;0;344;0;0;0;2;342;86;71;125;18;4;11;12;1;9;;;4;1;;;;;1;343;100;55;126;19;4;10;10;0;0;4;0;4;2;0;6;3;
0113;02900853;BRIEFWAHLBEZIRK;01002000000013;0;0;0;0;603;0;0;0;5;598;211;112;163;45;17;13;18;1;12;;;3;3;;;;;0;603;228;89;162;59;18;12;20;2;0;5;0;3;0;2;2;1;
0113;02900854;BRIEFWAHLBEZIRK;01002000000013;0;0;0;0;362;0;0;0;6;356;56;74;155;20;10;9;19;3;6;;;3;1;;;;;3;359;63;58;156;29;11;9;17;1;1;6;0;2;1;0;3;2;
0113;02900855;BRIEFWAHLBEZIRK;01002000000013;0;0;0;0;433;0;0;0;11;422;126;87;127;21;6;16;25;4;7;;;0;3;;;;;1;432;139;77;132;24;5;14;27;0;2;6;0;2;0;1;2;1;
0113;02900856;BRIEFWAHLBEZIRK;01002000000013;0;0;0;0;658;0;0;0;8;650;169;112;242;42;7;20;34;2;13;;;5;4;;;;;2;656;204;94;223;44;5;21;34;2;1;7;1;4;3;1;7;5;
0113;02900861;BRIEFWAHLBEZIRK;01002000000013;0;0;0;0;781;0;0;0;6;775;150;165;287;56;12;33;38;6;14;;;4;10;;;;;0;781;175;132;293;54;14;25;42;3;4;13;1;7;4;0;5;9;
0113;02900862;BRIEFWAHLBEZIRK;01002000000013;0;0;0;0;411;0;0;0;2;409;88;87;142;28;11;14;25;0;12;;;0;2;;;;;1;410;103;67;144;27;11;16;26;0;0;8;0;2;1;0;3;2;
0113;02900863;BRIEFWAHLBEZIRK;01002000000013;0;0;0;0;306;0;0;0;3;303;39;51;137;13;3;25;10;0;15;;;6;4;;;;;0;306;52;43;132;9;3;23;16;0;2;13;0;2;5;0;3;3;
0113;02900864;BRIEFWAHLBEZIRK;01002000000013;0;0;0;0;382;0;0;0;2;380;71;75;137;33;3;14;27;0;12;;;1;7;;;;;0;382;90;58;131;28;3;19;30;1;0;10;0;1;1;0;4;6;
0113;02900865;BRIEFWAHLBEZIRK;01002000000013;0;0;0;0;344;0;0;0;1;343;63;82;103;16;2;33;23;5;12;;;3;1;;;;;0;344;74;64;100;18;4;29;27;5;3;7;2;3;2;1;4;1;
0113;02900866;BRIEFWAHLBEZIRK;01002000000013;0;0;0;0;386;0;0;0;3;383;62;71;139;32;8;18;27;1;15;;;8;2;;;;;0;386;79;60;137;25;9;24;21;2;1;10;0;3;3;0;9;3;
0113;02900867;BRIEFWAHLBEZIRK;01002000000013;0;0;0;0;469;0;0;0;4;465;84;90;186;20;7;34;30;1;11;;;2;0;;;;;1;468;105;67;188;22;6;25;28;4;0;10;0;7;2;1;3;0;
0113;02900868;BRIEFWAHLBEZIRK;01002000000013;0;0;0;0;739;0;0;0;7;732;340;141;141;36;10;12;41;4;6;;;1;0;;;;;1;738;355;118;137;51;11;15;35;3;3;3;0;3;0;0;4;0;
0113;02900869;BRIEFWAHLBEZIRK;01002000000013;0;0;0;0;453;0;0;0;2;451;199;96;108;19;3;3;20;0;3;;;0;0;;;;;2;451;207;85;109;21;4;3;14;0;0;0;0;4;0;0;3;1;
0113;02900870;BRIEFWAHLBEZIRK;01002000000013;0;0;0;0;597;0;0;0;6;591;247;135;129;25;7;10;29;1;7;;;1;0;;;;;4;593;256;108;130;41;6;9;26;2;4;5;0;0;0;0;5;1;
0113;02900871;BRIEFWAHLBEZIRK;01002000000013;0;0;0;0;812;0;0;0;12;800;277;183;170;43;24;30;56;8;8;;;1;0;;;;;5;807;290;156;169;54;21;24;49;2;8;11;1;12;2;0;8;0;
0113;02900872;BRIEFWAHLBEZIRK;01002000000013;0;0;0;0;470;0;0;0;7;463;131;121;117;25;10;11;29;2;14;;;1;2;;;;;4;466;144;92;114;30;8;13;37;3;2;8;2;3;1;0;5;4;
0113;02900873;BRIEFWAHLBEZIRK;01002000000013;0;0;0;0;676;0;0;0;8;668;240;130;171;30;15;20;49;5;5;;;0;3;;;;;2;674;269;94;168;41;13;25;38;4;2;4;1;9;0;0;4;2;
0113;02900874;BRIEFWAHLBEZIRK;01002000000013;0;0;0;0;836;0;0;0;13;823;272;201;193;32;19;25;52;6;17;;;3;3;;;;;4;832;310;163;200;46;16;20;35;1;5;7;0;18;1;0;8;2;
0114;02000161;STIMMBEZIRK;01002000000014;1239;1013;226;0;694;693;1;0;7;687;272;134;140;63;25;11;33;;5;;;;4;;;;;6;688;291;99;152;56;18;13;29;0;0;4;3;12;3;0;7;1;
0114;02000162;STIMMBEZIRK;01002000000014;1605;1282;323;0;738;736;2;0;6;732;265;188;138;52;31;10;38;;9;;;;1;;;;;3;735;286;155;133;69;30;7;32;4;0;2;1;8;0;1;7;0;
0114;02000163;STIMMBEZIRK;01002000000014;742;574;168;0;362;362;0;0;7;355;103;96;93;20;10;7;21;;4;;;;1;;;;;7;355;122;80;90;15;8;6;22;0;4;2;0;3;0;0;0;3;
0114;02000164;STIMMBEZIRK;01002000000014;1258;959;299;0;589;588;1;0;2;587;190;136;144;45;21;5;31;;14;;;;1;;;;;3;586;213;101;145;46;14;5;32;1;3;4;0;8;0;0;11;3;
0114;02000165;STIMMBEZIRK;01002000000014;1906;1479;427;0;816;815;1;0;8;808;303;198;117;54;51;19;54;;9;;;;3;;;;;3;813;315;142;129;62;51;21;56;1;5;13;0;12;1;0;3;2;
0114;02000166;STIMMBEZIRK;01002000000014;1998;1655;343;0;719;719;0;0;9;710;225;188;138;46;47;16;34;;8;;;;8;;;;;3;716;255;148;133;44;42;17;32;1;3;4;1;20;1;2;6;7;
0114;02000171;STIMMBEZIRK;01002000000014;1159;1003;156;0;267;267;0;0;7;260;29;58;77;4;18;37;15;;21;;;;1;;;;;4;263;36;43;78;4;13;42;19;2;1;13;0;8;0;0;2;2;
0114;02000172;STIMMBEZIRK;01002000000014;1386;1235;151;0;310;310;0;0;4;306;37;69;86;13;26;52;10;;11;;;;2;;;;;2;308;46;53;88;17;23;45;16;2;0;13;0;3;0;0;1;1;
0114;02000173;STIMMBEZIRK;01002000000014;1952;1721;230;1;487;487;0;0;4;483;100;133;100;22;42;30;27;;28;;;;1;;;;;1;486;128;109;85;26;41;33;24;6;0;19;0;3;3;2;3;4;
0114;02000174;STIMMBEZIRK;01002000000014;1760;1513;247;0;401;400;1;0;4;397;68;86;99;14;36;42;26;;19;;;;7;;;;;1;400;83;69;91;14;32;36;41;1;4;13;0;9;0;1;2;4;
0114;02000181;STIMMBEZIRK;01002000000014;1499;1309;190;0;288;288;0;0;9;279;39;85;55;9;18;35;17;;19;;;;2;;;;;4;284;45;59;62;3;19;42;19;5;1;16;0;10;0;0;1;2;
0114;02000182;STIMMBEZIRK;01002000000014;1356;1160;196;0;332;332;0;0;9;323;57;67;95;11;20;52;9;;12;;;;0;;;;;5;327;61;54;85;9;17;44;22;0;2;15;0;6;1;2;7;2;
0114;02000183;STIMMBEZIRK;01002000000014;1418;1262;156;0;330;329;1;0;2;328;49;103;57;9;24;35;23;;24;;;;4;;;;;0;330;53;83;64;8;23;32;26;5;1;14;3;11;1;0;4;2;
0114;02000184;STIMMBEZIRK;01002000000014;1519;1378;141;0;326;326;0;0;13;313;64;106;63;14;13;30;13;;8;;;;2;;;;;12;314;60;98;55;17;16;34;13;2;1;11;1;2;0;1;2;1;
0114;02000191;STIMMBEZIRK;01002000000014;1944;1667;277;0;643;641;2;0;12;631;156;190;117;30;50;21;42;;17;;;;8;;;;;5;638;183;172;113;20;49;19;42;1;2;17;0;7;0;1;5;7;
0114;02000192;STIMMBEZIRK;01002000000014;1319;1063;256;0;439;437;2;0;10;429;126;128;82;33;21;6;27;;4;;;;2;;;;;5;434;161;107;74;29;21;6;26;0;1;5;0;0;1;0;3;0;
0114;02000193;STIMMBEZIRK;01002000000014;1869;1480;389;0;525;525;0;0;8;517;151;151;96;31;38;19;24;;7;;;;0;;;;;7;518;167;124;97;27;36;16;30;1;1;7;1;2;2;1;5;1;
0114;02000194;STIMMBEZIRK;01002000000014;1792;1420;372;0;577;576;1;0;11;566;179;140;81;36;41;18;46;;21;;;;4;;;;;7;570;203;108;91;26;41;17;46;0;0;15;0;9;2;3;7;2;
0114;02000201;STIMMBEZIRK;01002000000014;1651;1336;315;0;588;586;2;0;13;575;163;121;136;54;33;11;45;;7;;;;5;;;;;7;581;191;101;131;36;37;16;45;3;1;4;0;7;1;1;2;5;
0114;02000202;STIMMBEZIRK;01002000000014;1872;1641;231;0;508;507;1;0;13;495;123;154;76;27;38;23;41;;11;;;;2;;;;;10;498;130;136;73;31;35;24;41;4;1;6;0;5;2;0;9;1;
0114;02000203;STIMMBEZIRK;01002000000014;950;739;211;0;365;364;1;0;8;357;112;101;61;26;16;8;28;;3;;;;2;;;;;3;362;137;76;63;17;13;13;26;0;2;0;0;8;1;0;4;2;
0114;02000204;STIMMBEZIRK;01002000000014;820;712;108;0;297;297;0;0;6;291;100;103;32;12;20;6;15;;0;;;;3;;;;;7;290;106;95;37;8;20;5;14;1;0;0;1;2;0;0;0;1;
0114;02000205;STIMMBEZIRK;01002000000014;1023;774;249;0;551;546;5;0;8;543;166;117;148;29;28;12;36;;5;;;;2;;;;;4;547;198;94;137;26;25;10;41;2;0;7;0;3;0;0;2;2;
0114;02000211;STIMMBEZIRK;01002000000014;1320;1128;192;0;407;407;0;0;8;399;105;122;57;20;40;9;31;;10;;;;5;;;;;4;403;120;102;57;15;37;9;38;0;4;8;0;3;0;0;5;5;
0114;02000212;STIMMBEZIRK;01002000000014;1470;1297;173;0;392;389;3;0;5;387;128;125;50;15;33;7;25;;3;;;;1;;;;;1;391;138;102;54;16;30;9;27;1;0;1;1;4;1;1;5;1;
0114;02000213;STIMMBEZIRK;01002000000014;1518;1279;239;0;309;307;2;0;3;306;73;67;80;8;26;14;23;;11;;;;4;;;;;1;308;79;50;74;9;25;16;23;2;0;11;0;2;8;0;5;4;
0114;02000214;STIMMBEZIRK;01002000000014;1703;1433;270;0;436;435;1;0;4;432;85;95;113;32;40;18;31;;14;;;;4;;;;;4;432;97;81;101;36;37;12;36;2;2;11;2;6;1;1;5;2;
0114;02000221;STIMMBEZIRK;01002000000014;1577;1253;324;0;579;577;2;0;7;572;170;155;111;35;33;16;39;;11;;;;2;;;;;3;576;189;129;109;37;34;21;29;0;2;6;1;8;3;1;6;1;
0114;02000222;STIMMBEZIRK;01002000000014;1758;1478;280;0;668;668;0;0;3;665;212;137;129;40;49;29;54;;15;;;;0;;;;;3;665;233;104;144;39;40;13;48;6;1;15;4;8;4;0;5;1;
0114;02000223;STIMMBEZIRK;01002000000014;1723;1384;339;0;588;588;0;0;4;584;186;156;105;33;29;22;36;;13;;;;4;;;;;4;584;215;124;99;24;27;19;43;0;1;11;1;13;0;0;6;1;
0114;02000224;STIMMBEZIRK;01002000000014;1789;1511;278;0;591;591;0;0;15;576;194;148;102;39;27;15;44;;6;;;;1;;;;;12;579;218;130;98;38;26;13;32;2;2;5;1;7;0;1;3;3;
0114;02000231;STIMMBEZIRK;01002000000014;368;294;74;0;196;196;0;0;5;191;85;40;22;10;12;8;14;;0;;;;0;;;;;0;196;88;32;26;10;8;7;13;0;0;0;0;5;0;0;7;0;
0114;02000232;STIMMBEZIRK;01002000000014;345;277;68;0;201;201;0;0;4;197;92;32;36;17;12;2;6;;0;;;;0;;;;;2;199;105;25;34;14;11;0;6;0;0;0;0;3;0;0;1;0;
0114;02000233;STIMMBEZIRK;01002000000014;1069;756;313;0;446;446;0;0;3;443;152;104;95;34;23;6;18;;10;;;;1;;;;;1;445;169;86;90;36;24;4;15;2;0;7;0;7;0;0;3;2;
0114;02000234;STIMMBEZIRK;01002000000014;1097;823;274;0;507;507;0;0;8;499;175;116;102;34;23;10;29;;9;;;;1;;;;;5;502;173;92;118;37;21;7;31;1;1;8;0;7;2;0;4;0;
0114;02000235;STIMMBEZIRK;01002000000014;1444;1172;272;0;519;518;1;0;11;508;161;128;111;15;38;12;33;;9;;;;1;;;;;4;515;167;107;121;26;31;10;30;1;4;7;0;7;1;0;2;1;
0114;02000236;STIMMBEZIRK;01002000000014;1239;1085;154;0;421;419;2;0;7;414;145;106;52;24;32;6;39;;10;;;;0;;;;;2;419;158;89;52;26;29;9;36;0;0;6;0;6;2;0;5;1;
0114;02000237;STIMMBEZIRK;01002000000014;1507;1218;289;0;504;503;1;0;9;495;176;109;94;35;40;12;22;;7;;;;0;;;;;4;500;202;74;103;35;35;9;21;2;0;2;1;11;1;0;4;0;
0114;02900881;BRIEFWAHLBEZIRK;01002000000014;0;0;0;0;500;0;0;0;10;490;169;119;82;45;19;8;32;;12;;;;4;;;;;1;499;224;99;72;34;16;4;28;0;4;2;0;7;2;1;4;2;
0114;02900882;BRIEFWAHLBEZIRK;01002000000014;0;0;0;0;69;0;0;0;2;67;20;22;12;7;3;1;2;;0;;;;0;;;;;1;68;29;12;13;3;2;2;3;0;2;0;0;2;0;0;0;0;
0114;02900883;BRIEFWAHLBEZIRK;01002000000014;0;0;0;0;437;0;0;0;3;434;163;108;87;27;10;5;22;;9;;;;3;;;;;1;436;200;88;96;13;7;3;13;1;2;4;0;6;1;0;2;0;
0114;02900884;BRIEFWAHLBEZIRK;01002000000014;0;0;0;0;63;0;0;0;1;62;24;8;10;8;2;1;6;;3;;;;0;;;;;1;62;26;8;6;7;1;3;7;0;0;2;0;1;0;0;1;0;
0114;02900885;BRIEFWAHLBEZIRK;01002000000014;0;0;0;0;716;0;0;0;8;708;235;208;100;56;28;17;47;;13;;;;4;;;;;3;713;300;146;110;57;27;15;34;2;3;6;1;3;2;0;4;3;
0114;02900886;BRIEFWAHLBEZIRK;01002000000014;0;0;0;0;570;0;0;0;11;559;140;179;108;29;22;12;61;;3;;;;5;;;;;1;569;199;136;106;30;20;13;40;2;5;6;2;3;0;0;4;3;
0114;02900887;BRIEFWAHLBEZIRK;01002000000014;0;0;0;0;573;0;0;0;9;564;168;159;98;35;30;22;41;;7;;;;4;;;;;3;570;239;118;91;26;24;17;33;2;1;5;1;0;0;0;9;4;
0114;02900888;BRIEFWAHLBEZIRK;01002000000014;0;0;0;0;542;0;0;0;7;535;211;144;92;28;20;9;23;;5;;;;3;;;;;4;538;213;107;116;29;23;12;22;2;0;1;0;2;0;1;10;0;
0114;02900889;BRIEFWAHLBEZIRK;01002000000014;0;0;0;0;676;0;0;0;4;672;209;192;120;41;34;17;49;;8;;;;2;;;;;1;675;262;132;122;51;27;12;44;2;3;7;0;3;0;0;8;2;
0114;02900890;BRIEFWAHLBEZIRK;01002000000014;0;0;0;0;286;0;0;0;4;282;49;64;76;14;9;31;19;;17;;;;3;;;;;1;285;64;45;78;11;9;33;21;3;0;9;0;4;3;0;4;1;
0114;02900891;BRIEFWAHLBEZIRK;01002000000014;0;0;0;0;438;0;0;0;0;438;90;108;111;20;23;34;28;;21;;;;3;;;;;0;438;112;71;127;17;19;26;35;2;0;15;0;2;3;0;7;2;
0114;02900892;BRIEFWAHLBEZIRK;01002000000014;0;0;0;0;619;0;0;0;22;597;112;157;141;27;16;57;54;;24;;;;9;;;;;17;602;139;118;148;28;12;59;51;2;3;23;1;6;1;1;8;2;
0114;02900893;BRIEFWAHLBEZIRK;01002000000014;0;0;0;0;480;0;0;0;6;474;128;143;83;29;23;16;38;;12;;;;2;;;;;3;477;181;103;88;24;22;10;31;1;7;0;0;2;0;2;6;0;
0114;02900894;BRIEFWAHLBEZIRK;01002000000014;0;0;0;0;684;0;0;0;9;675;199;211;113;33;29;14;58;;15;;;;3;;;;;5;679;258;174;106;24;26;13;51;1;0;8;1;4;2;0;9;2;
0114;02900895;BRIEFWAHLBEZIRK;01002000000014;0;0;0;0;503;0;0;0;10;493;149;124;87;50;19;16;32;;11;;;;5;;;;;0;503;198;93;92;28;15;13;36;2;0;6;2;4;1;1;7;5;
0114;02900896;BRIEFWAHLBEZIRK;01002000000014;0;0;0;0;538;0;0;0;17;521;180;145;73;63;18;11;24;;4;;;;3;;;;;5;533;239;110;76;38;16;15;26;1;0;1;0;4;1;0;3;3;
0114;02900897;BRIEFWAHLBEZIRK;01002000000014;0;0;0;0;336;0;0;0;1;335;100;107;38;17;13;13;36;;7;;;;4;;;;;0;336;119;93;47;17;10;9;24;0;4;5;0;1;0;0;6;1;
0114;02900898;BRIEFWAHLBEZIRK;01002000000014;0;0;0;0;460;0;0;0;4;456;84;114;136;29;14;25;33;;13;;;;8;;;;;1;459;118;91;121;29;15;28;25;2;2;12;0;3;3;0;5;5;
0115;57091001;STIMMBEZIRK;01057009109115;1550;1150;400;0;724;724;0;0;7;717;294;146;163;51;32;21;;;;;9;;1;;;;;5;719;296;112;158;56;26;13;35;1;3;5;0;9;1;0;3;1;
0115;57091002;STIMMBEZIRK;01057009109115;1700;1230;470;0;722;722;0;0;15;707;269;169;182;37;34;6;;;;;9;;1;;;;;10;712;288;127;147;51;34;4;36;1;1;5;1;10;0;3;4;0;
0115;57091003;STIMMBEZIRK;01057009109115;1487;1094;393;0;681;681;0;0;10;671;241;153;180;28;40;17;;;;;11;;1;;;;;4;677;282;113;155;33;38;11;23;2;1;5;1;12;0;1;0;0;
0115;57091004;STIMMBEZIRK;01057009109115;1341;1088;253;0;597;597;0;0;12;585;235;137;143;36;17;6;;;;;5;;6;;;;;2;595;245;107;115;47;17;2;42;0;3;5;2;4;0;0;3;3;
0115;57091005;STIMMBEZIRK;01057009109115;1418;1104;314;0;639;639;0;0;24;615;264;135;126;40;32;10;;;;;6;;2;;;;;20;619;272;101;95;43;33;5;46;3;0;5;0;6;2;2;6;0;
0115;57091006;STIMMBEZIRK;01057009109115;1865;1489;376;0;839;837;2;0;25;814;343;186;172;55;32;19;;;;;2;;5;;;;;13;826;380;163;135;53;34;11;35;0;3;3;1;2;0;1;0;5;
0115;57091007;STIMMBEZIRK;01057009109115;1754;1308;446;0;670;670;0;0;11;659;300;154;98;48;36;13;;;;;6;;4;;;;;3;667;308;111;95;46;36;9;35;0;4;7;4;5;2;0;3;2;
0115;57988001;BRIEFWAHLBEZIRK;01057009109115;0;0;0;0;1275;0;0;0;27;1248;504;336;268;73;35;16;;;;;10;;6;;;;;0;1275;610;264;173;76;30;10;67;1;5;8;1;9;2;5;11;3;
0115;57988002;BRIEFWAHLBEZIRK;01057009109115;0;0;0;0;1270;0;0;0;18;1252;473;345;275;78;40;25;;;;;9;;7;;;;;3;1267;574;239;203;71;34;18;84;6;5;8;0;5;4;2;13;1;
0115;57927001;BRIEFWAHLBEZIRK;01057572700015;0;0;0;0;797;0;0;0;18;779;305;220;140;46;29;25;;;;;10;;4;;;;;4;793;394;141;111;37;28;17;30;3;5;8;1;8;0;2;7;1;
0115;57927002;BRIEFWAHLBEZIRK;01057572700015;0;0;0;0;805;0;0;0;15;790;305;204;144;54;37;23;;;;;16;;7;;;;;3;802;368;144;127;43;35;16;29;4;5;11;1;8;0;0;11;0;
0115;57927003;BRIEFWAHLBEZIRK;01057572700015;0;0;0;0;836;0;0;0;4;832;367;178;141;68;31;25;;;;;17;;5;;;;;1;835;399;128;130;67;30;21;17;4;5;5;0;17;0;0;10;2;
0115;57955001;BRIEFWAHLBEZIRK;01057575500015;0;0;0;0;1798;0;0;0;33;1765;642;497;372;133;34;38;;;;;28;;21;;;;;9;1789;743;356;330;144;31;13;84;6;7;18;2;30;0;4;15;6;
0115;57955002;BRIEFWAHLBEZIRK;01057575500015;0;0;0;0;2178;0;0;0;30;2148;842;624;403;119;70;32;;;;;43;;15;;;;;5;2173;999;439;374;100;62;17;96;3;6;18;1;40;1;1;11;5;
0115;57982001;BRIEFWAHLBEZIRK;01057578200015;0;0;0;0;973;0;0;0;13;960;364;268;218;50;24;10;;;;;11;;15;;;;;4;969;413;175;217;54;24;6;39;2;4;6;1;7;0;0;16;5;
0115;57982002;BRIEFWAHLBEZIRK;01057578200015;0;0;0;0;807;0;0;0;12;795;267;224;216;46;15;10;;;;;5;;12;;;;;3;804;331;125;218;49;17;8;34;0;3;6;1;4;0;1;5;2;
0115;57982003;BRIEFWAHLBEZIRK;01057578200015;0;0;0;0;685;0;0;0;4;681;273;136;156;66;21;13;;;;;11;;5;;;;;0;685;307;102;138;56;18;14;22;2;4;3;0;11;0;0;3;5;
0115;57982004;BRIEFWAHLBEZIRK;01057578200015;0;0;0;0;1005;0;0;0;14;991;412;203;251;71;29;14;;;;;7;;4;;;;;5;1000;497;115;224;60;26;7;41;2;4;5;1;8;0;1;6;3;
0115;57975001;BRIEFWAHLBEZIRK;01057577500015;0;0;0;0;538;0;0;0;16;522;181;137;114;26;34;6;;;;;15;;9;;;;;4;534;227;92;105;14;25;6;23;4;4;4;1;14;0;0;13;2;
0115;57975002;BRIEFWAHLBEZIRK;01057577500015;0;0;0;0;391;0;0;0;4;387;137;111;74;28;10;10;;;;;12;;5;;;;;1;390;168;65;71;25;9;5;18;1;4;4;2;12;0;0;3;3;
0116;57062001;STIMMBEZIRK;01057006206216;1006;683;323;0;328;328;0;0;5;323;123;82;59;18;18;10;;2;7;;4;;;;;;;2;326;123;63;67;16;19;12;13;0;0;4;0;4;0;0;5;0;
0116;57062002;STIMMBEZIRK;01057006206216;1048;784;264;0;412;412;0;0;7;405;174;73;87;25;19;6;;1;13;;7;;;;;;;2;410;191;57;72;29;19;8;19;1;1;6;0;3;0;0;0;4;
0116;57062003;STIMMBEZIRK;01057006206216;1188;916;272;0;557;557;0;0;5;552;249;90;103;37;40;6;;5;12;;10;;;;;;;2;555;235;62;121;46;38;8;19;2;3;6;0;11;0;1;2;1;
0116;57062004;STIMMBEZIRK;01057006206216;1078;809;269;0;296;296;0;0;3;293;109;53;76;12;22;6;;5;7;;3;;;;;;;3;293;100;54;73;12;20;9;15;0;5;2;0;3;0;0;0;0;
0116;57062005;STIMMBEZIRK;01057006206216;1073;819;254;0;366;366;0;0;6;360;147;64;77;16;24;7;;3;11;;11;;;;;;;4;362;135;52;77;23;28;8;22;0;0;6;0;10;0;0;1;0;
0116;57062006;STIMMBEZIRK;01057006206216;960;815;145;0;286;286;0;0;6;280;113;64;41;19;19;5;;4;9;;6;;;;;;;3;283;104;57;41;21;18;8;9;0;2;10;0;9;0;1;3;0;
0116;57062007;STIMMBEZIRK;01057006206216;1114;892;222;0;496;496;0;0;6;490;208;101;101;19;35;8;;5;4;;9;;;;;;;5;491;196;72;99;24;35;8;39;1;1;2;0;7;1;0;4;2;
0116;57062008;STIMMBEZIRK;01057006206216;1173;784;389;0;445;444;1;0;9;436;165;98;98;24;30;7;;3;6;;5;;;;;;;6;439;148;89;103;35;35;6;8;0;1;5;0;5;0;0;3;1;
0116;57062009;STIMMBEZIRK;01057006206216;977;741;236;0;363;362;1;0;12;351;132;68;86;19;16;12;;2;10;;6;;;;;;;5;358;125;57;89;31;14;14;12;2;0;8;0;4;0;1;0;1;
0116;57062010;STIMMBEZIRK;01057006206216;819;602;217;0;371;369;2;0;3;368;133;86;87;16;13;9;;6;10;;8;;;;;;;1;370;134;62;95;23;15;9;13;2;2;5;0;7;0;0;2;1;
0116;57062011;STIMMBEZIRK;01057006206216;1067;879;188;0;372;372;0;0;6;366;147;92;59;14;20;16;;5;6;;7;;;;;;;4;368;142;72;67;19;15;9;23;2;4;5;0;7;1;0;1;1;
0116;57062012;STIMMBEZIRK;01057006206216;805;615;190;0;374;374;0;0;2;372;142;72;91;14;21;9;;3;12;;8;;;;;;;2;372;135;58;96;15;23;8;16;0;4;2;0;9;1;1;1;3;
0116;57062013;STIMMBEZIRK;01057006206216;907;703;204;0;390;390;0;0;6;384;167;80;73;18;18;6;;6;7;;9;;;;;;;3;387;157;61;77;24;21;8;15;1;3;9;0;9;0;0;2;0;
0116;57951001;BRIEFWAHLBEZIRK;01057006206216;0;0;0;0;1070;0;0;0;4;1066;443;238;238;59;20;19;;11;26;;12;;;;;;;1;1069;470;184;218;72;20;20;40;2;5;9;0;13;0;1;7;8;
0116;57951002;BRIEFWAHLBEZIRK;01057006206216;0;0;0;0;941;0;0;0;13;928;430;197;183;37;15;18;;10;22;;16;;;;;;;6;935;432;149;170;48;15;13;59;3;1;9;1;17;1;4;8;5;
0116;57951003;BRIEFWAHLBEZIRK;01057006206216;0;0;0;0;977;0;0;0;9;968;387;229;200;49;34;22;;8;24;;15;;;;;;;4;973;389;185;213;50;29;16;50;11;13;1;0;2;0;2;6;6;
0116;57001001;STIMMBEZIRK;01057000100116;879;711;168;0;433;433;0;0;6;427;181;122;58;16;18;7;;7;11;;7;;;;;;;4;429;182;87;64;22;19;5;21;5;7;6;1;5;1;0;3;1;
0116;57001002;STIMMBEZIRK;01057000100116;880;640;240;0;423;423;0;0;9;414;180;93;79;25;15;6;;4;4;;8;;;;;;;3;420;181;74;73;31;15;6;21;1;3;4;0;8;0;0;0;3;
0116;57001003;STIMMBEZIRK;01057000100116;753;619;134;0;283;283;0;0;4;279;133;53;34;23;20;2;;3;7;;4;;;;;;;2;281;130;32;39;31;18;2;13;1;4;5;1;4;0;0;1;0;
0116;57990001;BRIEFWAHLBEZIRK;01057000100116;0;0;0;0;504;0;0;0;5;499;217;109;95;23;14;9;;15;10;;7;;;;;;;0;504;230;88;71;43;16;6;18;1;10;8;0;6;0;0;4;3;
0116;57008001;STIMMBEZIRK;01057000800816;758;625;133;0;428;428;0;0;3;425;171;27;167;22;25;0;;5;7;;1;;;;;;;0;428;210;38;82;30;24;4;24;0;3;6;1;3;0;0;3;0;
0116;57008002;STIMMBEZIRK;01057000800816;935;768;167;0;470;470;0;0;6;464;216;52;143;21;25;3;;1;2;;1;;;;;;;3;467;253;55;78;23;30;8;15;1;1;1;0;2;0;0;0;0;
0116;57989001;BRIEFWAHLBEZIRK;01057000800816;0;0;0;0;282;0;0;0;1;281;118;32;91;14;18;3;;1;1;;3;;;;;;;0;282;135;44;42;17;20;4;8;4;1;0;0;3;0;0;2;2;
0116;57985001;BRIEFWAHLBEZIRK;01057578500016;0;0;0;0;519;0;0;0;6;513;254;68;104;28;30;5;;3;9;;12;;;;;;;2;517;259;62;89;34;28;5;15;3;3;6;1;8;0;0;4;0;
0116;57985002;BRIEFWAHLBEZIRK;01057578500016;0;0;0;0;575;0;0;0;7;568;284;100;97;33;13;9;;11;11;;10;;;;;;;5;570;272;89;88;42;16;8;21;3;4;4;2;9;2;2;7;1;
0116;57947001;BRIEFWAHLBEZIRK;01057574700016;0;0;0;0;671;0;0;0;6;665;288;130;145;30;19;15;;14;12;;12;;;;;;;1;670;304;90;136;31;20;15;36;0;5;6;2;7;1;3;13;1;
0116;57947002;BRIEFWAHLBEZIRK;01057574700016;0;0;0;0;789;0;0;0;3;786;355;133;197;47;17;7;;11;11;;8;;;;;;;1;788;364;98;175;56;17;9;41;0;2;9;0;6;0;0;10;1;
0116;57939001;BRIEFWAHLBEZIRK;01057573900016;0;0;0;0;650;0;0;0;8;642;282;92;155;28;25;18;;8;13;;21;;;;;;;3;647;282;86;122;44;24;17;21;1;4;3;1;19;1;5;15;2;
0116;57939002;BRIEFWAHLBEZIRK;01057573900016;0;0;0;0;565;0;0;0;4;561;247;86;129;41;21;10;;11;6;;10;;;;;;;2;563;274;70;95;50;22;9;19;1;3;4;0;7;0;2;5;2;
0116;55012001;STIMMBEZIRK;01055001201216;990;886;104;0;410;409;1;0;7;403;210;82;58;17;13;11;;6;3;;3;;;;;;;3;407;205;67;63;19;16;12;17;1;2;3;0;2;0;0;0;0;
0116;55012002;STIMMBEZIRK;01055001201216;1121;887;234;0;319;316;3;0;4;315;128;60;88;9;8;8;;3;4;;7;;;;;;;4;315;130;45;88;10;7;8;15;1;1;2;0;7;0;0;0;1;
0116;55012003;STIMMBEZIRK;01055001201216;1131;950;181;0;411;411;0;0;9;402;208;80;60;14;13;9;;7;5;;6;;;;;;;7;404;210;65;61;21;11;10;9;2;2;5;0;5;0;0;3;0;
0116;55012004;STIMMBEZIRK;01055001201216;1051;780;271;0;312;312;0;0;7;305;130;73;71;11;9;5;;0;2;;4;;;;;;;2;310;148;44;71;16;9;5;11;1;0;1;0;1;1;1;1;0;
0116;55012005;STIMMBEZIRK;01055001201216;969;782;187;0;323;323;0;0;9;314;156;77;50;8;10;2;;3;4;;4;;;;;;;3;320;161;63;53;13;12;3;5;1;2;3;1;2;0;0;0;1;
0116;55012006;STIMMBEZIRK;01055001201216;1062;775;287;0;401;401;0;0;4;397;219;73;64;13;11;4;;2;6;;5;;;;;;;1;400;226;51;62;19;9;3;17;2;1;1;1;5;0;0;1;2;
0116;55012007;STIMMBEZIRK;01055001201216;949;784;165;0;278;278;0;0;8;270;142;54;35;11;11;3;;5;5;;4;;;;;;;7;271;137;49;35;15;14;1;7;0;1;6;0;5;0;0;1;0;
0116;55012008;STIMMBEZIRK;01055001201216;1006;814;192;0;425;424;1;0;7;418;185;87;82;16;25;12;;4;4;;3;;;;;;;6;419;196;65;85;16;25;6;8;1;3;3;1;2;0;0;4;4;
0116;55012009;STIMMBEZIRK;01055001201216;939;611;328;0;360;341;19;0;9;351;181;67;54;14;17;5;;8;3;;2;;;;;;;3;357;185;57;50;21;12;5;22;1;0;1;0;2;0;0;1;0;
0116;55012010;STIMMBEZIRK;01055001201216;1089;892;197;0;441;441;0;0;10;431;211;96;75;18;22;3;;0;3;;3;;;;;;;7;434;216;75;66;26;26;3;12;3;0;2;0;3;1;0;1;0;
0116;55012011;STIMMBEZIRK;01055001201216;1091;867;224;0;371;371;0;0;4;367;169;54;88;12;17;11;;6;2;;8;;;;;;;4;367;174;46;83;12;17;11;10;1;2;1;1;8;0;0;1;0;
0116;55012012;STIMMBEZIRK;01055001201216;836;687;149;0;401;401;0;0;8;393;199;56;85;24;13;3;;6;3;;4;;;;;;;3;398;202;40;74;34;11;3;15;1;6;2;0;6;1;0;2;1;
0116;55012013;STIMMBEZIRK;01055001201216;982;749;233;0;460;460;0;0;6;454;206;82;105;27;15;6;;6;4;;3;;;;;;;2;458;220;55;107;36;13;1;12;1;2;3;0;4;1;0;1;2;
0116;55012014;STIMMBEZIRK;01055001201216;939;768;171;0;340;340;0;0;12;328;141;91;48;9;15;3;;6;7;;8;;;;;;;6;334;152;66;50;14;13;4;19;2;1;2;0;9;0;0;1;1;
0116;55012015;STIMMBEZIRK;01055001201216;196;161;35;0;80;80;0;0;0;80;40;15;17;5;0;1;;0;1;;1;;;;;;;0;80;40;16;16;5;0;0;1;0;0;1;0;1;0;0;0;0;
0116;55918001;BRIEFWAHLBEZIRK;01055001201216;0;0;0;0;906;0;0;0;7;899;459;159;177;36;13;10;;10;15;;20;;;;;;;1;905;498;129;158;38;15;14;20;2;1;9;1;16;0;0;4;0;
0116;55918002;BRIEFWAHLBEZIRK;01055001201216;0;0;0;0;877;0;0;0;17;860;423;156;184;28;23;13;;18;7;;8;;;;;;;4;873;459;127;170;33;20;9;26;0;4;4;2;12;0;0;5;2;
0116;55918003;BRIEFWAHLBEZIRK;01055001201216;0;0;0;0;953;0;0;0;7;946;474;163;202;34;21;8;;19;10;;15;;;;;;;0;953;530;112;173;35;19;10;28;2;12;8;0;13;3;0;7;1;
0116;55028001;STIMMBEZIRK;01055002802816;401;326;75;0;250;183;0;67;7;243;142;42;31;8;4;4;;8;3;;1;;;;;;;4;246;145;24;34;18;5;2;7;2;3;2;0;1;0;0;3;0;
0116;55028002;STIMMBEZIRK;01055002802816;340;281;59;0;238;187;0;51;6;232;109;51;34;11;15;3;;1;3;;5;;;;;;;4;234;115;38;25;13;13;3;16;1;0;4;0;3;0;1;1;1;
0116;55028003;STIMMBEZIRK;01055002802816;344;291;53;0;235;183;0;52;5;230;113;42;32;12;14;2;;6;3;;6;;;;;;;4;231;123;38;26;7;17;2;3;0;4;2;0;7;0;1;0;1;
0116;55028004;STIMMBEZIRK;01055002802816;319;250;69;0;233;172;0;61;5;228;102;50;39;14;9;1;;2;1;;10;;;;;;;1;232;105;36;37;21;11;2;5;0;4;1;0;9;0;0;1;0;
0116;55028005;STIMMBEZIRK;01055002802816;338;284;54;0;234;181;0;53;7;227;102;54;32;19;8;2;;3;4;;3;;;;;;;0;234;124;34;29;19;8;2;14;0;1;0;0;3;0;0;0;0;
0116;55028006;STIMMBEZIRK;01055002802816;350;293;57;0;250;195;0;55;12;238;124;38;32;9;25;3;;3;1;;3;;;;;;;4;246;124;26;34;16;25;2;10;0;1;0;0;5;0;0;3;0;
0116;55028007;STIMMBEZIRK;01055002802816;413;317;96;0;309;218;0;91;11;298;155;29;64;14;19;4;;1;3;;9;;;;;;;8;301;155;19;64;22;16;4;5;1;1;0;0;7;2;0;2;3;
0116;55028008;STIMMBEZIRK;01055002802816;299;263;36;0;175;139;0;36;4;171;97;22;28;13;6;0;;1;3;;1;;;;;;;0;175;101;23;17;15;6;1;6;0;1;2;0;2;1;0;0;0;
0116;55028009;STIMMBEZIRK;01055002802816;764;581;183;0;439;273;2;164;9;430;220;75;83;20;14;2;;7;3;;6;;;;;;;0;439;223;66;59;31;17;4;23;2;3;2;0;5;0;1;1;2;
0116;55028010;STIMMBEZIRK;01055002802816;728;595;133;0;447;320;0;127;10;437;215;73;73;21;24;4;;1;10;;16;;;;;;;1;446;229;61;57;17;28;8;19;1;0;9;0;9;0;0;7;1;
0116;55028011;STIMMBEZIRK;01055002802816;841;663;178;0;505;340;0;165;9;496;276;74;90;27;17;4;;2;1;;5;;;;;;;3;502;282;58;79;40;20;2;7;2;2;0;0;6;1;0;3;0;
0116;55028012;STIMMBEZIRK;01055002802816;891;728;163;0;478;323;0;155;13;465;266;78;60;17;29;2;;5;3;;5;;;;;;;3;475;267;67;53;26;30;2;11;3;4;4;0;5;0;0;3;0;
0116;55028013;STIMMBEZIRK;01055002802816;818;659;159;0;424;278;0;146;3;421;194;72;89;25;23;5;;4;2;;7;;;;;;;2;422;199;51;88;35;20;5;6;6;2;1;1;4;0;0;4;0;
0116;55028014;STIMMBEZIRK;01055002802816;693;570;123;0;415;299;0;116;6;409;222;90;35;23;20;6;;5;2;;6;;;;;;;4;411;214;71;38;32;25;4;11;0;4;2;0;6;0;1;3;0;
0116;55028015;STIMMBEZIRK;01055002802816;733;572;161;0;464;316;0;148;6;458;248;69;63;25;21;8;;4;10;;10;;;;;;;2;462;248;43;77;26;25;5;13;1;3;10;0;9;0;1;1;0;
0116;55028016;STIMMBEZIRK;01055002802816;823;692;131;0;504;383;1;120;7;497;231;105;90;25;22;4;;11;3;;6;;;;;;;5;499;252;87;66;31;24;3;19;2;3;1;0;2;0;0;7;2;
0117;55046001;STIMMBEZIRK;01055004604617;862;666;196;0;461;286;0;175;17;444;163;122;79;20;22;11;;;;;;;;;;;27;15;446;221;92;56;18;22;8;16;0;3;4;0;1;0;1;2;2;
0117;55046002;STIMMBEZIRK;01055004604617;906;728;178;0;418;251;0;167;7;411;151;124;77;11;23;5;;;;;;;;;;;20;4;414;183;101;64;10;23;3;16;2;1;3;0;5;0;1;2;0;
0117;55046003;STIMMBEZIRK;01055004604617;1025;758;267;0;573;327;0;246;13;560;247;129;80;16;33;13;;;;;;;;;;;42;7;566;269;123;74;23;27;10;20;3;7;1;0;2;0;1;4;2;
0117;55046004;STIMMBEZIRK;01055004604617;939;690;249;0;539;315;0;224;10;529;265;85;87;20;18;6;;;;;;;;;;;48;7;532;292;87;62;36;18;3;18;1;0;4;0;4;1;0;5;1;
0117;55046005;STIMMBEZIRK;01055004604617;885;708;177;0;551;381;0;170;3;548;251;126;93;12;20;10;;;;;;;;;;;36;4;547;290;102;77;21;24;10;9;1;2;3;1;2;0;1;1;3;
0117;55046006;STIMMBEZIRK;01055004604617;999;770;229;0;535;324;0;211;7;528;212;123;90;18;37;8;;;;;;;;;;;40;5;530;240;109;76;29;30;3;16;1;6;7;1;9;1;0;1;1;
0117;55046007;STIMMBEZIRK;01055004604617;952;750;202;0;538;354;0;184;7;531;222;107;100;21;14;12;;;;;;;;;;;55;3;535;273;108;77;21;21;0;15;3;4;6;1;0;0;0;3;3;
0117;55046008;STIMMBEZIRK;01055004604617;1026;779;247;0;535;307;0;228;10;525;194;125;102;22;22;6;;;;;;;;;;;54;4;531;224;123;80;38;24;3;20;2;8;2;0;4;0;1;2;0;
0117;55046009;STIMMBEZIRK;01055004604617;803;611;192;0;492;316;0;176;4;488;218;92;83;23;16;19;;;;;;;;;;;37;4;488;228;79;69;46;17;16;11;1;6;1;4;6;0;1;2;1;
0117;55046010;STIMMBEZIRK;01055004604617;797;552;245;0;510;279;0;231;13;497;205;90;97;17;19;11;;;;;;;;;;;58;13;497;248;77;81;33;22;7;10;1;3;5;1;7;1;1;0;0;
0117;55046011;STIMMBEZIRK;01055004604617;815;609;206;0;490;308;0;182;7;483;236;87;85;13;19;14;;;;;;;;;;;29;4;486;253;82;64;20;20;8;15;3;2;3;0;10;0;0;6;0;
0117;55046012;STIMMBEZIRK;01055004604617;1003;732;271;0;621;365;0;256;13;608;277;117;114;24;21;12;;;;;;;;;;;43;9;612;307;103;92;33;21;10;18;0;3;6;3;3;0;1;10;2;
0117;55021001;STIMMBEZIRK;01055002102117;1889;1471;418;0;1016;621;0;395;15;1001;495;214;144;40;68;23;;;;;;;;;;;17;7;1009;519;165;135;45;57;15;50;3;4;4;0;5;0;1;5;1;
0117;55021002;STIMMBEZIRK;01055002102117;1745;1331;414;0;962;579;0;383;10;952;473;239;133;37;52;11;;;;;;;;;;;7;3;959;496;200;132;41;44;6;20;1;3;1;0;12;0;0;3;0;
0117;55021003;STIMMBEZIRK;01055002102117;1665;1279;386;0;857;500;0;357;11;846;416;193;118;42;44;16;;;;;;;;;;;17;2;855;436;146;116;50;36;11;24;2;4;4;2;11;1;1;9;2;
0117;55021004;STIMMBEZIRK;01055002102117;2766;2120;646;0;1323;707;0;616;13;1310;616;322;193;51;65;37;;;;;;;;;;;26;5;1318;635;257;184;70;66;20;53;2;6;9;0;2;2;4;7;1;
0117;55032001;STIMMBEZIRK;01055003203217;1481;1239;242;0;376;376;0;0;8;368;155;88;65;21;24;9;;;;;;;;;;;6;6;370;163;73;59;20;20;10;18;0;3;0;1;1;0;0;2;0;
0117;55032002;STIMMBEZIRK;01055003203217;1547;1217;330;0;508;508;0;0;10;498;200;105;102;27;22;35;;;;;;;;;;;7;3;505;211;89;98;27;22;19;21;4;0;2;0;9;0;1;2;0;
0117;55032003;STIMMBEZIRK;01055003203217;1576;1215;361;0;516;516;0;0;13;503;235;126;92;14;20;14;;;;;;;;;;;2;7;509;252;91;83;20;20;3;17;3;3;6;1;1;1;0;6;2;
0117;55032004;STIMMBEZIRK;01055003203217;1824;1398;426;0;698;698;0;0;9;689;318;168;113;39;25;18;;;;;;;;;;;8;3;695;321;138;116;35;25;6;30;7;2;1;0;8;1;1;3;1;
0117;55032005;STIMMBEZIRK;01055003203217;1701;1454;247;0;625;625;0;0;3;622;233;153;97;34;49;42;;;;;;;;;;;14;2;623;245;112;108;33;47;15;35;2;4;9;1;4;0;0;8;0;
0117;55032006;STIMMBEZIRK;01055003203217;1614;1241;373;0;563;561;2;0;16;547;215;141;106;25;42;12;;;;;;;;;;;6;10;553;233;115;93;22;40;9;21;0;9;1;1;4;0;1;3;1;
0117;55032007;STIMMBEZIRK;01055003203217;1757;1227;530;0;660;660;0;0;4;656;328;131;111;28;32;14;;;;;;;;;;;12;2;658;350;93;111;27;29;7;24;1;4;4;1;3;0;0;3;1;
0117;55032008;STIMMBEZIRK;01055003203217;1577;1130;447;0;654;653;1;0;15;639;335;105;119;37;23;13;;;;;;;;;;;7;6;648;357;69;117;51;23;7;14;0;2;3;0;4;0;1;0;0;
0117;55955001;BRIEFWAHLBEZIRK;01055003203217;0;0;0;0;515;0;0;0;7;508;203;110;101;31;23;30;;;;;;;;;;;10;7;508;210;86;98;31;23;19;19;5;6;4;0;2;0;1;3;1;
0117;55955002;BRIEFWAHLBEZIRK;01055003203217;0;0;0;0;720;0;0;0;7;713;317;171;123;40;21;18;;;;;;;;;;;23;2;718;335;134;117;46;22;12;25;4;4;4;2;6;0;3;3;1;
0117;55955003;BRIEFWAHLBEZIRK;01055003203217;0;0;0;0;563;0;0;0;3;560;246;148;91;26;22;19;;;;;;;;;;;8;2;561;264;122;81;28;20;13;15;1;3;4;0;5;1;1;1;2;
0117;55955004;BRIEFWAHLBEZIRK;01055003203217;0;0;0;0;880;0;0;0;5;875;409;195;180;40;17;20;;;;;;;;;;;14;3;877;457;132;167;51;14;12;23;3;2;4;0;7;0;0;5;0;
0117;55033001;STIMMBEZIRK;01055003303317;1887;1501;386;0;712;709;3;0;15;697;313;205;84;30;38;17;;;;;;;;;;;10;7;705;321;162;83;42;33;10;32;1;2;1;0;2;0;1;15;0;
0117;55033002;STIMMBEZIRK;01055003303317;1587;1272;315;0;601;600;1;0;5;596;258;145;84;33;35;22;;;;;;;;;;;19;5;596;277;118;90;32;30;15;17;3;2;4;0;3;0;0;4;1;
0117;55033003;STIMMBEZIRK;01055003303317;1472;1195;277;0;539;539;0;0;18;521;236;142;69;22;31;11;;;;;;;;;;;10;10;529;248;113;67;29;29;4;11;5;4;4;2;4;2;0;2;5;
0117;55033004;STIMMBEZIRK;01055003303317;1438;1077;361;0;542;542;0;0;15;527;241;119;82;31;38;9;;;;;;;;;;;7;5;537;256;95;76;33;35;3;20;1;6;3;1;5;0;0;1;2;
0117;55033005;STIMMBEZIRK;01055003303317;1695;1338;357;0;649;648;1;0;12;637;264;165;95;22;56;20;;;;;;;;;;;15;10;639;253;133;121;29;62;9;16;0;4;2;0;5;0;1;3;1;
0117;55958001;BRIEFWAHLBEZIRK;01055003303317;0;0;0;0;357;0;0;0;3;354;128;109;49;24;17;15;;;;;;;;;;;12;3;354;142;100;38;19;15;9;13;0;2;1;2;3;1;3;4;2;
0117;55958002;BRIEFWAHLBEZIRK;01055003303317;0;0;0;0;290;0;0;0;5;285;115;89;42;15;6;8;;;;;;;;;;;10;1;289;117;77;38;16;6;2;19;1;3;4;1;3;0;2;0;0;
0117;55958003;BRIEFWAHLBEZIRK;01055003303317;0;0;0;0;256;0;0;0;1;255;116;61;31;17;10;12;;;;;;;;;;;8;1;255;108;55;32;22;12;7;10;1;2;1;0;2;0;1;2;0;
0117;55958004;BRIEFWAHLBEZIRK;01055003303317;0;0;0;0;344;0;0;0;5;339;146;89;43;14;12;16;;;;;;;;;;;19;2;342;155;68;53;20;12;8;11;0;3;3;1;6;1;0;1;0;
0117;55958005;BRIEFWAHLBEZIRK;01055003303317;0;0;0;0;335;0;0;0;3;332;151;86;43;16;11;12;;;;;;;;;;;13;2;333;164;68;47;21;12;6;6;2;1;2;0;0;0;0;4;0;
0117;55041101;STIMMBEZIRK;01055004104117;754;619;135;0;342;342;0;0;6;336;181;64;33;21;22;9;;;;;;;;;;;6;2;340;181;53;48;17;19;1;11;1;1;0;0;5;0;0;2;1;
0117;55041102;STIMMBEZIRK;01055004104117;394;348;46;0;187;187;0;0;1;186;82;60;20;11;7;2;;;;;;;;;;;4;0;187;93;37;28;13;6;1;3;0;1;1;0;2;0;0;2;0;
0117;55041103;STIMMBEZIRK;01055004104117;185;153;32;0;104;104;0;0;1;103;38;39;11;4;4;6;;;;;;;;;;;1;1;103;50;24;14;4;6;3;1;1;0;0;0;0;0;0;0;0;
0117;55041104;STIMMBEZIRK;01055004104117;273;223;50;0;135;135;0;0;1;134;56;41;23;4;6;1;;;;;;;;;;;3;0;135;56;29;27;8;4;1;4;0;1;0;0;5;0;0;0;0;
0117;55041105;STIMMBEZIRK;01055004104117;237;186;51;0;126;126;0;0;5;121;63;11;19;13;10;4;;;;;;;;;;;1;3;123;59;9;17;13;9;0;7;1;1;0;1;3;0;2;0;1;
0117;55041106;STIMMBEZIRK;01055004104117;385;318;67;0;181;181;0;0;2;179;88;45;27;6;11;2;;;;;;;;;;;0;1;180;98;36;16;7;12;2;5;0;0;2;0;2;0;0;0;0;
0117;55041107;STIMMBEZIRK;01055004104117;376;295;81;0;184;184;0;0;8;176;74;40;34;14;8;5;;;;;;;;;;;1;5;179;87;28;31;10;8;1;7;0;0;1;1;2;0;0;2;1;
0117;55041108;STIMMBEZIRK;01055004104117;146;122;24;0;75;75;0;0;1;74;33;14;10;5;9;2;;;;;;;;;;;1;0;75;32;11;13;3;9;0;2;0;2;0;0;0;0;0;1;2;
0117;55041109;STIMMBEZIRK;01055004104117;278;229;49;0;144;144;0;0;1;143;51;52;19;7;10;3;;;;;;;;;;;1;1;143;53;38;25;8;9;2;2;0;2;1;0;1;0;0;0;2;
0117;55041110;STIMMBEZIRK;01055004104117;483;405;78;0;221;221;0;0;1;220;99;60;27;15;17;2;;;;;;;;;;;0;0;221;101;38;29;13;20;1;10;0;2;1;0;2;0;1;2;1;
0117;55041111;STIMMBEZIRK;01055004104117;366;307;59;0;175;175;0;0;3;172;77;39;30;6;10;9;;;;;;;;;;;1;1;174;76;29;27;12;10;5;8;0;1;2;0;3;0;0;1;0;
0117;55041112;STIMMBEZIRK;01055004104117;104;84;20;0;45;45;0;0;1;44;18;10;5;0;6;3;;;;;;;;;;;2;0;45;23;5;6;1;5;2;0;0;0;1;0;2;0;0;0;0;
0117;55041113;STIMMBEZIRK;01055004104117;294;250;44;0;150;150;0;0;1;149;59;58;14;7;8;1;;;;;;;;;;;2;1;149;64;37;19;8;8;0;5;4;1;0;1;1;0;0;1;0;
0117;55975001;BRIEFWAHLBEZIRK;01055004104117;0;0;0;0;241;0;0;0;4;237;96;74;36;9;8;7;;;;;;;;;;;7;0;241;110;61;32;11;7;7;7;0;3;0;0;0;0;0;2;1;
0117;55975002;BRIEFWAHLBEZIRK;01055004104117;0;0;0;0;432;0;0;0;5;427;192;109;64;26;19;13;;;;;;;;;;;4;0;432;216;66;63;27;17;6;21;1;3;1;2;2;0;1;4;2;
0117;55946001;BRIEFWAHLBEZIRK;01055554600017;0;0;0;0;493;0;0;0;8;485;203;102;93;29;25;15;;;;;;;;;;;18;1;492;229;79;77;26;24;6;16;2;8;3;2;8;0;1;8;3;
0117;55946002;BRIEFWAHLBEZIRK;01055554600017;0;0;0;0;666;0;0;0;8;658;275;186;115;23;24;21;;;;;;;;;;;14;2;664;329;127;110;18;20;11;23;1;5;6;3;2;1;1;6;1;
0117;55943001;BRIEFWAHLBEZIRK;01055554300017;0;0;0;0;1656;0;0;0;24;1632;768;377;244;76;62;53;;;;;;;;;;;52;12;1644;816;332;201;73;65;26;58;10;12;7;2;8;2;5;26;1;
0117;55991001;BRIEFWAHLBEZIRK;01055559100017;0;0;0;0;518;0;0;0;11;507;238;116;74;36;13;19;;;;;;;;;;;11;2;516;269;85;69;32;15;10;15;4;2;4;0;2;0;0;6;3;
0117;55991002;BRIEFWAHLBEZIRK;01055559100017;0;0;0;0;482;0;0;0;6;476;249;98;69;25;15;14;;;;;;;;;;;6;3;479;272;69;65;29;12;4;12;2;3;1;0;7;0;0;3;0;
0117;55991003;BRIEFWAHLBEZIRK;01055559100017;0;0;0;0;483;0;0;0;9;474;220;110;73;27;14;21;;;;;;;;;;;9;3;480;240;77;80;35;10;7;11;3;5;2;0;1;0;2;6;1;
0117;55924001;BRIEFWAHLBEZIRK;010550016000;0;0;0;0;658;0;0;0;6;652;343;144;86;25;34;6;;;;;;;;;;;14;3;655;381;118;73;20;27;2;14;2;4;2;2;5;0;1;4;0;
0117;55924002;BRIEFWAHLBEZIRK;010550016000;0;0;0;0;665;0;0;0;8;657;329;145;77;60;27;5;;;;;;;;;;;14;5;660;354;112;72;58;20;2;16;0;6;2;1;7;0;0;10;0;
0117;55924003;BRIEFWAHLBEZIRK;010550016000;0;0;0;0;604;0;0;0;9;595;299;113;93;36;31;10;;;;;;;;;;;13;4;600;337;87;79;34;33;9;11;0;0;1;1;3;0;1;3;1;
0118;55004001;STIMMBEZIRK;01055000400418;1348;1011;337;0;460;459;1;0;12;448;230;108;79;11;7;8;;1;;;4;;;;;;;5;455;230;81;83;22;9;7;10;0;2;6;0;3;0;0;2;0;
0118;55004002;STIMMBEZIRK;01055000400418;1061;867;194;0;486;486;0;0;5;481;206;137;67;29;17;7;;9;;;9;;;;;;;5;481;227;108;66;26;16;6;18;1;2;1;2;0;1;0;7;0;
0118;55004003;STIMMBEZIRK;01055000400418;1032;809;223;0;443;443;0;0;9;434;199;75;93;25;21;4;;8;;;9;;;;;;;3;440;193;54;103;37;20;4;5;0;7;5;0;7;2;0;3;0;
0118;55004004;STIMMBEZIRK;01055000400418;1360;1131;229;0;616;612;4;0;21;595;269;150;101;26;31;3;;8;;;7;;;;;;;9;607;294;113;93;30;33;6;18;0;5;5;0;8;0;0;0;2;
0118;55004005;STIMMBEZIRK;01055000400418;1036;829;207;0;396;396;0;0;13;383;183;96;51;17;17;6;;11;;;2;;;;;;;12;384;185;78;54;18;17;3;12;1;5;2;0;5;0;0;3;1;
0118;55004006;STIMMBEZIRK;01055000400418;1030;844;186;0;469;469;0;0;9;460;210;90;89;27;24;10;;3;;;7;;;;;;;3;466;210;68;93;36;19;4;13;1;2;2;0;9;1;1;4;3;
0118;55004007;STIMMBEZIRK;01055000400418;1199;1015;184;0;530;530;0;0;8;522;222;112;107;44;23;1;;8;;;5;;;;;;;3;527;242;82;97;43;27;2;16;0;5;2;1;4;2;0;3;1;
0118;55004008;STIMMBEZIRK;01055000400418;1326;1097;229;0;440;440;0;0;23;417;175;100;74;25;32;6;;4;;;1;;;;;;;11;429;178;79;69;30;33;4;18;0;5;5;0;1;1;0;6;0;
0118;55004009;STIMMBEZIRK;01055000400418;1265;1034;231;0;532;521;11;0;11;521;226;103;104;29;31;10;;11;;;7;;;;;;;8;524;255;66;105;33;26;7;13;2;5;1;0;6;0;0;5;0;
0118;55004010;STIMMBEZIRK;01055000400418;1240;1000;240;0;493;493;0;0;10;483;213;132;65;26;34;4;;5;;;4;;;;;;;8;485;216;95;68;35;33;4;22;0;4;0;0;4;1;0;3;0;
0118;55004011;STIMMBEZIRK;01055000400418;1389;1038;351;0;650;650;0;0;13;637;318;147;100;27;28;8;;1;;;8;;;;;;;6;644;315;118;113;36;27;7;11;1;4;3;0;5;0;0;3;1;
0118;55004012;STIMMBEZIRK;01055000400418;1193;976;217;0;554;554;0;0;16;538;246;135;87;26;27;6;;5;;;6;;;;;;;15;539;248;97;95;31;28;8;16;1;3;2;0;7;0;0;3;0;
0118;55004013;STIMMBEZIRK;01055000400418;1321;992;329;0;622;622;0;0;15;607;258;162;99;46;24;14;;3;;;1;;;;;;;12;610;266;108;133;36;27;7;13;5;3;2;0;5;1;0;1;3;
0118;55004014;STIMMBEZIRK;01055000400418;558;465;93;0;217;217;0;0;11;206;78;63;33;10;17;2;;1;;;2;;;;;;;5;212;82;43;43;12;15;3;8;0;0;1;0;2;1;0;1;1;
0118;55004015;STIMMBEZIRK;01055000400418;674;577;97;0;385;385;0;0;4;381;170;86;68;27;19;4;;6;;;1;;;;;;;1;384;177;63;73;29;19;1;12;0;6;0;0;3;0;0;1;0;
0118;55905001;BRIEFWAHLBEZIRK;01055000400418;0;0;0;0;1074;0;0;0;13;1061;524;290;144;43;25;9;;16;;;10;;;;;;;13;1061;572;204;149;41;22;5;33;4;6;2;0;9;0;3;9;2;
0118;55905002;BRIEFWAHLBEZIRK;01055000400418;0;0;0;0;940;0;0;0;3;937;452;224;153;55;30;11;;6;;;6;;;;;;;1;939;464;162;186;51;34;4;21;0;4;3;1;4;0;0;4;1;
0118;55905003;BRIEFWAHLBEZIRK;01055000400418;0;0;0;0;985;0;0;0;13;972;454;251;171;43;29;4;;13;;;7;;;;;;;9;976;496;159;177;49;28;5;35;1;3;2;1;4;1;0;13;2;
0118;55001001;STIMMBEZIRK;01055000100118;967;842;125;0;392;392;0;0;10;382;190;77;40;33;29;7;;5;;;1;;;;;;;8;384;200;54;38;27;27;6;12;4;1;10;0;0;1;0;3;1;
0118;55001002;STIMMBEZIRK;01055000100118;485;406;79;0;205;203;2;0;3;202;98;50;21;14;11;4;;0;;;4;;;;;;;2;203;96;43;17;9;10;4;9;0;1;3;1;5;1;0;2;2;
0118;55001003;STIMMBEZIRK;01055000100118;1162;925;237;0;471;471;0;0;9;462;227;109;59;23;24;7;;8;;;5;;;;;;;2;469;244;90;45;33;23;5;13;1;6;1;1;3;0;0;3;1;
0118;55001004;STIMMBEZIRK;01055000100118;684;567;117;0;322;322;0;0;3;319;136;92;43;18;18;4;;5;;;3;;;;;;;2;320;150;75;41;11;18;2;7;0;0;1;1;6;2;0;1;5;
0118;55001005;STIMMBEZIRK;01055000100118;757;614;143;0;332;332;0;0;9;323;145;79;38;19;30;5;;7;;;0;;;;;;;8;324;151;61;31;19;27;7;16;1;4;1;0;3;0;0;2;1;
0118;55001006;STIMMBEZIRK;01055000100118;768;663;105;0;378;378;0;0;5;373;169;79;53;28;26;6;;9;;;3;;;;;;;1;377;190;49;50;24;23;6;16;0;7;3;3;4;0;0;1;1;
0118;55001007;STIMMBEZIRK;01055000100118;274;229;45;0;117;117;0;0;1;116;50;27;11;11;10;2;;1;;;4;;;;;;;1;116;58;15;13;6;5;1;4;1;1;1;0;4;0;1;6;0;
0118;55001008;STIMMBEZIRK;01055000100118;367;309;58;0;180;180;0;0;2;178;87;38;21;10;6;4;;6;;;6;;;;;;;1;179;94;35;16;11;5;2;4;0;2;0;0;6;1;2;1;0;
0118;55001009;STIMMBEZIRK;01055000100118;340;275;65;0;148;148;0;0;2;146;69;35;13;7;19;0;;3;;;0;;;;;;;2;146;65;23;15;13;18;1;7;0;0;0;0;0;0;0;3;1;
0118;55001010;STIMMBEZIRK;01055000100118;291;237;54;0;132;130;2;0;3;129;70;14;17;11;8;2;;3;;;4;;;;;;;1;131;69;12;13;14;9;1;6;0;1;0;0;2;0;1;0;3;
0118;55001011;STIMMBEZIRK;01055000100118;550;451;99;0;288;288;0;0;3;285;138;60;36;17;16;6;;8;;;4;;;;;;;3;285;143;49;37;18;14;5;5;3;4;0;0;4;1;1;1;0;
0118;55001012;STIMMBEZIRK;01055000100118;149;118;31;0;70;70;0;0;0;70;38;9;8;8;2;1;;1;;;3;;;;;;;0;70;38;8;8;4;3;0;2;0;1;0;1;3;0;0;2;0;
0118;55902001;BRIEFWAHLBEZIRK;01055000100118;0;0;0;0;1071;0;0;0;12;1059;434;294;125;90;59;18;;26;;;13;;;;;;;3;1068;522;200;116;73;55;11;42;6;15;5;2;13;0;1;6;1;
0118;55035001;STIMMBEZIRK;01055003503518;354;305;49;0;169;169;0;0;3;166;84;27;22;14;11;2;;6;;;0;;;;;;;3;166;89;18;21;12;13;3;5;0;2;0;1;1;0;0;1;0;
0118;55035002;STIMMBEZIRK;01055003503518;533;445;88;0;227;227;0;0;1;226;97;62;27;11;14;8;;4;;;3;;;;;;;2;225;106;40;27;13;13;6;10;0;3;1;0;5;1;0;0;0;
0118;55035003;STIMMBEZIRK;01055003503518;953;767;186;0;415;415;0;0;3;412;202;83;47;23;40;3;;5;;;9;;;;;;;1;414;212;65;54;19;36;1;10;0;1;0;1;10;1;1;2;1;
0118;55035004;STIMMBEZIRK;01055003503518;891;736;155;0;405;405;0;0;7;398;184;98;60;13;31;5;;2;;;5;;;;;;;2;403;181;68;74;14;30;5;19;1;2;0;0;5;0;0;4;0;
0118;55035005;STIMMBEZIRK;01055003503518;404;342;62;0;215;215;0;0;4;211;99;45;37;9;15;2;;0;;;4;;;;;;;3;212;103;28;38;12;14;2;8;1;0;0;0;5;0;0;1;0;
0118;55035006;STIMMBEZIRK;01055003503518;525;426;99;0;247;247;0;0;1;246;110;51;38;20;18;0;;6;;;3;;;;;;;2;245;109;38;32;21;26;0;13;0;3;0;1;0;0;0;1;1;
0118;55035007;STIMMBEZIRK;01055003503518;966;822;144;0;458;458;0;0;6;452;215;98;61;43;20;5;;4;;;6;;;;;;;5;453;224;72;67;36;20;6;14;1;2;0;0;6;0;1;3;1;
0118;55035008;STIMMBEZIRK;01055003503518;772;665;107;0;360;360;0;0;2;358;164;80;58;26;18;3;;7;;;2;;;;;;;1;359;180;60;54;25;17;1;10;1;2;3;0;2;0;2;1;1;
0118;55035009;STIMMBEZIRK;01055003503518;851;712;139;0;455;455;0;0;5;450;219;100;72;25;20;5;;5;;;4;;;;;;;1;454;223;79;72;29;22;3;16;0;2;1;0;1;2;1;2;1;
0118;55035010;STIMMBEZIRK;01055003503518;812;644;168;0;373;373;0;0;8;365;165;74;66;27;14;7;;6;;;6;;;;;;;2;371;190;46;58;30;11;7;10;0;3;4;3;6;0;1;2;0;
0118;55035011;STIMMBEZIRK;01055003503518;782;656;126;0;349;349;0;0;3;346;143;78;61;30;17;5;;5;;;7;;;;;;;4;345;161;55;62;21;17;3;12;1;4;0;0;5;0;0;1;3;
0118;55035012;STIMMBEZIRK;01055003503518;635;507;128;0;236;236;0;0;2;234;114;39;34;18;19;3;;6;;;1;;;;;;;1;235;117;32;34;14;16;4;10;0;3;3;0;1;0;0;1;0;
0118;55035013;STIMMBEZIRK;01055003503518;410;334;76;0;216;216;0;0;2;214;115;44;34;8;6;3;;2;;;2;;;;;;;1;215;114;33;41;8;7;3;3;1;1;1;1;0;1;0;1;0;
0118;55035014;STIMMBEZIRK;01055003503518;876;779;97;0;343;343;0;0;11;332;130;109;36;20;19;9;;5;;;4;;;;;;;4;339;145;82;36;18;22;6;14;1;3;2;3;3;0;0;4;0;
0118;55035015;STIMMBEZIRK;01055003503518;856;727;129;0;340;340;0;0;4;336;131;92;51;16;29;6;;3;;;8;;;;;;;1;339;134;69;57;12;28;5;15;1;2;1;1;10;0;0;2;2;
0118;55035016;STIMMBEZIRK;01055003503518;888;719;169;0;401;401;0;0;6;395;143;112;62;37;27;3;;5;;;6;;;;;;;3;398;149;83;69;32;28;3;20;0;5;0;2;4;0;0;3;0;
0118;55035017;STIMMBEZIRK;01055003503518;917;770;147;0;395;395;0;0;7;388;158;133;36;22;18;9;;6;;;6;;;;;;;2;393;166;95;42;21;22;7;24;1;3;4;0;3;1;1;2;1;
0118;55964001;BRIEFWAHLBEZIRK;01055003503518;0;0;0;0;495;0;0;0;1;494;214;129;79;42;18;4;;8;;;0;;;;;;;1;494;239;93;81;31;18;1;18;1;5;2;1;0;0;0;4;0;
0118;55964002;BRIEFWAHLBEZIRK;01055003503518;0;0;0;0;457;0;0;0;4;453;203;115;67;30;16;14;;5;;;3;;;;;;;3;454;218;85;64;32;17;11;16;0;3;0;0;3;1;0;3;1;
0118;55964003;BRIEFWAHLBEZIRK;01055003503518;0;0;0;0;443;0;0;0;4;439;194;112;70;33;14;2;;5;;;9;;;;;;;0;443;216;79;63;32;19;2;18;1;2;0;2;1;1;0;7;0;
0118;55964004;BRIEFWAHLBEZIRK;01055003503518;0;0;0;0;505;0;0;0;11;494;194;158;66;31;20;10;;6;;;9;;;;;;;5;500;227;99;68;33;22;3;22;0;5;4;0;5;1;0;8;3;
0118;55044001;STIMMBEZIRK;01055004404418;1081;842;239;0;453;453;0;0;4;449;225;115;60;18;20;7;;2;;;2;;;;;;;3;450;242;79;64;17;19;5;13;2;0;1;0;1;0;0;6;1;
0118;55044002;STIMMBEZIRK;01055004404418;555;430;125;0;246;246;0;0;7;239;120;38;46;14;13;6;;2;;;0;;;;;;;3;243;130;40;30;17;13;2;9;0;0;0;0;0;0;0;1;1;
0118;55044003;STIMMBEZIRK;01055004404418;1303;921;382;0;504;503;1;0;6;498;230;70;102;45;34;9;;2;;;6;;;;;;;2;502;236;69;81;54;31;2;15;0;0;2;0;6;0;1;3;2;
0118;55044004;STIMMBEZIRK;01055004404418;799;601;198;0;366;366;0;0;7;359;175;61;72;29;11;4;;5;;;2;;;;;;;2;364;192;41;71;32;8;3;10;0;2;0;0;3;0;0;1;1;
0118;55044005;STIMMBEZIRK;01055004404418;1124;875;249;0;376;376;0;0;5;371;149;78;78;32;24;1;;1;;;8;;;;;;;3;373;156;60;68;33;28;1;12;1;0;3;0;5;1;0;3;2;
0118;55044006;STIMMBEZIRK;01055004404418;651;491;160;0;278;277;1;0;6;272;147;40;42;25;9;2;;2;;;5;;;;;;;0;278;136;35;44;32;9;0;7;0;1;1;0;4;2;0;3;4;
0118;55044007;STIMMBEZIRK;01055004404418;981;827;154;0;411;411;0;0;4;407;162;103;49;48;27;7;;6;;;5;;;;;;;2;409;179;70;58;36;20;7;22;0;2;2;0;3;2;0;5;3;
0118;55044008;STIMMBEZIRK;01055004404418;947;705;242;0;400;396;4;0;5;395;169;66;94;31;16;5;;8;;;6;;;;;;;3;397;177;47;81;41;17;2;10;1;6;1;0;6;1;0;7;0;
0118;55044009;STIMMBEZIRK;01055004404418;392;304;88;0;148;148;0;0;3;145;59;36;24;11;11;1;;2;;;1;;;;;;;3;145;65;30;23;6;11;1;3;0;1;0;1;2;0;2;0;0;
0118;55044010;STIMMBEZIRK;01055004404418;306;262;44;0;91;91;0;0;3;88;39;18;11;9;5;2;;3;;;1;;;;;;;2;89;44;15;12;8;3;2;3;0;0;0;0;2;0;0;0;0;
0118;55044011;STIMMBEZIRK;01055004404418;1096;909;187;0;496;496;0;0;2;494;226;110;73;26;38;8;;6;;;7;;;;;;;2;494;244;91;66;35;29;4;11;9;1;1;0;2;1;0;0;0;
0118;55044012;STIMMBEZIRK;01055004404418;239;206;33;0;131;131;0;0;1;130;65;19;32;5;7;0;;1;;;1;;;;;;;1;130;61;14;30;10;7;0;5;1;0;0;0;0;0;0;2;0;
0118;55044013;STIMMBEZIRK;01055004404418;310;271;39;0;154;154;0;0;3;151;57;57;16;9;8;0;;2;;;2;;;;;;;2;152;53;47;17;11;9;0;6;1;0;1;2;2;0;0;2;1;
0118;55044014;STIMMBEZIRK;01055004404418;56;46;10;0;24;24;0;0;0;24;10;9;3;2;0;0;;0;;;0;;;;;;;0;24;13;6;2;2;0;0;1;0;0;0;0;0;0;0;0;0;
0118;55044015;STIMMBEZIRK;01055004404418;195;178;17;0;99;99;0;0;3;96;46;22;5;9;10;2;;2;;;0;;;;;;;0;99;49;15;9;7;12;2;2;1;0;0;0;0;0;0;2;0;
0118;55985001;BRIEFWAHLBEZIRK;01055004404418;0;0;0;0;462;0;0;0;4;458;206;105;64;41;30;1;;5;;;6;;;;;;;1;461;236;67;59;31;30;1;16;1;4;0;1;6;0;0;8;1;
0118;55985002;BRIEFWAHLBEZIRK;01055004404418;0;0;0;0;497;0;0;0;7;490;197;124;71;54;19;7;;16;;;2;;;;;;;4;493;257;78;67;33;18;5;14;1;6;3;1;5;0;0;4;1;
0118;55985003;BRIEFWAHLBEZIRK;01055004404418;0;0;0;0;595;0;0;0;4;591;297;112;103;48;18;2;;8;;;3;;;;;;;0;595;345;76;83;47;18;2;11;0;4;0;0;4;0;1;2;2;
0118;55985004;BRIEFWAHLBEZIRK;01055004404418;0;0;0;0;483;0;0;0;4;479;221;110;73;47;16;3;;4;;;5;;;;;;;1;482;256;82;69;29;11;2;15;0;3;1;0;6;0;0;7;1;
0118;55040001;STIMMBEZIRK;01055004004018;281;228;53;0;152;152;0;0;2;150;87;29;23;5;5;0;;1;;;0;;;;;;;1;151;87;20;24;7;6;0;6;0;0;1;0;0;0;0;0;0;
0118;55040002;STIMMBEZIRK;01055004004018;237;182;55;0;127;127;0;0;2;125;65;29;12;7;9;0;;1;;;2;;;;;;;0;127;70;16;9;9;9;0;3;0;1;2;0;2;1;0;5;0;
0118;55040003;STIMMBEZIRK;01055004004018;891;720;171;0;408;408;0;0;7;401;201;77;53;34;14;6;;7;;;9;;;;;;;5;403;207;57;61;28;14;3;14;1;0;0;2;10;0;2;4;0;
0118;55040004;STIMMBEZIRK;01055004004018;389;347;42;0;217;217;0;0;3;214;123;37;25;12;6;4;;4;;;3;;;;;;;4;213;120;24;30;17;7;2;6;0;1;1;0;1;0;0;3;1;
0118;55040005;STIMMBEZIRK;01055004004018;902;736;166;0;428;428;0;0;10;418;203;78;68;22;27;1;;12;;;7;;;;;;;3;425;214;50;69;21;26;1;19;0;10;1;1;10;1;0;2;0;
0118;55040006;STIMMBEZIRK;01055004004018;1025;834;191;0;372;372;0;0;6;366;151;91;60;39;20;1;;4;;;0;;;;;;;4;368;169;69;48;33;20;1;15;3;2;0;1;2;0;0;2;3;
0118;55040007;STIMMBEZIRK;01055004004018;1205;981;224;0;602;602;0;0;5;597;276;141;99;44;17;8;;5;;;7;;;;;;;3;599;296;88;113;43;14;5;22;1;6;3;0;5;0;0;1;2;
0118;55040008;STIMMBEZIRK;01055004004018;702;577;125;0;383;383;0;0;4;379;168;87;72;35;10;3;;2;;;2;;;;;;;3;380;179;67;63;33;11;2;18;1;3;1;0;1;0;0;1;0;
0118;55040009;STIMMBEZIRK;01055004004018;1101;867;234;0;491;491;0;0;8;483;219;137;60;31;25;1;;5;;;5;;;;;;;6;485;245;93;77;21;22;2;14;2;2;1;0;4;1;0;1;0;
0118;55040010;STIMMBEZIRK;01055004004018;1031;878;153;0;415;415;0;0;8;407;171;93;60;38;24;8;;10;;;3;;;;;;;6;409;185;66;67;35;23;4;15;2;4;1;1;3;0;0;3;0;
0118;55040011;STIMMBEZIRK;01055004004018;966;804;162;0;432;432;0;0;12;420;173;113;65;26;21;10;;5;;;7;;;;;;;5;427;177;91;74;24;21;11;12;0;2;2;1;5;0;1;5;1;
0118;55040012;STIMMBEZIRK;01055004004018;946;753;193;0;458;458;0;0;10;448;179;103;95;34;27;4;;4;;;2;;;;;;;6;452;217;67;83;30;27;3;14;0;1;2;0;3;0;0;2;3;
0118;55040013;STIMMBEZIRK;01055004004018;899;723;176;0;424;424;0;0;6;418;174;88;87;19;29;3;;11;;;7;;;;;;;2;422;186;74;77;18;29;0;17;1;6;1;1;8;0;1;2;1;
0118;55040014;STIMMBEZIRK;01055004004018;783;614;169;0;340;340;0;0;7;333;142;84;58;18;20;5;;5;;;1;;;;;;;5;335;159;59;61;15;18;5;5;3;2;1;1;2;0;2;1;1;
0118;55040015;STIMMBEZIRK;01055004004018;734;597;137;0;386;386;0;0;2;384;153;88;78;26;21;10;;5;;;3;;;;;;;0;386;176;60;68;30;19;5;13;0;2;2;3;4;2;1;1;0;
0118;55040016;STIMMBEZIRK;01055004004018;900;789;111;0;420;420;0;0;6;414;168;105;83;33;12;6;;5;;;2;;;;;;;8;412;186;76;78;23;15;5;17;1;2;2;0;2;0;0;5;0;
0118;55040017;STIMMBEZIRK;01055004004018;1037;865;172;0;525;525;0;0;8;517;226;113;88;35;36;4;;9;;;6;;;;;;;3;522;241;85;96;42;32;2;11;2;1;0;0;6;1;0;2;1;
0118;55972001;BRIEFWAHLBEZIRK;01055004004018;0;0;0;0;841;0;0;0;11;830;319;223;155;71;34;13;;11;;;4;;;;;;;3;838;370;156;157;53;40;11;16;5;9;7;1;5;0;1;7;0;
0118;55972002;BRIEFWAHLBEZIRK;01055004004018;0;0;0;0;825;0;0;0;7;818;335;209;138;92;17;6;;12;;;9;;;;;;;5;820;393;168;130;57;22;5;17;0;10;3;2;5;0;1;4;3;
0118;55972003;BRIEFWAHLBEZIRK;01055004004018;0;0;0;0;705;0;0;0;11;694;262;207;121;67;24;8;;4;;;1;;;;;;;2;703;331;149;126;43;25;6;13;0;3;2;0;2;0;0;0;3;
0118;55042001;STIMMBEZIRK;01055004204218;437;355;82;0;898;177;0;721;16;882;419;157;176;70;31;15;;9;;;5;;;;;;;4;894;478;127;139;64;34;7;29;0;5;0;0;5;1;2;2;1;
0118;55042002;STIMMBEZIRK;01055004204218;281;215;66;0;1114;143;0;971;14;1100;558;201;191;89;35;8;;11;;;7;;;;;;;4;1110;614;141;162;104;33;7;24;0;3;2;0;7;1;6;6;0;
0118;55042003;STIMMBEZIRK;01055004204218;821;666;155;0;270;270;0;0;7;263;123;54;41;20;18;5;;1;;;1;;;;;;;3;267;129;36;40;20;16;5;10;0;2;2;1;1;0;0;5;0;
0118;55042004;STIMMBEZIRK;01055004204218;745;577;168;0;273;273;0;0;4;269;137;37;45;16;24;5;;3;;;2;;;;;;;2;271;141;28;36;20;22;2;9;0;3;4;0;2;0;0;3;1;
0118;55042005;STIMMBEZIRK;01055004204218;896;615;281;0;263;263;0;0;7;256;142;43;37;18;14;2;;0;;;0;;;;;;;5;258;147;36;33;22;14;3;2;0;1;0;0;0;0;0;0;0;
0118;55042006;STIMMBEZIRK;01055004204218;719;538;181;0;260;260;0;0;3;257;139;38;34;18;23;2;;1;;;2;;;;;;;4;256;152;29;31;11;23;2;7;0;0;0;0;0;0;0;1;0;
0118;55042007;STIMMBEZIRK;01055004204218;728;533;195;0;249;249;0;0;4;245;151;30;32;16;9;2;;3;;;2;;;;;;;0;249;147;23;28;30;10;0;5;0;3;2;0;1;0;0;0;0;
0118;55042008;STIMMBEZIRK;01055004204218;1186;840;346;0;386;382;4;0;7;379;194;57;71;27;19;8;;1;;;2;;;;;;;0;386;202;44;61;39;16;6;14;0;1;1;0;1;0;0;1;0;
0118;55042009;STIMMBEZIRK;01055004204218;1118;798;320;0;450;445;5;0;9;441;208;55;104;41;23;2;;3;;;5;;;;;;;7;443;221;43;94;33;20;4;13;1;1;2;0;7;0;2;1;1;
0119;61029001;STIMMBEZIRK;01061002902919;1171;935;236;0;427;427;0;0;9;418;189;78;81;17;29;10;;4;;;7;;3;;;;;4;423;189;64;77;17;33;9;16;1;1;5;0;6;0;0;2;3;
0119;61029002;STIMMBEZIRK;01061002902919;1702;1395;307;0;568;568;0;0;13;555;202;131;125;47;27;12;;5;;;2;;4;;;;;7;561;204;116;126;37;25;10;16;3;3;9;0;5;2;1;2;2;
0119;61029003;STIMMBEZIRK;01061002902919;1387;1179;208;0;538;538;0;0;6;532;247;89;120;32;23;7;;3;;;9;;2;;;;;6;532;251;73;106;33;25;4;14;0;2;11;1;5;3;2;1;1;
0119;61029004;STIMMBEZIRK;01061002902919;1640;1356;284;0;718;718;0;0;10;708;286;130;159;67;26;11;;10;;;17;;2;;;;;6;712;317;121;137;57;28;8;23;1;5;3;2;7;0;0;1;2;
0119;61029005;STIMMBEZIRK;01061002902919;1461;1209;252;0;484;484;0;0;7;477;193;97;85;18;58;9;;6;;;5;;6;;;;;5;479;190;87;84;22;56;8;14;2;3;3;0;3;1;1;1;4;
0119;61029006;STIMMBEZIRK;01061002902919;1460;1114;346;0;475;475;0;0;8;467;248;77;75;35;21;2;;3;;;4;;2;;;;;2;473;234;65;73;48;26;3;7;1;1;7;0;3;0;0;2;3;
0119;61909001;BRIEFWAHLBEZIRK;01061002902919;0;0;0;0;1525;0;0;0;24;1501;628;297;276;184;36;36;;23;;;17;;4;;;;;3;1522;747;251;232;109;36;26;60;8;8;10;1;11;1;5;12;5;
0119;61113001;STIMMBEZIRK;01061011311319;1291;1055;236;0;503;503;0;0;10;493;237;111;68;21;28;12;;9;;;4;;3;;;;;4;499;231;96;60;31;30;11;21;5;1;4;2;3;0;0;3;1;
0119;61113002;STIMMBEZIRK;01061011311319;1220;968;252;0;543;543;0;0;8;535;268;126;66;20;35;11;;4;;;5;;0;;;;;4;539;243;109;70;36;38;8;20;1;3;3;2;6;0;0;0;0;
0119;61113003;STIMMBEZIRK;01061011311319;1076;900;176;0;426;426;0;0;12;414;185;120;49;11;22;12;;7;;;5;;3;;;;;10;416;187;93;49;23;24;4;18;3;1;2;0;4;1;1;4;2;
0119;61983001;BRIEFWAHLBEZIRK;01061011311319;0;0;0;0;617;0;0;0;9;608;284;140;89;39;16;12;;13;;;7;;8;;;;;9;608;307;120;66;37;15;8;26;1;4;3;1;7;1;0;8;4;
0119;61934001;BRIEFWAHLBEZIRK;01061513400019;0;0;0;0;936;0;0;0;15;921;395;198;194;38;29;19;;24;;;15;;9;;;;;6;930;450;121;156;48;30;14;50;3;16;9;5;7;1;3;14;3;
0119;61934002;BRIEFWAHLBEZIRK;01061513400019;0;0;0;0;729;0;0;0;8;721;330;135;137;37;27;15;;19;;;13;;8;;;;;2;727;355;110;122;31;33;9;30;4;10;8;0;3;2;2;7;1;
0119;61934003;BRIEFWAHLBEZIRK;01061513400019;0;0;0;0;856;0;0;0;11;845;347;177;183;61;29;12;;16;;;8;;12;;;;;4;852;392;143;140;68;29;10;23;8;11;5;1;5;1;1;10;5;
0119;61938001;BRIEFWAHLBEZIRK;01061513800019;0;0;0;0;638;0;0;0;4;634;341;93;104;45;17;8;;16;;;9;;1;;;;;3;635;368;78;86;43;19;5;13;0;5;4;0;6;2;1;5;0;
0119;61938002;BRIEFWAHLBEZIRK;01061513800019;0;0;0;0;741;0;0;0;6;735;351;149;161;28;11;9;;11;;;13;;2;;;;;3;738;380;115;127;37;14;12;30;0;6;2;1;5;0;0;6;3;
0119;61968001;BRIEFWAHLBEZIRK;01061516800019;0;0;0;0;1381;0;0;0;22;1359;680;250;186;110;63;31;;15;;;19;;5;;;;;9;1372;702;213;155;110;68;22;52;1;15;6;1;14;0;1;10;2;
0119;61979001;BRIEFWAHLBEZIRK;01061517900019;0;0;0;0;816;0;0;0;9;807;387;164;130;62;25;10;;17;;;8;;4;;;;;5;811;413;129;96;71;30;6;32;4;6;2;2;4;1;2;12;1;
0119;58995001;BRIEFWAHLBEZIRK;01058589500019;0;0;0;0;942;0;0;0;8;934;435;209;146;35;40;23;;16;;;23;;7;;;;;3;939;455;174;115;38;38;10;54;2;7;4;0;13;2;2;20;5;
0119;58995002;BRIEFWAHLBEZIRK;01058589500019;0;0;0;0;968;0;0;0;14;954;503;183;132;57;30;17;;5;;;21;;6;;;;;4;964;507;141;119;67;27;12;51;4;3;1;2;18;0;2;7;3;
0119;58995003;BRIEFWAHLBEZIRK;01058589500019;0;0;0;0;675;0;0;0;13;662;344;99;111;42;23;14;;13;;;11;;5;;;;;6;669;365;75;102;25;26;9;31;1;6;11;1;9;0;3;4;1;
0120;61046001;STIMMBEZIRK;01061004604620;1273;1085;188;0;521;521;0;0;6;515;246;99;78;21;47;4;;13;;;7;;;;;;;4;517;252;72;82;25;47;5;22;2;2;1;0;2;0;0;5;0;
0120;61046002;STIMMBEZIRK;01061004604620;1442;1346;96;0;391;391;0;0;14;377;167;89;38;15;38;15;;10;;;5;;;;;;;6;385;178;76;34;18;33;12;14;4;4;2;1;4;0;2;2;1;
0120;61046003;STIMMBEZIRK;01061004604620;1296;1167;129;0;432;432;0;0;6;426;186;115;35;18;47;6;;8;;;11;;;;;;;5;427;190;92;41;25;43;6;11;3;3;1;0;7;2;2;1;0;
0120;61046004;STIMMBEZIRK;01061004604620;1536;1312;224;0;418;418;0;0;5;413;183;105;73;13;22;11;;4;;;2;;;;;;;3;415;186;81;72;21;19;10;10;0;0;4;1;5;0;0;2;4;
0120;61046005;STIMMBEZIRK;01061004604620;1242;1138;104;0;322;322;0;0;4;318;125;82;59;11;16;12;;8;;;5;;;;;;;3;319;125;56;61;19;18;11;15;1;2;4;0;3;0;1;1;2;
0120;61046006;STIMMBEZIRK;01061004604620;1668;1407;261;0;623;623;0;0;6;617;276;117;147;21;28;11;;7;;;10;;;;;;;1;622;269;87;147;25;29;10;34;1;3;3;0;8;0;1;3;2;
0120;61046007;STIMMBEZIRK;01061004604620;1687;1490;197;0;505;503;2;0;4;501;206;112;93;21;34;18;;6;;;11;;;;;;;2;503;206;80;99;21;37;13;30;1;0;5;1;7;0;0;2;1;
0120;61046008;STIMMBEZIRK;01061004604620;1470;1181;289;0;584;584;0;0;14;570;298;99;100;20;30;12;;5;;;6;;;;;;;3;581;286;77;107;39;33;9;17;4;0;1;1;4;0;0;2;1;
0120;61046009;STIMMBEZIRK;01061004604620;1775;1470;305;0;558;558;0;0;12;546;237;122;120;27;17;12;;6;;;5;;;;;;;10;548;247;89;105;28;19;14;27;4;1;4;0;6;2;0;2;0;
0120;61046010;STIMMBEZIRK;01061004604620;1828;1520;308;0;710;710;0;0;9;701;313;146;135;39;31;17;;7;;;13;;;;;;;4;706;305;113;135;51;31;12;23;1;3;8;1;11;2;1;7;2;
0120;61046011;STIMMBEZIRK;01061004604620;1546;1297;249;0;616;616;0;0;7;609;296;121;124;21;25;9;;8;;;5;;;;;;;3;613;271;92;133;40;26;3;29;1;3;2;0;7;3;0;1;2;
0120;61046012;STIMMBEZIRK;01061004604620;1479;1309;170;0;420;420;0;0;4;416;172;90;82;17;33;8;;7;;;7;;;;;;;1;419;182;57;68;23;29;7;33;4;1;2;0;8;1;1;3;0;
0120;61046013;STIMMBEZIRK;01061004604620;1459;1324;135;0;562;562;0;0;7;555;262;121;88;23;32;12;;7;;;10;;;;;;;3;559;257;92;84;33;26;17;24;3;4;3;0;8;0;1;6;1;
0120;61046014;STIMMBEZIRK;01061004604620;1775;1511;264;0;619;619;0;0;8;611;306;121;93;23;24;23;;14;;;7;;;;;;;2;617;302;91;102;34;25;14;29;3;2;6;2;0;1;0;5;1;
0120;61046015;STIMMBEZIRK;01061004604620;1764;1543;221;0;620;620;0;0;9;611;293;117;94;30;57;9;;5;;;6;;;;;;;1;619;277;91;99;45;58;9;21;3;1;3;1;7;0;0;4;0;
0120;61046016;STIMMBEZIRK;01061004604620;1717;1383;334;0;773;773;0;0;11;762;386;153;143;31;27;9;;7;;;6;;;;;;;6;767;390;111;143;50;31;5;21;2;2;2;0;5;3;1;0;1;
0120;61939001;BRIEFWAHLBEZIRK;01061004604620;0;0;0;0;1383;0;0;0;18;1365;619;329;231;58;45;29;;22;;;32;;;;;;;2;1381;643;243;227;82;41;27;53;8;12;7;1;19;1;1;13;3;
0120;61939002;BRIEFWAHLBEZIRK;01061004604620;0;0;0;0;1872;0;0;0;18;1854;870;435;341;70;50;30;;41;;;17;;;;;;;8;1864;940;270;329;98;51;21;90;6;15;6;1;13;1;3;18;2;
0120;61904001;BRIEFWAHLBEZIRK;01061510400020;0;0;0;0;565;0;0;0;10;555;285;107;84;20;24;13;;13;;;9;;;;;;;3;562;279;74;73;50;24;12;25;2;1;8;1;4;0;0;7;2;
0120;61904002;BRIEFWAHLBEZIRK;01061510400020;0;0;0;0;594;0;0;0;9;585;286;163;72;24;19;6;;5;;;10;;;;;;;2;592;291;118;77;40;22;7;24;3;1;0;0;4;1;0;3;1;
0120;61989001;BRIEFWAHLBEZIRK;01061518900020;0;0;0;0;1185;0;0;0;9;1176;648;202;176;42;36;31;;26;;;15;;;;;;;2;1183;611;175;161;74;36;16;43;8;14;10;0;12;0;2;18;3;
0120;61989002;BRIEFWAHLBEZIRK;01061518900020;0;0;0;0;993;0;0;0;13;980;468;206;145;42;67;22;;20;;;10;;;;;;;7;986;492;157;109;64;60;17;44;3;10;2;3;4;1;0;17;3;
0120;61989003;BRIEFWAHLBEZIRK;01061518900020;0;0;0;0;891;0;0;0;10;881;444;172;136;36;43;23;;12;;;15;;;;;;;3;888;433;137;124;51;52;13;39;5;5;6;0;8;1;0;12;2;
0120;61953001;BRIEFWAHLBEZIRK;01061515300020;0;0;0;0;499;0;0;0;9;490;234;100;77;16;36;9;;13;;;5;;;;;;;4;495;249;69;81;25;37;7;14;0;2;2;1;1;1;0;5;1;
0120;61953002;BRIEFWAHLBEZIRK;01061515300020;0;0;0;0;298;0;0;0;3;295;132;56;52;18;21;0;;13;;;3;;;;;;;1;297;141;42;44;21;23;0;14;1;1;0;0;2;0;1;6;1;
0120;61953003;BRIEFWAHLBEZIRK;01061515300020;0;0;0;0;439;0;0;0;4;435;184;92;64;19;25;9;;37;;;5;;;;;;;1;438;202;74;54;20;26;9;17;1;19;4;1;7;0;0;3;1;
0121;56015001;STIMMBEZIRK;01056001501521;1886;1573;313;0;472;471;1;0;6;466;156;139;86;29;24;23;;;;;9;;;;;;;1;471;157;110;85;25;21;16;28;0;2;12;1;1;0;2;6;5;
0121;56015002;STIMMBEZIRK;01056001501521;1610;1375;235;0;441;441;0;0;6;435;136;113;111;22;17;27;;;;;9;;;;;;;4;437;138;81;102;30;10;22;26;3;1;8;1;7;0;0;6;2;
0121;56015003;STIMMBEZIRK;01056001501521;2106;1771;335;0;720;720;0;0;19;701;243;212;133;48;39;19;;;;;7;;;;;;;10;710;262;165;139;35;37;16;24;4;7;5;3;7;0;0;4;2;
0121;56015004;STIMMBEZIRK;01056001501521;2025;1630;395;0;723;723;0;0;7;716;229;214;152;39;45;26;;;;;11;;;;;;;5;718;267;160;140;22;47;31;24;5;1;4;2;5;0;2;3;5;
0121;56015005;STIMMBEZIRK;01056001501521;1834;1412;422;0;786;784;2;0;5;781;311;176;171;60;29;20;;;;;14;;;;;;;3;783;333;120;169;48;31;17;35;0;4;0;2;7;1;3;5;8;
0121;56015006;STIMMBEZIRK;01056001501521;1775;1471;304;0;528;528;0;0;4;524;239;153;61;24;35;6;;;;;6;;;;;;;2;526;254;109;61;29;33;10;14;1;2;2;1;6;0;1;2;1;
0121;56015007;STIMMBEZIRK;01056001501521;1829;1477;352;0;815;814;0;1;17;798;319;242;122;39;37;21;;;;;18;;;;;;;9;806;340;167;140;42;39;13;32;3;3;9;2;12;1;0;2;1;
0121;56015008;STIMMBEZIRK;01056001501521;2060;1610;450;0;918;918;0;0;5;913;388;195;155;82;49;24;;;;;20;;;;;;;2;916;383;139;168;80;55;22;32;2;3;4;1;11;3;2;7;4;
0121;56015009;STIMMBEZIRK;01056001501521;1704;1402;302;0;548;548;0;0;6;542;205;136;103;38;39;11;;;;;10;;;;;;;2;546;227;92;100;33;33;15;18;6;0;6;0;7;1;1;5;2;
0121;56015010;STIMMBEZIRK;01056001501521;1850;1516;334;0;726;726;0;0;16;710;311;173;124;44;42;10;;;;;6;;;;;;;6;720;328;122;131;50;36;12;19;3;2;3;0;4;2;2;2;4;
0121;56015011;STIMMBEZIRK;01056001501521;1876;1516;360;0;675;673;2;0;9;666;269;170;122;42;29;23;;;;;11;;;;;;;3;672;277;104;146;47;28;12;29;3;6;1;0;6;0;0;7;6;
0121;56015012;STIMMBEZIRK;01056001501521;1841;1572;269;0;534;534;0;0;10;524;182;140;82;47;48;17;;;;;8;;;;;;;0;534;191;103;88;37;50;16;18;5;1;7;1;8;0;2;5;2;
0121;56015013;STIMMBEZIRK;01056001501521;1198;1115;83;0;220;220;0;0;3;217;64;84;32;9;15;11;;;;;2;;;;;;;1;219;72;63;35;6;14;10;8;4;2;3;0;1;0;0;1;0;
0121;56015014;STIMMBEZIRK;01056001501521;1827;1322;505;0;648;648;0;0;4;644;265;154;120;35;38;10;;;;;22;;;;;;;0;648;290;91;128;29;38;11;25;3;5;8;0;17;0;0;2;1;
0121;56015015;STIMMBEZIRK;01056001501521;1927;1542;385;0;757;757;0;0;6;751;277;180;159;52;52;20;;;;;11;;;;;;;4;753;283;123;158;51;48;20;29;2;6;7;0;8;4;0;8;6;
0121;56015016;STIMMBEZIRK;01056001501521;1981;1613;368;0;689;687;2;0;6;683;229;222;111;35;46;28;;;;;12;;;;;;;3;686;258;157;115;31;47;25;28;5;1;4;2;4;2;1;6;0;
0121;56015017;STIMMBEZIRK;01056001501521;1917;1419;498;0;784;784;0;0;8;776;330;169;164;49;35;15;;;;;14;;;;;;;5;779;347;107;174;48;35;10;27;6;4;6;0;7;0;1;6;1;
0121;56015018;STIMMBEZIRK;01056001501521;2168;1667;501;0;932;932;0;0;15;917;403;219;157;56;50;18;;;;;14;;;;;;;6;926;432;144;155;58;51;16;32;7;4;6;2;6;0;0;6;7;
0121;56015019;STIMMBEZIRK;01056001501521;1971;1585;386;0;704;704;0;0;7;697;219;205;153;40;39;21;;;;;20;;;;;;;5;699;234;147;166;28;35;12;37;3;5;10;2;8;2;1;6;3;
0121;56015020;STIMMBEZIRK;01056001501521;1883;1605;278;0;713;712;1;0;12;701;246;216;123;42;35;27;;;;;12;;;;;;;10;703;248;142;140;46;28;22;39;6;5;6;1;10;1;0;4;5;
0121;56920001;BRIEFWAHLBEZIRK;01056001501521;0;0;0;0;805;0;0;0;16;789;308;236;142;47;24;26;;;;;6;;;;;;;3;802;342;162;155;41;25;17;22;4;4;4;1;7;3;0;10;5;
0121;56920002;BRIEFWAHLBEZIRK;01056001501521;0;0;0;0;1045;0;0;0;7;1038;409;290;188;71;42;24;;;;;14;;;;;;;3;1042;453;208;188;58;40;19;36;3;8;4;0;6;0;1;13;5;
0121;56920003;BRIEFWAHLBEZIRK;01056001501521;0;0;0;0;1058;0;0;0;8;1050;415;312;186;67;36;19;;;;;15;;;;;;;6;1052;469;199;186;73;29;15;38;5;4;8;3;9;2;3;7;2;
0121;56920004;BRIEFWAHLBEZIRK;01056001501521;0;0;0;0;906;0;0;0;4;902;321;302;165;61;28;13;;;;;12;;;;;;;3;903;362;205;176;54;28;10;29;1;1;9;0;6;2;2;12;6;
0121;56920005;BRIEFWAHLBEZIRK;01056001501521;0;0;0;0;908;0;0;0;9;899;372;244;152;57;33;20;;;;;21;;;;;;;5;903;398;175;163;53;30;19;22;5;9;10;1;7;0;2;5;4;
0121;56920006;BRIEFWAHLBEZIRK;01056001501521;0;0;0;0;1274;0;0;0;6;1268;552;325;233;75;32;25;;;;;26;;;;;;;2;1272;581;230;224;89;30;13;44;6;7;12;2;13;2;2;15;2;
0121;56920007;BRIEFWAHLBEZIRK;01056001501521;0;0;0;0;598;0;0;0;7;591;232;178;121;30;14;11;;;;;5;;;;;;;4;594;263;110;120;29;14;12;22;2;4;6;0;3;0;0;7;2;
0121;56048001;STIMMBEZIRK;01056004804821;1739;1396;343;0;641;641;0;0;12;629;240;156;131;43;37;12;;;;;10;;;;;;;10;631;255;118;125;44;27;8;25;5;2;4;0;8;0;1;4;5;
0121;56048002;STIMMBEZIRK;01056004804821;1363;1125;238;0;551;551;0;0;5;546;218;98;131;37;47;9;;;;;6;;;;;;;3;548;241;72;101;41;44;13;20;1;1;4;2;2;1;0;4;1;
0121;56048003;STIMMBEZIRK;01056004804821;1253;983;270;0;557;557;0;0;5;552;223;108;142;36;25;10;;;;;8;;;;;;;4;553;243;84;124;36;21;5;17;2;1;7;1;7;1;0;1;3;
0121;56048004;STIMMBEZIRK;01056004804821;2134;1762;372;0;880;880;0;0;9;871;396;176;193;36;48;8;;;;;14;;;;;;;5;875;393;154;153;66;44;9;28;2;2;4;0;7;0;2;6;5;
0121;56048005;STIMMBEZIRK;01056004804821;1592;1262;330;0;780;780;0;0;10;770;328;157;171;39;42;23;;;;;10;;;;;;;5;775;347;113;143;42;43;20;26;2;9;6;2;5;1;2;4;10;
0121;56048006;STIMMBEZIRK;01056004804821;1712;1349;363;0;829;829;0;0;9;820;375;147;194;49;33;5;;;;;17;;;;;;;5;824;386;123;164;54;28;6;27;4;4;4;2;13;2;0;5;2;
0121;56048007;STIMMBEZIRK;01056004804821;1340;1058;282;0;673;673;0;0;4;669;286;128;168;31;34;9;;;;;13;;;;;;;3;670;282;91;163;32;36;6;25;2;2;7;0;10;2;1;7;4;
0121;56974001;BRIEFWAHLBEZIRK;01056004804821;0;0;0;0;320;0;0;0;0;320;126;97;64;17;11;4;;;;;1;;;;;;;1;319;132;83;59;19;11;4;3;0;2;1;0;0;0;0;4;1;
0121;56974002;BRIEFWAHLBEZIRK;01056004804821;0;0;0;0;493;0;0;0;6;487;213;118;107;21;17;5;;;;;6;;;;;;;3;490;242;85;86;23;17;1;10;3;2;6;0;7;0;1;4;3;
0121;56974003;BRIEFWAHLBEZIRK;01056004804821;0;0;0;0;349;0;0;0;0;349;167;61;76;21;17;5;;;;;2;;;;;;;0;349;176;42;64;20;14;2;14;1;7;1;0;2;0;0;4;2;
0121;56974004;BRIEFWAHLBEZIRK;01056004804821;0;0;0;0;573;0;0;0;7;566;233;144;110;40;17;9;;;;;13;;;;;;;1;572;273;105;80;34;17;7;21;4;5;3;3;3;0;1;10;6;
0121;56974005;BRIEFWAHLBEZIRK;01056004804821;0;0;0;0;343;0;0;0;3;340;159;69;74;13;10;8;;;;;7;;;;;;;2;341;177;56;58;17;8;9;7;0;1;2;0;3;0;0;2;1;
0121;56916001;BRIEFWAHLBEZIRK;01056561600021;0;0;0;0;1253;0;0;0;5;1248;595;303;216;78;29;18;;;;;9;;;;;;;1;1252;605;220;224;76;30;16;41;2;9;6;0;8;0;2;10;3;
0121;56916002;BRIEFWAHLBEZIRK;01056561600021;0;0;0;0;899;0;0;0;11;888;438;211;143;52;26;11;;;;;7;;;;;;;1;898;444;147;139;63;23;9;42;6;6;1;0;5;0;1;11;1;
0122;56002001;STIMMBEZIRK;01056000200222;1810;1460;350;0;1118;808;0;310;9;1109;520;216;199;56;52;12;45;7;;;;;;2;;;;9;1109;535;160;199;64;48;9;50;3;2;9;2;13;0;0;13;2;
0122;56002002;STIMMBEZIRK;01056000200222;1548;1253;295;0;962;691;1;270;15;947;410;220;166;44;45;18;32;10;;;;;;2;;;;5;957;427;189;160;49;45;13;34;4;9;4;6;8;1;0;6;2;
0122;56002003;STIMMBEZIRK;01056000200222;1437;1173;264;0;809;809;0;0;5;804;345;162;130;52;41;19;35;19;;;;;;1;;;;5;804;374;126;124;46;42;15;33;2;5;10;0;7;5;1;12;2;
0122;56002004;STIMMBEZIRK;01056000200222;1522;1209;313;0;1030;741;0;289;9;1021;467;204;176;54;52;16;32;17;;;;;;3;;;;5;1025;492;168;176;63;47;8;28;2;10;5;0;18;0;0;8;0;
0122;56002005;STIMMBEZIRK;01056000200222;1789;1403;386;0;1157;801;0;356;10;1147;472;252;226;41;58;33;52;13;;;;;;0;;;;4;1153;493;222;215;45;52;25;62;1;10;6;0;9;3;0;9;1;
0122;56041001;STIMMBEZIRK;01056004104122;351;317;34;0;167;167;0;0;2;165;63;36;29;21;9;2;2;1;;;;;;2;;;;1;166;77;33;30;9;7;0;4;0;2;0;1;0;2;1;0;0;
0122;56041002;STIMMBEZIRK;01056004104122;866;649;217;0;405;405;0;0;7;398;171;75;70;52;11;8;8;2;;;;;;1;;;;2;403;190;63;76;39;10;5;5;1;1;2;0;7;0;0;3;1;
0122;56041003;STIMMBEZIRK;01056004104122;1240;974;266;0;574;574;0;0;7;567;229;97;94;99;20;12;11;5;;;;;;0;;;;4;570;262;87;106;57;18;8;13;3;0;1;1;10;0;1;3;0;
0122;56041004;STIMMBEZIRK;01056004104122;1399;1106;293;0;493;493;0;0;14;479;220;80;70;63;25;8;8;4;;;;;;1;;;;7;486;231;74;67;53;27;7;10;2;1;8;0;3;1;0;2;0;
0122;56041005;STIMMBEZIRK;01056004104122;1227;1027;200;0;545;545;0;0;20;525;192;108;64;95;37;11;15;3;;;;;;0;;;;9;536;228;93;72;62;34;9;13;3;2;7;0;4;1;1;5;2;
0122;56041006;STIMMBEZIRK;01056004104122;1233;942;291;0;564;564;0;0;10;554;204;108;88;105;19;7;11;9;;;;;;3;;;;6;558;240;94;93;64;16;5;22;3;5;4;0;5;0;0;5;2;
0122;56041007;STIMMBEZIRK;01056004104122;1127;905;222;0;511;511;0;0;9;502;202;102;71;99;10;5;10;0;;;;;;3;;;;7;504;226;94;81;68;11;6;7;1;1;2;0;2;0;0;3;2;
0122;56041008;STIMMBEZIRK;01056004104122;1190;1001;189;0;537;537;0;0;10;527;197;103;89;80;23;12;12;7;;;;;;4;;;;5;532;236;88;82;47;19;10;22;0;1;6;1;8;2;1;7;2;
0122;56041009;STIMMBEZIRK;01056004104122;1221;970;251;0;486;486;0;0;10;476;187;96;46;87;34;7;14;4;;;;;;1;;;;5;481;200;86;62;59;34;6;16;1;5;3;0;5;1;1;1;1;
0122;56041010;STIMMBEZIRK;01056004104122;1193;905;288;0;532;532;0;0;10;522;209;82;85;116;10;6;11;2;;;;;;1;;;;7;525;241;66;97;83;8;5;10;1;0;7;0;5;0;0;1;1;
0122;56041011;STIMMBEZIRK;01056004104122;1248;1014;234;0;511;511;0;0;8;503;201;86;68;103;22;9;11;3;;;;;;0;;;;3;508;235;82;74;65;24;7;8;0;0;2;0;7;0;0;3;1;
0122;56041012;STIMMBEZIRK;01056004104122;1351;1073;278;0;477;477;0;0;7;470;196;80;56;93;22;4;11;7;;;;;;1;;;;3;474;229;75;54;61;22;6;12;1;3;3;0;2;3;0;2;1;
0122;56041013;STIMMBEZIRK;01056004104122;1205;1004;201;0;571;571;0;0;9;562;232;95;73;103;32;8;10;9;;;;;;0;;;;6;565;269;74;81;70;31;7;8;0;5;4;2;9;0;0;4;1;
0122;56041014;STIMMBEZIRK;01056004104122;1158;915;243;0;577;577;0;0;3;574;236;98;97;99;33;5;4;2;;;;;;0;;;;2;575;267;67;108;72;33;4;4;0;1;3;0;9;0;0;5;2;
0122;56041015;STIMMBEZIRK;01056004104122;1233;1008;225;0;610;610;0;0;6;604;264;80;105;114;28;3;9;1;;;;;;0;;;;2;608;306;74;93;71;27;4;13;0;1;7;0;4;0;0;6;2;
0122;56956001;BRIEFWAHLBEZIRK;01056004104122;0;0;0;0;729;0;0;0;8;721;289;134;116;128;17;7;25;2;;;;;;3;;;;7;722;353;130;97;71;22;7;18;1;3;4;1;2;0;2;5;6;
0122;56956002;BRIEFWAHLBEZIRK;01056004104122;0;0;0;0;842;0;0;0;7;835;318;161;111;165;33;10;22;10;;;;;;5;;;;1;841;396;132;117;90;36;5;23;2;6;4;1;12;0;4;8;5;
0122;56956003;BRIEFWAHLBEZIRK;01056004104122;0;0;0;0;722;0;0;0;8;714;272;142;109;142;14;9;19;3;;;;;;4;;;;3;719;349;121;115;76;19;8;21;2;3;2;0;1;0;0;1;1;
0122;56956004;BRIEFWAHLBEZIRK;01056004104122;0;0;0;0;878;0;0;0;1;877;336;140;152;177;30;6;30;2;;;;;;4;;;;1;877;429;117;140;99;28;6;28;0;3;2;1;9;2;1;8;4;
0122;56005001;STIMMBEZIRK;01056000500522;1227;917;310;0;525;525;0;0;5;520;259;81;79;36;20;12;27;6;;;;;;0;;;;5;520;264;69;82;34;22;8;15;4;2;5;1;6;0;0;7;1;
0122;56005002;STIMMBEZIRK;01056000500522;1211;978;233;0;492;492;0;0;3;489;214;90;106;19;31;6;16;6;;;;;;1;;;;1;491;220;68;108;25;29;9;18;1;1;2;0;4;0;0;2;4;
0122;56005003;STIMMBEZIRK;01056000500522;1068;736;332;0;504;504;0;0;6;498;215;118;111;21;17;6;8;2;;;;;;0;;;;3;501;218;92;120;28;15;6;12;3;2;2;0;3;0;0;0;0;
0122;56988001;BRIEFWAHLBEZIRK;01056000500522;0;0;0;0;755;0;0;0;1;754;369;154;115;46;31;8;22;5;;;;;;4;;;;0;755;375;122;121;47;31;10;18;1;4;5;0;7;1;0;7;6;
0122;56021001;STIMMBEZIRK;01056002102122;955;732;223;0;385;385;0;0;6;379;192;83;43;21;21;7;9;2;;;;;;1;;;;2;383;199;69;53;12;19;7;7;4;2;4;0;6;0;1;0;0;
0122;56021002;STIMMBEZIRK;01056002102122;1054;813;241;0;485;485;0;0;2;483;191;111;99;45;22;2;7;4;;;;;;2;;;;2;483;199;76;106;52;20;2;10;0;2;7;2;3;0;0;4;0;
0122;56021003;STIMMBEZIRK;01056002102122;957;740;217;0;460;460;0;0;6;454;186;102;77;41;27;5;10;6;;;;;;0;;;;6;454;197;71;96;37;22;4;10;1;4;1;0;8;1;0;2;0;
0122;56989001;BRIEFWAHLBEZIRK;01056002102122;0;0;0;0;631;0;0;0;3;628;248;163;124;40;14;8;24;4;;;;;;3;;;;2;629;286;127;122;36;12;4;17;0;5;4;2;6;0;1;6;1;
0122;56025001;STIMMBEZIRK;01056002502522;410;326;84;0;353;145;1;207;6;347;148;65;59;15;7;5;44;3;;;;;;1;;;;4;349;174;51;52;18;7;3;28;1;2;5;1;4;0;0;2;1;
0122;56025002;STIMMBEZIRK;01056002502522;711;569;142;0;315;315;0;0;3;312;106;66;52;14;6;8;59;1;;;;;;0;;;;2;313;114;59;52;18;7;7;41;1;0;7;3;2;0;0;2;0;
0122;56043001;STIMMBEZIRK;01056004304322;999;763;236;0;418;418;0;0;3;415;211;51;91;29;22;4;6;1;;;;;;0;;;;2;416;205;43;81;46;18;4;10;1;2;3;0;2;1;0;0;0;
0122;56043002;STIMMBEZIRK;01056004304322;1065;811;254;0;465;465;0;0;9;456;224;68;95;32;21;3;9;4;;;;;;0;;;;5;460;210;59;104;38;20;1;16;1;0;3;0;3;1;0;3;1;
0122;56043003;STIMMBEZIRK;01056004304322;906;650;256;0;398;398;0;0;6;392;209;67;62;16;21;6;8;3;;;;;;0;;;;2;396;202;57;61;26;23;5;11;1;0;2;1;1;0;0;4;2;
0122;56043004;STIMMBEZIRK;01056004304322;918;679;239;0;358;358;0;0;11;347;157;74;61;18;20;5;10;2;;;;;;0;;;;4;354;166;68;56;22;19;4;8;2;2;1;0;5;0;0;1;0;
0122;56043005;STIMMBEZIRK;01056004304322;997;731;266;0;442;442;0;0;6;436;227;71;93;14;21;2;6;2;;;;;;0;;;;4;438;242;57;81;21;20;4;4;0;1;0;0;4;1;0;0;3;
0122;56043006;STIMMBEZIRK;01056004304322;959;716;243;0;456;456;0;0;2;454;210;57;100;42;16;8;16;4;;;;;;1;;;;1;455;209;56;98;48;14;6;8;2;3;3;1;2;1;0;3;1;
0122;56043007;STIMMBEZIRK;01056004304322;1083;872;211;0;441;439;2;0;4;437;216;92;60;22;26;6;6;5;;;;;;4;;;;5;436;239;73;53;24;20;4;8;1;1;5;0;3;0;0;3;2;
0122;56043008;STIMMBEZIRK;01056004304322;877;717;160;0;291;291;0;0;1;290;128;61;54;13;11;11;7;4;;;;;;1;;;;1;290;131;56;53;16;10;10;8;1;0;1;0;2;0;0;1;1;
0122;56043009;STIMMBEZIRK;01056004304322;844;659;185;0;318;318;0;0;1;317;163;53;62;17;11;5;4;2;;;;;;0;;;;1;317;171;51;56;17;11;4;4;0;0;0;0;1;0;0;2;0;
0122;56043010;STIMMBEZIRK;01056004304322;883;660;223;0;371;371;0;0;1;370;150;74;96;19;11;7;10;3;;;;;;0;;;;2;369;157;59;91;28;11;7;8;0;1;0;0;4;0;0;3;0;
0122;56043011;STIMMBEZIRK;01056004304322;964;720;244;0;377;377;0;0;0;377;168;73;79;17;21;3;8;8;;;;;;0;;;;0;377;161;69;80;23;20;3;7;0;4;2;1;3;1;0;3;0;
0122;56043012;STIMMBEZIRK;01056004304322;1049;775;274;0;455;454;1;0;6;449;216;68;95;30;9;5;24;2;;;;;;0;;;;4;451;215;52;101;33;9;4;26;0;0;1;1;2;0;1;4;2;
0122;56964001;BRIEFWAHLBEZIRK;01056004304322;0;0;0;0;928;0;0;0;4;924;456;166;160;57;19;5;45;16;;;;;;0;;;;2;926;491;147;128;56;23;3;41;2;10;4;0;3;2;0;10;6;
0122;56964002;BRIEFWAHLBEZIRK;01056004304322;0;0;0;0;819;0;0;0;4;815;368;191;143;43;26;10;24;9;;;;;;1;;;;0;819;401;171;132;40;24;8;20;7;3;3;0;2;1;1;4;2;
0122;56964003;BRIEFWAHLBEZIRK;01056004304322;0;0;0;0;842;0;0;0;2;840;368;205;142;51;31;12;22;9;;;;;;0;;;;2;840;407;166;129;52;25;12;18;5;3;7;0;6;2;2;2;4;
0122;56987001;BRIEFWAHLBEZIRK;01056568700022;0;0;0;0;1063;0;0;0;6;1057;482;155;194;120;41;16;37;11;;;;;;1;;;;0;1063;522;121;187;108;32;12;27;4;7;2;0;8;3;4;20;6;
0122;56987002;BRIEFWAHLBEZIRK;01056568700022;0;0;0;0;1182;0;0;0;4;1178;496;209;280;70;35;5;38;44;;;;;;1;;;;2;1180;591;202;194;78;33;5;31;0;20;6;0;9;1;0;8;2;
0123;56049001;STIMMBEZIRK;01056004904923;1672;1364;308;0;580;580;0;0;9;571;253;124;124;25;29;12;;4;;;;;;;;;;4;576;249;94;121;36;26;10;25;2;5;3;0;4;0;0;1;0;
0123;56049002;STIMMBEZIRK;01056004904923;1716;1425;291;0;581;581;0;0;10;571;240;142;111;27;33;11;;7;;;;;;;;;;10;571;235;106;113;40;35;4;14;1;2;4;1;5;2;0;7;2;
0123;56049003;STIMMBEZIRK;01056004904923;1548;1192;356;0;581;580;0;1;13;568;260;139;77;26;51;9;;6;;;;;;;;;;7;574;257;105;86;36;52;5;12;2;3;4;1;7;1;0;3;0;
0123;56049004;STIMMBEZIRK;01056004904923;1820;1569;251;0;589;589;0;0;13;576;268;148;79;20;35;12;;14;;;;;;;;;;8;581;263;133;70;22;31;8;23;5;3;6;2;10;0;0;2;3;
0123;56049005;STIMMBEZIRK;01056004904923;1555;1263;292;0;533;533;0;0;5;528;247;134;79;26;33;6;;3;;;;;;;;;;4;529;244;109;80;32;32;5;11;1;1;3;0;2;0;1;6;2;
0123;56049006;STIMMBEZIRK;01056004904923;1793;1454;339;0;541;541;0;0;11;530;240;127;81;25;36;13;;8;;;;;;;;;;12;529;242;104;70;27;35;10;19;0;4;4;1;2;0;0;11;0;
0123;56049007;STIMMBEZIRK;01056004904923;1794;1296;498;0;760;760;0;0;20;740;347;160;130;33;47;10;;13;;;;;;;;;;11;749;356;116;131;40;45;11;29;0;3;5;0;1;0;1;8;3;
0123;56049008;STIMMBEZIRK;01056004904923;1820;1365;455;0;779;779;0;0;12;767;334;183;162;30;43;3;;12;;;;;;;;;;12;767;348;151;139;40;41;5;24;1;3;3;0;7;0;0;4;1;
0123;56978001;BRIEFWAHLBEZIRK;01056004904923;0;0;0;0;562;0;0;0;7;555;259;138;82;27;25;7;;17;;;;;;;;;;3;559;258;101;90;23;28;5;27;3;5;5;1;3;0;1;7;2;
0123;56978002;BRIEFWAHLBEZIRK;01056004904923;0;0;0;0;570;0;0;0;6;564;268;141;88;22;30;6;;9;;;;;;;;;;1;569;288;104;86;17;28;5;24;2;3;2;0;2;0;2;4;2;
0123;56978003;BRIEFWAHLBEZIRK;01056004904923;0;0;0;0;588;0;0;0;4;584;269;133;97;34;33;8;;10;;;;;;;;;;3;585;290;99;77;39;27;7;19;2;5;2;0;3;1;1;9;4;
0123;56978004;BRIEFWAHLBEZIRK;01056004904923;0;0;0;0;913;0;0;0;13;900;431;175;204;33;33;11;;13;;;;;;;;;;4;909;460;138;156;47;31;14;41;1;5;4;0;4;0;1;6;1;
0123;56050001;STIMMBEZIRK;01056005005023;1743;1184;559;0;1086;563;4;519;17;1069;396;240;273;88;41;24;;7;;;;;;;;;;8;1078;459;172;251;84;36;22;22;3;4;5;1;4;3;0;6;6;
0123;56050002;STIMMBEZIRK;01056005005023;1779;1164;615;0;1143;579;0;564;11;1132;441;218;335;77;31;25;;5;;;;;;;;;;4;1139;481;166;333;66;29;18;21;3;4;4;1;4;0;0;7;2;
0123;56050003;STIMMBEZIRK;01056005005023;1715;1295;420;0;1118;718;4;396;9;1109;441;192;305;98;33;29;;11;;;;;;;;;;7;1111;453;165;286;92;30;23;23;5;7;6;0;8;1;0;8;4;
0123;56050004;STIMMBEZIRK;01056005005023;1757;1223;534;0;1024;525;1;498;14;1010;370;262;242;75;27;18;;16;;;;;;;;;;8;1016;401;206;250;71;26;14;22;3;3;7;1;3;2;0;6;1;
0123;56050005;STIMMBEZIRK;01056005005023;1177;962;215;0;470;270;0;200;6;464;159;92;134;40;16;15;;8;;;;;;;;;;4;466;176;71;119;35;15;14;16;0;3;6;1;5;0;0;4;1;
0123;56050006;STIMMBEZIRK;01056005005023;1589;1245;344;0;826;505;0;321;11;815;269;209;195;60;34;34;;14;;;;;;;;;;5;821;296;164;197;39;32;30;31;1;1;5;1;8;6;1;5;4;
0123;56050007;STIMMBEZIRK;01056005005023;1576;1324;252;0;613;390;8;215;6;607;218;149;133;40;30;23;;14;;;;;;;;;;0;613;243;121;130;28;26;15;25;3;2;6;0;5;2;0;4;3;
0123;56050008;STIMMBEZIRK;01056005005023;1732;1257;475;0;1019;572;0;447;12;1007;415;228;226;75;29;16;;18;;;;;;;;;;5;1014;461;170;216;63;25;14;27;0;6;2;0;16;0;1;4;9;
0123;56050009;STIMMBEZIRK;01056005005023;1890;1464;426;0;993;597;1;395;9;984;338;284;217;60;45;28;;12;;;;;;;;;;4;989;390;219;208;39;44;21;30;1;6;7;2;6;2;2;6;6;
0123;56050010;STIMMBEZIRK;01056005005023;1443;1128;315;0;648;371;0;277;10;638;204;194;105;50;43;35;;7;;;;;;;;;;2;646;252;154;94;29;39;33;14;1;2;5;0;4;2;0;16;1;
0123;56050011;STIMMBEZIRK;01056005005023;2053;1389;664;0;1201;582;0;619;14;1187;467;287;257;94;32;37;;13;;;;;;;;;;1;1200;526;225;252;66;35;25;42;4;1;7;0;3;1;0;5;8;
0123;56050012;STIMMBEZIRK;01056005005023;1781;1150;631;0;1185;577;0;608;20;1165;475;249;310;75;25;21;;10;;;;;;;;;;15;1170;492;183;324;71;24;13;35;3;2;6;1;4;3;1;3;5;
0123;56050013;STIMMBEZIRK;01056005005023;1578;1255;323;0;821;523;2;296;12;809;281;196;201;64;40;18;;9;;;;;;;;;;4;817;344;140;183;48;33;15;28;4;2;8;0;6;0;0;3;3;
0123;56050014;STIMMBEZIRK;01056005005023;1280;1062;218;0;478;280;1;197;6;472;145;130;89;42;37;16;;13;;;;;;;;;;5;473;181;100;82;26;39;10;11;0;5;7;2;8;0;1;1;0;
0123;56050015;STIMMBEZIRK;01056005005023;1394;1063;331;0;728;422;0;306;7;721;248;150;195;58;32;26;;12;;;;;;;;;;6;722;286;117;186;35;29;18;17;4;6;10;0;4;1;0;8;1;
0123;56050016;STIMMBEZIRK;01056005005023;1186;870;316;0;629;333;0;296;14;615;179;190;169;39;15;16;;7;;;;;;;;;;7;622;233;139;145;24;17;16;32;1;0;3;0;5;1;0;3;3;
0123;56990001;BRIEFWAHLBEZIRK;01056569000023;0;0;0;0;918;0;0;0;9;909;516;167;125;44;20;8;;29;;;;;;;;;;2;916;480;132;138;59;21;7;35;4;7;4;4;5;0;3;12;5;
0123;56990002;BRIEFWAHLBEZIRK;01056569000023;0;0;0;0;713;0;0;0;5;708;291;183;133;42;27;11;;21;;;;;;;;;;1;712;320;141;124;39;29;3;32;0;10;4;0;3;0;0;5;2;
0123;56990003;BRIEFWAHLBEZIRK;01056569000023;0;0;0;0;875;0;0;0;15;860;442;185;134;55;18;17;;9;;;;;;;;;;8;867;467;129;129;59;20;12;32;2;1;3;2;3;0;1;6;1;
0123;56990004;BRIEFWAHLBEZIRK;01056569000023;0;0;0;0;731;0;0;0;29;702;357;142;123;32;25;8;;15;;;;;;;;;;23;708;367;131;103;42;24;5;12;1;5;1;3;6;1;0;6;1;
0123;56990005;BRIEFWAHLBEZIRK;01056569000023;0;0;0;0;777;0;0;0;2;775;370;194;111;48;28;7;;17;;;;;;;;;;4;773;402;127;118;42;28;6;23;1;6;4;0;4;1;0;10;1;
0124;56039001;STIMMBEZIRK;01056003903924;1380;1107;273;0;362;362;0;0;7;355;121;98;79;19;25;13;;;;;;;0;;;;;3;359;128;72;74;20;24;10;21;0;1;2;0;1;0;1;4;1;
0124;56039002;STIMMBEZIRK;01056003903924;1564;1232;332;0;481;481;0;0;12;469;186;106;130;12;22;7;;;;;;;6;;;;;5;476;184;76;135;26;18;7;14;1;1;2;0;8;1;0;1;2;
0124;56039003;STIMMBEZIRK;01056003903924;1792;1491;301;0;683;683;0;0;11;672;268;168;149;31;42;8;;;;;;;6;;;;;5;678;295;115;117;39;37;6;36;2;3;5;0;7;3;0;7;6;
0124;56039004;STIMMBEZIRK;01056003903924;1790;1429;361;0;658;658;0;0;6;652;258;157;148;28;42;17;;;;;;;2;;;;;3;655;271;107;141;30;38;14;29;2;2;5;0;7;1;0;3;5;
0124;56039005;STIMMBEZIRK;01056003903924;1593;1347;246;0;564;564;0;0;10;554;203;141;113;32;41;22;;;;;;;2;;;;;3;561;227;110;92;20;40;22;23;1;4;5;2;6;1;0;2;6;
0124;56039006;STIMMBEZIRK;01056003903924;1342;1093;249;0;375;372;3;0;7;368;138;102;63;24;32;8;;;;;;;1;;;;;4;371;157;68;60;33;24;6;11;0;2;0;2;3;0;0;1;4;
0124;56039007;STIMMBEZIRK;01056003903924;1522;1247;275;0;452;452;0;0;8;444;183;115;89;14;30;9;;;;;;;4;;;;;8;444;167;102;75;21;29;9;15;2;3;9;1;1;1;0;6;3;
0124;56039008;STIMMBEZIRK;01056003903924;560;479;81;0;146;146;0;0;0;146;51;43;32;7;9;3;;;;;;;1;;;;;0;146;50;30;33;4;8;3;5;2;0;3;3;1;1;0;2;1;
0124;56039009;STIMMBEZIRK;01056003903924;1605;1316;289;0;460;460;0;0;10;450;146;128;102;19;36;16;;;;;;;3;;;;;8;452;160;91;95;10;27;17;23;3;1;5;0;12;0;1;5;2;
0124;56039010;STIMMBEZIRK;01056003903924;1718;1404;314;0;642;642;0;0;1;641;179;216;147;34;43;21;;;;;;;1;;;;;1;641;225;135;145;43;39;14;14;2;4;4;0;4;1;1;7;3;
0124;56039011;STIMMBEZIRK;01056003903924;1737;1392;345;0;637;636;0;1;6;631;209;173;153;36;41;16;;;;;;;3;;;;;4;633;227;129;134;33;35;19;25;1;6;6;2;9;1;0;4;2;
0124;56039012;STIMMBEZIRK;01056003903924;1779;1242;537;0;674;670;4;0;6;668;221;187;190;29;33;6;;;;;;;2;;;;;1;673;258;117;178;44;28;8;18;4;2;6;0;5;1;0;2;2;
0124;56039013;STIMMBEZIRK;01056003903924;1840;1455;385;0;620;620;0;0;5;615;226;147;132;29;63;15;;;;;;;3;;;;;4;616;238;97;139;38;56;18;16;0;4;4;1;4;0;0;1;0;
0124;56039014;STIMMBEZIRK;01056003903924;1708;1258;450;0;513;513;0;0;4;509;173;136;130;26;26;15;;;;;;;3;;;;;4;509;199;95;113;30;20;13;16;2;3;4;1;6;0;1;4;2;
0124;56039015;STIMMBEZIRK;01056003903924;1931;1409;522;0;677;675;2;0;4;673;207;176;207;39;34;8;;;;;;;2;;;;;2;675;216;117;200;48;33;14;15;6;3;5;0;6;3;0;9;0;
0124;56039016;STIMMBEZIRK;01056003903924;1864;1492;372;0;813;811;2;0;5;808;279;241;197;41;28;18;;;;;;;4;;;;;3;810;293;162;213;50;24;20;22;1;4;6;0;1;0;0;8;6;
0124;56039017;STIMMBEZIRK;01056003903924;1600;1276;324;0;501;498;3;0;7;494;176;122;131;17;28;20;;;;;;;0;;;;;1;500;194;84;124;20;29;12;16;2;1;10;1;4;0;1;1;1;
0124;56039018;STIMMBEZIRK;01056003903924;1777;1326;451;0;720;720;0;0;8;712;274;155;188;51;32;8;;;;;;;4;;;;;2;718;297;96;182;55;38;7;13;4;4;3;2;7;2;0;4;4;
0124;56039019;STIMMBEZIRK;01056003903924;1987;1602;385;0;908;908;0;0;1;907;358;227;211;46;52;12;;;;;;;1;;;;;2;906;408;159;182;58;46;12;21;2;8;2;0;4;0;0;2;2;
0124;56952001;BRIEFWAHLBEZIRK;01056003903924;0;0;0;0;1192;0;0;0;50;1142;453;316;229;55;50;26;;;;;;;13;;;;;40;1152;506;223;208;67;44;15;35;7;13;4;2;2;1;2;13;10;
0124;56952002;BRIEFWAHLBEZIRK;01056003903924;0;0;0;0;1049;0;0;0;14;1035;402;274;219;52;47;20;;;;;;;21;;;;;5;1044;477;206;186;40;45;13;34;1;9;4;0;12;1;1;6;9;
0124;56952003;BRIEFWAHLBEZIRK;01056003903924;0;0;0;0;1471;0;0;0;15;1456;526;465;317;71;47;14;;;;;;;16;;;;;13;1458;650;284;284;77;40;14;58;2;10;4;1;12;3;3;9;7;
0124;56952004;BRIEFWAHLBEZIRK;01056003903924;0;0;0;0;1246;0;0;0;6;1240;450;333;314;65;45;23;;;;;;;10;;;;;3;1243;493;234;295;73;41;17;45;2;10;7;1;10;1;2;7;5;
0124;56952005;BRIEFWAHLBEZIRK;01056003903924;0;0;0;0;1076;0;0;0;7;1069;461;263;210;76;38;17;;;;;;;4;;;;;4;1072;509;199;179;83;30;14;27;5;4;2;1;8;0;1;6;4;
0124;56044001;STIMMBEZIRK;01056004404424;1619;1194;425;0;628;628;0;0;9;619;241;125;159;48;28;15;;;;;;;3;;;;;4;624;259;99;146;46;26;11;15;0;3;7;0;7;0;0;4;1;
0124;56044002;STIMMBEZIRK;01056004404424;1679;1318;361;0;678;674;4;0;6;672;269;132;157;58;39;12;;;;;;;5;;;;;5;673;273;99;153;61;30;13;19;3;2;5;2;5;0;1;3;4;
0124;56044003;STIMMBEZIRK;01056004404424;1597;1336;261;0;574;574;0;0;9;565;211;165;101;26;45;17;;;;;;;0;;;;;6;568;213;145;88;32;45;11;14;2;0;4;1;4;2;1;6;0;
0124;56044004;STIMMBEZIRK;01056004404424;1585;1264;321;0;535;534;1;0;3;532;216;154;89;27;33;11;;;;;;;2;;;;;0;535;228;120;90;33;29;12;10;1;1;3;0;1;0;0;4;3;
0124;56044005;STIMMBEZIRK;01056004404424;964;764;200;0;332;332;0;0;4;328;138;96;52;18;17;6;;;;;;;1;;;;;3;329;147;74;50;18;14;7;9;2;3;1;0;1;0;0;3;0;
0124;56044006;STIMMBEZIRK;01056004404424;1160;957;203;0;423;421;2;0;5;418;159;125;66;18;40;8;;;;;;;2;;;;;3;420;158;94;74;19;40;4;14;2;2;4;1;2;0;0;3;3;
0124;56044007;STIMMBEZIRK;01056004404424;1575;1260;315;0;555;553;2;0;7;548;218;148;107;42;19;11;;;;;;;3;;;;;6;549;211;127;101;55;16;6;23;0;2;3;1;1;0;0;1;2;
0124;56044008;STIMMBEZIRK;01056004404424;1471;1185;286;0;651;651;0;0;5;646;250;164;151;33;39;8;;;;;;;1;;;;;1;650;262;128;156;29;34;8;16;1;3;1;2;3;0;1;4;2;
0124;56044009;STIMMBEZIRK;01056004404424;1516;1210;306;0;607;607;0;0;5;602;245;146;123;36;34;16;;;;;;;2;;;;;2;605;244;109;116;44;34;16;19;1;3;3;0;2;1;0;13;0;
0124;56044010;STIMMBEZIRK;01056004404424;1678;1364;314;0;562;560;2;0;10;552;194;140;109;44;49;15;;;;;;;1;;;;;6;556;194;120;104;43;50;11;13;0;5;2;0;4;2;1;4;3;
0124;56970001;BRIEFWAHLBEZIRK;01056004404424;0;0;0;0;970;0;0;0;12;958;410;226;217;49;28;21;;;;;;;7;;;;;5;965;436;182;191;55;31;22;19;2;3;4;0;4;2;1;6;7;
0124;56970002;BRIEFWAHLBEZIRK;01056004404424;0;0;0;0;964;0;0;0;5;959;365;263;194;58;52;17;;;;;;;10;;;;;1;963;398;217;168;61;48;14;18;2;3;5;0;4;1;0;20;4;
0124;56970003;BRIEFWAHLBEZIRK;01056004404424;0;0;0;0;845;0;0;0;5;840;305;242;202;31;38;17;;;;;;;5;;;;;1;844;355;168;187;38;29;11;33;1;2;4;2;3;0;1;7;3;
0124;56018001;STIMMBEZIRK;01056001801824;1024;769;255;0;356;356;0;0;2;354;164;71;75;14;19;9;;;;;;;2;;;;;3;353;174;58;59;19;15;8;11;1;2;2;0;0;0;0;3;1;
0124;56018002;STIMMBEZIRK;01056001801824;1125;890;235;0;517;517;0;0;3;514;211;114;136;16;26;11;;;;;;;0;;;;;0;517;219;92;125;32;22;3;4;2;1;6;0;9;0;0;2;0;
0124;56018003;STIMMBEZIRK;01056001801824;1043;811;232;0;470;470;0;0;6;464;193;104;105;27;26;8;;;;;;;1;;;;;3;467;203;76;103;24;32;6;9;1;3;2;0;2;1;0;3;2;
0124;56018004;STIMMBEZIRK;01056001801824;831;645;186;0;362;362;0;0;0;362;149;85;78;18;23;7;;;;;;;2;;;;;0;362;149;59;79;29;22;5;11;1;0;4;0;1;0;0;1;1;
0124;56018005;STIMMBEZIRK;01056001801824;907;680;227;0;375;374;1;0;4;371;132;95;99;17;22;5;;;;;;;1;;;;;1;374;130;74;99;18;14;8;9;1;5;2;0;7;0;0;5;2;
0124;56018006;STIMMBEZIRK;01056001801824;1116;755;361;0;507;507;0;0;4;503;180;117;154;18;19;15;;;;;;;0;;;;;5;502;191;78;151;23;19;8;18;1;2;3;1;3;0;1;0;3;
0124;56018007;STIMMBEZIRK;01056001801824;975;763;212;0;390;390;0;0;2;388;142;91;110;19;18;5;;;;;;;3;;;;;2;388;142;74;104;16;16;4;13;1;5;4;1;3;0;0;3;2;
0124;56018008;STIMMBEZIRK;01056001801824;889;688;201;0;422;422;0;0;3;419;153;98;132;11;10;13;;;;;;;2;;;;;0;422;162;72;134;12;11;10;8;0;3;1;1;1;0;0;6;1;
0124;56018009;STIMMBEZIRK;01056001801824;1148;892;256;0;521;521;0;0;6;515;201;133;110;35;29;7;;;;;;;0;;;;;3;518;216;93;119;26;25;4;15;4;1;2;0;7;0;1;4;1;
0124;56018010;STIMMBEZIRK;01056001801824;1034;800;234;0;520;520;0;0;11;509;199;115;128;36;21;3;;;;;;;7;;;;;1;519;204;80;127;45;24;5;13;2;1;1;0;4;3;0;8;2;
0124;56018011;STIMMBEZIRK;01056001801824;708;478;230;0;394;392;2;0;0;394;176;68;86;34;20;9;;;;;;;1;;;;;0;394;172;54;83;36;19;9;9;2;2;4;0;1;0;0;1;2;
0124;56018012;STIMMBEZIRK;01056001801824;894;714;180;0;392;392;0;0;5;387;141;87;99;28;19;12;;;;;;;1;;;;;0;392;154;60;88;22;19;10;12;1;6;4;2;5;2;0;6;1;
0124;56018013;STIMMBEZIRK;01056001801824;838;634;204;0;251;251;0;0;1;250;87;54;65;24;15;5;;;;;;;0;;;;;1;250;85;37;60;25;12;8;14;1;1;3;0;0;0;1;2;1;
0124;56018014;STIMMBEZIRK;01056001801824;776;564;212;0;372;372;0;0;2;370;124;98;106;19;16;3;;;;;;;4;;;;;1;371;141;68;98;18;14;4;10;1;3;0;1;5;0;0;2;6;
0124;56924001;BRIEFWAHLBEZIRK;01056001801824;0;0;0;0;665;0;0;0;10;655;279;171;139;35;20;8;;;;;;;3;;;;;6;659;297;117;134;47;16;6;13;1;3;1;0;8;0;1;10;5;
0124;56924002;BRIEFWAHLBEZIRK;01056001801824;0;0;0;0;910;0;0;0;5;905;368;238;205;45;24;20;;;;;;;5;;;;;1;909;388;168;197;58;21;10;29;2;2;6;2;14;0;3;9;0;
0124;56924003;BRIEFWAHLBEZIRK;01056001801824;0;0;0;0;654;0;0;0;5;649;261;149;161;37;23;11;;;;;;;7;;;;;2;652;272;124;154;34;25;7;20;2;3;1;0;3;0;0;4;3;
0124;56924004;BRIEFWAHLBEZIRK;01056001801824;0;0;0;0;754;0;0;0;4;750;315;172;180;48;24;3;;;;;;;8;;;;;1;753;339;133;161;45;24;5;14;0;7;4;2;4;1;0;5;9;
0125;60004001;STIMMBEZIRK;01060000400425;1029;885;144;0;430;430;0;0;4;426;190;73;79;26;33;9;;13;;;;;;;3;;;1;429;186;53;91;31;30;4;17;0;6;0;1;4;1;2;2;1;
0125;60004002;STIMMBEZIRK;01060000400425;993;759;234;0;471;471;0;0;4;467;240;77;100;21;21;5;;2;;;;;;;1;;;2;469;212;69;111;32;13;3;16;0;2;1;0;6;0;0;2;2;
0125;60004003;STIMMBEZIRK;01060000400425;1068;865;203;0;457;456;1;0;12;445;200;87;79;29;27;14;;8;;;;;;;1;;;8;449;208;58;80;23;24;9;27;2;4;3;0;10;0;0;1;0;
0125;60004004;STIMMBEZIRK;01060000400425;947;807;140;0;431;431;0;0;3;428;186;88;93;16;25;9;;11;;;;;;;0;;;1;430;199;69;89;13;24;7;12;0;2;4;0;7;0;0;2;2;
0125;60004005;STIMMBEZIRK;01060000400425;1122;961;161;0;510;510;0;0;4;506;241;80;87;52;30;6;;10;;;;;;;0;;;3;507;237;66;88;49;28;9;19;3;2;1;0;2;0;0;3;0;
0125;60004006;STIMMBEZIRK;01060000400425;998;840;158;0;332;332;0;0;8;324;172;40;63;26;11;4;;5;;;;;;;3;;;3;329;160;29;59;31;11;5;20;1;0;2;0;4;1;0;6;0;
0125;60004007;STIMMBEZIRK;01060000400425;774;653;121;0;225;225;0;0;5;220;98;50;27;18;15;5;;6;;;;;;;1;;;6;219;98;39;29;17;13;5;4;0;4;3;0;1;0;0;5;1;
0125;60004008;STIMMBEZIRK;01060000400425;777;664;113;0;270;270;0;0;7;263;128;48;47;19;13;5;;2;;;;;;;1;;;3;267;120;39;47;23;17;3;11;1;2;2;0;1;1;0;0;0;
0125;60004009;STIMMBEZIRK;01060000400425;1170;945;225;0;489;485;4;0;4;485;214;81;76;61;27;10;;13;;;;;;;3;;;1;488;206;62;89;57;25;6;22;0;5;5;0;6;0;1;3;1;
0125;60004010;STIMMBEZIRK;01060000400425;942;738;204;0;363;363;0;0;3;360;165;66;61;26;22;15;;4;;;;;;;1;;;1;362;155;54;62;32;22;8;11;3;2;3;1;7;0;0;2;0;
0125;60004011;STIMMBEZIRK;01060000400425;876;712;164;0;333;333;0;0;8;325;155;63;49;15;21;7;;12;;;;;;;3;;;5;328;153;47;53;16;21;5;10;2;4;2;0;12;0;0;3;0;
0125;60004012;STIMMBEZIRK;01060000400425;749;603;146;0;253;251;2;0;1;252;116;51;44;17;19;1;;4;;;;;;;0;;;0;253;116;31;46;19;20;2;13;0;0;1;1;2;0;0;0;2;
0125;60909001;BRIEFWAHLBEZIRK;01060000400425;0;0;0;0;942;0;0;0;7;935;428;194;166;50;38;23;;30;;;;;;;6;;;1;941;461;130;174;51;28;12;39;3;13;8;3;9;0;1;9;0;
0125;60909002;BRIEFWAHLBEZIRK;01060000400425;0;0;0;0;937;0;0;0;8;929;458;168;135;67;40;12;;37;;;;;;;12;;;0;937;473;120;139;84;34;8;35;2;11;3;2;14;0;2;9;1;
0125;60044001;STIMMBEZIRK;01060004404425;1121;990;131;0;322;322;0;0;7;315;129;59;49;6;45;18;;7;;;;;;;2;;;4;318;129;49;43;8;48;15;13;0;2;5;0;0;0;0;5;1;
0125;60044002;STIMMBEZIRK;01060004404425;1318;1118;200;0;510;508;2;0;8;502;203;112;80;16;61;13;;17;;;;;;;0;;;4;506;208;82;72;26;55;14;20;2;5;6;1;10;1;0;4;0;
0125;60044003;STIMMBEZIRK;01060004404425;1347;1136;211;0;578;578;0;0;6;572;280;113;96;32;33;9;;6;;;;;;;3;;;5;573;274;78;99;51;30;7;22;1;1;3;1;0;1;2;1;2;
0125;60044004;STIMMBEZIRK;01060004404425;1267;997;270;0;445;445;0;0;4;441;173;106;74;24;33;21;;7;;;;;;;3;;;2;443;189;71;77;23;29;12;23;1;1;3;0;9;0;0;5;0;
0125;60044005;STIMMBEZIRK;01060004404425;1202;1041;161;0;297;297;0;0;6;291;104;73;46;18;30;7;;10;;;;;;;3;;;4;293;106;57;43;16;25;10;15;1;5;3;0;5;0;2;3;2;
0125;60044006;STIMMBEZIRK;01060004404425;1165;935;230;0;420;420;0;0;6;414;167;100;81;19;28;7;;11;;;;;;;1;;;5;415;167;72;78;27;18;9;24;2;1;4;0;12;0;0;1;0;
0125;60044007;STIMMBEZIRK;01060004404425;1230;1005;225;0;484;484;0;0;8;476;221;98;72;27;39;7;;10;;;;;;;2;;;4;480;217;72;70;36;38;9;20;1;4;5;0;2;0;0;5;1;
0125;60044008;STIMMBEZIRK;01060004404425;1183;1065;118;0;291;291;0;0;5;286;120;55;35;24;33;9;;10;;;;;;;0;;;2;289;121;35;38;22;28;7;15;1;2;7;4;4;1;0;3;1;
0125;60044009;STIMMBEZIRK;01060004404425;1102;936;166;0;312;312;0;0;3;309;124;63;51;18;25;17;;10;;;;;;;1;;;0;312;132;44;54;18;21;8;20;0;2;3;2;5;0;0;2;1;
0125;60044010;STIMMBEZIRK;01060004404425;1159;957;202;0;524;523;1;0;7;517;217;116;78;40;40;11;;10;;;;;;;5;;;3;521;236;87;76;32;40;8;19;1;3;9;1;5;1;0;2;1;
0125;60044011;STIMMBEZIRK;01060004404425;1164;991;173;0;583;583;0;0;5;578;254;120;101;42;38;10;;12;;;;;;;1;;;3;580;255;91;101;40;40;8;28;1;1;4;2;5;0;1;1;2;
0125;60044012;STIMMBEZIRK;01060004404425;1205;1028;177;0;532;532;0;0;9;523;247;106;78;32;41;8;;11;;;;;;;0;;;3;529;237;81;86;45;39;7;18;3;4;1;0;5;0;0;1;2;
0125;60044013;STIMMBEZIRK;01060004404425;1074;956;118;0;516;516;0;0;4;512;216;88;81;48;48;22;;8;;;;;;;1;;;4;512;209;71;78;56;47;18;15;0;0;5;1;7;1;1;1;2;
0125;60044014;STIMMBEZIRK;01060004404425;1478;1322;156;0;426;426;0;0;7;419;169;97;56;29;51;6;;9;;;;;;;2;;;2;424;162;82;52;31;54;12;17;0;2;7;0;3;0;0;1;1;
0125;60939001;BRIEFWAHLBEZIRK;01060004404425;0;0;0;0;762;0;0;0;3;759;318;203;121;40;36;12;;21;;;;;;;8;;;2;760;380;144;119;30;30;11;24;2;2;6;0;4;1;0;6;1;
0125;60939002;BRIEFWAHLBEZIRK;01060004404425;0;0;0;0;833;0;0;0;11;822;359;204;118;54;33;19;;29;;;;;;;6;;;3;830;391;143;128;53;32;12;37;3;9;3;0;6;0;2;10;1;
0125;60939003;BRIEFWAHLBEZIRK;01060004404425;0;0;0;0;781;0;0;0;8;773;348;194;123;37;26;9;;32;;;;;;;4;;;1;780;372;140;130;41;20;7;22;4;9;10;2;9;0;4;6;4;
0125;60019001;STIMMBEZIRK;01060001901925;1050;819;231;0;598;598;0;0;6;592;263;106;116;69;25;7;;6;;;;;;;0;;;1;597;274;76;112;61;21;5;31;1;2;2;0;7;0;0;3;2;
0125;60019002;STIMMBEZIRK;01060001901925;1033;802;231;0;530;525;5;0;9;521;249;101;89;40;24;7;;9;;;;;;;2;;;1;529;264;73;93;33;24;6;15;1;4;3;0;6;0;1;6;0;
0125;60019003;STIMMBEZIRK;01060001901925;923;766;157;0;353;353;0;0;2;351;132;92;55;30;18;13;;8;;;;;;;3;;;1;352;153;74;43;34;14;6;14;1;2;4;0;4;0;1;2;0;
0125;60019004;STIMMBEZIRK;01060001901925;883;701;182;0;369;369;0;0;8;361;176;72;46;28;22;5;;11;;;;;;;1;;;5;364;180;58;40;30;21;4;19;0;1;3;0;4;0;1;3;0;
0125;60019005;STIMMBEZIRK;01060001901925;1039;831;208;0;501;501;0;0;4;497;255;98;69;32;24;7;;11;;;;;;;1;;;2;499;250;71;69;42;21;7;22;3;4;3;0;4;1;0;1;1;
0125;60926001;BRIEFWAHLBEZIRK;01060001901925;0;0;0;0;922;0;0;0;11;911;437;200;149;62;34;8;;21;;;;;;;0;;;3;919;471;143;142;73;32;7;25;3;9;1;0;2;5;0;6;0;
0125;60039001;STIMMBEZIRK;01060003903925;1583;1223;360;0;590;589;1;0;8;582;265;98;110;42;31;16;;17;;;;;;;3;;;4;586;275;79;100;50;32;6;17;1;6;9;0;4;1;0;6;0;
0125;60039002;STIMMBEZIRK;01060003903925;1492;1147;345;0;594;594;0;0;8;586;278;114;88;39;37;12;;14;;;;;;;4;;;3;591;286;76;98;40;38;7;20;1;4;8;1;5;0;1;4;2;
0125;60039003;STIMMBEZIRK;01060003903925;1675;1280;395;0;588;587;1;0;4;584;252;103;121;49;31;10;;12;;;;;;;6;;;2;586;282;80;105;46;27;7;23;1;2;3;1;3;0;1;4;1;
0125;60039004;STIMMBEZIRK;01060003903925;1600;1325;275;0;625;625;0;0;9;616;250;134;95;56;50;14;;11;;;;;;;6;;;5;620;264;108;90;49;45;8;19;3;7;6;1;12;1;2;5;0;
0125;60039005;STIMMBEZIRK;01060003903925;1439;1127;312;0;538;538;0;0;7;531;249;109;87;30;27;14;;10;;;;;;;5;;;3;535;242;91;75;40;26;3;31;1;3;7;0;9;2;0;3;2;
0125;60039006;STIMMBEZIRK;01060003903925;1735;1376;359;0;715;713;2;0;10;705;331;144;127;44;25;15;;18;;;;;;;1;;;3;712;346;119;123;48;23;12;17;3;6;2;1;6;2;0;2;2;
0125;60039007;STIMMBEZIRK;01060003903925;1742;1320;422;0;726;726;0;0;10;716;321;159;107;43;46;17;;19;;;;;;;4;;;3;723;327;118;116;55;43;14;28;0;8;6;0;5;0;0;2;1;
0125;60039008;STIMMBEZIRK;01060003903925;1205;955;250;0;568;567;1;0;9;559;273;95;107;34;30;14;;6;;;;;;;0;;;4;564;277;70;102;41;30;9;16;0;2;2;0;9;4;0;1;1;
0125;60039009;STIMMBEZIRK;01060003903925;358;303;55;0;166;166;0;0;4;162;94;15;26;9;11;2;;4;;;;;;;1;;;1;165;97;10;27;10;10;2;5;0;0;1;0;1;0;0;2;0;
0125;60039010;STIMMBEZIRK;01060003903925;1435;1138;297;0;699;699;0;0;5;694;318;120;127;60;39;13;;17;;;;;;;0;;;4;695;338;99;115;65;35;7;17;1;1;3;0;11;0;0;3;0;
0125;60039011;STIMMBEZIRK;01060003903925;1466;1119;347;0;673;673;0;0;3;670;266;129;147;48;39;16;;19;;;;;;;6;;;1;672;281;101;141;61;35;10;20;1;4;1;1;9;0;3;3;1;
0125;60039012;STIMMBEZIRK;01060003903925;1288;1055;233;0;593;593;0;0;3;590;258;135;90;50;28;16;;13;;;;;;;0;;;3;590;280;96;101;40;26;3;26;0;4;2;0;6;0;2;2;2;
0125;60039013;STIMMBEZIRK;01060003903925;1769;1337;432;0;665;665;0;0;12;653;280;128;119;67;29;11;;18;;;;;;;1;;;7;658;305;89;118;60;30;9;22;5;6;2;2;3;1;0;5;1;
0125;60039014;STIMMBEZIRK;01060003903925;1756;1346;410;0;803;803;0;0;7;796;385;145;139;56;34;15;;19;;;;;;;3;;;0;803;417;105;125;60;26;7;25;1;10;8;3;8;0;2;5;1;
0125;60039015;STIMMBEZIRK;01060003903925;1858;1405;453;0;712;712;0;0;9;703;305;125;129;62;48;14;;18;;;;;;;2;;;4;708;301;107;127;60;45;11;18;3;10;1;3;11;0;4;6;1;
0125;60929001;BRIEFWAHLBEZIRK;01060003903925;0;0;0;0;753;0;0;0;8;745;313;175;118;65;29;13;;23;;;;;;;9;;;3;750;367;140;99;53;27;7;23;0;7;3;0;15;1;3;4;1;
0125;60929002;BRIEFWAHLBEZIRK;01060003903925;0;0;0;0;783;0;0;0;7;776;352;142;138;70;30;16;;22;;;;;;;6;;;0;783;408;108;116;60;24;12;21;0;11;6;0;5;2;0;7;3;
0125;60929003;BRIEFWAHLBEZIRK;01060003903925;0;0;0;0;737;0;0;0;7;730;331;160;122;52;16;14;;22;;;;;;;13;;;0;737;374;112;126;40;16;4;30;1;10;10;0;7;0;1;4;2;
0125;60929004;BRIEFWAHLBEZIRK;01060003903925;0;0;0;0;757;0;0;0;6;751;304;161;120;72;37;22;;22;;;;;;;13;;;3;754;339;121;114;61;29;9;36;6;9;8;0;13;0;1;6;2;
0125;60929005;BRIEFWAHLBEZIRK;01060003903925;0;0;0;0;837;0;0;0;11;826;348;185;143;61;31;25;;29;;;;;;;4;;;4;833;414;140;140;43;25;11;24;4;4;8;1;6;0;0;12;1;
0125;60929006;BRIEFWAHLBEZIRK;01060003903925;0;0;0;0;757;0;0;0;0;757;338;184;121;47;27;16;;19;;;;;;;5;;;0;757;379;146;114;42;20;6;29;1;9;3;0;3;0;0;4;1;
0125;60943001;BRIEFWAHLBEZIRK;01060504300025;0;0;0;0;698;0;0;0;5;693;270;164;102;47;45;19;;37;;;;;;;9;;;3;695;292;127;104;38;47;11;34;4;16;3;0;12;1;2;3;1;
0125;60943002;BRIEFWAHLBEZIRK;01060504300025;0;0;0;0;708;0;0;0;13;695;297;149;120;50;28;14;;26;;;;;;;11;;;2;706;315;104;113;52;24;2;58;2;7;9;2;6;0;2;9;1;
0125;60905001;BRIEFWAHLBEZIRK;01060500500025;0;0;0;0;511;0;0;0;5;506;242;102;82;31;16;10;;21;;;;;;;2;;;2;509;249;78;81;35;15;8;23;0;6;2;0;8;0;0;4;0;
0125;60905002;BRIEFWAHLBEZIRK;01060500500025;0;0;0;0;499;0;0;0;9;490;233;85;77;26;23;16;;28;;;;;;;2;;;2;497;246;57;78;28;21;8;23;2;7;2;1;14;0;0;10;0;
0126;60005001;STIMMBEZIRK;01060000500526;2170;1603;567;0;950;948;2;0;11;939;416;209;182;62;50;12;;8;;;;;;;;;;4;946;422;139;209;75;44;10;29;4;2;2;1;6;0;0;3;0;
0126;60005002;STIMMBEZIRK;01060000500526;2204;1748;456;0;847;847;0;0;14;833;369;149;199;48;37;10;;21;;;;;;;;;;5;842;401;105;177;49;38;6;44;2;2;4;1;6;2;2;3;0;
0126;60005003;STIMMBEZIRK;01060000500526;2147;1688;459;0;745;745;0;0;15;730;322;164;133;39;55;11;;6;;;;;;;;;;4;741;335;110;142;49;49;11;24;4;2;4;0;5;0;0;4;2;
0126;60005004;STIMMBEZIRK;01060000500526;1805;1522;283;0;557;557;0;0;14;543;239;122;92;27;36;14;;13;;;;;;;;;;7;550;259;77;82;31;31;7;36;1;5;9;0;6;0;0;3;3;
0126;60005005;STIMMBEZIRK;01060000500526;1757;1440;317;0;586;586;0;0;8;578;269;92;95;37;55;12;;18;;;;;;;;;;4;582;254;67;94;43;60;8;33;4;4;4;0;9;0;0;1;1;
0126;60005006;STIMMBEZIRK;01060000500526;2058;1698;360;0;895;895;0;0;12;883;390;196;146;64;54;13;;20;;;;;;;;;;4;891;417;149;136;65;44;6;38;3;9;12;1;6;0;0;3;2;
0126;60005007;STIMMBEZIRK;01060000500526;1811;1349;462;0;623;623;0;0;13;610;276;106;140;35;22;17;;14;;;;;;;;;;5;618;292;88;104;42;20;7;33;4;5;9;0;6;0;0;6;2;
0126;60914001;BRIEFWAHLBEZIRK;01060000500526;0;0;0;0;971;0;0;0;11;960;481;195;185;58;15;11;;15;;;;;;;;;;4;967;511;162;155;60;19;3;35;2;9;1;0;6;1;0;2;1;
0126;60914002;BRIEFWAHLBEZIRK;01060000500526;0;0;0;0;983;0;0;0;15;968;470;187;176;59;35;23;;18;;;;;;;;;;6;977;503;151;143;56;31;14;47;5;6;3;0;6;1;0;9;2;
0126;60914003;BRIEFWAHLBEZIRK;01060000500526;0;0;0;0;775;0;0;0;9;766;353;157;157;44;27;13;;15;;;;;;;;;;2;773;379;120;142;36;26;7;44;1;1;7;1;3;0;0;4;2;
0126;60092001;STIMMBEZIRK;01060009209226;1704;1464;240;0;655;655;0;0;12;643;307;126;78;57;46;20;;9;;;;;;;;;;4;651;308;86;79;47;46;16;40;6;8;5;2;4;0;0;3;1;
0126;60092002;STIMMBEZIRK;01060009209226;1458;1214;244;0;499;499;0;0;12;487;242;103;42;29;45;16;;10;;;;;;;;;;7;492;225;90;39;36;39;15;26;1;3;8;0;4;0;0;4;2;
0126;60092003;STIMMBEZIRK;01060009209226;1379;1218;161;0;478;478;0;0;14;464;218;91;44;36;54;14;;7;;;;;;;;;;7;471;235;78;38;30;43;7;23;1;3;1;0;6;0;0;6;0;
0126;60092004;STIMMBEZIRK;01060009209226;1534;1354;180;0;541;541;0;0;14;527;250;97;51;45;58;19;;7;;;;;;;;;;4;537;252;81;43;32;57;17;40;1;2;4;0;6;0;1;1;0;
0126;60092005;STIMMBEZIRK;01060009209226;1637;1376;261;0;678;678;0;0;14;664;321;137;89;50;44;11;;12;;;;;;;;;;10;668;326;101;83;43;44;6;42;1;0;7;0;10;0;2;2;1;
0126;60978001;BRIEFWAHLBEZIRK;01060009209226;0;0;0;0;451;0;0;0;10;441;173;110;65;44;25;14;;10;;;;;;;;;;3;448;205;97;52;28;30;6;19;1;3;3;0;1;0;1;2;0;
0126;60978002;BRIEFWAHLBEZIRK;01060009209226;0;0;0;0;531;0;0;0;7;524;256;111;67;50;19;8;;13;;;;;;;;;;1;530;279;100;48;32;15;7;24;1;7;6;1;4;0;3;3;0;
0126;60924001;BRIEFWAHLBEZIRK;01060502400026;0;0;0;0;1295;0;0;0;18;1277;598;297;201;53;76;15;;37;;;;;;;;;;5;1290;594;238;182;59;70;12;74;5;13;9;0;15;1;3;13;2;
0126;60986001;BRIEFWAHLBEZIRK;01060508600026;0;0;0;0;1336;0;0;0;17;1319;598;276;249;84;47;34;;31;;;;;;;;;;5;1331;623;220;217;106;44;20;49;1;14;7;2;10;1;0;15;2;
0126;60986002;BRIEFWAHLBEZIRK;01060508600026;0;0;0;0;1308;0;0;0;14;1294;576;254;234;80;65;34;;51;;;;;;;;;;1;1307;619;197;203;88;53;20;51;0;18;14;2;18;4;2;18;0;
0126;60963001;BRIEFWAHLBEZIRK;01060506300026;0;0;0;0;969;0;0;0;22;947;423;206;191;55;37;16;;19;;;;;;;;;;5;964;440;163;164;61;34;8;60;4;5;2;1;10;2;0;8;2;
0126;60934001;BRIEFWAHLBEZIRK;01060503400026;0;0;0;0;975;0;0;0;9;966;412;203;140;83;57;25;;46;;;;;;;;;;4;971;468;152;117;81;51;17;38;0;12;8;0;10;0;2;15;0;
0126;60934002;BRIEFWAHLBEZIRK;01060503400026;0;0;0;0;853;0;0;0;14;839;339;215;130;53;48;18;;36;;;;;;;;;;4;849;375;160;109;55;36;12;41;4;16;7;0;12;0;4;16;2;
0126;60905003;BRIEFWAHLBEZIRK;01060500500026;0;0;0;0;338;0;0;0;4;334;180;52;56;29;8;4;;5;;;;;;;;;;0;338;193;40;50;24;8;1;12;0;0;2;3;1;0;3;1;0;
0127;60063001;STIMMBEZIRK;01060006306327;1878;1494;384;0;671;670;1;0;9;662;251;146;130;50;38;23;;8;;;8;;;1;;;7;5;666;254;108;145;53;44;10;23;1;6;8;0;9;0;0;3;2;
0127;60063002;STIMMBEZIRK;01060006306327;1380;1160;220;0;504;504;0;0;11;493;161;142;76;33;31;19;;16;;;3;;;1;;;11;11;493;184;111;70;21;27;12;30;1;9;8;0;5;1;0;10;4;
0127;60063003;STIMMBEZIRK;01060006306327;1401;1134;267;0;525;524;1;0;7;518;192;132;82;36;41;17;;6;;;5;;;3;;;4;7;518;199;88;109;35;37;16;12;3;1;8;0;4;0;0;5;1;
0127;60063004;STIMMBEZIRK;01060006306327;1759;1328;431;0;532;531;1;0;5;527;196;131;99;34;37;6;;4;;;8;;;4;;;8;2;530;211;108;101;21;38;5;9;2;7;8;0;9;0;3;6;2;
0127;60063005;STIMMBEZIRK;01060006306327;1431;1143;288;0;540;540;0;0;11;529;170;132;99;56;24;18;;11;;;8;;;2;;;9;5;535;187;107;114;40;24;18;13;1;11;1;1;8;0;1;4;5;
0127;60063006;STIMMBEZIRK;01060006306327;1476;1112;364;0;483;481;2;0;7;476;186;107;104;35;19;15;;4;;;1;;;1;;;4;6;477;183;96;101;44;19;10;11;1;1;5;0;1;2;0;2;1;
0127;60063007;STIMMBEZIRK;01060006306327;1281;1050;231;0;335;335;0;0;6;329;136;71;55;22;24;11;;4;;;3;;;0;;;3;2;333;137;55;57;24;27;8;11;1;3;3;0;3;2;0;1;1;
0127;60063008;STIMMBEZIRK;01060006306327;1563;1199;364;0;482;482;0;0;5;477;157;116;98;34;25;18;;7;;;10;;;3;;;9;5;477;172;85;99;32;27;16;11;3;6;8;1;8;2;1;3;3;
0127;60063009;STIMMBEZIRK;01060006306327;1461;1129;332;0;572;569;3;0;1;571;227;101;125;56;35;9;;5;;;7;;;2;;;4;0;572;233;75;132;58;36;7;12;0;2;6;1;4;0;0;4;2;
0127;60063010;STIMMBEZIRK;01060006306327;1700;1269;431;0;662;662;0;0;8;654;221;167;131;55;36;21;;8;;;9;;;2;;;4;6;656;237;136;132;45;37;13;25;4;6;7;0;8;0;2;2;2;
0127;60063011;STIMMBEZIRK;01060006306327;2306;1724;582;0;769;768;1;0;6;763;298;164;150;61;37;27;;10;;;6;;;0;;;10;6;763;304;129;147;72;41;15;27;3;4;7;0;5;1;0;6;2;
0127;60063012;STIMMBEZIRK;01060006306327;1597;1280;317;0;543;543;0;0;11;532;244;144;60;18;27;13;;9;;;8;;;1;;;8;7;536;250;123;68;25;30;13;11;1;3;3;0;5;0;0;2;2;
0127;60063013;STIMMBEZIRK;01060006306327;1532;1223;309;0;539;539;0;0;4;535;198;127;101;48;19;17;;9;;;10;;;0;;;6;1;538;220;87;103;49;16;15;14;4;5;5;0;12;1;0;5;2;
0127;60063014;STIMMBEZIRK;01060006306327;1493;1151;342;0;646;646;0;0;5;641;204;158;134;67;31;20;;11;;;13;;;1;;;2;3;643;231;104;171;42;30;13;26;2;2;4;0;12;1;0;3;2;
0127;60063015;STIMMBEZIRK;01060006306327;1471;1157;314;0;494;494;0;0;5;489;144;129;86;46;33;23;;3;;;18;;;2;;;5;2;492;165;96;99;29;33;20;11;0;4;8;1;13;0;3;7;3;
0127;60063016;STIMMBEZIRK;01060006306327;1485;1152;333;0;421;419;2;0;9;412;151;87;83;39;21;19;;3;;;4;;;1;;;4;4;417;174;65;97;19;20;15;11;1;0;3;0;3;1;0;1;7;
0127;60063017;STIMMBEZIRK;01060006306327;1641;1322;319;0;589;588;1;0;4;585;241;130;114;34;25;12;;14;;;5;;;1;;;9;0;589;263;119;101;32;28;9;10;4;7;1;0;5;2;0;7;1;
0127;60063018;STIMMBEZIRK;01060006306327;1427;1141;286;0;544;544;0;0;8;536;210;126;93;31;26;22;;8;;;13;;;1;;;6;5;539;230;105;90;23;24;18;13;4;7;7;0;13;0;0;1;4;
0127;60063019;STIMMBEZIRK;01060006306327;1408;1157;251;0;512;509;3;0;7;505;230;103;83;46;18;10;;6;;;4;;;0;;;5;0;512;230;76;92;36;28;9;16;3;3;5;1;5;0;0;5;3;
0127;60063020;STIMMBEZIRK;01060006306327;1393;1081;312;0;449;449;0;0;3;446;164;119;82;31;18;13;;10;;;6;;;0;;;3;5;444;181;91;82;27;18;7;11;6;4;4;1;6;1;1;3;1;
0127;60063021;STIMMBEZIRK;01060006306327;1323;1008;315;0;524;524;0;0;7;517;184;129;99;36;37;17;;7;;;7;;;0;;;1;5;519;199;85;114;36;40;15;8;0;5;4;1;6;0;0;2;4;
0127;60063022;STIMMBEZIRK;01060006306327;1712;1423;289;0;690;690;0;0;4;686;271;154;138;44;23;21;;16;;;9;;;1;;;9;5;685;287;114;145;39;23;17;21;3;10;5;0;9;0;1;8;3;
0127;60063023;STIMMBEZIRK;01060006306327;1312;1067;245;0;495;495;0;0;6;489;199;98;88;35;37;12;;12;;;2;;;0;;;6;1;494;210;74;87;34;41;8;15;3;3;7;1;1;1;0;7;2;
0127;60063024;STIMMBEZIRK;01060006306327;1756;1386;370;0;790;788;2;0;12;778;321;164;139;51;55;26;;11;;;9;;;1;;;1;7;783;320;127;159;39;58;19;26;2;10;6;1;8;1;0;5;2;
0127;60063025;STIMMBEZIRK;01060006306327;1631;1308;323;0;601;598;3;0;5;596;266;126;100;29;28;20;;11;;;8;;;2;;;6;3;598;256;83;133;42;29;13;9;1;4;8;1;10;1;2;5;1;
0127;60063026;STIMMBEZIRK;01060006306327;1383;975;408;0;570;570;0;0;3;567;242;122;100;30;35;15;;6;;;10;;;2;;;5;4;566;238;93;126;34;35;7;12;0;3;5;2;9;0;0;0;2;
0127;60063027;STIMMBEZIRK;01060006306327;1923;1379;544;0;748;748;0;0;5;743;316;158;155;37;21;21;;21;;;11;;;3;;;0;0;748;328;98;174;41;25;20;18;1;14;7;1;11;1;1;5;3;
0127;60063028;STIMMBEZIRK;01060006306327;986;767;219;0;339;339;0;0;6;333;154;76;47;22;11;5;;8;;;8;;;0;;;2;5;334;154;57;52;27;11;5;13;2;2;2;1;4;0;0;2;2;
0127;60063029;STIMMBEZIRK;01060006306327;1630;1185;445;0;684;684;0;0;3;681;286;153;127;57;26;17;;9;;;3;;;0;;;3;2;682;301;116;137;56;25;10;15;3;1;5;0;5;0;2;4;2;
0127;60063030;STIMMBEZIRK;01060006306327;1150;957;193;0;472;472;0;0;8;464;165;117;97;28;29;7;;7;;;5;;;1;;;8;3;469;175;90;108;26;26;7;13;3;3;6;1;4;1;0;2;4;
0127;60063031;STIMMBEZIRK;01060006306327;1342;1005;337;0;454;452;2;0;2;452;171;101;94;38;18;20;;2;;;2;;;1;;;5;1;453;178;69;98;41;18;20;15;1;1;5;2;4;0;0;0;1;
0127;60063032;STIMMBEZIRK;01060006306327;1470;1141;329;0;576;576;0;0;3;573;237;148;83;51;19;19;;7;;;2;;;2;;;5;3;573;234;122;94;51;22;19;14;1;5;6;0;1;0;1;3;0;
0127;60063033;STIMMBEZIRK;01060006306327;1464;1175;289;0;560;560;0;0;6;554;217;109;107;55;32;14;;12;;;6;;;0;;;2;2;558;239;88;108;41;33;10;10;3;5;7;0;8;0;0;3;3;
0127;60063034;STIMMBEZIRK;01060006306327;1759;1289;470;0;768;764;4;0;4;764;309;148;152;56;52;10;;22;;;8;;;1;;;6;8;760;351;99;154;45;48;9;20;3;14;2;0;7;2;0;5;1;
0127;60063035;STIMMBEZIRK;01060006306327;1475;1162;313;0;584;580;4;0;9;575;195;139;101;47;31;13;;24;;;14;;;0;;;11;4;580;220;114;114;32;31;12;18;0;8;7;2;13;1;1;7;0;
0127;60063036;STIMMBEZIRK;01060006306327;1521;1201;320;0;538;538;0;0;3;535;189;130;114;42;21;18;;10;;;2;;;2;;;7;2;536;207;89;115;30;18;16;26;2;6;13;0;3;2;0;4;5;
0127;60063037;STIMMBEZIRK;01060006306327;1597;1246;351;0;618;618;0;0;8;610;300;109;98;45;34;2;;15;;;3;;;0;;;4;3;615;327;80;110;40;32;5;7;0;5;1;1;2;0;0;1;4;
0127;60063038;STIMMBEZIRK;01060006306327;2027;1599;428;0;756;756;0;0;3;753;318;134;149;56;34;28;;11;;;15;;;0;;;8;1;755;309;117;160;55;38;16;18;3;4;7;2;14;0;1;7;4;
0127;60063039;STIMMBEZIRK;01060006306327;1545;1205;340;0;546;546;0;0;9;537;222;149;70;34;36;9;;6;;;1;;;0;;;10;4;542;221;131;75;36;37;9;13;3;4;4;0;1;0;1;4;3;
0127;60063040;STIMMBEZIRK;01060006306327;1368;1116;252;0;331;330;1;0;2;329;145;71;33;22;19;15;;4;;;7;;;0;;;13;3;328;161;51;42;16;20;11;10;0;1;5;1;5;0;0;3;2;
0127;60958001;BRIEFWAHLBEZIRK;01060006306327;0;0;0;0;758;0;0;0;3;755;275;214;135;48;30;28;;9;;;7;;;5;;;4;1;757;328;173;101;33;30;13;35;4;8;8;2;4;1;2;12;3;
0127;60958002;BRIEFWAHLBEZIRK;01060006306327;0;0;0;0;993;0;0;0;13;980;367;265;188;66;27;21;;21;;;11;;;4;;;10;5;988;432;201;179;60;26;19;22;3;9;11;0;11;1;0;11;3;
0127;60958003;BRIEFWAHLBEZIRK;01060006306327;0;0;0;0;848;0;0;0;10;838;289;235;158;69;44;18;;9;;;7;;;0;;;9;8;840;329;196;143;62;44;18;15;6;6;3;2;4;0;0;11;1;
0127;60958004;BRIEFWAHLBEZIRK;01060006306327;0;0;0;0;923;0;0;0;8;915;358;254;149;75;27;21;;16;;;9;;;2;;;4;5;918;406;194;163;46;22;14;20;5;11;10;2;7;1;2;8;7;
0127;60958005;BRIEFWAHLBEZIRK;01060006306327;0;0;0;0;893;0;0;0;12;881;327;241;166;71;16;16;;22;;;4;;;2;;;16;6;887;377;185;182;48;19;12;26;4;11;6;1;3;3;1;7;2;
0127;60958006;BRIEFWAHLBEZIRK;01060006306327;0;0;0;0;876;0;0;0;10;866;292;234;164;91;19;18;;22;;;16;;;4;;;6;4;872;368;179;143;49;19;15;31;4;16;18;1;10;1;2;12;4;
0127;60958007;BRIEFWAHLBEZIRK;01060006306327;0;0;0;0;749;0;0;0;10;739;286;203;114;69;26;17;;7;;;4;;;4;;;9;5;744;352;153;103;41;22;20;24;1;6;2;1;3;0;0;12;4;
0127;60958008;BRIEFWAHLBEZIRK;01060006306327;0;0;0;0;768;0;0;0;7;761;312;185;130;64;19;11;;18;;;10;;;1;;;11;3;765;353;126;150;57;20;8;24;0;6;5;0;9;0;3;4;0;
0127;60958009;BRIEFWAHLBEZIRK;01060006306327;0;0;0;0;1013;0;0;0;2;1011;391;225;215;79;29;21;;22;;;18;;;5;;;6;1;1012;440;168;206;73;29;13;38;2;8;2;2;16;1;2;10;2;
0127;60958010;BRIEFWAHLBEZIRK;01060006306327;0;0;0;0;1113;0;0;0;16;1097;427;271;217;81;28;27;;25;;;12;;;2;;;7;7;1106;469;212;237;72;30;14;31;2;11;6;0;11;2;2;5;2;
0127;60958011;BRIEFWAHLBEZIRK;01060006306327;0;0;0;0;769;0;0;0;11;758;311;186;127;69;18;16;;14;;;8;;;2;;;7;5;764;348;162;142;43;16;5;19;2;4;5;2;8;0;0;6;2;
0127;60958012;BRIEFWAHLBEZIRK;01060006306327;0;0;0;0;693;0;0;0;5;688;253;169;134;74;24;7;;14;;;4;;;0;;;9;3;690;300;121;138;50;19;5;24;0;10;5;1;4;2;0;6;5;
0127;60958013;BRIEFWAHLBEZIRK;01060006306327;0;0;0;0;562;0;0;0;4;558;200;152;99;52;16;17;;15;;;5;;;0;;;2;1;561;244;111;100;26;19;17;20;2;1;4;2;3;0;2;8;2;
0127;60958014;BRIEFWAHLBEZIRK;01060006306327;0;0;0;0;723;0;0;0;10;713;277;166;122;81;16;24;;14;;;9;;;2;;;2;2;721;324;133;113;65;16;18;22;2;3;4;1;6;3;1;7;3;
0127;60958015;BRIEFWAHLBEZIRK;01060006306327;0;0;0;0;535;0;0;0;5;530;170;167;96;36;19;14;;11;;;5;;;0;;;12;4;531;208;127;95;32;18;10;23;1;3;4;1;3;0;0;5;1;
0128;62004001;STIMMBEZIRK;01062000400428;1301;992;309;0;798;563;2;233;15;783;328;181;158;53;31;23;;;;;9;;;;;;;7;791;318;147;181;57;28;12;22;2;2;3;1;9;1;0;4;4;
0128;62004002;STIMMBEZIRK;01062000400428;542;412;130;0;390;264;0;126;6;384;180;71;72;36;19;4;;;;;2;;;;;;;0;390;204;51;70;17;18;5;13;0;3;2;0;3;0;1;1;2;
0128;62004003;STIMMBEZIRK;01062000400428;364;293;71;0;273;203;0;70;5;268;127;45;53;21;11;6;;;;;5;;;;;;;4;269;128;30;56;23;12;4;5;1;1;1;0;3;1;0;1;3;
0128;62004004;STIMMBEZIRK;01062000400428;415;326;89;0;290;209;0;81;3;287;149;57;46;14;16;4;;;;;1;;;;;;;0;290;142;47;53;16;15;2;8;1;1;1;0;3;0;0;1;0;
0128;62004005;STIMMBEZIRK;01062000400428;1045;887;158;0;573;425;0;148;11;562;257;144;78;30;27;17;;;;;9;;;;;;;6;567;247;114;102;34;31;7;20;1;1;0;0;8;1;0;1;0;
0128;62004006;STIMMBEZIRK;01062000400428;1589;1214;375;0;1083;728;0;355;26;1057;482;212;220;60;58;18;;;;;7;;;;;;;10;1073;488;149;247;60;58;12;35;4;6;4;1;3;1;0;4;1;
0128;62004007;STIMMBEZIRK;01062000400428;1376;1124;252;0;676;455;0;221;19;657;253;169;99;49;54;26;;;;;7;;;;;;;6;670;268;138;92;36;57;16;30;8;3;5;0;7;0;2;6;2;
0128;62004008;STIMMBEZIRK;01062000400428;1536;1224;312;0;829;535;0;294;5;824;326;197;172;51;30;36;;;;;12;;;;;;;4;825;333;140;160;49;34;23;42;5;7;4;0;15;0;2;9;2;
0128;62004009;STIMMBEZIRK;01062000400428;1118;848;270;0;550;328;49;173;32;518;174;151;88;37;31;27;;;;;10;;;;;;;16;534;189;127;86;35;30;15;19;5;2;5;2;9;3;1;4;2;
0128;62004010;STIMMBEZIRK;01062000400428;500;411;89;0;303;216;0;87;7;296;138;64;47;22;18;6;;;;;1;;;;;;;4;299;150;51;39;13;16;3;15;2;5;0;0;1;0;0;3;1;
0128;62004011;STIMMBEZIRK;01062000400428;1254;973;281;0;704;449;3;252;14;690;269;200;115;39;35;24;;;;;8;;;;;;;7;697;278;148;127;31;39;13;38;5;2;6;0;2;0;0;6;2;
0128;62004012;STIMMBEZIRK;01062000400428;1512;1186;326;0;751;453;27;271;17;734;294;163;159;43;31;34;;;;;10;;;;;;;5;746;306;121;163;47;30;15;29;5;5;12;1;3;0;1;6;2;
0128;62004013;STIMMBEZIRK;01062000400428;1373;1068;305;0;723;453;56;214;30;693;285;172;120;55;19;33;;;;;9;;;;;;;11;712;302;139;141;40;20;30;23;4;1;2;0;6;1;0;3;0;
0128;62004014;STIMMBEZIRK;01062000400428;1256;1009;247;0;803;575;0;228;21;782;342;166;159;42;44;19;;;;;10;;;;;;;9;794;380;119;160;32;34;9;28;3;5;2;1;7;1;2;9;2;
0128;62004015;STIMMBEZIRK;01062000400428;1183;901;282;0;813;547;1;265;18;795;296;190;196;64;31;15;;;;;3;;;;;;;6;807;335;112;223;46;24;18;28;4;4;2;1;3;2;0;3;2;
0128;62004016;STIMMBEZIRK;01062000400428;1352;985;367;0;851;509;0;342;27;824;380;189;131;50;37;30;;;;;7;;;;;;;24;827;378;153;136;55;41;16;24;2;3;3;0;6;0;0;7;3;
0128;62004017;STIMMBEZIRK;01062000400428;1264;977;287;0;873;616;0;257;9;864;360;165;203;68;35;20;;;;;13;;;;;;;3;870;362;102;235;67;38;14;17;4;7;0;1;14;1;0;5;3;
0128;62006001;STIMMBEZIRK;01062000600628;1729;1370;359;0;871;871;0;0;20;851;348;220;175;40;42;20;;;;;6;;;;;;;11;860;391;129;180;51;42;16;33;2;2;3;0;4;1;0;4;2;
0128;62006002;STIMMBEZIRK;01062000600628;1894;1479;415;0;927;927;0;0;26;901;357;241;170;60;54;6;;;;;13;;;;;;;8;919;375;162;181;75;55;7;30;7;1;7;0;11;0;0;6;2;
0128;62006003;STIMMBEZIRK;01062000600628;1893;1502;391;0;853;853;0;0;18;835;388;207;123;46;39;20;;;;;12;;;;;;;5;848;380;133;163;60;44;19;21;5;1;4;0;8;0;2;3;5;
0128;62006004;STIMMBEZIRK;01062000600628;1698;1348;350;0;830;830;0;0;14;816;346;199;155;51;35;23;;;;;7;;;;;;;12;818;349;128;175;65;35;18;31;2;1;2;1;5;0;0;6;0;
0128;62006005;STIMMBEZIRK;01062000600628;1907;1490;417;0;892;892;0;0;23;869;348;239;166;54;28;20;;;;;14;;;;;;;14;878;367;151;196;55;27;20;33;6;2;5;1;13;0;0;1;1;
0128;62006006;STIMMBEZIRK;01062000600628;1919;1446;473;0;780;777;3;0;11;769;289;199;181;35;41;17;;;;;7;;;;;;;11;769;285;145;192;47;42;13;22;0;3;3;0;9;1;0;2;5;
0128;62006007;STIMMBEZIRK;01062000600628;1864;1328;536;0;921;919;2;0;13;908;371;226;216;58;13;15;;;;;9;;;;;;;8;913;402;134;250;62;21;9;18;2;0;4;0;5;0;0;2;4;
0128;62914001;BRIEFWAHLBEZIRK;01062000600628;0;0;0;0;333;0;0;0;2;331;157;85;61;14;5;8;;;;;1;;;;;;;1;332;163;56;73;13;6;8;5;2;1;1;1;2;0;0;1;0;
0128;62914002;BRIEFWAHLBEZIRK;01062000600628;0;0;0;0;390;0;0;0;4;386;196;97;61;16;4;8;;;;;4;;;;;;;3;387;201;55;76;25;5;9;7;2;0;1;0;1;1;0;2;2;
0128;62914003;BRIEFWAHLBEZIRK;01062000600628;0;0;0;0;358;0;0;0;3;355;151;101;65;23;7;0;;;;;8;;;;;;;0;358;178;62;67;19;8;3;9;1;0;0;2;7;0;0;0;2;
0128;62914004;BRIEFWAHLBEZIRK;01062000600628;0;0;0;0;322;0;0;0;5;317;151;78;46;14;10;11;;;;;7;;;;;;;0;322;151;55;54;21;10;4;10;3;1;2;1;7;0;0;3;0;
0128;62914005;BRIEFWAHLBEZIRK;01062000600628;0;0;0;0;391;0;0;0;9;382;138;128;85;17;3;9;;;;;2;;;;;;;3;388;158;66;92;21;4;8;20;1;1;5;1;4;0;0;2;5;
0128;62914006;BRIEFWAHLBEZIRK;01062000600628;0;0;0;0;432;0;0;0;7;425;192;138;59;15;4;9;;;;;8;;;;;;;2;430;197;84;78;32;6;8;7;1;4;2;0;7;0;0;1;3;
0128;62914007;BRIEFWAHLBEZIRK;01062000600628;0;0;0;0;508;0;0;0;5;503;222;142;82;28;13;14;;;;;2;;;;;;;3;505;258;85;97;29;9;6;13;0;1;4;1;1;0;0;0;1;
0128;62061001;STIMMBEZIRK;01062006106128;1461;1070;391;0;648;646;2;0;4;644;292;129;137;35;32;13;;;;;6;;;;;;;3;645;294;103;144;33;30;10;15;4;0;1;2;5;0;0;3;1;
0128;62061002;STIMMBEZIRK;01062006106128;1445;1127;318;0;605;605;0;0;8;597;230;156;113;40;30;22;;;;;6;;;;;;;4;601;219;117;123;39;32;12;34;5;0;6;2;6;0;0;4;2;
0128;62061003;STIMMBEZIRK;01062006106128;1405;1027;378;0;479;479;0;0;5;474;210;100;75;38;37;12;;;;;2;;;;;;;3;476;205;72;74;39;37;11;17;3;4;2;0;3;1;0;5;3;
0128;62061004;STIMMBEZIRK;01062006106128;1505;1175;330;0;590;588;2;0;10;580;257;139;110;19;35;11;;;;;9;;;;;;;7;583;257;112;109;22;32;5;30;3;0;1;1;7;1;0;2;1;
0128;62061005;STIMMBEZIRK;01062006106128;1446;1064;382;0;633;630;3;0;7;626;277;138;127;32;28;15;;;;;9;;;;;;;3;630;287;92;134;36;29;10;19;3;5;2;1;7;1;0;4;0;
0128;62954001;BRIEFWAHLBEZIRK;01062006106128;0;0;0;0;801;0;0;0;8;793;343;181;153;50;31;18;;;;;17;;;;;;;4;797;353;138;155;43;24;6;37;4;9;6;2;6;2;2;8;2;
0128;62954002;BRIEFWAHLBEZIRK;01062006106128;0;0;0;0;859;0;0;0;13;846;394;193;160;58;18;14;;;;;9;;;;;;;4;855;419;154;156;52;17;7;26;0;5;5;0;5;2;0;4;3;
0128;62907001;BRIEFWAHLBEZIRK;01062520700028;0;0;0;0;762;0;0;0;8;754;330;181;118;44;46;19;;;;;16;;;;;;;4;758;338;145;117;41;43;7;22;7;17;5;2;8;0;0;4;2;
0128;62907002;BRIEFWAHLBEZIRK;01062520700028;0;0;0;0;776;0;0;0;10;766;351;185;119;53;25;16;;;;;17;;;;;;;4;772;342;157;118;52;24;4;39;5;6;5;0;12;0;0;8;0;
0128;62918001;BRIEFWAHLBEZIRK;01062521800028;0;0;0;0;1141;0;0;0;15;1126;502;268;196;90;36;26;;;;;8;;;;;;;6;1135;537;189;217;76;35;14;32;4;5;4;1;6;0;0;12;3;
0128;62918002;BRIEFWAHLBEZIRK;01062521800028;0;0;0;0;1060;0;0;0;13;1047;455;240;180;79;44;29;;;;;20;;;;;;;1;1059;458;176;182;78;38;21;53;6;6;4;0;19;0;0;15;3;
0128;62944001;BRIEFWAHLBEZIRK;01062524400028;0;0;0;0;1483;0;0;0;16;1467;707;304;241;88;62;35;;;;;30;;;;;;;5;1478;715;241;237;89;61;19;50;8;8;5;1;23;4;3;13;1;
0129;62001001;STIMMBEZIRK;01062000100129;1557;1221;336;0;701;697;4;0;16;685;262;139;184;52;31;12;;;;;5;;;;;;;9;692;272;118;182;46;31;10;14;2;0;3;1;6;1;0;3;3;
0129;62001002;STIMMBEZIRK;01062000100129;1701;1187;514;0;749;743;6;0;9;740;285;129;194;64;39;22;;;;;7;;;;;;;5;744;290;97;212;64;36;8;21;1;0;4;0;8;0;0;2;1;
0129;62001003;STIMMBEZIRK;01062000100129;643;474;169;0;333;333;0;0;4;329;123;72;94;26;8;4;;;;;2;;;;;;;0;333;129;55;100;25;8;1;9;1;0;1;0;2;0;0;2;0;
0129;62001004;STIMMBEZIRK;01062000100129;1157;844;313;0;570;570;0;0;7;563;212;81;176;43;34;6;;;;;11;;;;;;;5;565;234;57;160;48;32;7;12;0;2;2;0;9;1;0;0;1;
0129;62001005;STIMMBEZIRK;01062000100129;1700;1183;517;0;579;579;0;0;8;571;202;97;171;46;24;23;;;;;8;;;;;;;2;577;214;80;175;34;24;17;12;2;3;3;0;7;0;0;3;3;
0129;62001006;STIMMBEZIRK;01062000100129;1734;1135;599;0;691;690;1;0;3;688;291;85;181;87;19;17;;;;;8;;;;;;;4;687;280;74;186;91;13;10;16;2;3;1;1;7;0;1;1;1;
0129;62001007;STIMMBEZIRK;01062000100129;1578;1179;399;0;486;485;1;0;6;480;176;97;105;53;25;20;;;;;4;;;;;;;5;481;179;82;109;50;18;10;15;3;0;2;0;5;0;0;5;3;
0129;62001008;STIMMBEZIRK;01062000100129;2100;1559;541;0;625;621;4;0;12;613;218;124;159;64;13;29;;;;;6;;;;;;;6;619;232;99;158;50;12;22;20;3;0;6;2;7;1;0;2;5;
0129;62001009;STIMMBEZIRK;01062000100129;1427;1029;398;0;599;599;0;0;4;595;203;90;204;46;18;30;;;;;4;;;;;;;3;596;216;72;219;31;16;17;7;6;1;3;0;5;0;0;2;1;
0129;62001010;STIMMBEZIRK;01062000100129;691;524;167;0;296;296;0;0;1;295;49;42;146;14;5;32;;;;;7;;;;;;;1;295;50;27;149;9;5;25;22;0;1;0;0;6;1;0;0;0;
0129;62001011;STIMMBEZIRK;01062000100129;980;803;177;0;367;367;0;0;2;365;109;94;95;34;18;14;;;;;1;;;;;;;1;366;128;73;97;18;21;11;7;4;1;2;0;1;1;0;0;2;
0129;62001012;STIMMBEZIRK;01062000100129;1341;1011;330;0;652;649;3;0;4;648;239;128;198;40;17;24;;;;;2;;;;;;;3;649;247;109;198;44;14;12;14;0;1;3;0;3;0;0;2;2;
0129;62001013;STIMMBEZIRK;01062000100129;1407;1077;330;0;732;729;3;0;5;727;243;134;240;63;27;11;;;;;9;;;;;;;2;730;260;111;240;36;28;9;27;3;3;0;0;7;0;0;4;2;
0129;62001014;STIMMBEZIRK;01062000100129;1421;1008;413;0;612;610;2;0;1;611;225;114;177;55;17;18;;;;;5;;;;;;;1;611;242;97;166;44;24;9;15;0;2;5;0;5;0;1;0;1;
0129;62001015;STIMMBEZIRK;01062000100129;1823;1465;358;0;617;617;0;0;9;608;216;149;114;36;44;38;;;;;11;;;;;;;2;615;237;128;120;25;43;17;21;4;1;4;1;8;2;1;1;2;
0129;62001016;STIMMBEZIRK;01062000100129;1169;967;202;0;437;435;2;0;10;427;131;124;90;26;43;12;;;;;1;;;;;;;6;431;146;96;97;20;41;15;8;1;2;0;0;1;1;1;2;0;
0129;62001017;STIMMBEZIRK;01062000100129;395;333;62;0;144;144;0;0;1;143;78;20;18;14;8;3;;;;;2;;;;;;;0;144;75;18;21;14;7;1;5;1;0;0;0;0;0;1;1;0;
0129;62001018;STIMMBEZIRK;01062000100129;1463;1080;383;0;666;666;0;0;14;652;281;122;146;56;25;16;;;;;6;;;;;;;11;655;295;104;146;63;19;10;4;0;2;2;0;9;0;0;1;0;
0129;62001019;STIMMBEZIRK;01062000100129;901;705;196;0;360;360;0;0;2;358;149;59;93;28;14;10;;;;;5;;;;;;;2;358;160;53;79;26;16;7;8;3;1;0;0;4;0;0;1;0;
0129;62001020;STIMMBEZIRK;01062000100129;1362;1087;275;0;540;540;0;0;6;534;168;120;136;49;29;28;;;;;4;;;;;;;6;534;194;96;129;33;27;19;19;2;2;4;0;3;1;0;3;2;
0129;62903001;BRIEFWAHLBEZIRK;01062000100129;0;0;0;0;2234;0;0;0;20;2214;876;384;551;287;37;51;;;;;28;;;;;;;3;2231;1013;317;502;194;38;30;58;6;2;9;0;25;7;4;15;11;
0129;62903002;BRIEFWAHLBEZIRK;01062000100129;0;0;0;0;2012;0;0;0;7;2005;710;460;464;251;41;54;;;;;25;;;;;;;2;2010;841;344;470;173;39;30;40;6;7;8;2;20;3;0;18;9;
0129;62903003;BRIEFWAHLBEZIRK;01062000100129;0;0;0;0;1896;0;0;0;12;1884;682;373;464;198;62;56;;;;;49;;;;;;;4;1892;762;338;441;120;58;35;55;9;12;8;0;32;3;1;8;10;
0129;62090001;STIMMBEZIRK;01062009009029;1581;1186;395;0;556;556;0;0;9;547;181;145;131;30;26;16;;;;;18;;;;;;;6;550;199;113;129;25;27;12;17;3;3;0;0;15;0;0;4;3;
0129;62090002;STIMMBEZIRK;01062009009029;1559;1201;358;0;642;641;1;0;2;640;227;166;167;28;21;19;;;;;12;;;;;;;2;640;242;119;178;27;29;11;15;1;1;5;1;8;0;1;1;1;
0129;62090003;STIMMBEZIRK;01062009009029;1413;1083;330;0;602;601;1;0;4;598;236;129;135;53;19;11;;;;;15;;;;;;;3;599;243;96;133;51;25;9;18;2;1;1;0;10;1;0;6;3;
0129;62090004;STIMMBEZIRK;01062009009029;1023;806;217;0;497;497;0;0;3;494;192;98;134;37;14;8;;;;;11;;;;;;;1;496;191;68;145;34;17;6;20;2;0;1;0;9;0;0;1;2;
0129;62090005;STIMMBEZIRK;01062009009029;615;476;139;0;276;274;2;0;0;276;97;56;73;23;10;8;;;;;9;;;;;;;0;276;123;36;62;19;10;7;8;0;0;2;0;8;0;0;0;1;
0129;62090006;STIMMBEZIRK;01062009009029;1679;1271;408;0;769;766;3;0;8;761;297;133;205;64;26;20;;;;;16;;;;;;;3;766;320;94;187;66;23;13;26;2;3;5;0;17;2;2;6;0;
0129;62905001;BRIEFWAHLBEZIRK;01062009009029;0;0;0;0;663;0;0;0;7;656;232;193;153;37;23;13;;;;;5;;;;;;;3;660;259;148;152;33;17;10;24;2;1;1;0;2;0;0;9;2;
0129;62905002;BRIEFWAHLBEZIRK;01062009009029;0;0;0;0;380;0;0;0;5;375;138;91;74;46;11;5;;;;;10;;;;;;;1;379;171;66;71;31;10;3;12;1;1;0;0;8;0;0;5;0;
0129;62905003;BRIEFWAHLBEZIRK;01062009009029;0;0;0;0;666;0;0;0;3;663;254;143;169;50;18;14;;;;;15;;;;;;;2;664;303;118;137;39;20;11;8;2;4;3;0;6;0;1;6;6;
0129;62023001;STIMMBEZIRK;01062002302329;1623;1199;424;0;801;777;24;0;6;795;361;139;182;71;20;12;;;;;10;;;;;;;3;798;374;120;180;64;17;9;8;2;2;2;0;11;0;0;5;4;
0129;62023002;STIMMBEZIRK;01062002302329;1512;1119;393;0;713;713;0;0;8;705;267;129;200;53;30;18;;;;;8;;;;;;;3;710;264;100;197;69;32;10;14;5;3;3;0;7;0;0;2;4;
0129;62023003;STIMMBEZIRK;01062002302329;1406;1045;361;0;659;659;0;0;2;657;285;107;160;60;30;7;;;;;8;;;;;;;2;657;294;76;148;71;28;6;12;1;5;1;0;8;1;0;1;5;
0129;62023004;STIMMBEZIRK;01062002302329;1453;1070;383;0;687;686;1;0;5;682;299;73;193;82;13;13;;;;;9;;;;;;;4;683;310;66;168;82;16;7;14;2;3;3;0;11;0;0;0;1;
0129;62023005;STIMMBEZIRK;01062002302329;1489;1158;331;0;735;735;0;0;13;722;298;150;166;59;18;24;;;;;7;;;;;;;7;728;323;119;158;58;15;15;22;1;0;2;0;6;0;0;5;4;
0129;62934001;BRIEFWAHLBEZIRK;01062002302329;0;0;0;0;370;0;0;0;0;370;158;60;79;52;13;6;;;;;2;;;;;;;0;370;180;57;43;59;13;3;10;1;1;0;0;1;0;0;0;2;
0129;62934002;BRIEFWAHLBEZIRK;01062002302329;0;0;0;0;356;0;0;0;2;354;134;64;88;44;10;4;;;;;10;;;;;;;0;356;162;53;64;38;7;3;10;2;1;2;0;6;1;1;6;0;
0129;62934003;BRIEFWAHLBEZIRK;01062002302329;0;0;0;0;331;0;0;0;0;331;143;58;86;24;11;4;;;;;5;;;;;;;0;331;150;49;75;21;5;7;10;0;2;3;0;4;1;0;4;0;
0129;62934004;BRIEFWAHLBEZIRK;01062002302329;0;0;0;0;364;0;0;0;1;363;178;41;80;54;4;4;;;;;2;;;;;;;0;364;217;40;68;26;3;1;6;0;1;0;0;2;0;0;0;0;
0129;62934005;BRIEFWAHLBEZIRK;01062002302329;0;0;0;0;314;0;0;0;0;314;124;66;41;63;9;7;;;;;4;;;;;;;0;314;132;58;67;30;9;1;6;0;1;1;0;5;1;0;0;3;
0129;62962001;BRIEFWAHLBEZIRK;01062526200029;0;0;0;0;785;0;0;0;2;783;321;181;152;66;36;15;;;;;12;;;;;;;0;785;368;129;160;44;32;7;15;2;6;1;0;11;0;3;6;1;
0129;62962002;BRIEFWAHLBEZIRK;01062526200029;0;0;0;0;731;0;0;0;2;729;335;136;139;68;27;10;;;;;14;;;;;;;0;731;371;106;123;48;29;10;16;0;7;1;2;9;0;1;8;0;
0130;62018001;STIMMBEZIRK;01062001801830;1318;1111;207;0;598;598;0;0;17;581;274;156;91;17;33;10;;;;;;;;;;;;6;592;267;130;88;26;26;6;13;1;2;7;2;13;0;1;7;3;
0130;62018002;STIMMBEZIRK;01062001801830;946;804;142;0;428;428;0;0;4;424;195;111;75;15;25;3;;;;;;;;;;;;3;425;180;89;84;23;24;4;8;1;4;1;0;3;0;2;2;0;
0130;62018003;STIMMBEZIRK;01062001801830;1041;876;165;0;481;481;0;0;5;476;228;113;73;23;27;12;;;;;;;;;;;;1;480;236;92;76;26;25;7;5;2;2;3;0;2;0;0;4;0;
0130;62018004;STIMMBEZIRK;01062001801830;1025;817;208;0;467;467;0;0;7;460;223;109;81;21;20;6;;;;;;;;;;;;2;465;215;100;77;23;18;7;4;2;1;2;0;15;0;1;0;0;
0130;62018005;STIMMBEZIRK;01062001801830;1150;929;221;0;457;434;23;0;5;452;211;117;69;25;17;13;;;;;;;;;;;;0;457;207;88;82;30;14;8;15;0;3;1;0;2;1;0;6;0;
0130;62018006;STIMMBEZIRK;01062001801830;806;709;97;0;236;236;0;0;4;232;87;71;41;9;18;6;;;;;;;;;;;;3;233;91;56;32;15;18;2;11;3;0;0;1;1;0;0;3;0;
0130;62018007;STIMMBEZIRK;01062001801830;1294;970;324;0;439;414;25;0;8;431;217;107;56;18;22;11;;;;;;;;;;;;4;435;197;93;57;34;14;7;15;3;2;1;1;7;0;0;2;2;
0130;62018008;STIMMBEZIRK;01062001801830;785;660;125;0;259;259;0;0;2;257;125;62;36;11;19;4;;;;;;;;;;;;1;258;117;52;39;14;18;4;4;1;0;3;0;3;0;0;2;1;
0130;62018009;STIMMBEZIRK;01062001801830;747;662;85;0;201;201;0;0;5;196;80;47;28;12;17;12;;;;;;;;;;;;5;196;75;41;26;16;13;11;4;1;1;2;0;5;0;0;1;0;
0130;62018010;STIMMBEZIRK;01062001801830;881;717;164;0;254;254;0;0;3;251;131;54;37;5;15;9;;;;;;;;;;;;0;254;129;40;39;5;11;8;9;0;1;2;1;4;1;1;2;1;
0130;62018011;STIMMBEZIRK;01062001801830;915;731;184;0;368;368;0;0;1;367;172;88;72;21;11;3;;;;;;;;;;;;0;368;154;66;80;33;10;5;6;1;0;2;0;8;0;0;1;2;
0130;62018012;STIMMBEZIRK;01062001801830;971;785;186;0;400;400;0;0;3;397;173;101;70;15;32;6;;;;;;;;;;;;2;398;179;85;62;21;28;3;3;2;1;8;1;4;0;0;1;0;
0130;62018013;STIMMBEZIRK;01062001801830;843;698;145;0;276;276;0;0;7;269;116;64;39;18;19;13;;;;;;;;;;;;2;274;111;47;48;21;18;10;6;2;3;1;0;2;0;0;4;1;
0130;62018014;STIMMBEZIRK;01062001801830;762;676;86;0;190;190;0;0;2;188;61;54;28;5;29;11;;;;;;;;;;;;2;188;65;42;22;9;27;7;7;0;0;1;2;1;3;1;1;0;
0130;62931001;BRIEFWAHLBEZIRK;01062001801830;0;0;0;0;946;0;0;0;16;930;423;274;144;38;35;16;;;;;;;;;;;;4;942;446;203;113;65;34;10;22;4;7;4;2;16;1;0;13;2;
0130;62931002;BRIEFWAHLBEZIRK;01062001801830;0;0;0;0;1181;0;0;0;16;1165;539;360;143;46;48;29;;;;;;;;;;;;6;1175;555;286;145;60;45;13;33;3;2;8;0;10;0;2;12;1;
0130;62060001;STIMMBEZIRK;01062006006030;1330;1045;285;0;504;504;0;0;10;494;231;98;78;35;47;5;;;;;;;;;;;;5;499;229;81;72;38;48;6;11;3;4;1;0;3;0;0;3;0;
0130;62060002;STIMMBEZIRK;01062006006030;1448;1118;330;0;569;568;1;0;10;559;239;146;102;30;30;12;;;;;;;;;;;;4;565;248;111;103;30;31;9;19;1;3;3;0;5;0;2;0;0;
0130;62060003;STIMMBEZIRK;01062006006030;1553;1290;263;0;513;512;1;0;6;507;237;125;70;35;31;9;;;;;;;;;;;;2;511;234;94;76;38;33;6;17;0;0;2;2;5;0;1;3;0;
0130;62060004;STIMMBEZIRK;01062006006030;1543;1200;343;0;548;548;0;0;6;542;236;122;113;25;28;18;;;;;;;;;;;;0;548;234;89;112;40;26;15;16;1;1;2;1;2;2;0;4;3;
0130;62060005;STIMMBEZIRK;01062006006030;1171;918;253;0;566;565;1;0;12;554;243;106;134;47;20;4;;;;;;;;;;;;7;559;270;79;115;56;20;5;7;2;0;0;1;4;0;0;0;0;
0130;62060006;STIMMBEZIRK;01062006006030;1342;885;457;0;528;527;1;0;9;519;197;118;143;35;19;7;;;;;;;;;;;;3;525;200;90;151;42;19;3;4;3;1;2;0;6;0;1;2;1;
0130;62060007;STIMMBEZIRK;01062006006030;1300;965;335;0;628;626;2;0;94;534;223;85;125;58;31;12;;;;;;;;;;;;6;622;276;71;136;63;37;12;12;2;0;4;2;0;1;0;6;0;
0130;62060008;STIMMBEZIRK;01062006006030;1336;951;385;0;522;518;4;0;4;518;187;116;136;47;18;14;;;;;;;;;;;;2;520;184;84;146;56;21;11;14;1;1;0;0;0;2;0;0;0;
0130;62060009;STIMMBEZIRK;01062006006030;1336;931;405;0;439;439;0;0;10;429;184;69;107;39;18;12;;;;;;;;;;;;6;433;195;39;113;41;15;7;9;1;1;3;0;4;0;1;2;2;
0130;62060010;STIMMBEZIRK;01062006006030;1271;973;298;0;454;454;0;0;9;445;170;99;103;27;37;9;;;;;;;;;;;;7;447;169;85;105;31;34;3;4;2;1;3;0;3;1;0;4;2;
0130;62060011;STIMMBEZIRK;01062006006030;1236;997;239;0;439;439;0;0;17;422;178;119;73;22;18;12;;;;;;;;;;;;12;427;176;89;79;27;21;6;13;2;0;6;0;5;0;0;1;2;
0130;62060012;STIMMBEZIRK;01062006006030;1365;1022;343;0;587;586;1;0;7;580;230;131;116;31;43;29;;;;;;;;;;;;1;586;248;87;127;35;44;14;18;4;0;4;0;3;0;2;0;0;
0130;62060013;STIMMBEZIRK;01062006006030;1301;985;316;0;477;476;1;0;9;468;134;123;142;35;21;13;;;;;;;;;;;;4;473;142;94;154;30;21;13;7;0;3;1;0;4;0;1;3;0;
0130;62060014;STIMMBEZIRK;01062006006030;1325;950;375;0;461;459;2;0;9;452;157;125;97;39;15;19;;;;;;;;;;;;3;458;179;89;94;33;19;15;12;2;0;4;0;7;1;0;2;1;
0130;62060015;STIMMBEZIRK;01062006006030;1334;987;347;0;542;542;0;0;9;533;214;118;124;34;28;15;;;;;;;;;;;;4;538;223;92;134;33;28;8;9;1;0;2;1;5;0;1;0;1;
0130;62060016;STIMMBEZIRK;01062006006030;1285;915;370;0;529;525;4;0;5;524;213;111;129;39;16;16;;;;;;;;;;;;4;525;202;91;134;49;16;14;14;1;1;1;0;1;1;0;0;0;
0130;62946001;BRIEFWAHLBEZIRK;01062006006030;0;0;0;0;576;0;0;0;12;564;291;125;82;30;24;12;;;;;;;;;;;;1;575;295;88;80;42;23;8;20;1;1;3;1;2;0;1;10;0;
0130;62946002;BRIEFWAHLBEZIRK;01062006006030;0;0;0;0;563;0;0;0;3;560;257;136;90;46;21;10;;;;;;;;;;;;0;563;258;97;76;56;19;8;21;2;4;4;1;3;1;1;10;2;
0130;62946003;BRIEFWAHLBEZIRK;01062006006030;0;0;0;0;665;0;0;0;4;661;288;171;156;26;14;6;;;;;;;;;;;;1;664;306;120;141;40;14;7;12;1;4;1;3;4;0;1;7;3;
0130;62946004;BRIEFWAHLBEZIRK;01062006006030;0;0;0;0;683;0;0;0;5;678;299;134;160;58;16;11;;;;;;;;;;;;0;683;308;94;171;59;16;6;14;2;1;2;0;3;0;0;4;3;
0130;62946005;BRIEFWAHLBEZIRK;01062006006030;0;0;0;0;657;0;0;0;10;647;331;143;89;49;22;13;;;;;;;;;;;;6;651;358;93;92;50;23;4;15;0;2;2;0;1;0;2;8;1;
0130;62946006;BRIEFWAHLBEZIRK;01062006006030;0;0;0;0;550;0;0;0;6;544;219;164;87;44;14;16;;;;;;;;;;;;0;550;235;127;93;41;14;8;17;0;2;3;0;3;0;0;6;1;
0130;62946007;BRIEFWAHLBEZIRK;01062006006030;0;0;0;0;653;0;0;0;9;644;205;203;161;47;13;15;;;;;;;;;;;;3;650;215;157;149;55;15;12;13;5;11;5;1;2;1;1;5;3;
0130;62946008;BRIEFWAHLBEZIRK;01062006006030;0;0;0;0;676;0;0;0;5;671;260;180;139;44;17;31;;;;;;;;;;;;3;673;274;132;140;46;16;23;22;0;1;2;1;9;0;2;5;0;
0130;62009001;STIMMBEZIRK;01062000900930;955;769;186;0;350;348;2;0;7;343;166;81;56;21;14;5;;;;;;;;;;;;5;345;180;51;51;32;13;4;6;0;0;0;0;4;1;1;2;0;
0130;62009002;STIMMBEZIRK;01062000900930;913;706;207;0;419;419;0;0;4;415;219;94;55;23;17;7;;;;;;;;;;;;1;418;221;72;57;36;16;6;1;0;2;1;1;1;0;1;2;1;
0130;62009003;STIMMBEZIRK;01062000900930;943;770;173;0;284;284;0;0;5;279;117;90;33;11;21;7;;;;;;;;;;;;1;283;117;80;38;12;18;2;7;1;3;2;0;2;0;0;1;0;
0130;62009004;STIMMBEZIRK;01062000900930;905;744;161;0;272;272;0;0;5;267;133;75;32;6;15;6;;;;;;;;;;;;7;265;133;63;24;13;19;4;3;2;1;0;0;1;0;0;2;0;
0130;62009005;STIMMBEZIRK;01062000900930;812;672;140;0;268;268;0;0;3;265;122;76;35;13;15;4;;;;;;;;;;;;0;268;121;59;40;18;14;2;7;1;4;1;0;0;0;0;1;0;
0130;62009006;STIMMBEZIRK;01062000900930;897;733;164;0;310;310;0;0;1;309;128;93;41;17;21;9;;;;;;;;;;;;2;308;139;69;41;17;23;8;6;3;1;1;0;0;0;0;0;0;
0130;62009007;STIMMBEZIRK;01062000900930;729;605;124;0;236;235;1;0;1;235;105;72;20;14;23;1;;;;;;;;;;;;1;235;114;54;23;18;15;1;4;1;0;0;0;2;0;0;1;2;
0130;62009008;STIMMBEZIRK;01062000900930;753;606;147;0;367;367;0;0;2;365;178;90;59;19;14;5;;;;;;;;;;;;1;366;183;62;68;19;13;2;9;1;1;1;1;1;2;0;2;1;
0130;62009009;STIMMBEZIRK;01062000900930;903;771;132;0;439;439;0;0;3;436;174;156;57;22;21;6;;;;;;;;;;;;2;437;169;139;63;28;18;5;10;0;0;0;0;1;0;0;4;0;
0130;62009010;STIMMBEZIRK;01062000900930;867;692;175;0;389;389;0;0;5;384;174;110;49;28;16;7;;;;;;;;;;;;1;388;173;81;56;33;13;3;11;2;2;0;0;11;0;0;3;0;
0130;62009011;STIMMBEZIRK;01062000900930;569;485;84;0;273;272;1;0;2;271;126;63;35;16;23;8;;;;;;;;;;;;3;270;124;42;32;22;21;6;7;0;0;2;0;11;0;0;3;0;
0130;62009012;STIMMBEZIRK;01062000900930;247;201;46;0;119;119;0;0;0;119;73;17;16;4;8;1;;;;;;;;;;;;0;119;67;11;17;5;9;2;2;0;1;0;0;3;1;0;1;0;
0130;62009013;STIMMBEZIRK;01062000900930;780;650;130;0;327;325;2;0;4;323;163;72;45;16;23;4;;;;;;;;;;;;1;326;159;54;45;21;20;0;11;2;3;4;0;1;1;2;2;1;
0130;62922001;BRIEFWAHLBEZIRK;01062000900930;0;0;0;0;956;0;0;0;11;945;398;329;120;39;42;17;;;;;;;;;;;;6;950;429;240;129;46;39;8;22;0;7;4;0;10;1;1;13;1;
0130;62922002;BRIEFWAHLBEZIRK;01062000900930;0;0;0;0;751;0;0;0;8;743;341;223;100;35;29;15;;;;;;;;;;;;4;747;358;178;95;39;25;11;18;0;6;1;0;7;2;0;6;1;
0130;62053001;STIMMBEZIRK;01062005305330;1455;1205;250;0;515;515;0;0;5;510;256;131;72;22;21;8;;;;;;;;;;;;2;513;257;112;70;30;20;6;11;0;0;1;0;3;0;0;3;0;
0130;62053002;STIMMBEZIRK;01062005305330;1442;1140;302;0;581;580;1;0;9;572;297;110;103;24;30;8;;;;;;;;;;;;6;575;297;75;109;24;29;9;14;1;3;0;0;8;1;0;5;0;
0130;62053003;STIMMBEZIRK;01062005305330;1353;1060;293;0;499;499;0;0;6;493;240;112;78;20;23;20;;;;;;;;;;;;1;498;235;95;73;34;20;14;6;1;0;6;0;9;0;0;5;0;
0130;62053004;STIMMBEZIRK;01062005305330;1358;1057;301;0;554;554;0;0;8;546;290;117;76;21;28;14;;;;;;;;;;;;5;549;284;90;78;32;26;8;9;2;2;3;0;11;1;0;3;0;
0130;62053005;STIMMBEZIRK;01062005305330;1224;1055;169;0;511;509;2;0;7;504;271;105;68;22;29;9;;;;;;;;;;;;4;507;275;86;72;27;26;3;8;0;3;2;0;4;0;0;1;0;
0130;62932001;BRIEFWAHLBEZIRK;01062005305330;0;0;0;0;1225;0;0;0;13;1212;606;300;157;60;70;19;;;;;;;;;;;;3;1222;611;231;166;71;56;14;31;3;4;3;0;18;2;1;11;0;
0130;53129001;STIMMBEZIRK;01053012912930;840;644;196;0;309;309;0;0;3;306;142;69;56;14;20;5;;;;;;;;;;;;1;308;140;54;55;20;17;4;5;1;2;3;0;3;0;0;2;2;
0130;53129002;STIMMBEZIRK;01053012912930;762;508;254;0;312;309;3;0;6;306;160;39;63;27;10;7;;;;;;;;;;;;1;311;160;29;60;31;11;4;7;2;0;2;0;3;0;0;1;1;
0130;53129003;STIMMBEZIRK;01053012912930;1014;814;200;0;414;412;2;0;3;411;185;99;70;19;29;9;;;;;;;;;;;;5;409;181;84;63;27;31;7;6;1;1;3;0;3;0;0;1;1;
0130;53129004;STIMMBEZIRK;01053012912930;867;690;177;0;388;387;1;0;5;383;132;101;106;16;18;10;;;;;;;;;;;;4;384;144;91;82;20;14;9;11;3;1;1;2;3;0;1;1;1;
0130;53129005;STIMMBEZIRK;01053012912930;930;725;205;0;414;413;1;0;3;411;153;115;106;21;12;4;;;;;;;;;;;;1;413;174;81;96;27;15;3;7;1;0;4;0;2;0;1;2;0;
0130;53129006;STIMMBEZIRK;01053012912930;840;638;202;0;392;392;0;0;4;388;132;68;141;19;13;15;;;;;;;;;;;;2;390;141;55;125;30;11;10;6;3;2;3;0;1;0;1;1;1;
0130;53129007;STIMMBEZIRK;01053012912930;937;707;230;0;378;377;1;0;2;376;178;65;90;19;12;12;;;;;;;;;;;;1;377;186;52;72;28;8;7;12;1;0;0;1;4;0;0;6;0;
0130;53129008;STIMMBEZIRK;01053012912930;847;689;158;0;311;311;0;0;3;308;120;83;76;10;14;5;;;;;;;;;;;;2;309;122;71;71;18;14;4;1;1;0;4;1;2;0;0;0;0;
0130;53129009;STIMMBEZIRK;01053012912930;906;686;220;0;397;397;0;0;3;394;153;102;96;19;18;6;;;;;;;;;;;;1;396;165;64;94;30;15;5;14;0;0;3;0;3;0;0;3;0;
0130;53129010;STIMMBEZIRK;01053012912930;932;741;191;0;356;356;0;0;3;353;152;77;84;17;18;5;;;;;;;;;;;;1;355;150;58;84;25;13;1;7;0;2;2;1;5;1;0;4;2;
0130;53129011;STIMMBEZIRK;01053012912930;795;591;204;0;342;339;3;0;6;336;117;61;121;15;17;5;;;;;;;;;;;;2;340;130;51;99;25;16;7;3;2;1;3;0;2;0;0;0;1;
0130;53129012;STIMMBEZIRK;01053012912930;893;685;208;0;401;401;0;0;5;396;189;57;116;13;13;8;;;;;;;;;;;;0;401;189;49;96;28;14;4;6;1;2;5;1;3;0;0;1;2;
0130;53988001;BRIEFWAHLBEZIRK;01053012912930;0;0;0;0;2233;0;0;0;25;2208;951;522;501;122;65;47;;;;;;;;;;;;6;2227;978;435;444;158;63;35;37;4;13;7;1;21;2;0;26;3;
0131;03000703;STIMMBEZIRK;01003000000031;1364;1110;254;0;647;645;2;0;5;642;166;172;235;19;20;8;;9;;;13;0;;;;;;2;645;182;112;254;24;19;12;20;0;7;2;1;9;0;0;1;2;
0131;03000704;STIMMBEZIRK;01003000000031;1809;1418;391;0;813;812;1;0;7;806;292;228;180;40;40;15;;9;;;1;1;;;;;;3;810;321;165;175;40;46;14;21;3;6;6;1;2;1;1;4;4;
0131;03000705;STIMMBEZIRK;01003000000031;2021;1482;539;0;829;822;7;0;4;825;225;214;265;39;26;33;;16;;;5;2;;;;;;2;827;254;158;246;51;27;28;27;1;11;7;0;9;1;0;3;4;
0131;03000706;STIMMBEZIRK;01003000000031;2014;1486;528;0;933;924;9;0;11;922;352;186;260;45;31;23;;11;;;11;3;;;;;;2;931;348;132;269;70;28;21;27;2;3;6;0;10;1;0;8;6;
0131;03000707;STIMMBEZIRK;01003000000031;1200;963;237;0;564;563;1;0;6;558;199;153;124;34;36;9;;0;;;2;1;;;;;;3;561;204;117;126;30;39;10;20;1;1;3;1;2;2;0;2;3;
0131;03000708;STIMMBEZIRK;01003000000031;1082;886;196;0;459;451;8;0;7;452;163;123;106;18;23;7;;5;;;6;1;;;;;;5;454;179;95;103;18;21;7;14;3;3;2;2;1;0;0;5;1;
0131;03000709;STIMMBEZIRK;01003000000031;1828;1301;527;0;659;654;5;0;8;651;217;155;188;41;22;17;;7;;;2;2;;;;;;1;658;230;104;195;44;26;14;15;2;7;4;0;3;2;0;9;3;
0131;03000710;STIMMBEZIRK;01003000000031;1740;1355;385;0;567;565;2;0;11;556;161;148;143;27;33;31;;6;;;7;0;;;;;;6;561;203;99;130;25;32;13;40;2;1;3;1;7;1;0;2;2;
0131;03000711;STIMMBEZIRK;01003000000031;1971;1603;368;0;523;523;0;0;9;514;144;127;147;27;21;30;;7;;;9;2;;;;;;5;518;152;96;134;29;24;24;28;1;5;8;1;7;2;1;3;3;
0131;03000712;STIMMBEZIRK;01003000000031;1663;1246;417;0;428;428;0;0;10;418;151;112;91;20;19;15;;8;;;2;0;;;;;;0;428;148;96;90;27;17;9;20;2;4;7;0;3;1;0;4;0;
0131;03000713;STIMMBEZIRK;01003000000031;1532;1301;231;0;378;376;2;0;7;371;100;114;94;15;16;18;;7;;;2;5;;;;;;2;376;103;93;83;18;18;21;15;3;2;4;0;1;1;1;6;7;
0131;03000714;STIMMBEZIRK;01003000000031;1785;1640;145;0;462;462;0;0;12;450;119;158;75;17;42;17;;12;;;9;1;;;;;;8;454;139;120;78;17;38;16;18;0;3;11;1;6;1;0;6;0;
0131;03000715;STIMMBEZIRK;01003000000031;1242;1084;158;0;249;248;1;0;7;242;73;70;37;8;33;13;;3;;;4;1;;;;;;3;246;77;61;35;9;34;13;5;0;3;3;1;2;0;0;2;1;
0131;03000716;STIMMBEZIRK;01003000000031;1499;1158;341;0;381;378;3;0;8;373;140;106;73;16;22;6;;6;;;3;1;;;;;;3;378;152;80;74;15;20;7;11;2;2;4;0;3;0;1;6;1;
0131;03000717;STIMMBEZIRK;01003000000031;1741;1447;294;0;699;698;1;0;8;691;201;204;155;32;39;30;;14;;;16;0;;;;;;2;697;225;145;164;36;39;24;29;1;8;4;0;16;2;0;4;0;
0131;03000718;STIMMBEZIRK;01003000000031;1135;931;204;0;462;459;3;0;1;461;163;113;117;19;23;9;;8;;;8;1;;;;;;0;462;176;87;112;21;23;5;16;4;4;0;0;10;1;0;2;1;
0131;03000719;STIMMBEZIRK;01003000000031;755;568;187;0;236;236;0;0;1;235;62;63;60;16;11;4;;8;;;11;0;;;;;;2;234;72;50;56;8;13;4;13;0;1;3;0;9;0;0;2;3;
0131;03000720;STIMMBEZIRK;01003000000031;1517;1330;187;0;574;573;1;0;5;569;163;147;154;28;28;22;;9;;;15;3;;;;;;5;569;174;113;154;27;34;19;17;1;2;2;1;15;2;0;3;5;
0131;03000721;STIMMBEZIRK;01003000000031;1227;1055;172;0;471;471;0;0;14;457;167;134;90;18;9;24;;4;;;10;1;;;;;;6;465;182;94;91;24;20;10;20;0;3;2;1;9;0;1;7;1;
0131;03000801;STIMMBEZIRK;01003000000031;1372;1140;232;0;314;312;2;0;3;311;115;79;52;17;33;7;;7;;;0;1;;;;;;2;312;116;64;49;16;31;5;11;4;7;0;1;0;3;1;2;2;
0131;03000802;STIMMBEZIRK;01003000000031;1595;1321;274;0;514;514;0;0;7;507;196;121;104;20;37;11;;10;;;7;1;;;;;;6;508;206;94;98;27;36;12;15;2;0;4;0;8;1;0;4;1;
0131;03000803;STIMMBEZIRK;01003000000031;1505;1175;330;0;547;543;4;0;9;538;227;124;94;28;33;9;;9;;;11;3;;;;;;8;539;245;90;86;38;28;6;17;1;6;3;0;8;1;1;7;2;
0131;03000901;STIMMBEZIRK;01003000000031;1393;1164;229;0;471;470;1;0;7;464;162;175;50;17;35;12;;7;;;4;2;;;;;;5;466;173;142;50;19;36;7;21;2;4;4;0;3;0;0;2;3;
0131;03000902;STIMMBEZIRK;01003000000031;1219;1018;201;0;400;396;4;0;6;394;134;144;42;13;38;9;;6;;;2;6;;;;;;4;396;138;123;46;16;35;5;14;1;4;3;1;1;4;3;1;1;
0131;03000903;STIMMBEZIRK;01003000000031;1933;1517;416;0;668;666;2;0;8;660;226;252;78;26;45;15;;12;;;4;2;;;;;;6;662;273;172;90;28;40;12;18;0;5;4;0;7;1;0;9;3;
0131;03000904;STIMMBEZIRK;01003000000031;1897;1598;299;0;714;713;1;0;12;702;296;229;58;29;49;14;;16;;;1;10;;;;;;7;707;318;166;64;38;54;9;27;3;5;6;2;1;7;1;4;2;
0131;03000905;STIMMBEZIRK;01003000000031;1458;1166;292;0;518;518;0;0;11;507;167;175;79;26;38;12;;4;;;4;2;;;;;;4;514;212;125;70;27;35;13;15;2;1;5;0;5;0;1;3;0;
0131;03000906;STIMMBEZIRK;01003000000031;1548;1373;175;0;428;426;2;0;10;418;150;152;49;12;30;12;;10;;;0;3;;;;;;5;423;163;113;50;15;30;10;23;0;7;2;0;1;3;2;4;0;
0131;03000907;STIMMBEZIRK;01003000000031;1750;1556;194;0;489;489;0;0;14;475;148;175;40;21;54;15;;10;;;8;4;;;;;;10;479;151;146;40;26;52;12;25;3;5;3;0;5;3;0;6;2;
0131;03000908;STIMMBEZIRK;01003000000031;1412;1266;146;0;340;340;0;0;7;333;120;114;36;10;32;12;;5;;;3;1;;;;;;0;340;132;89;39;11;32;8;17;0;4;0;0;1;2;0;2;3;
0131;03000909;STIMMBEZIRK;01003000000031;1192;1055;137;0;292;292;0;0;9;283;83;103;34;8;35;5;;6;;;9;0;;;;;;2;290;99;70;37;7;36;10;13;2;2;2;0;9;0;0;1;2;
0131;03000921;STIMMBEZIRK;01003000000031;927;744;183;0;313;310;3;0;8;305;151;52;54;15;19;8;;3;;;2;1;;;;;;6;307;156;46;48;19;16;7;9;1;1;1;0;1;0;0;1;1;
0131;03000922;STIMMBEZIRK;01003000000031;1685;1303;382;0;678;677;1;0;10;668;278;167;123;45;35;8;;5;;;3;4;;;;;;3;675;301;126;130;46;35;4;15;1;4;4;0;3;1;0;4;1;
0131;03000923;STIMMBEZIRK;01003000000031;1717;1318;399;0;606;606;0;0;11;595;294;123;97;19;44;5;;5;;;4;4;;;;;;6;600;316;105;80;23;41;8;12;0;3;1;0;3;5;0;0;3;
0131;03000924;STIMMBEZIRK;01003000000031;1239;947;292;0;424;424;0;0;5;419;199;97;64;16;28;4;;6;;;5;0;;;;;;2;422;207;79;62;22;25;1;16;0;2;1;0;4;0;0;2;1;
0131;03000925;STIMMBEZIRK;01003000000031;1833;1275;558;0;640;637;3;0;10;630;288;109;123;45;33;10;;9;;;9;4;;;;;;8;632;291;92;113;58;32;6;16;1;3;1;2;8;2;1;6;0;
0131;03000926;STIMMBEZIRK;01003000000031;1210;895;315;0;437;433;4;0;7;430;178;108;84;18;24;11;;3;;;3;1;;;;;;4;433;198;80;76;16;22;8;18;2;4;1;0;2;0;0;5;1;
0131;03000927;STIMMBEZIRK;01003000000031;1570;1024;546;0;463;463;0;0;3;460;226;78;86;26;25;6;;3;;;7;3;;;;;;3;460;224;61;90;32;26;2;8;3;1;3;0;9;0;0;0;1;
0131;03000928;STIMMBEZIRK;01003000000031;1358;990;368;0;424;423;1;0;9;415;202;87;72;18;29;4;;2;;;1;0;;;;;;5;419;206;63;78;25;29;3;9;1;0;1;0;1;0;0;1;2;
0131;03900951;BRIEFWAHLBEZIRK;01003000000031;0;0;0;0;1224;0;0;0;14;1210;438;367;274;67;27;12;;7;;;13;5;;;;;;5;1219;504;237;300;70;29;9;35;1;2;7;3;9;3;1;4;5;
0131;03900952;BRIEFWAHLBEZIRK;01003000000031;0;0;0;0;1286;0;0;0;19;1267;396;369;304;61;50;45;;25;;;14;3;;;;;;4;1282;451;267;303;56;50;37;43;5;14;14;2;16;2;3;7;12;
0131;03900953;BRIEFWAHLBEZIRK;01003000000031;0;0;0;0;1125;0;0;0;7;1118;451;295;217;52;35;27;;23;;;14;4;;;;;;11;1114;487;217;232;45;33;17;23;1;9;2;0;13;4;2;21;8;
0131;03900954;BRIEFWAHLBEZIRK;01003000000031;0;0;0;0;1211;0;0;0;26;1185;456;327;229;61;48;24;;19;;;17;4;;;;;;6;1205;501;220;252;48;52;34;39;7;8;10;18;2;1;10;3;0;
0131;03900955;BRIEFWAHLBEZIRK;01003000000031;0;0;0;0;1198;0;0;0;13;1185;451;349;204;55;37;33;;27;;;22;7;;;;;;3;1195;512;265;202;51;32;25;43;12;4;5;1;13;3;4;7;16;
0131;03900956;BRIEFWAHLBEZIRK;01003000000031;0;0;0;0;1100;0;0;0;13;1087;410;380;148;40;49;23;;23;;;10;4;;;;;;3;1097;487;264;157;40;52;14;35;2;8;8;2;8;0;0;13;7;
0131;03900957;BRIEFWAHLBEZIRK;01003000000031;0;0;0;0;1205;0;0;0;14;1191;381;441;171;63;50;39;;21;;;19;6;;;;;;6;1199;487;294;192;57;51;21;40;1;11;8;0;13;4;1;13;6;
0131;03900958;BRIEFWAHLBEZIRK;01003000000031;0;0;0;0;1091;0;0;0;15;1076;461;323;125;67;36;29;;21;;;10;4;;;;;;18;1073;495;242;136;65;36;21;35;5;7;4;2;6;1;3;11;4;
0131;03900959;BRIEFWAHLBEZIRK;01003000000031;0;0;0;0;1243;0;0;0;15;1228;609;286;198;56;39;16;;7;;;9;8;;;;;;8;1235;658;193;194;74;36;10;35;5;4;2;0;10;0;1;10;3;
0132;03000401;STIMMBEZIRK;01003000000032;1397;1259;138;0;345;343;2;0;6;339;124;91;51;16;32;9;;16;;;;;;;;;;5;340;134;75;45;22;29;7;10;2;5;3;0;3;0;0;5;0;
0132;03000402;STIMMBEZIRK;01003000000032;1257;1101;156;0;378;378;0;0;4;374;150;121;38;10;36;5;;14;;;;;;;;;;1;377;163;97;38;9;34;5;14;0;6;1;1;2;1;0;6;0;
0132;03000403;STIMMBEZIRK;01003000000032;1525;1387;138;0;297;296;1;0;5;292;99;104;33;9;32;8;;7;;;;;;;;;;5;292;98;93;30;12;30;9;12;1;2;1;0;0;0;0;4;0;
0132;03000404;STIMMBEZIRK;01003000000032;1617;1458;159;0;418;417;1;0;4;414;147;142;49;16;30;13;;17;;;;;;;;;;5;413;156;126;37;13;32;10;26;2;2;2;0;2;0;2;3;0;
0132;03000405;STIMMBEZIRK;01003000000032;1539;1242;297;0;496;496;0;0;9;487;234;120;69;11;32;11;;10;;;;;;;;;;2;494;236;106;68;21;32;7;13;2;1;1;0;2;0;0;4;1;
0132;03000501;STIMMBEZIRK;01003000000032;1557;1402;155;0;351;347;4;0;7;344;83;92;78;17;31;31;;12;;;;;;;;;;4;347;107;72;66;17;23;27;9;2;3;3;1;3;2;1;7;4;
0132;03000502;STIMMBEZIRK;01003000000032;1753;1382;371;0;490;488;2;0;9;481;66;144;151;29;31;41;;19;;;;;;;;;;4;486;86;98;154;27;30;28;29;4;1;9;2;5;3;1;6;3;
0132;03000503;STIMMBEZIRK;01003000000032;1911;1456;455;0;610;607;3;0;12;598;123;149;212;33;23;41;;17;;;;;;;;;;8;602;141;84;214;33;16;33;27;3;4;7;1;15;4;1;8;11;
0132;03000504;STIMMBEZIRK;01003000000032;1874;1452;422;0;601;597;4;0;12;589;160;137;175;26;40;34;;17;;;;;;;;;;10;591;180;112;162;20;32;26;22;4;6;5;0;4;1;1;5;11;
0132;03000505;STIMMBEZIRK;01003000000032;1519;1195;324;0;538;535;3;0;6;532;112;133;207;23;24;21;;12;;;;;;;;;;5;533;124;95;202;29;21;17;20;7;3;4;0;3;3;0;1;4;
0132;03000506;STIMMBEZIRK;01003000000032;1828;1460;368;0;467;465;2;0;6;461;148;159;89;10;36;13;;6;;;;;;;;;;1;466;157;127;91;12;32;12;17;4;2;3;0;3;2;1;2;1;
0132;03000507;STIMMBEZIRK;01003000000032;1382;1096;286;0;441;441;0;0;6;435;134;100;127;30;22;13;;9;;;;;;;;;;2;439;155;73;117;34;19;11;12;3;2;1;0;3;1;0;4;4;
0132;03000601;STIMMBEZIRK;01003000000032;822;666;156;0;364;363;1;0;10;354;150;82;66;17;16;10;;13;;;;;;;;;;7;357;154;59;70;25;14;7;13;1;3;2;1;3;0;0;3;2;
0132;03000602;STIMMBEZIRK;01003000000032;1174;973;201;0;553;553;0;0;3;550;214;105;129;34;43;13;;12;;;;;;;;;;3;550;224;83;114;44;39;13;12;2;7;2;0;4;1;0;4;1;
0132;03000603;STIMMBEZIRK;01003000000032;1725;1396;329;0;778;772;6;0;12;766;296;234;132;33;45;8;;18;;;;;;;;;;6;772;321;189;121;34;37;12;32;2;5;6;0;5;1;0;4;3;
0132;03000604;STIMMBEZIRK;01003000000032;1787;1455;332;0;709;709;0;0;14;695;264;187;127;32;50;12;;23;;;;;;;;;;7;702;281;149;112;41;44;10;31;3;10;6;0;7;0;1;6;1;
0132;03000605;STIMMBEZIRK;01003000000032;1326;1157;169;0;478;478;0;0;13;465;170;154;65;22;29;17;;8;;;;;;;;;;4;474;168;129;71;28;25;9;19;4;1;9;0;1;2;1;4;3;
0132;03000606;STIMMBEZIRK;01003000000032;1590;1390;200;0;494;493;1;0;10;484;163;137;87;28;39;15;;15;;;;;;;;;;8;486;166;106;96;22;34;7;23;0;7;5;5;6;1;3;3;2;
0132;03000607;STIMMBEZIRK;01003000000032;1739;1500;239;0;392;388;4;0;10;382;114;124;46;30;37;19;;12;;;;;;;;;;5;387;115;109;44;29;30;13;20;2;5;2;2;9;0;1;3;3;
0132;03000608;STIMMBEZIRK;01003000000032;1161;1021;140;0;321;319;2;0;15;306;113;94;38;12;29;9;;11;;;;;;;;;;12;309;127;78;35;12;25;6;12;0;4;3;0;2;0;0;3;2;
0132;03000609;STIMMBEZIRK;01003000000032;682;635;47;0;139;138;1;0;1;138;32;55;18;10;12;11;;0;;;;;;;;;;2;137;38;43;15;8;10;8;5;2;0;2;0;0;3;1;1;1;
0132;03000610;STIMMBEZIRK;01003000000032;1641;1322;319;0;619;619;0;0;14;605;213;185;104;31;53;10;;9;;;;;;;;;;5;614;237;131;110;34;45;12;23;2;4;2;0;5;0;0;5;4;
0132;03000611;STIMMBEZIRK;01003000000032;1555;1415;140;0;454;454;0;0;6;448;140;150;78;15;41;16;;8;;;;;;;;;;4;450;157;101;78;20;34;13;21;1;6;3;1;4;1;3;7;0;
0132;03000612;STIMMBEZIRK;01003000000032;1513;1308;205;0;466;466;0;0;11;455;160;105;91;20;38;23;;18;;;;;;;;;;4;462;158;89;87;26;39;12;17;8;8;1;0;5;4;2;5;1;
0132;03000613;STIMMBEZIRK;01003000000032;1335;1176;159;0;493;493;0;0;2;491;169;129;98;34;35;13;;13;;;;;;;;;;3;490;167;95;104;34;33;13;15;4;7;3;0;10;0;0;1;4;
0132;03000614;STIMMBEZIRK;01003000000032;1526;1289;237;0;493;490;3;0;7;486;109;117;171;13;35;28;;13;;;;;;;;;;3;490;120;81;164;21;25;16;31;2;5;9;2;2;1;0;6;5;
0132;03000615;STIMMBEZIRK;01003000000032;1713;1337;376;0;417;414;3;0;6;411;119;120;90;20;35;11;;16;;;;;;;;;;3;414;131;89;94;19;33;7;8;0;6;9;0;5;2;0;6;5;
0132;03000616;STIMMBEZIRK;01003000000032;1658;1360;298;0;511;506;5;0;7;504;109;141;161;20;25;38;;10;;;;;;;;;;4;507;131;71;157;24;22;30;34;6;6;8;0;5;3;0;7;3;
0132;03000617;STIMMBEZIRK;01003000000032;1793;1535;258;0;556;553;3;0;13;543;184;164;76;35;48;18;;18;;;;;;;;;;3;553;203;126;78;33;45;15;28;1;7;3;2;4;0;1;6;1;
0132;03000618;STIMMBEZIRK;01003000000032;1686;1399;287;0;632;630;2;0;9;623;229;166;112;24;54;12;;26;;;;;;;;;;5;627;235;128;125;26;44;10;19;1;11;8;0;5;2;0;7;6;
0132;03000619;STIMMBEZIRK;01003000000032;1514;1311;203;0;433;433;0;0;15;418;143;127;77;19;36;12;;4;;;;;;;;;;2;431;151;108;80;25;26;13;16;2;1;1;0;2;0;0;3;3;
0132;03000620;STIMMBEZIRK;01003000000032;1305;1127;178;0;344;343;1;0;3;341;84;93;90;25;28;11;;10;;;;;;;;;;3;341;95;74;69;21;22;9;22;1;4;4;0;9;1;1;2;7;
0132;03000621;STIMMBEZIRK;01003000000032;1295;968;327;0;338;338;0;0;5;333;81;85;101;25;19;17;;5;;;;;;;;;;2;336;83;60;103;26;21;11;10;5;4;5;0;4;0;0;2;2;
0132;03000622;STIMMBEZIRK;01003000000032;1555;1200;355;0;460;456;4;0;6;454;76;122;167;20;25;27;;17;;;;;;;;;;3;457;95;84;159;22;18;19;21;1;4;12;0;9;1;0;9;3;
0132;03000701;STIMMBEZIRK;01003000000032;1880;1225;655;0;666;665;1;0;11;655;160;158;234;29;30;32;;12;;;;;;;;;;5;661;187;124;211;39;23;19;20;2;3;8;0;16;3;0;4;2;
0132;03000702;STIMMBEZIRK;01003000000032;1877;1360;517;0;669;666;3;0;10;659;218;144;208;33;26;22;;8;;;;;;;;;;4;665;229;98;197;48;27;19;22;3;3;4;0;7;3;0;3;2;
0132;03900960;BRIEFWAHLBEZIRK;01003000000032;0;0;0;0;1069;0;0;0;14;1055;360;281;239;52;55;33;;35;;;;;;;;;;3;1066;424;203;216;54;49;23;41;9;17;3;0;10;4;4;6;3;
0132;03900961;BRIEFWAHLBEZIRK;01003000000032;0;0;0;0;1024;0;0;0;18;1006;339;324;203;41;44;27;;28;;;;;;;;;;8;1016;380;238;198;39;41;20;63;4;8;8;0;3;1;3;6;4;
0132;03900962;BRIEFWAHLBEZIRK;01003000000032;0;0;0;0;1178;0;0;0;11;1167;270;343;378;68;43;38;;27;;;;;;;;;;1;1177;334;231;370;61;31;34;45;7;12;18;0;7;2;5;6;14;
0132;03900963;BRIEFWAHLBEZIRK;01003000000032;0;0;0;0;1111;0;0;0;19;1092;355;315;255;52;59;33;;23;;;;;;;;;;4;1107;392;244;226;67;49;24;44;7;11;13;0;8;5;1;12;4;
0132;03900964;BRIEFWAHLBEZIRK;01003000000032;0;0;0;0;1016;0;0;0;71;945;284;316;212;56;38;22;;17;;;;;;;;;;50;966;365;217;190;60;31;17;46;1;1;9;3;4;0;4;9;9;
0132;03900965;BRIEFWAHLBEZIRK;01003000000032;0;0;0;0;1056;0;0;0;13;1043;280;335;269;46;45;49;;19;;;;;;;;;;1;1055;333;228;273;50;42;31;51;2;5;8;0;5;1;1;14;11;
0132;03900966;BRIEFWAHLBEZIRK;01003000000032;0;0;0;0;1168;0;0;0;21;1147;342;359;250;60;56;38;;42;;;;;;;;;;5;1163;408;269;230;64;51;28;44;10;11;9;1;6;3;3;15;11;
0132;03900967;BRIEFWAHLBEZIRK;01003000000032;0;0;0;0;1157;0;0;0;23;1134;408;307;287;50;28;32;;22;;;;;;;;;;12;1145;465;205;290;62;27;21;34;3;10;7;3;10;3;0;2;3;
0133;03000101;STIMMBEZIRK;01003000000033;1053;786;267;0;357;353;4;0;3;354;52;73;169;14;16;19;;7;;;4;;;;;;;1;356;58;50;162;19;17;17;16;1;1;7;0;3;2;0;1;2;
0133;03000102;STIMMBEZIRK;01003000000033;1302;997;305;0;439;439;0;0;7;432;75;83;182;24;10;35;;12;;;11;;;;;;;3;436;77;53;173;28;11;29;22;2;2;14;0;7;0;0;8;10;
0133;03000103;STIMMBEZIRK;01003000000033;1492;1184;308;0;627;625;2;0;7;620;92;124;290;17;23;56;;7;;;11;;;;;;;3;624;102;85;263;35;20;37;41;1;3;11;0;11;3;0;7;5;
0133;03000104;STIMMBEZIRK;01003000000033;1778;1344;434;0;670;666;4;0;8;662;85;160;318;25;15;41;;6;;;12;;;;;;;4;666;106;111;286;35;19;30;32;2;2;12;0;11;1;2;8;9;
0133;03000105;STIMMBEZIRK;01003000000033;1687;1341;346;0;684;679;5;0;7;677;96;151;316;21;19;53;;9;;;12;;;;;;;5;679;115;98;298;31;17;34;30;6;1;14;0;16;2;0;7;10;
0133;03000106;STIMMBEZIRK;01003000000033;1597;1237;360;0;663;659;4;0;8;655;96;135;300;30;23;49;;12;;;10;;;;;;;3;660;119;89;292;33;23;31;23;2;4;12;0;12;6;0;6;8;
0133;03000107;STIMMBEZIRK;01003000000033;1717;1289;428;0;635;635;0;0;12;623;137;117;286;19;18;30;;8;;;8;;;;;;;6;629;155;76;269;28;17;27;20;6;3;8;0;5;3;0;5;7;
0133;03000201;STIMMBEZIRK;01003000000033;1959;1478;481;0;988;988;0;0;7;981;163;204;474;31;21;52;;14;;;22;;;;;;;1;987;183;142;448;46;18;36;40;6;7;9;0;19;5;2;20;6;
0133;03000202;STIMMBEZIRK;01003000000033;1985;1378;607;0;885;881;4;0;7;878;217;178;375;32;20;36;;10;;;10;;;;;;;5;880;249;123;345;41;18;36;29;3;3;12;1;12;0;0;1;7;
0133;03000203;STIMMBEZIRK;01003000000033;2076;1324;752;0;785;784;1;0;9;776;192;143;333;29;19;27;;17;;;16;;;;;;;3;782;196;95;329;45;17;19;29;3;6;5;2;20;2;0;6;8;
0133;03000204;STIMMBEZIRK;01003000000033;1612;1198;414;0;734;734;0;0;8;726;176;155;312;27;19;24;;9;;;4;;;;;;;5;729;186;109;280;46;20;21;25;4;8;6;2;3;4;1;7;7;
0133;03000205;STIMMBEZIRK;01003000000033;1601;1125;476;0;745;745;0;0;9;736;197;139;306;29;20;26;;4;;;15;;;;;;;5;740;212;104;283;46;20;24;25;1;0;3;0;13;1;0;4;4;
0133;03000206;STIMMBEZIRK;01003000000033;1902;1459;443;0;627;626;1;0;7;620;182;146;194;32;25;22;;10;;;9;;;;;;;2;625;196;115;164;46;28;14;26;3;3;7;1;10;1;1;5;5;
0133;03000207;STIMMBEZIRK;01003000000033;1733;1371;362;0;604;601;3;0;12;592;152;151;181;24;33;26;;9;;;16;;;;;;;5;599;181;117;167;20;32;16;30;1;3;8;2;9;3;1;3;6;
0133;03000208;STIMMBEZIRK;01003000000033;1959;1394;565;0;695;692;3;0;6;689;219;144;255;30;12;17;;9;;;3;;;;;;;3;692;243;115;217;36;13;20;22;6;2;9;0;4;1;1;2;1;
0133;03000209;STIMMBEZIRK;01003000000033;1889;1383;506;0;953;953;0;0;7;946;306;174;365;45;26;16;;7;;;7;;;;;;;3;950;366;118;303;66;30;16;22;5;0;5;0;5;2;1;6;5;
0133;03000210;STIMMBEZIRK;01003000000033;1458;1166;292;0;484;480;4;0;3;481;110;91;211;14;14;23;;9;;;9;;;;;;;2;482;120;64;195;15;14;17;19;4;3;6;4;9;2;0;2;8;
0133;03000211;STIMMBEZIRK;01003000000033;1594;1261;333;0;560;560;0;0;9;551;173;158;138;24;28;18;;11;;;1;;;;;;;6;554;203;114;130;16;31;17;26;1;4;3;2;1;2;0;4;0;
0133;03000212;STIMMBEZIRK;01003000000033;809;684;125;0;314;311;3;0;0;314;62;64;129;14;12;21;;7;;;5;;;;;;;0;314;65;46;119;22;12;15;14;1;3;4;0;4;0;0;4;5;
0133;03000213;STIMMBEZIRK;01003000000033;1512;1240;272;0;518;516;2;0;6;512;153;135;148;35;22;12;;5;;;2;;;;;;;3;515;156;96;150;40;22;11;20;1;5;1;1;3;2;0;4;3;
0133;03000214;STIMMBEZIRK;01003000000033;1390;1090;300;0;718;717;1;0;6;712;185;151;282;37;26;20;;6;;;5;;;;;;;2;716;217;89;271;43;26;17;26;1;2;6;1;4;0;0;7;6;
0133;03000215;STIMMBEZIRK;01003000000033;1622;1141;481;0;727;720;7;0;10;717;282;164;190;37;21;6;;11;;;6;;;;;;;6;721;313;123;182;42;22;6;13;1;5;5;0;3;0;0;2;4;
0133;03000216;STIMMBEZIRK;01003000000033;1780;1361;419;0;737;729;8;0;10;727;251;184;209;21;22;23;;6;;;11;;;;;;;5;732;268;151;188;34;25;13;28;1;3;4;0;13;1;1;0;2;
0133;03000217;STIMMBEZIRK;01003000000033;709;597;112;0;348;348;0;0;3;345;151;68;63;16;26;6;;6;;;9;;;;;;;4;344;152;46;61;25;27;4;16;2;0;1;0;8;1;0;1;0;
0133;03000218;STIMMBEZIRK;01003000000033;775;588;187;0;369;366;3;0;2;367;142;104;75;16;8;9;;10;;;3;;;;;;;1;368;163;66;76;19;7;5;12;2;1;1;0;4;0;3;7;2;
0133;03000219;STIMMBEZIRK;01003000000033;1060;885;175;0;482;482;0;0;8;474;195;116;95;15;20;14;;13;;;6;;;;;;;5;477;197;93;90;25;19;10;16;0;8;2;1;8;0;1;4;3;
0133;03000220;STIMMBEZIRK;01003000000033;1371;1097;274;0;462;460;2;0;8;454;167;89;103;32;31;15;;15;;;2;;;;;;;3;459;178;75;98;32;31;9;9;5;7;5;1;3;2;0;3;1;
0133;03000221;STIMMBEZIRK;01003000000033;1326;1094;232;0;314;314;0;0;4;310;92;70;91;11;17;15;;9;;;5;;;;;;;2;312;105;54;75;11;15;13;12;4;6;5;0;2;0;0;5;5;
0133;03000222;STIMMBEZIRK;01003000000033;1260;986;274;0;409;407;2;0;5;404;112;125;97;17;26;12;;11;;;4;;;;;;;2;407;121;97;103;9;27;10;21;4;4;0;1;3;0;0;5;2;
0133;03000223;STIMMBEZIRK;01003000000033;1288;1002;286;0;620;618;2;0;9;611;182;145;188;27;31;21;;6;;;11;;;;;;;4;616;192;112;191;30;32;14;20;3;3;5;0;7;1;0;3;3;
0133;03000224;STIMMBEZIRK;01003000000033;1153;900;253;0;564;564;0;0;4;560;180;97;181;43;34;7;;11;;;7;;;;;;;2;562;212;51;173;45;36;7;12;1;6;2;1;4;0;0;8;4;
0133;03000301;STIMMBEZIRK;01003000000033;1232;1056;176;0;571;569;2;0;8;563;217;149;103;22;44;10;;11;;;7;;;;;;;6;565;232;108;105;25;48;6;20;1;6;3;0;6;0;0;4;1;
0133;03000302;STIMMBEZIRK;01003000000033;1528;1378;150;0;417;417;0;0;4;413;158;133;54;12;35;14;;2;;;5;;;;;;;2;415;168;104;56;11;36;13;12;2;4;1;0;2;2;1;3;0;
0133;03000303;STIMMBEZIRK;01003000000033;1358;1188;170;0;313;313;0;0;6;307;131;86;43;15;23;5;;3;;;1;;;;;;;7;306;134;68;44;14;22;7;10;2;0;1;0;2;0;0;2;0;
0133;03000304;STIMMBEZIRK;01003000000033;1655;1455;200;0;399;399;0;0;13;386;135;122;45;18;42;13;;9;;;2;;;;;;;10;389;140;114;41;16;39;10;15;1;3;1;1;1;2;0;3;2;
0133;03000305;STIMMBEZIRK;01003000000033;1474;1324;150;0;331;331;0;0;9;322;106;128;26;15;32;9;;4;;;2;;;;;;;6;325;117;110;27;14;30;7;9;2;2;2;2;3;0;0;0;0;
0133;03900968;BRIEFWAHLBEZIRK;01003000000033;0;0;0;0;1324;0;0;0;26;1298;254;309;578;45;13;59;;17;;;23;;;;;;;5;1319;322;235;541;50;15;32;46;6;7;12;1;22;7;0;13;10;
0133;03900969;BRIEFWAHLBEZIRK;01003000000033;0;0;0;0;1346;0;0;0;10;1336;313;286;559;41;36;60;;20;;;21;;;;;;;2;1344;349;181;533;76;35;54;47;7;7;11;2;15;1;0;9;17;
0133;03900970;BRIEFWAHLBEZIRK;01003000000033;0;0;0;0;1393;0;0;0;21;1372;455;316;466;39;24;44;;9;;;19;;;;;;;6;1387;520;218;417;82;26;33;49;4;2;4;1;16;2;1;5;7;
0133;03900971;BRIEFWAHLBEZIRK;01003000000033;0;0;0;0;1646;0;0;0;19;1627;533;430;502;38;42;39;;28;;;15;;;;;;;3;1643;608;326;442;65;38;28;70;2;10;12;1;13;5;4;10;9;
0133;03900972;BRIEFWAHLBEZIRK;01003000000033;0;0;0;0;1162;0;0;0;9;1153;315;301;406;37;29;29;;26;;;10;;;;;;;3;1159;360;212;366;59;23;21;56;3;8;13;2;4;4;4;7;17;
0133;03900973;BRIEFWAHLBEZIRK;01003000000033;0;0;0;0;1423;0;0;0;26;1397;464;368;371;44;45;49;;36;;;20;;;;;;;6;1417;526;275;324;66;44;37;63;15;20;4;0;14;0;4;16;9;
0133;03900974;BRIEFWAHLBEZIRK;01003000000033;0;0;0;0;1364;0;0;0;12;1352;403;361;397;50;48;51;;23;;;19;;;;;;;5;1359;464;266;350;76;51;33;38;9;11;12;1;10;3;4;21;10;
0133;03900975;BRIEFWAHLBEZIRK;01003000000033;0;0;0;0;1303;0;0;0;19;1284;392;353;361;53;37;46;;26;;;16;;;;;;;6;1297;470;255;307;67;42;36;59;2;8;13;1;11;3;2;11;10;
0134;53090001;STIMMBEZIRK;01053009009034;1099;919;180;0;647;480;1;166;18;629;272;119;110;68;45;9;;6;;;;;;;;;;5;642;334;79;94;41;35;6;22;0;7;4;1;14;0;0;5;0;
0134;53090002;STIMMBEZIRK;01053009009034;1223;932;291;0;620;349;0;271;14;606;264;124;129;45;23;14;;7;;;;;;;;;;3;617;306;87;111;44;20;14;17;2;3;1;0;8;0;0;2;2;
0134;53090003;STIMMBEZIRK;01053009009034;918;765;153;0;404;267;0;137;3;401;147;72;105;33;19;16;;9;;;;;;;;;;3;401;156;57;100;26;14;12;10;0;1;5;0;14;0;0;6;0;
0134;53090004;STIMMBEZIRK;01053009009034;1511;1203;308;0;704;422;0;282;7;697;264;159;156;54;31;19;;14;;;;;;;;;;0;704;320;112;135;39;27;14;22;0;6;7;3;8;1;0;7;3;
0134;53090005;STIMMBEZIRK;01053009009034;1109;951;158;0;377;238;6;133;8;369;156;104;51;22;19;11;;6;;;;;;;;;;2;375;184;74;43;15;23;8;13;1;2;2;0;4;0;1;5;0;
0134;53090006;STIMMBEZIRK;01053009009034;1036;921;115;0;368;262;0;106;6;362;146;86;59;29;24;13;;5;;;;;;;;;;6;362;165;68;44;23;25;11;7;2;0;1;0;9;0;1;6;0;
0134;53090007;STIMMBEZIRK;01053009009034;1094;909;185;0;560;386;0;174;5;555;206;143;110;38;20;18;;20;;;;;;;;;;0;560;257;120;96;23;17;11;19;2;3;4;0;5;0;1;2;0;
0134;53090008;STIMMBEZIRK;01053009009034;1058;905;153;0;539;394;0;145;4;535;213;159;84;42;14;11;;12;;;;;;;;;;3;536;228;136;78;33;15;7;18;1;2;3;0;9;0;0;5;1;
0134;53090009;STIMMBEZIRK;01053009009034;1171;1005;166;0;605;446;0;159;12;593;248;169;82;50;22;6;;16;;;;;;;;;;4;601;302;123;70;37;20;2;22;2;5;3;1;10;0;2;2;0;
0134;53090010;STIMMBEZIRK;01053009009034;1115;931;184;0;534;361;0;173;5;529;230;127;88;48;22;7;;7;;;;;;;;;;2;532;258;95;82;38;20;6;13;0;1;4;1;6;0;2;5;1;
0134;53090011;STIMMBEZIRK;01053009009034;1251;1049;202;0;698;506;1;191;8;690;263;175;143;41;33;15;;20;;;;;;;;;;3;695;312;123;145;34;30;8;16;0;8;4;0;9;0;0;4;2;
0134;53090012;STIMMBEZIRK;01053009009034;976;813;163;0;504;354;0;150;8;496;200;105;104;34;22;13;;18;;;;;;;;;;4;500;252;81;78;24;19;10;14;3;4;1;0;5;2;3;4;0;
0134;53090013;STIMMBEZIRK;01053009009034;907;817;90;0;330;245;0;85;6;324;126;71;72;22;22;2;;9;;;;;;;;;;2;328;140;59;63;20;21;3;14;0;1;1;1;2;0;0;3;0;
0134;53090014;STIMMBEZIRK;01053009009034;845;713;132;0;416;298;0;118;7;409;142;84;90;39;29;10;;15;;;;;;;;;;1;415;188;53;79;26;25;5;12;2;7;0;1;9;0;0;8;0;
0134;53100001;STIMMBEZIRK;01053010010034;1595;1247;348;0;473;471;2;0;16;457;188;90;104;32;21;11;;11;;;;;;;;;;6;467;197;63;112;29;16;11;15;0;4;3;1;12;1;1;2;0;
0134;53100002;STIMMBEZIRK;01053010010034;1840;1536;304;0;526;526;0;0;11;515;203;118;101;34;36;11;;12;;;;;;;;;;1;525;223;93;83;29;30;10;23;2;8;3;1;14;0;1;5;0;
0134;53100003;STIMMBEZIRK;01053010010034;1761;1430;331;0;648;648;0;0;14;634;278;129;106;41;54;4;;22;;;;;;;;;;6;642;326;90;100;31;47;3;23;0;5;1;0;16;0;0;0;0;
0134;53100004;STIMMBEZIRK;01053010010034;1954;1566;388;0;693;691;2;0;11;682;300;149;130;35;34;9;;25;;;;;;;;;;5;688;329;113;132;36;29;11;11;0;9;1;1;12;1;1;1;1;
0134;53100005;STIMMBEZIRK;01053010010034;1425;1182;243;0;477;477;0;0;6;471;181;110;100;36;29;7;;8;;;;;;;;;;2;475;213;77;88;31;24;8;10;0;7;2;2;8;0;0;5;0;
0134;53100006;STIMMBEZIRK;01053010010034;1817;1525;292;0;574;573;1;0;14;560;197;114;121;51;48;9;;20;;;;;;;;;;6;568;237;83;114;45;40;6;14;1;11;2;1;8;2;1;0;3;
0134;53100007;STIMMBEZIRK;01053010010034;1269;1049;220;0;571;571;0;0;13;558;202;83;141;70;42;11;;9;;;;;;;;;;6;565;246;62;123;55;35;10;18;0;4;0;0;10;1;0;1;0;
0134;53963001;BRIEFWAHLBEZIRK;01053010010034;0;0;0;0;974;0;0;0;11;963;349;210;192;105;42;22;;43;;;;;;;;;;4;970;453;172;158;66;37;11;25;0;16;4;1;9;0;2;14;2;
0134;53963002;BRIEFWAHLBEZIRK;01053010010034;0;0;0;0;1002;0;0;0;7;995;367;236;196;112;29;14;;41;;;;;;;;;;1;1001;496;163;172;65;25;7;22;3;19;7;0;10;0;1;8;3;
0134;53908001;BRIEFWAHLBEZIRK;01053530800034;0;0;0;0;1223;0;0;0;24;1199;436;294;260;90;56;22;;41;;;;;;;;;;5;1218;550;239;219;53;44;14;42;0;13;4;1;24;2;1;8;4;
0134;53918001;BRIEFWAHLBEZIRK;01053531800034;0;0;0;0;688;0;0;0;5;683;265;150;143;59;37;2;;27;;;;;;;;;;1;687;309;131;105;42;33;5;31;2;5;5;4;2;0;1;9;3;
0134;53918002;BRIEFWAHLBEZIRK;01053531800034;0;0;0;0;678;0;0;0;2;676;279;180;116;49;26;14;;12;;;;;;;;;;1;677;311;137;89;47;21;8;25;0;6;6;2;8;1;1;11;4;
0134;53918003;BRIEFWAHLBEZIRK;01053531800034;0;0;0;0;687;0;0;0;14;673;265;126;123;60;39;14;;46;;;;;;;;;;1;686;304;102;112;50;37;11;24;3;16;3;1;8;1;1;13;0;
0134;53958001;BRIEFWAHLBEZIRK;01053535800034;0;0;0;0;1930;0;0;0;24;1906;725;383;446;174;82;44;;52;;;;;;;;;;8;1922;834;290;415;143;71;32;42;4;15;9;4;33;2;1;25;2;
0135;53032001;STIMMBEZIRK;01053003203235;1542;1368;174;0;465;465;0;0;6;459;200;93;81;25;37;10;;13;;;;;;;;;;3;462;193;73;76;31;32;13;12;1;5;8;1;3;4;2;5;3;
0135;53032002;STIMMBEZIRK;01053003203235;1381;1207;174;0;460;460;0;0;10;450;155;125;81;27;39;16;;7;;;;;;;;;;5;455;161;99;82;33;34;16;8;0;4;1;1;14;0;0;2;0;
0135;53032003;STIMMBEZIRK;01053003203235;1325;1070;255;0;526;526;0;0;2;524;216;124;89;35;41;8;;11;;;;;;;;;;1;525;246;94;79;31;34;9;16;0;1;5;1;7;0;0;1;1;
0135;53032004;STIMMBEZIRK;01053003203235;1734;1394;340;0;469;469;0;0;9;460;208;133;70;19;17;7;;6;;;;;;;;;;6;463;208;102;74;26;16;6;15;2;0;2;0;4;0;0;5;3;
0135;53032005;STIMMBEZIRK;01053003203235;1230;1113;117;0;284;282;2;0;4;280;108;79;42;16;17;12;;6;;;;;;;;;;1;283;116;61;37;14;16;10;1;2;3;3;2;6;1;1;8;2;
0135;53032006;STIMMBEZIRK;01053003203235;1177;1069;108;0;324;324;0;0;5;319;113;95;47;12;29;14;;9;;;;;;;;;;3;321;122;78;39;11;23;11;9;1;5;4;1;11;1;0;4;1;
0135;53032007;STIMMBEZIRK;01053003203235;1765;1456;309;0;570;570;0;0;11;559;232;148;84;23;45;17;;10;;;;;;;;;;5;565;249;121;78;21;46;11;10;3;4;4;0;8;1;0;8;1;
0135;53032008;STIMMBEZIRK;01053003203235;1555;1275;280;0;442;442;0;0;13;429;191;116;56;19;26;11;;10;;;;;;;;;;6;436;204;95;61;23;22;9;6;3;5;0;0;5;1;0;2;0;
0135;53032009;STIMMBEZIRK;01053003203235;1523;1147;376;0;384;384;0;0;7;377;127;101;86;16;36;6;;5;;;;;;;;;;6;378;141;69;89;17;32;3;12;0;1;3;0;4;0;0;3;4;
0135;53032010;STIMMBEZIRK;01053003203235;1610;1356;254;0;636;636;0;0;9;627;272;155;101;34;43;13;;9;;;;;;;;;;6;630;277;113;105;41;41;14;15;2;4;6;0;6;0;0;6;0;
0135;53032011;STIMMBEZIRK;01053003203235;1844;1549;295;0;660;659;1;0;8;652;251;164;133;21;48;19;;16;;;;;;;;;;5;655;271;129;136;22;44;14;17;1;9;2;0;4;0;1;3;2;
0135;53032012;STIMMBEZIRK;01053003203235;1368;1167;201;0;447;447;0;0;8;439;170;110;81;25;35;9;;9;;;;;;;;;;2;445;191;85;66;22;32;11;16;0;3;2;0;9;0;2;4;2;
0135;53032013;STIMMBEZIRK;01053003203235;1291;1151;140;0;294;294;0;0;12;282;102;70;50;6;36;17;;1;;;;;;;;;;5;289;102;62;47;15;31;12;7;2;0;2;0;5;0;0;3;1;
0135;53032014;STIMMBEZIRK;01053003203235;1292;1076;216;0;433;433;0;0;12;421;161;118;69;23;32;6;;12;;;;;;;;;;5;428;171;90;77;18;32;3;11;1;5;5;1;9;0;0;3;2;
0135;53032015;STIMMBEZIRK;01053003203235;268;225;43;0;134;134;0;0;1;133;38;35;33;11;9;3;;4;;;;;;;;;;1;133;36;27;34;16;8;2;4;0;1;0;0;1;1;0;1;2;
0135;53032016;STIMMBEZIRK;01053003203235;980;840;140;0;443;442;1;0;7;436;202;89;59;25;35;11;;15;;;;;;;;;;2;441;208;69;53;32;33;6;13;0;3;2;0;10;0;2;8;2;
0135;53032017;STIMMBEZIRK;01053003203235;1299;1108;191;0;485;485;0;0;4;481;222;129;58;24;31;9;;8;;;;;;;;;;0;485;225;94;61;26;31;10;18;3;6;2;1;3;2;1;1;1;
0135;53928001;BRIEFWAHLBEZIRK;01053003203235;0;0;0;0;554;0;0;0;8;546;185;189;84;31;28;14;;15;;;;;;;;;;3;551;215;149;81;33;30;9;9;1;8;3;1;4;0;1;5;2;
0135;53928002;BRIEFWAHLBEZIRK;01053003203235;0;0;0;0;519;0;0;0;4;515;198;156;95;21;27;7;;11;;;;;;;;;;2;517;211;121;91;20;27;6;12;3;7;4;0;4;0;0;8;3;
0135;53928003;BRIEFWAHLBEZIRK;01053003203235;0;0;0;0;537;0;0;0;5;532;234;160;89;25;10;6;;8;;;;;;;;;;1;536;261;125;84;25;8;7;6;2;1;0;0;5;1;1;3;7;
0135;53928004;BRIEFWAHLBEZIRK;01053003203235;0;0;0;0;583;0;0;0;6;577;243;167;81;34;20;15;;17;;;;;;;;;;1;582;280;130;73;33;17;7;17;5;3;2;1;3;0;1;6;4;
0135;53928005;BRIEFWAHLBEZIRK;01053003203235;0;0;0;0;608;0;0;0;6;602;237;192;100;35;16;14;;8;;;;;;;;;;3;605;262;157;84;27;15;13;25;5;5;5;0;2;2;0;2;1;
0135;53928006;BRIEFWAHLBEZIRK;01053003203235;0;0;0;0;547;0;0;0;4;543;209;162;87;25;34;6;;20;;;;;;;;;;0;547;237;130;77;24;34;7;13;0;3;5;0;1;1;1;13;1;
0135;53083001;STIMMBEZIRK;01053008308335;694;600;94;0;241;241;0;0;1;240;106;57;35;15;17;8;;2;;;;;;;;;;0;241;105;50;35;16;19;4;5;1;0;3;0;0;1;1;1;0;
0135;53083002;STIMMBEZIRK;01053008308335;691;599;92;0;257;257;0;0;5;252;107;66;35;7;24;6;;7;;;;;;;;;;3;254;116;60;27;6;20;5;7;1;3;1;0;3;1;2;1;1;
0135;53083003;STIMMBEZIRK;01053008308335;739;679;60;0;212;212;0;0;6;206;80;49;30;3;28;14;;2;;;;;;;;;;4;208;88;42;26;3;25;10;3;2;4;0;0;1;0;0;4;0;
0135;53083004;STIMMBEZIRK;01053008308335;561;507;54;0;229;229;0;0;5;224;93;43;34;15;22;10;;7;;;;;;;;;;3;226;100;30;32;13;21;8;7;0;4;2;1;2;1;0;4;1;
0135;53083005;STIMMBEZIRK;01053008308335;704;615;89;0;291;291;0;0;4;287;113;105;23;9;20;9;;8;;;;;;;;;;2;289;120;83;27;11;18;7;10;0;3;2;0;1;0;0;4;3;
0135;53083006;STIMMBEZIRK;01053008308335;828;655;173;0;286;286;0;0;10;276;117;92;23;15;18;5;;6;;;;;;;;;;5;281;114;87;25;14;22;3;6;0;1;4;0;2;0;1;0;2;
0135;53083007;STIMMBEZIRK;01053008308335;734;595;139;0;219;219;0;0;3;216;92;49;31;14;21;7;;2;;;;;;;;;;3;216;99;42;26;6;23;7;4;0;3;1;0;3;2;0;0;0;
0135;53083008;STIMMBEZIRK;01053008308335;858;756;102;0;316;314;2;0;9;307;132;91;29;13;27;8;;7;;;;;;;;;;5;311;143;69;26;12;21;6;11;3;6;4;0;3;0;0;4;3;
0135;53083009;STIMMBEZIRK;01053008308335;716;633;83;0;214;214;0;0;4;210;95;57;17;11;20;4;;6;;;;;;;;;;1;213;96;42;23;11;18;3;9;1;0;0;0;5;0;1;4;0;
0135;53083010;STIMMBEZIRK;01053008308335;663;579;84;0;209;209;0;0;4;205;81;53;43;9;8;6;;5;;;;;;;;;;2;207;83;46;44;8;10;6;7;0;1;2;0;0;0;0;0;0;
0135;53083011;STIMMBEZIRK;01053008308335;765;656;109;0;222;222;0;0;1;221;63;40;68;12;21;9;;8;;;;;;;;;;0;222;67;35;56;12;20;10;8;0;5;3;0;0;0;1;4;1;
0135;53083012;STIMMBEZIRK;01053008308335;688;600;88;0;178;178;0;0;5;173;77;42;20;7;14;6;;7;;;;;;;;;;3;175;80;29;23;6;14;6;9;0;4;1;0;1;1;0;0;1;
0135;53938001;BRIEFWAHLBEZIRK;01053008308335;0;0;0;0;506;0;0;0;7;499;183;159;65;29;30;9;;24;;;;;;;;;;3;503;202;130;64;29;29;5;21;1;6;3;0;1;2;1;4;5;
0135;53938002;BRIEFWAHLBEZIRK;01053008308335;0;0;0;0;559;0;0;0;7;552;244;135;89;25;30;11;;18;;;;;;;;;;3;556;249;98;97;38;27;7;11;0;5;7;1;3;1;4;8;0;
0135;53116001;STIMMBEZIRK;01053011611635;1653;1234;419;0;530;530;0;0;10;520;253;79;80;33;40;10;;25;;;;;;;;;;7;523;256;70;72;37;40;6;9;0;12;7;0;8;0;1;4;1;
0135;53116002;STIMMBEZIRK;01053011611635;1317;1037;280;0;382;381;1;0;7;375;143;78;70;17;34;16;;17;;;;;;;;;;1;381;146;65;71;21;34;13;14;1;6;1;1;4;0;1;1;2;
0135;53116003;STIMMBEZIRK;01053011611635;1533;1229;304;0;462;432;30;0;14;448;191;110;71;27;20;18;;11;;;;;;;;;;13;449;195;95;69;24;23;11;15;0;8;0;1;5;0;0;2;1;
0135;53116004;STIMMBEZIRK;01053011611635;1648;1299;349;0;649;649;0;0;11;638;284;113;118;43;48;11;;21;;;;;;;;;;5;644;301;95;110;46;45;7;17;1;7;5;0;7;1;0;2;0;
0135;53116005;STIMMBEZIRK;01053011611635;1280;1114;166;0;368;368;0;0;9;359;141;86;40;22;37;7;;26;;;;;;;;;;4;364;157;68;49;14;37;4;12;1;9;1;1;6;2;0;2;1;
0135;53116006;STIMMBEZIRK;01053011611635;1634;1330;304;0;493;492;1;0;8;485;184;108;94;22;40;11;;26;;;;;;;;;;5;488;197;85;93;20;37;11;9;2;11;3;0;5;1;1;10;3;
0135;53116007;STIMMBEZIRK;01053011611635;1647;1350;297;0;670;670;0;0;6;664;248;144;142;56;44;15;;15;;;;;;;;;;3;667;260;121;128;57;41;14;21;2;9;5;0;1;0;3;5;0;
0135;53116008;STIMMBEZIRK;01053011611635;1417;1075;342;0;547;547;0;0;5;542;235;116;99;25;40;6;;21;;;;;;;;;;2;545;258;89;85;25;38;6;17;1;10;5;2;5;0;0;2;2;
0135;53978001;BRIEFWAHLBEZIRK;01053011611635;0;0;0;0;908;0;0;0;11;897;367;215;160;43;44;25;;43;;;;;;;;;;3;905;418;173;148;41;44;17;32;2;11;5;3;1;1;0;8;1;
0135;53978002;BRIEFWAHLBEZIRK;01053011611635;0;0;0;0;774;0;0;0;8;766;310;188;136;41;28;11;;52;;;;;;;;;;5;769;382;146;112;31;27;9;20;4;16;4;4;4;1;1;5;3;
0135;53978003;BRIEFWAHLBEZIRK;01053011611635;0;0;0;0;607;0;0;0;8;599;259;148;80;36;36;10;;30;;;;;;;;;;2;605;276;125;84;33;35;9;16;0;8;4;0;7;1;1;5;1;
0135;53943001;BRIEFWAHLBEZIRK;01053534300035;0;0;0;0;521;0;0;0;8;513;198;121;86;35;42;11;;20;;;;;;;;;;1;520;232;89;71;41;37;4;16;2;9;3;0;3;2;0;9;2;
0135;53973001;BRIEFWAHLBEZIRK;01053537300035;0;0;0;0;436;0;0;0;7;429;184;95;78;33;13;6;;20;;;;;;;;;;0;436;204;81;63;33;13;9;7;1;7;2;0;9;4;0;2;1;
0135;53973002;BRIEFWAHLBEZIRK;01053537300035;0;0;0;0;416;0;0;0;4;412;166;96;86;27;16;6;;15;;;;;;;;;;0;416;189;70;74;29;13;8;14;1;2;1;0;4;1;2;8;0;
0135;53973003;BRIEFWAHLBEZIRK;01053537300035;0;0;0;0;414;0;0;0;2;412;165;76;95;29;20;9;;18;;;;;;;;;;0;414;178;73;77;29;19;6;6;0;6;4;0;8;0;2;6;0;
0101;54005001;STIMMBEZIRK;01054548800501;311;262;49;0;157;157;0;0;2;155;92;18;24;11;3;2;5;;;0;;;;;;;;2;155;97;16;18;10;3;2;8;0;0;0;0;0;0;0;0;1;
0101;54015001;STIMMBEZIRK;01054548801501;269;234;35;0;158;158;0;0;4;154;83;12;20;15;1;1;22;;;0;;;;;;;;1;157;99;10;15;9;2;0;17;0;1;0;0;1;0;0;3;0;
0101;54025001;STIMMBEZIRK;01054548802501;66;57;9;0;51;51;0;0;0;51;35;1;8;0;3;1;3;;;0;;;;;;;;0;51;33;2;4;2;3;1;6;0;0;0;0;0;0;0;0;0;
0101;54083001;STIMMBEZIRK;01054548808301;323;250;73;0;154;154;0;0;3;151;89;9;27;10;4;1;10;;;1;;;;;;;;2;152;95;11;19;9;2;1;11;2;0;0;1;1;0;0;0;0;
0101;54085001;STIMMBEZIRK;01054548808501;789;553;236;0;346;346;0;0;8;338;153;41;94;11;7;7;24;;;1;;;;;;;;1;345;164;41;83;16;8;3;18;1;0;2;1;3;1;2;2;0;
0101;54087001;STIMMBEZIRK;01054548808701;463;380;83;0;233;233;0;0;3;230;122;23;42;22;5;6;9;;;1;;;;;;;;1;232;143;20;32;15;2;3;13;0;1;0;0;2;0;0;1;0;
0101;54089001;STIMMBEZIRK;01054548808901;446;349;97;0;211;211;0;0;4;207;99;28;45;14;2;7;11;;;1;;;;;;;;3;208;101;19;43;19;1;5;10;1;1;4;0;0;0;1;3;0;
0101;54094001;STIMMBEZIRK;01054548809401;264;202;62;0;202;202;0;0;0;202;110;25;25;22;4;3;12;;;1;;;;;;;;0;202;121;26;23;12;4;2;13;0;0;0;0;0;0;0;1;0;
0101;54098001;STIMMBEZIRK;01054548809801;441;377;64;0;223;223;0;0;5;218;127;31;26;10;4;3;17;;;0;;;;;;;;0;223;137;25;23;10;4;3;15;1;0;3;0;1;0;0;1;0;
0101;54129001;STIMMBEZIRK;01054548812901;155;130;25;0;97;97;0;0;1;96;56;6;12;10;5;0;7;;;0;;;;;;;;0;97;58;7;11;10;3;0;4;0;0;1;0;2;0;0;1;0;
0101;54143001;STIMMBEZIRK;01054548814301;319;249;70;0;156;156;0;0;1;155;96;7;23;11;4;0;13;;;1;;;;;;;;1;155;101;11;19;7;3;0;10;0;2;0;0;2;0;0;0;0;
0101;54158001;STIMMBEZIRK;01054548815801;37;24;13;0;18;18;0;0;1;17;8;1;1;6;1;0;0;;;0;;;;;;;;1;17;7;0;1;8;1;0;0;0;0;0;0;0;0;0;0;0;
0101;54160001;STIMMBEZIRK;01054548816001;649;490;159;0;243;243;0;0;2;241;91;40;60;14;9;4;22;;;1;;;;;;;;1;242;97;40;50;16;7;1;22;1;1;1;0;3;0;0;2;1;
0101;54163001;STIMMBEZIRK;01054548816301;475;363;112;0;211;211;0;0;2;209;82;24;52;26;6;4;14;;;1;;;;;;;;1;210;100;27;42;8;2;2;17;0;0;1;0;8;0;0;3;0;
0101;54164001;STIMMBEZIRK;01054548816401;1194;902;292;0;407;406;1;0;13;394;140;60;93;47;13;8;32;;;1;;;;;;;;10;397;172;54;76;27;15;4;39;0;1;0;1;3;0;0;2;3;
0101;54164002;STIMMBEZIRK;01054548816401;1157;840;317;0;428;428;0;0;5;423;161;61;106;35;14;6;40;;;0;;;;;;;;4;424;188;46;95;22;11;2;39;1;0;3;1;9;0;1;5;1;
0101;54164003;STIMMBEZIRK;01054548816401;1208;922;286;0;458;458;0;0;9;449;160;74;109;49;11;5;38;;;3;;;;;;;;4;454;192;67;108;18;9;7;35;0;1;2;2;4;3;0;4;2;
0101;54001001;STIMMBEZIRK;01054548900101;1247;1042;205;0;771;580;1;190;17;754;347;103;91;35;29;4;139;;;6;;;;;;;;9;762;351;82;91;43;24;4;134;2;3;2;0;18;1;1;4;2;
0101;54009001;STIMMBEZIRK;01054548900901;353;280;73;0;241;175;0;66;5;236;72;41;54;9;12;4;44;;;0;;;;;;;;0;241;83;29;50;9;12;4;50;0;1;0;0;1;1;0;1;0;
0101;54016001;STIMMBEZIRK;01054548901601;183;152;31;0;133;106;0;27;1;132;56;20;23;4;1;6;22;;;0;;;;;;;;0;133;58;14;28;8;1;6;14;0;0;0;0;2;0;0;1;1;
0101;54017001;STIMMBEZIRK;01054548901701;554;423;131;0;358;233;0;125;2;356;145;41;72;19;20;6;52;;;1;;;;;;;;2;356;148;29;69;20;16;4;56;2;1;1;1;3;0;2;3;1;
0101;54018001;STIMMBEZIRK;01054548901801;174;150;24;0;116;96;0;20;0;116;48;20;17;4;2;6;18;;;1;;;;;;;;1;115;50;19;11;2;2;2;23;0;0;1;0;3;0;0;2;0;
0101;54022001;STIMMBEZIRK;01054548902201;290;212;78;0;180;112;0;68;6;174;73;32;20;8;21;1;19;;;0;;;;;;;;2;178;74;29;21;7;16;0;17;0;2;2;1;8;0;0;1;0;
0101;54022002;STIMMBEZIRK;01054548902201;493;377;116;0;357;244;0;113;6;351;126;56;74;16;43;12;24;;;0;;;;;;;;6;351;143;57;59;17;26;9;23;2;0;0;0;5;0;2;4;4;
0101;54027001;STIMMBEZIRK;01054548902701;83;69;14;0;52;39;0;13;0;52;23;7;6;5;2;2;6;;;1;;;;;;;;0;52;24;4;7;5;2;2;5;1;0;1;0;1;0;0;0;0;
0101;54034001;STIMMBEZIRK;01054548903401;137;101;36;0;109;73;0;36;1;108;67;9;18;2;2;0;10;;;0;;;;;;;;1;108;66;10;18;3;2;0;7;0;0;0;1;0;0;0;1;0;
0101;54048001;STIMMBEZIRK;01054548904801;74;62;12;0;49;39;1;9;1;48;24;5;5;5;3;1;5;;;0;;;;;;;;1;48;26;3;4;3;4;1;5;0;1;0;0;1;0;0;0;0;
0101;54055001;STIMMBEZIRK;01054548905501;629;521;108;0;395;294;0;101;7;388;153;79;47;19;21;6;63;;;0;;;;;;;;5;390;163;53;50;18;18;4;74;2;0;3;2;2;0;0;1;0;
0101;54062001;STIMMBEZIRK;01054548906201;181;161;20;0;119;100;0;19;2;117;45;19;20;4;6;1;21;;;1;;;;;;;;1;118;51;14;19;6;4;1;19;0;1;1;0;1;0;0;1;0;
0101;54065001;STIMMBEZIRK;01054548906501;810;670;140;0;455;332;0;123;15;440;187;82;61;19;21;6;63;;;1;;;;;;;;13;442;190;69;59;29;25;6;49;2;1;2;1;3;0;0;6;0;
0101;54068001;STIMMBEZIRK;01054548906801;829;667;162;0;521;370;0;151;10;511;210;71;87;17;25;8;91;;;2;;;;;;;;8;513;215;47;97;25;21;6;86;0;0;2;1;10;0;1;2;0;
0101;54073001;STIMMBEZIRK;01054548907301;1147;1005;142;0;739;600;2;137;10;729;356;94;90;34;35;8;111;;;1;;;;;;;;7;732;373;81;81;40;30;7;101;3;2;1;1;3;1;1;5;2;
0101;54076001;STIMMBEZIRK;01054548907601;1402;1170;232;0;747;530;0;217;7;740;305;123;110;39;36;17;107;;;3;;;;;;;;3;744;356;91;84;46;26;13;94;5;3;3;2;14;0;2;5;0;
0101;54076002;STIMMBEZIRK;01054548907601;1205;997;208;0;682;487;0;195;7;675;282;102;111;34;32;9;104;;;1;;;;;;;;4;678;317;80;94;25;29;7;110;0;1;3;0;7;0;0;4;1;
0101;54076003;STIMMBEZIRK;01054548907601;1155;992;163;0;515;363;0;152;6;509;201;84;80;25;37;10;69;;;3;;;;;;;;3;512;225;67;75;24;25;11;63;0;4;2;1;11;0;1;3;0;
0101;54076004;STIMMBEZIRK;01054548907601;1125;969;156;0;491;347;0;144;8;483;177;86;76;16;34;8;85;;;1;;;;;;;;6;485;204;72;60;19;25;7;74;2;4;3;0;5;0;1;8;1;
0101;54076005;STIMMBEZIRK;01054548907601;102;84;18;0;75;57;0;18;2;73;28;7;18;0;2;0;16;;;2;;;;;;;;1;74;30;4;18;3;2;0;13;0;0;0;2;2;0;0;0;0;
0101;54076006;STIMMBEZIRK;01054548907601;549;477;72;0;339;272;0;67;3;336;133;56;49;21;17;10;45;;;5;;;;;;;;0;339;146;53;34;27;15;7;39;1;0;1;0;11;0;0;4;1;
0101;54076007;STIMMBEZIRK;01054548907601;591;499;92;0;368;277;0;91;6;362;183;54;52;11;12;5;45;;;0;;;;;;;;5;363;193;50;39;15;10;1;41;1;1;2;1;5;1;0;3;0;
0101;54077001;STIMMBEZIRK;01054548907701;44;38;6;0;35;29;0;6;0;35;20;5;5;0;0;0;5;;;0;;;;;;;;0;35;22;1;8;1;0;0;3;0;0;0;0;0;0;0;0;0;
0101;54086001;STIMMBEZIRK;01054548908601;913;762;151;0;500;361;0;139;5;495;184;89;71;29;22;3;96;;;1;;;;;;;;3;497;221;63;63;26;19;3;85;3;1;4;0;2;1;0;3;3;
0101;54088001;STIMMBEZIRK;01054548908801;1471;1129;342;0;811;504;0;307;16;795;352;158;115;32;30;7;98;;;3;;;;;;;;10;801;398;111;98;37;30;5;101;5;3;3;0;1;1;1;5;2;
0101;54088002;STIMMBEZIRK;01054548908801;1423;1166;257;0;758;517;0;241;10;748;291;178;111;43;26;12;83;;;4;;;;;;;;10;748;308;123;100;57;27;13;103;4;0;3;0;5;0;0;4;1;
0101;54088003;STIMMBEZIRK;01054548908801;1812;1407;405;0;1011;639;1;371;17;994;377;241;159;36;46;11;119;;;5;;;;;;;;7;1004;445;161;167;34;39;12;112;5;3;4;4;9;0;1;8;0;
0101;54088004;STIMMBEZIRK;01054548908801;1419;1132;287;0;737;466;0;271;14;723;258;184;113;28;30;18;90;;;2;;;;;;;;9;728;280;113;124;39;23;16;106;3;0;7;0;7;2;1;4;3;
0101;54088005;STIMMBEZIRK;01054548908801;1720;1398;322;0;966;670;0;296;9;957;339;208;177;50;45;15;118;;;5;;;;;;;;2;964;390;136;178;52;43;6;120;8;1;8;2;9;1;0;8;2;
0101;54109001;STIMMBEZIRK;01054548910901;1167;955;212;0;782;580;0;202;6;776;307;129;114;33;32;21;137;;;3;;;;;;;;0;782;358;88;75;47;32;15;141;1;2;4;1;7;0;2;9;0;
0101;54109002;STIMMBEZIRK;01054548910901;933;770;163;0;587;431;0;156;3;584;238;102;100;21;19;5;96;;;3;;;;;;;;4;583;254;80;79;37;18;4;92;2;5;2;0;5;1;0;4;0;
0101;54109003;STIMMBEZIRK;01054548910901;1141;970;171;0;737;576;0;161;7;730;312;151;121;30;17;10;89;;;0;;;;;;;;5;732;365;101;94;34;16;10;97;0;3;1;0;1;0;0;10;0;
0101;54110001;STIMMBEZIRK;01054548911001;354;283;71;0;230;168;0;62;4;226;82;24;56;12;7;5;38;;;2;;;;;;;;1;229;85;22;51;14;5;5;35;2;2;1;2;2;0;1;2;0;
0101;54124001;STIMMBEZIRK;01054548912401;208;195;13;0;150;139;0;11;2;148;60;24;29;3;6;4;22;;;0;;;;;;;;1;149;72;14;28;8;6;3;14;0;0;0;2;1;0;1;0;0;
0101;54125001;STIMMBEZIRK;01054548912501;750;643;107;0;438;343;0;95;15;423;209;63;50;21;15;3;57;;;5;;;;;;;;12;426;231;43;43;17;15;3;57;3;2;2;1;3;0;3;0;3;
0101;54126001;STIMMBEZIRK;01054548912601;732;650;82;0;474;394;0;80;6;468;211;86;65;26;14;4;61;;;1;;;;;;;;4;470;237;72;54;30;15;0;47;3;2;6;1;2;0;0;1;0;
0101;54131001;STIMMBEZIRK;01054548913101;1977;1641;336;0;1142;830;0;312;17;1125;471;204;127;56;41;10;211;;;5;;;;;;;;10;1132;527;156;112;56;40;9;200;7;5;4;3;8;0;1;4;0;
0101;54136001;STIMMBEZIRK;01054548913601;181;155;26;0;115;92;0;23;1;114;56;9;20;2;9;0;18;;;0;;;;;;;;0;115;59;6;22;4;7;0;15;1;0;0;0;1;0;0;0;0;
0101;54142001;STIMMBEZIRK;01054548914201;294;238;56;0;195;142;2;51;2;193;73;39;34;4;9;4;26;;;4;;;;;;;;0;195;83;30;31;6;9;4;25;1;0;0;2;2;1;0;1;0;
0101;54154001;STIMMBEZIRK;01054548915401;287;270;17;0;170;154;0;16;1;169;95;19;14;2;4;3;31;;;1;;;;;;;;2;168;94;13;15;3;3;2;34;0;0;2;0;0;0;0;2;0;
0101;54165001;STIMMBEZIRK;01054548916501;485;380;105;0;340;240;1;99;4;336;95;57;96;18;14;5;50;;;1;;;;;;;;3;337;119;41;83;25;8;5;37;1;3;1;1;11;0;1;1;0;
0101;54166001;STIMMBEZIRK;01054548916601;734;588;146;0;439;319;0;120;9;430;176;57;93;14;22;10;58;;;0;;;;;;;;4;435;200;41;76;21;21;7;54;3;0;1;0;3;2;0;6;0;
0101;54167001;STIMMBEZIRK;01054548916701;947;774;173;0;628;466;0;162;3;625;282;93;78;25;33;13;97;;;4;;;;;;;;0;628;275;73;71;33;36;9;93;2;3;7;4;18;1;0;3;0;
0101;54994001;BRIEFWAHLBEZIRK;01054549400001;0;0;0;0;2914;0;0;0;27;2887;1107;497;585;126;92;44;431;;;5;;;;;;;;6;2908;1303;435;448;135;79;45;362;15;9;9;6;29;2;1;26;4;
0101;54108001;STIMMBEZIRK;01054010810801;266;207;59;0;140;140;0;0;2;138;75;15;16;17;2;0;13;;;0;;;;;;;;1;139;72;9;16;23;1;2;7;1;2;1;0;0;4;0;1;0;
0101;54168001;STIMMBEZIRK;01054016816801;1854;1264;590;0;489;487;2;0;5;484;202;84;96;25;17;10;48;;;2;;;;;;;;4;485;198;70;84;44;15;6;47;1;1;5;3;4;1;1;3;2;
0101;54168002;STIMMBEZIRK;01054016816801;1791;1309;482;0;496;496;0;0;4;492;200;94;92;18;19;6;60;;;3;;;;;;;;2;494;208;80;84;33;18;5;53;2;0;2;5;2;0;0;2;0;
0101;54168003;STIMMBEZIRK;01054016816801;1559;1096;463;0;401;401;0;0;4;397;192;46;70;13;15;9;52;;;0;;;;;;;;1;400;185;44;62;28;14;6;43;2;0;1;2;8;0;0;4;1;
0101;54168004;STIMMBEZIRK;01054016816801;1638;1211;427;0;473;468;5;0;7;466;189;66;97;25;19;4;66;;;0;;;;;;;;7;466;187;65;99;33;16;3;48;0;1;4;4;4;0;0;2;0;
0101;54168005;STIMMBEZIRK;01054016816801;1199;871;328;0;368;368;0;0;2;366;171;53;65;17;17;1;38;;;4;;;;;;;;1;367;156;47;67;26;17;1;39;0;2;3;3;2;0;0;3;1;
0101;54168006;STIMMBEZIRK;01054016816801;1187;819;368;0;336;336;0;0;2;334;174;41;57;12;9;8;30;;;3;;;;;;;;0;336;174;38;39;17;9;6;40;1;1;2;3;3;0;1;2;0;
0101;54168007;STIMMBEZIRK;01054016816801;915;539;376;0;257;257;0;0;1;256;136;41;37;13;5;1;21;;;2;;;;;;;;0;257;124;25;41;27;8;1;25;0;0;1;1;2;0;0;2;0;
0101;54168008;STIMMBEZIRK;01054016816801;935;634;301;0;327;326;1;0;3;324;154;43;58;17;11;4;31;;;6;;;;;;;;3;324;149;47;48;24;10;3;33;2;1;1;3;3;0;0;0;0;
0101;54168009;STIMMBEZIRK;01054016816801;348;249;99;0;92;92;0;0;3;89;45;13;6;6;1;4;13;;;1;;;;;;;;1;91;46;8;8;10;1;2;10;0;0;0;0;4;0;1;0;1;
0101;54995001;BRIEFWAHLBEZIRK;01054016816801;0;0;0;0;960;0;0;0;7;953;429;146;158;75;16;16;95;;;18;;;;;;;;2;958;441;138;142;88;23;10;70;1;2;4;20;7;1;0;9;2;
0101;54995002;BRIEFWAHLBEZIRK;01054016816801;0;0;0;0;1084;0;0;0;5;1079;513;147;179;58;30;13;128;;;11;;;;;;;;6;1078;507;134;163;73;33;7;106;4;4;1;12;14;2;0;15;3;
0101;54995003;BRIEFWAHLBEZIRK;01054016816801;0;0;0;0;1006;0;0;0;6;1000;534;134;157;59;15;4;90;;;7;;;;;;;;0;1006;521;127;128;94;11;6;81;5;4;2;6;10;1;0;7;3;
0101;54939001;BRIEFWAHLBEZIRK;01054543900001;0;0;0;0;888;0;0;0;6;882;456;86;151;61;31;7;78;;;12;;;;;;;;1;887;469;81;127;68;34;5;60;2;4;5;16;6;0;1;7;2;
0102;54050001;STIMMBEZIRK;01054545905002;82;65;17;0;63;46;0;17;0;63;22;12;13;1;2;3;10;;;;;;;;;;;0;63;23;9;13;0;0;3;9;1;0;0;0;1;0;0;4;0;
0102;54074001;STIMMBEZIRK;01054545907402;131;62;69;0;106;43;0;63;2;104;40;12;30;2;2;1;17;;;;;;;;;;;2;104;41;15;27;6;2;2;11;0;0;0;0;0;0;0;0;0;
0102;54103001;STIMMBEZIRK;01054545910302;1037;664;373;0;762;419;0;343;10;752;309;92;264;20;12;10;45;;;;;;;;;;;5;757;362;112;155;32;12;19;34;3;1;3;0;14;1;0;5;4;
0102;54003001;STIMMBEZIRK;01054545300302;433;388;45;0;252;252;0;0;1;251;135;24;49;9;8;1;25;;;;;;;;;;;2;250;138;17;47;10;6;1;26;1;0;1;0;3;0;0;0;0;
0102;54004001;STIMMBEZIRK;01054545300402;185;151;34;0;112;112;0;0;4;108;64;13;11;4;3;1;12;;;;;;;;;;;1;111;72;13;7;6;2;0;8;1;0;0;0;1;0;0;1;0;
0102;54011001;STIMMBEZIRK;01054545301102;448;382;66;0;254;254;0;0;3;251;160;35;19;17;7;2;11;;;;;;;;;;;3;251;160;23;18;19;8;1;16;2;0;1;0;2;1;0;0;0;
0102;54013001;STIMMBEZIRK;01054545301302;140;133;7;0;94;94;0;0;0;94;50;7;5;3;5;4;20;;;;;;;;;;;1;93;51;6;3;6;3;3;18;0;0;0;0;2;0;0;1;0;
0102;54041001;STIMMBEZIRK;01054545304102;764;641;123;0;420;420;0;0;4;416;201;58;52;27;6;8;64;;;;;;;;;;;2;418;223;56;45;29;4;4;47;3;0;1;1;3;0;2;0;0;
0102;54057001;STIMMBEZIRK;01054545305702;538;465;73;0;302;302;0;0;8;294;176;32;19;22;8;4;33;;;;;;;;;;;1;301;174;30;14;25;8;3;32;2;2;3;0;6;0;0;1;1;
0102;54079001;STIMMBEZIRK;01054545307902;581;480;101;0;332;332;0;0;1;331;185;42;53;12;7;4;28;;;;;;;;;;;1;331;195;40;48;12;6;3;20;1;1;1;0;3;0;0;1;0;
0102;54092001;STIMMBEZIRK;01054545309202;341;288;53;0;177;177;0;0;4;173;84;21;25;10;7;2;24;;;;;;;;;;;4;173;78;22;28;14;6;1;16;0;1;0;0;6;1;0;0;0;
0102;54101001;STIMMBEZIRK;01054545310102;543;483;60;0;271;271;0;0;3;268;132;40;35;11;17;5;28;;;;;;;;;;;0;271;136;42;31;18;14;4;15;2;1;1;1;3;1;1;1;0;
0102;54118001;STIMMBEZIRK;01054545311802;794;638;156;0;417;417;0;0;3;414;180;66;60;24;13;7;64;;;;;;;;;;;2;415;179;53;65;22;11;6;61;1;3;3;0;5;1;0;4;1;
0102;54123001;STIMMBEZIRK;01054545312302;235;204;31;0;139;139;0;0;0;139;79;10;22;9;4;2;13;;;;;;;;;;;1;138;81;10;17;8;5;3;11;1;0;0;0;1;0;0;0;1;
0102;54144001;STIMMBEZIRK;01054545314402;810;678;132;0;386;386;0;0;3;383;180;55;61;14;10;4;59;;;;;;;;;;;3;383;190;49;52;21;6;3;52;1;1;3;0;4;0;0;1;0;
0102;54144002;STIMMBEZIRK;01054545314402;995;813;182;0;554;554;0;0;7;547;273;88;65;31;18;3;69;;;;;;;;;;;5;549;280;75;78;30;24;4;52;0;1;2;0;1;0;0;1;1;
0102;54152001;STIMMBEZIRK;01054545315202;842;703;139;0;398;398;0;0;7;391;210;44;50;20;10;4;53;;;;;;;;;;;5;393;215;42;41;30;11;5;41;1;0;3;0;1;0;0;3;0;
0102;54138001;STIMMBEZIRK;01054013813802;1204;981;223;0;458;433;25;0;11;447;129;98;51;21;38;11;99;;;;;;;;;;;6;452;164;91;51;20;41;8;65;2;0;3;0;3;0;1;3;0;
0102;54138002;STIMMBEZIRK;01054013813802;1186;925;261;0;468;468;0;0;9;459;127;91;73;35;34;5;94;;;;;;;;;;;3;465;155;80;63;27;29;7;85;1;2;3;1;8;0;1;1;2;
0102;54138003;STIMMBEZIRK;01054013813802;1147;912;235;0;477;477;0;0;3;474;170;89;79;15;19;10;92;;;;;;;;;;;3;474;207;76;66;18;19;6;71;0;3;2;3;1;1;0;0;1;
0102;54138004;STIMMBEZIRK;01054013813802;282;215;67;0;129;129;0;0;1;128;57;24;16;8;5;1;17;;;;;;;;;;;0;129;59;24;13;8;4;0;13;1;0;1;1;4;0;0;1;0;
0102;54917003;BRIEFWAHLBEZIRK;01054013813802;0;0;0;0;718;0;0;0;8;710;237;163;123;35;20;6;126;;;;;;;;;;;4;714;285;148;118;44;20;4;73;2;3;1;1;4;0;0;10;1;
0102;54992001;BRIEFWAHLBEZIRK;01054549200002;0;0;0;0;1830;0;0;0;13;1817;660;331;302;129;56;22;317;;;;;;;;;;;3;1827;879;286;255;106;59;19;176;6;8;6;0;10;1;0;15;1;
0102;54992002;BRIEFWAHLBEZIRK;01054549200002;0;0;0;0;1329;0;0;0;10;1319;449;239;274;75;50;22;210;;;;;;;;;;;1;1328;622;211;193;57;47;20;135;10;2;6;0;7;2;1;12;3;
0102;54992003;BRIEFWAHLBEZIRK;01054549200002;0;0;0;0;1335;0;0;0;12;1323;460;232;220;72;56;21;262;;;;;;;;;;;5;1330;586;199;185;69;50;15;173;10;7;7;2;10;0;1;12;4;
0102;54033001;STIMMBEZIRK;01054003303302;997;782;215;0;410;410;0;0;3;407;128;84;66;18;16;5;90;;;;;;;;;;;2;408;152;77;58;21;16;5;71;0;1;2;1;1;0;1;2;0;
0102;54033002;STIMMBEZIRK;01054003303302;1065;823;242;0;387;387;0;0;8;379;135;73;49;12;22;3;85;;;;;;;;;;;6;381;153;65;37;21;19;4;69;1;0;2;0;6;0;0;2;2;
0104;59107001;STIMMBEZIRK;01059591210704;2009;1658;351;0;873;873;0;0;7;866;368;146;78;51;47;12;117;26;;;19;;2;;;;;4;869;381;124;76;51;48;8;129;4;19;5;0;17;1;0;4;2;
0104;59128001;STIMMBEZIRK;01059591212804;350;299;51;0;183;183;0;0;1;182;95;31;16;6;8;2;18;2;;;3;;1;;;;;1;182;86;26;16;11;9;2;25;0;0;1;0;4;0;0;1;1;
0104;59131001;STIMMBEZIRK;01059591213104;825;724;101;0;485;485;0;0;8;477;193;82;52;25;25;10;74;10;;;5;;1;;;;;2;483;204;60;59;22;27;4;84;1;10;3;2;3;0;0;3;1;
0104;59132001;STIMMBEZIRK;01059591213204;646;562;84;0;335;333;2;0;0;335;175;50;35;11;10;7;38;4;;;5;;0;;;;;0;335;160;44;33;20;8;3;52;0;2;5;0;6;0;0;1;1;
0104;59138001;STIMMBEZIRK;01059591213804;861;705;156;0;375;374;1;0;3;372;179;55;48;25;11;1;44;6;;;3;;0;;;;;0;375;199;54;31;20;10;0;49;1;2;2;0;4;1;1;1;0;
0104;59162001;STIMMBEZIRK;01059591216204;391;333;58;0;214;214;0;0;7;207;100;28;20;11;18;1;22;4;;;3;;0;;;;;5;209;92;24;23;12;15;1;31;2;1;4;0;3;0;0;1;0;
0104;59169001;STIMMBEZIRK;01059591216904;277;265;12;0;178;178;0;0;4;174;88;21;21;9;8;0;20;4;;;3;;0;;;;;3;175;89;16;22;12;10;0;20;0;0;4;0;1;0;0;1;0;
0104;59174001;STIMMBEZIRK;01059591217404;2153;1781;372;0;1080;1080;0;0;10;1070;420;164;173;53;32;18;168;16;;;22;;4;;;;;10;1070;431;118;172;71;36;9;191;2;9;7;0;12;1;0;8;3;
0104;59101001;STIMMBEZIRK;01059591910104;350;296;54;0;218;218;0;0;4;214;77;31;58;5;5;6;28;0;;;2;;2;;;;;3;215;77;21;57;10;5;3;35;0;0;2;0;2;0;0;3;0;
0104;59103001;STIMMBEZIRK;01059591910304;445;371;74;0;273;273;0;0;1;272;89;48;55;18;10;6;31;6;;;7;;2;;;;;0;273;90;31;63;18;11;6;37;1;3;4;1;7;0;0;1;0;
0104;59116001;STIMMBEZIRK;01059591911604;1449;1236;213;0;787;787;0;0;8;779;316;102;125;36;21;12;128;13;;;24;;2;;;;;4;783;345;71;124;41;23;7;123;1;11;4;2;20;0;0;9;2;
0104;59126001;STIMMBEZIRK;01059591912604;1029;825;204;0;566;566;0;0;5;561;236;65;131;26;14;17;47;7;;;14;;4;;;;;5;561;249;57;121;23;16;11;51;3;3;6;0;10;0;0;7;4;
0104;59127001;STIMMBEZIRK;01059591912704;1899;1495;404;0;942;942;0;0;16;926;339;145;179;89;17;21;103;16;;;14;;3;;;;;10;932;375;130;183;45;24;17;116;3;4;2;2;22;1;0;5;3;
0104;59141001;STIMMBEZIRK;01059591914104;571;463;108;0;354;354;0;0;6;348;96;62;86;24;13;8;50;5;;;3;;1;;;;;3;351;101;47;91;22;14;7;56;0;1;4;0;3;1;0;0;4;
0104;59182001;STIMMBEZIRK;01059591918204;1282;1041;241;0;687;687;0;0;9;678;261;93;122;34;16;10;111;4;;;23;;4;;;;;8;679;269;73;141;34;16;7;104;1;3;4;0;22;0;0;4;1;
0104;59106001;STIMMBEZIRK;01059593710604;864;719;145;0;496;496;0;0;2;494;212;58;89;36;20;5;53;7;;;13;;1;;;;;3;493;212;48;85;34;21;5;63;2;1;1;0;14;1;1;3;2;
0104;59118001;STIMMBEZIRK;01059593711804;732;592;140;0;406;405;1;0;1;405;177;52;91;18;18;7;33;2;;;7;;0;;;;;1;405;192;46;80;9;19;5;40;2;1;1;0;7;0;0;3;0;
0104;59137001;STIMMBEZIRK;01059593713704;1338;1029;309;0;637;637;0;0;2;635;250;91;146;29;12;14;70;2;;;17;;4;;;;;3;634;251;84;153;24;16;9;63;0;3;5;0;19;2;0;3;2;
0104;59145001;STIMMBEZIRK;01059593714504;911;693;218;0;492;489;3;0;4;488;172;55;122;55;18;10;41;6;;;9;;0;;;;;2;490;187;52;119;31;20;5;59;0;3;4;0;9;0;0;1;0;
0104;59157001;STIMMBEZIRK;01059593715704;433;366;67;0;251;251;0;0;2;249;93;34;52;12;20;6;25;1;;;6;;0;;;;;1;250;85;22;51;16;17;8;38;0;0;2;2;8;0;0;1;0;
0104;59176001;STIMMBEZIRK;01059593717604;1944;1521;423;0;1026;1026;0;0;10;1016;366;145;222;52;32;23;142;13;;;18;;3;;;;;5;1021;408;121;209;43;33;14;147;2;3;9;1;16;3;1;9;2;
0104;59178001;STIMMBEZIRK;01059593717804;653;482;171;0;326;326;0;0;3;323;132;53;69;13;10;8;22;4;;;12;;0;;;;;2;324;125;51;70;18;9;5;24;1;3;1;0;13;1;1;2;0;
0104;59159001;STIMMBEZIRK;01059594015904;843;699;144;0;449;448;1;0;9;440;200;62;65;19;16;2;54;10;;;11;;1;;;;;8;441;211;56;55;29;15;3;54;3;3;0;1;5;1;0;3;2;
0104;59159002;STIMMBEZIRK;01059594015904;474;429;45;0;268;268;0;0;4;264;95;30;50;6;8;9;35;3;;;27;;1;;;;;1;267;110;23;46;6;12;5;37;1;2;0;0;23;0;0;2;0;
0104;59171001;STIMMBEZIRK;01059594017104;1671;1292;379;0;731;731;0;0;14;717;285;115;110;34;16;13;132;2;;;8;;2;;;;;10;721;308;93;90;48;15;9;135;2;1;2;1;10;1;1;5;0;
0104;59171002;STIMMBEZIRK;01059594017104;1485;1152;333;0;571;571;0;0;10;561;227;109;69;17;25;8;88;8;;;8;;2;;;;;7;564;251;85;67;14;23;5;96;1;2;2;0;8;2;1;3;4;
0104;59171003;STIMMBEZIRK;01059594017104;1670;1268;402;0;693;693;0;0;7;686;289;112;108;34;27;17;87;4;;;8;;0;;;;;4;689;317;80;90;39;28;10;100;0;5;4;0;6;1;0;8;1;
0104;59184001;STIMMBEZIRK;01059594018404;1700;1392;308;0;876;876;0;0;7;869;321;134;173;25;28;24;138;12;;;12;;2;;;;;3;873;344;119;161;26;33;18;136;3;7;6;4;7;2;0;6;1;
0104;59184002;STIMMBEZIRK;01059594018404;1120;982;138;0;631;631;0;0;6;625;263;77;120;28;21;8;93;2;;;11;;2;;;;;4;627;264;73;108;39;22;7;87;4;3;0;0;12;1;0;6;1;
0104;59076001;STIMMBEZIRK;01059594907604;431;375;56;0;289;236;0;53;0;289;103;43;50;14;9;13;45;5;;;5;;2;;;;;0;289;118;38;55;9;9;7;40;1;2;2;0;6;0;0;1;1;
0104;59161001;STIMMBEZIRK;01059594916104;1288;1024;264;0;554;553;1;0;9;545;240;86;86;22;18;17;61;4;;;8;;3;;;;;9;545;244;77;81;29;22;12;54;1;1;2;1;9;0;1;6;5;
0104;59161002;STIMMBEZIRK;01059594916104;1227;1042;185;0;580;580;0;0;6;574;245;96;91;15;20;9;94;1;;;2;;1;;;;;4;576;262;76;81;19;20;8;89;1;1;5;1;4;0;1;7;1;
0104;59161003;STIMMBEZIRK;01059594916104;1043;847;196;0;564;562;2;0;6;558;231;79;96;30;18;8;75;6;;;14;;1;;;;;3;561;225;62;92;44;20;8;79;0;2;4;0;15;1;0;6;3;
0104;59949001;BRIEFWAHLBEZIRK;01059594916104;0;0;0;0;601;0;0;0;5;596;212;117;106;30;14;13;73;11;;;18;;2;;;;;1;600;262;95;98;27;17;10;56;1;4;5;1;13;0;1;7;3;
0104;59185001;STIMMBEZIRK;01059594918504;1355;1111;244;0;613;613;0;0;9;604;275;99;81;26;25;9;64;7;;;15;;3;;;;;3;610;284;78;81;36;25;7;67;3;5;0;2;15;1;0;3;3;
0104;59185002;STIMMBEZIRK;01059594918504;1397;1123;274;0;560;560;0;0;5;555;224;102;80;28;21;8;68;6;;;14;;4;;;;;3;557;239;87;75;36;25;6;62;0;3;7;0;12;0;0;3;2;
0104;59185003;STIMMBEZIRK;01059594918504;1373;1106;267;0;624;622;2;0;4;620;256;92;98;29;22;12;88;7;;;12;;4;;;;;2;622;283;73;92;30;27;5;91;0;4;1;0;10;0;0;3;3;
0104;59949002;BRIEFWAHLBEZIRK;01059594918504;0;0;0;0;747;0;0;0;8;739;295;125;123;33;21;10;88;16;;;24;;4;;;;;5;742;358;99;100;41;21;4;66;4;15;4;2;21;0;1;4;2;
0104;59105001;STIMMBEZIRK;01059595210504;92;84;8;0;51;51;0;0;1;50;24;5;5;4;1;0;11;0;;;0;;0;;;;;1;50;20;7;4;6;1;0;11;0;0;1;0;0;0;0;0;0;
0104;59115001;STIMMBEZIRK;01059595211504;989;783;206;0;481;478;3;0;4;477;181;80;69;23;23;13;73;6;;;8;;1;;;;;3;478;194;63;58;26;27;3;85;0;3;3;1;5;1;0;6;3;
0104;59115002;STIMMBEZIRK;01059595211504;904;760;144;0;459;459;0;0;5;454;170;69;81;24;14;8;78;4;;;5;;1;;;;;4;455;179;58;70;27;15;6;77;3;2;3;1;4;1;1;4;4;
0104;59115003;STIMMBEZIRK;01059595211504;733;629;104;0;347;347;0;0;2;345;119;45;51;19;15;10;79;2;;;5;;0;;;;;3;344;129;38;47;26;14;6;69;0;1;3;1;7;1;0;2;0;
0104;59123001;STIMMBEZIRK;01059595212304;505;457;48;0;314;314;0;0;5;309;146;36;31;17;10;1;51;8;;;8;;1;;;;;3;311;154;27;30;20;12;1;47;2;2;7;0;6;0;0;3;0;
0104;59124001;STIMMBEZIRK;01059595212404;130;100;30;0;56;56;0;0;0;56;25;9;11;5;0;0;5;1;;;0;;0;;;;;0;56;26;5;8;2;1;0;12;1;0;1;0;0;0;0;0;0;
0104;59129001;STIMMBEZIRK;01059595212904;246;228;18;0;149;149;0;0;4;145;60;19;21;11;6;2;23;0;;;3;;0;;;;;1;148;57;13;33;9;6;2;23;1;0;1;0;3;0;0;0;0;
0104;59143001;STIMMBEZIRK;01059595214304;787;652;135;0;366;366;0;0;1;365;159;67;49;14;9;2;60;3;;;0;;2;;;;;1;365;170;52;54;11;10;2;62;0;0;1;0;0;0;0;2;1;
0104;59144001;STIMMBEZIRK;01059595214404;591;543;48;0;333;333;0;0;1;332;145;55;51;8;11;2;41;5;;;12;;2;;;;;2;331;153;39;47;11;14;4;44;1;2;1;0;13;0;0;1;1;
0104;59149001;STIMMBEZIRK;01059595214904;391;321;70;0;204;204;0;0;7;197;79;29;34;10;7;3;28;3;;;3;;1;;;;;5;199;89;27;28;8;7;2;29;1;4;1;0;2;0;0;1;0;
0104;59151001;STIMMBEZIRK;01059595215104;267;228;39;0;179;179;0;0;2;177;75;32;29;7;7;2;19;0;;;5;;1;;;;;0;179;86;23;25;7;8;1;22;0;0;1;0;6;0;0;0;0;
0104;59158001;STIMMBEZIRK;01059595215804;1156;913;243;0;553;553;0;0;8;545;199;114;112;16;9;4;69;9;;;10;;3;;;;;8;545;226;76;105;26;9;3;75;1;2;3;2;7;2;1;3;4;
0104;59158002;STIMMBEZIRK;01059595215804;1047;863;184;0;473;473;0;0;6;467;198;74;63;20;16;6;79;6;;;3;;2;;;;;5;468;210;55;65;17;13;3;82;7;1;7;0;4;0;0;2;2;
0104;59173001;STIMMBEZIRK;01059595217304;771;675;96;0;389;389;0;0;3;386;125;58;63;13;22;9;81;4;;;9;;2;;;;;3;386;133;48;58;16;20;5;87;5;2;0;0;5;0;1;3;3;
0104;59177001;STIMMBEZIRK;01059595217704;358;321;37;0;193;193;0;0;4;189;93;20;24;8;7;5;23;3;;;6;;0;;;;;1;192;92;14;25;8;9;2;30;2;2;1;2;5;0;0;0;0;
0104;59179001;STIMMBEZIRK;01059595217904;221;202;19;0;142;142;0;0;3;139;66;23;17;7;9;0;14;1;;;2;;0;;;;;1;141;70;22;16;5;10;0;13;1;1;1;0;1;0;0;1;0;
0104;59179002;STIMMBEZIRK;01059595217904;377;315;62;0;199;198;1;0;0;199;86;27;27;10;8;0;36;2;;;2;;1;;;;;0;199;84;22;33;9;8;0;38;1;0;1;0;2;0;0;1;0;
0104;59179003;STIMMBEZIRK;01059595217904;294;256;38;0;161;161;0;0;1;160;89;21;14;8;11;3;9;2;;;3;;0;;;;;0;161;88;14;20;11;12;0;12;0;0;0;0;2;0;0;2;0;
0104;59179004;STIMMBEZIRK;01059595217904;182;173;9;0;110;110;0;0;2;108;55;15;8;6;3;1;11;7;;;2;;0;;;;;1;109;58;16;4;9;5;1;11;0;1;1;0;2;0;0;1;0;
0104;59179005;STIMMBEZIRK;01059595217904;533;464;69;0;292;292;0;0;1;291;137;38;29;17;3;8;47;9;;;3;;0;;;;;0;292;145;32;23;17;5;3;49;7;3;2;1;5;0;0;0;0;
0105;59012001;STIMMBEZIRK;01059591501205;635;471;164;0;306;306;0;0;0;306;122;56;83;12;6;4;19;3;;1;;;0;;;;;0;306;130;48;77;10;7;1;20;1;3;0;1;4;0;0;4;0;
0105;59018001;STIMMBEZIRK;01059591501805;863;689;174;0;378;378;0;0;4;374;193;66;38;12;11;4;41;8;;0;;;1;;;;;3;375;187;52;51;18;14;5;42;0;3;0;1;0;1;0;1;0;
0105;59018002;STIMMBEZIRK;01059591501805;798;625;173;0;367;367;0;0;6;361;180;53;46;19;14;3;39;5;;1;;;1;;;;;3;364;184;33;42;31;17;3;45;1;0;1;1;4;0;1;0;1;
0105;59019001;STIMMBEZIRK;01059591501905;968;821;147;0;477;477;0;0;2;475;216;81;46;19;23;8;69;12;;1;;;0;;;;;2;475;223;66;44;21;23;5;77;2;5;3;0;4;0;0;1;1;
0105;59026001;STIMMBEZIRK;01059591502605;1021;711;310;0;446;446;0;0;3;443;215;80;67;21;14;3;34;6;;2;;;1;;;;;2;444;216;56;81;29;13;3;38;1;2;1;0;3;0;0;1;0;
0105;59026002;STIMMBEZIRK;01059591502605;1145;799;346;0;550;550;0;0;3;547;233;100;92;35;27;6;47;7;;0;;;0;;;;;1;549;261;54;102;42;29;9;42;0;3;0;1;2;2;0;0;2;
0105;59032001;STIMMBEZIRK;01059591503205;307;239;68;0;170;170;0;0;2;168;70;33;29;6;3;1;24;2;;0;;;0;;;;;0;170;75;23;25;9;3;2;28;0;1;0;1;2;0;0;1;0;
0105;59043001;STIMMBEZIRK;01059591504305;833;726;107;0;421;421;0;0;4;417;186;74;29;23;38;3;56;8;;0;;;0;;;;;3;418;185;58;36;24;38;2;60;3;4;1;0;0;0;1;5;1;
0105;59056001;STIMMBEZIRK;01059591505605;182;149;33;0;95;95;0;0;3;92;38;16;12;2;7;0;14;3;;0;;;0;;;;;2;93;35;13;14;2;6;0;17;1;0;1;1;3;0;0;0;0;
0105;59078001;STIMMBEZIRK;01059591507805;696;535;161;0;381;381;0;0;5;376;160;56;70;9;20;5;53;3;;0;;;0;;;;;3;378;164;38;74;17;21;5;53;0;2;1;0;1;0;0;2;0;
0105;59002001;STIMMBEZIRK;01059592000205;244;181;63;0;199;140;0;59;1;198;48;30;84;5;3;6;19;0;;1;;;2;;;;;0;199;51;21;83;5;2;5;26;1;0;0;0;3;0;0;0;2;
0105;59034001;STIMMBEZIRK;01059592003405;197;161;36;0;150;115;0;35;1;149;49;31;32;6;2;6;22;1;;0;;;0;;;;;1;149;51;27;26;10;2;3;23;0;0;4;0;3;0;0;0;0;
0105;59067001;STIMMBEZIRK;01059592006705;256;217;39;0;173;134;0;39;3;170;80;44;12;12;3;2;15;2;;0;;;0;;;;;3;170;86;26;17;17;4;3;11;0;1;1;0;3;0;0;1;0;
0105;59068001;STIMMBEZIRK;01059592006805;516;409;107;0;338;234;0;104;4;334;132;81;51;16;21;1;26;4;;0;;;2;;;;;2;336;149;55;52;16;20;2;26;1;1;2;0;8;0;0;4;0;
0105;59006001;STIMMBEZIRK;01059597400605;612;486;126;0;407;291;0;116;8;399;166;60;71;16;6;6;60;10;;1;;;3;;;;;1;406;164;45;66;19;11;6;75;1;11;1;1;1;0;0;3;2;
0105;59055001;STIMMBEZIRK;01059597405505;220;174;46;0;149;105;0;44;2;147;67;19;26;6;5;3;18;2;;0;;;1;;;;;1;148;67;13;23;9;4;2;18;1;2;0;0;7;0;0;1;1;
0105;59060001;STIMMBEZIRK;01059597406005;793;653;140;0;590;464;0;126;7;583;266;85;96;19;21;10;74;8;;1;;;3;;;;;4;586;254;68;109;16;20;11;78;1;8;3;0;6;0;2;7;3;
0105;59063001;STIMMBEZIRK;01059597406305;553;472;81;0;375;297;0;78;7;368;123;85;52;10;22;2;60;8;;0;;;6;;;;;6;369;120;67;58;13;21;2;66;4;5;1;1;6;0;0;4;1;
0105;59065001;STIMMBEZIRK;01059597406505;106;93;13;0;82;70;0;12;1;81;39;21;10;1;1;0;6;2;;0;;;1;;;;;3;79;39;9;12;1;1;1;9;0;3;0;0;4;0;0;0;0;
0105;59070001;STIMMBEZIRK;01059597407005;202;184;18;0;160;143;0;17;1;159;53;30;35;10;6;3;17;3;;0;;;2;;;;;0;160;57;17;41;16;7;3;9;0;1;0;0;7;0;0;2;0;
0105;59072001;STIMMBEZIRK;01059597407205;181;139;42;0;140;99;0;41;4;136;68;16;13;6;1;2;25;5;;0;;;0;;;;;1;139;71;12;11;10;2;1;25;0;2;1;0;3;0;0;0;1;
0105;59074001;STIMMBEZIRK;01059597407405;310;245;65;0;210;151;0;59;0;210;95;42;34;6;5;5;20;2;;1;;;0;;;;;0;210;89;29;35;12;8;6;25;0;1;0;0;4;0;0;1;0;
0105;59080001;STIMMBEZIRK;01059597408005;663;521;142;0;455;315;0;140;5;450;179;95;84;11;6;10;54;5;;0;;;6;;;;;4;451;183;83;88;18;6;11;44;0;3;4;1;1;0;0;7;2;
0105;59083001;STIMMBEZIRK;01059597408305;1205;932;273;0;518;518;0;0;8;510;209;101;76;22;22;3;59;9;;1;;;8;;;;;4;514;210;73;69;27;18;3;76;1;14;4;1;8;0;1;3;6;
0105;59083002;STIMMBEZIRK;01059597408305;1439;1117;322;0;575;575;0;0;10;565;286;87;71;18;22;12;49;16;;0;;;4;;;;;5;570;269;68;82;25;19;13;46;2;21;7;1;12;0;0;4;1;
0105;59083003;STIMMBEZIRK;01059597408305;1031;853;178;0;406;406;0;0;4;402;158;60;54;12;21;7;69;17;;0;;;4;;;;;5;401;166;55;50;13;16;9;64;0;17;3;0;1;0;0;4;3;
0105;59083004;STIMMBEZIRK;01059597408305;328;259;69;0;129;129;0;0;2;127;59;25;17;6;8;0;11;1;;0;;;0;;;;;1;128;61;19;14;9;7;2;15;0;0;0;0;1;0;0;0;0;
0105;59083005;STIMMBEZIRK;01059597408305;235;201;34;0;128;128;0;0;10;118;57;6;27;3;2;2;18;2;;0;;;1;;;;;4;124;58;5;26;6;2;1;20;1;2;0;0;1;0;0;0;2;
0105;59974001;BRIEFWAHLBEZIRK;01059597408305;0;0;0;0;817;0;0;0;2;815;353;163;116;20;29;17;85;16;;4;;;12;;;;;2;815;373;126;103;31;28;11;94;2;22;2;1;10;1;2;5;4;
0105;59094001;STIMMBEZIRK;01059597409405;603;432;171;0;436;274;0;162;9;427;169;83;97;23;6;8;28;9;;1;;;3;;;;;1;435;183;59;100;24;10;5;26;3;1;6;0;9;0;0;7;2;
0105;59095001;STIMMBEZIRK;01059597409505;195;170;25;0;122;102;0;20;3;119;42;20;30;7;2;5;11;2;;0;;;0;;;;;3;119;42;13;33;5;2;5;17;0;1;0;0;1;0;0;0;0;
0105;59187001;STIMMBEZIRK;01059597418705;983;720;263;0;730;475;0;255;6;724;311;144;113;31;26;9;70;16;;4;;;0;;;;;2;728;315;93;127;36;23;9;89;1;15;2;0;12;0;0;5;1;
0105;59008001;STIMMBEZIRK;01059598700805;1179;1001;178;0;686;520;0;166;8;678;315;123;78;24;29;11;86;10;;1;;;1;;;;;7;679;330;92;77;33;32;9;74;3;2;5;1;14;0;0;4;3;
0105;59037001;STIMMBEZIRK;01059598703705;713;634;79;0;473;399;0;74;7;466;207;72;55;17;29;11;73;2;;0;;;0;;;;;6;467;225;49;52;10;29;7;67;3;1;2;1;13;0;0;6;2;
0105;59042001;STIMMBEZIRK;01059598704205;720;582;138;0;496;370;0;126;5;491;199;74;66;15;32;7;89;7;;2;;;0;;;;;3;493;209;58;71;24;35;5;80;1;1;2;0;1;0;0;6;0;
0105;59049001;STIMMBEZIRK;01059598704905;376;325;51;0;255;214;0;41;0;255;107;46;35;11;14;3;34;2;;2;;;1;;;;;0;255;108;37;35;14;13;3;37;0;2;1;0;2;0;1;1;1;
0105;59062001;STIMMBEZIRK;01059598706205;965;833;132;0;720;594;4;122;6;714;261;159;130;19;32;13;88;10;;1;;;1;;;;;1;719;306;100;126;27;31;9;99;1;7;1;1;6;0;0;3;2;
0105;59073001;STIMMBEZIRK;01059598707305;1309;1026;283;0;879;611;1;267;11;868;322;182;140;51;36;13;113;10;;1;;;0;;;;;7;872;367;108;156;44;34;11;118;4;5;2;1;16;0;0;5;1;
0105;59081001;STIMMBEZIRK;01059598708105;710;575;135;0;449;327;0;122;2;447;200;71;62;9;14;12;69;10;;0;;;0;;;;;3;446;202;63;56;15;19;5;58;0;9;5;1;5;0;0;7;1;
0105;59082001;STIMMBEZIRK;01059598708205;558;472;86;0;389;310;0;79;6;383;169;82;51;11;13;8;45;4;;0;;;0;;;;;1;388;164;51;55;16;13;2;56;3;2;5;1;11;2;2;5;0;
0105;59084001;STIMMBEZIRK;01059598708405;383;347;36;0;255;222;0;33;2;253;108;46;39;10;6;3;37;4;;0;;;0;;;;;3;252;121;29;39;8;7;1;33;0;4;2;0;1;1;2;4;0;
0105;59086001;STIMMBEZIRK;01059598708605;763;642;121;0;531;424;0;107;10;521;221;101;85;18;24;15;53;2;;0;;;2;;;;;9;522;234;65;89;22;26;10;59;4;1;2;1;8;0;0;1;0;
0105;59090001;STIMMBEZIRK;01059598709005;861;729;132;0;508;383;0;125;4;504;194;103;64;18;30;11;74;6;;1;;;3;;;;;1;507;201;71;66;25;29;10;81;1;4;6;3;5;2;0;1;2;
0105;59093001;STIMMBEZIRK;01059598709305;333;279;54;0;204;154;0;50;1;203;77;25;46;10;10;4;27;2;;1;;;1;;;;;2;202;76;23;45;13;8;2;20;0;3;2;0;5;0;1;1;3;
0105;59097001;STIMMBEZIRK;01059598709705;384;306;78;0;270;204;0;66;4;266;129;37;38;10;7;7;37;1;;0;;;0;;;;;3;267;132;33;38;9;9;8;34;0;0;0;0;3;0;0;0;1;
0105;59098001;STIMMBEZIRK;01059598709805;1107;919;188;0;739;565;0;174;8;731;281;204;92;25;25;10;81;11;;1;;;1;;;;;4;735;327;129;110;26;24;8;78;7;5;3;0;9;0;0;5;4;
0105;59189001;STIMMBEZIRK;01059598718905;555;442;113;0;405;303;2;100;6;399;176;52;86;22;15;4;41;2;;1;;;0;;;;;2;403;191;30;97;25;15;3;34;0;1;0;0;6;0;0;1;0;
0105;59102001;STIMMBEZIRK;01059599010205;164;136;28;0;107;107;0;0;1;106;57;16;14;2;4;1;12;0;;0;;;0;;;;;1;106;55;13;12;3;4;2;15;1;0;0;0;1;0;0;0;0;
0105;59109001;STIMMBEZIRK;01059599010905;624;505;119;0;325;323;2;0;2;323;154;37;69;10;3;2;43;3;;2;;;0;;;;;2;323;150;29;67;21;4;1;37;2;1;2;1;5;1;0;1;1;
0105;59112001;STIMMBEZIRK;01059599011205;1787;1423;364;0;845;845;0;0;13;832;403;140;125;25;46;15;70;3;;2;;;3;;;;;9;836;411;90;132;34;43;12;87;1;4;3;1;11;1;2;4;0;
0105;59121001;STIMMBEZIRK;01059599012105;746;631;115;0;408;408;0;0;2;406;195;82;45;10;17;8;43;4;;1;;;1;;;;;2;406;206;60;56;12;17;6;40;1;0;1;0;6;0;0;1;0;
0105;59136001;STIMMBEZIRK;01059599013605;217;158;59;0;113;112;1;0;4;109;47;24;20;4;1;1;12;0;;0;;;0;;;;;3;110;44;17;24;7;1;1;14;0;0;0;0;1;0;0;0;1;
0105;59142001;STIMMBEZIRK;01059599014205;550;419;131;0;278;276;2;0;3;275;130;60;40;5;6;4;29;1;;0;;;0;;;;;2;276;136;56;35;6;3;6;29;0;0;1;1;1;0;0;2;0;
0105;59147001;STIMMBEZIRK;01059599014705;112;84;28;0;56;56;0;0;1;55;20;7;17;2;0;0;9;0;;0;;;0;;;;;1;55;23;7;13;1;0;1;7;0;0;1;0;1;0;0;1;0;
0105;59148001;STIMMBEZIRK;01059599014805;473;327;146;0;204;204;0;0;2;202;104;26;32;9;5;2;20;2;;0;;;2;;;;;0;204;107;22;32;14;4;1;18;1;1;0;0;1;0;0;1;2;
0105;59152001;STIMMBEZIRK;01059599015205;126;97;29;0;77;77;0;0;0;77;36;17;11;0;4;0;5;2;;1;;;1;;;;;0;77;36;16;10;2;4;1;2;0;1;0;0;3;0;0;0;2;
0105;59154001;STIMMBEZIRK;01059599015405;531;432;99;0;272;272;0;0;1;271;119;53;40;6;11;3;33;5;;0;;;1;;;;;0;272;124;47;34;13;10;1;39;0;3;0;0;1;0;0;0;0;
0105;59155001;STIMMBEZIRK;01059599015505;245;207;38;0;130;130;0;0;2;128;58;28;11;4;4;4;15;2;;0;;;2;;;;;1;129;56;20;14;8;5;4;15;0;0;0;0;5;0;0;1;1;
0105;59163001;STIMMBEZIRK;01059599016305;191;128;63;0;91;91;0;0;1;90;47;12;10;4;6;1;9;0;;1;;;0;;;;;2;89;55;6;11;1;6;0;5;1;0;0;1;2;0;0;1;0;
0105;59164001;STIMMBEZIRK;01059599016405;709;547;162;0;362;362;0;0;10;352;173;51;65;13;12;7;28;3;;0;;;0;;;;;5;357;170;43;59;20;11;6;37;0;0;3;0;7;0;0;1;0;
0105;59167001;STIMMBEZIRK;01059599016705;1142;920;222;0;588;588;0;0;4;584;268;91;108;16;20;9;68;2;;0;;;2;;;;;5;583;273;73;101;23;19;6;63;1;3;2;0;11;0;1;4;3;
0105;59168001;STIMMBEZIRK;01059599016805;594;448;146;0;287;287;0;0;4;283;141;50;45;9;4;6;23;3;;1;;;1;;;;;3;284;137;38;50;13;5;4;28;0;3;0;2;3;0;0;1;0;
0105;59186001;STIMMBEZIRK;01059599018605;804;649;155;0;379;379;0;0;5;374;174;67;54;15;11;6;42;3;;1;;;1;;;;;3;376;177;52;51;19;11;2;45;1;1;3;0;7;0;1;6;0;
0105;59186002;STIMMBEZIRK;01059599018605;829;610;219;0;369;369;0;0;4;365;152;64;83;6;10;6;37;5;;1;;;1;;;;;2;367;151;36;96;10;9;7;35;0;2;2;0;14;1;0;1;3;
0105;59186003;STIMMBEZIRK;01059599018605;744;606;138;0;390;390;0;0;5;385;143;75;80;5;13;12;47;6;;1;;;3;;;;;2;388;144;61;82;11;9;9;44;6;2;2;0;13;1;0;2;2;
0106;51005001;STIMMBEZIRK;01051516900506;151;128;23;0;100;100;0;0;3;97;50;17;7;6;7;4;6;0;;;;;0;;;0;;3;97;51;12;6;6;7;4;9;0;0;0;0;0;0;1;1;0;
0106;51008001;STIMMBEZIRK;01051516900806;31;26;5;0;19;19;0;0;0;19;14;0;0;4;0;0;1;0;;;;;0;;;0;;0;19;15;1;1;1;0;0;1;0;0;0;0;0;0;0;0;0;
0106;51019001;STIMMBEZIRK;01051516901906;621;539;82;0;299;299;0;0;4;295;186;11;27;33;19;3;11;5;;;;;0;;;0;;3;296;179;14;26;32;20;4;13;0;3;1;1;3;0;0;0;0;
0106;51020001;STIMMBEZIRK;01051516902006;661;538;123;0;349;349;0;0;2;347;161;39;39;54;24;8;20;2;;;;;0;;;0;;2;347;172;38;42;40;22;7;15;1;1;0;0;8;0;0;1;0;
0106;51023001;STIMMBEZIRK;01051516902306;535;468;67;0;213;213;0;0;9;204;116;19;19;22;15;3;10;0;;;;;0;;;0;;4;209;116;23;16;16;20;3;10;0;1;1;0;1;0;0;1;1;
0106;51030001;STIMMBEZIRK;01051516903006;236;194;42;0;116;116;0;0;1;115;58;14;9;23;7;1;3;0;;;;;0;;;0;;0;116;68;13;10;11;8;0;2;1;0;0;0;0;0;1;2;0;
0106;51035001;STIMMBEZIRK;01051516903506;146;123;23;0;66;66;0;0;0;66;36;15;3;6;2;2;1;1;;;;;0;;;0;;0;66;36;14;2;2;3;2;2;0;0;1;0;2;1;0;0;1;
0106;51036001;STIMMBEZIRK;01051516903606;90;71;19;0;54;54;0;0;1;53;19;3;4;24;0;0;2;1;;;;;0;;;0;;1;53;20;3;5;20;1;0;3;0;0;0;1;0;0;0;0;0;
0106;51038001;STIMMBEZIRK;01051516903806;68;55;13;0;25;25;0;0;0;25;15;6;2;1;0;0;1;0;;;;;0;;;0;;0;25;14;7;2;1;0;0;1;0;0;0;0;0;0;0;0;0;
0106;51047001;STIMMBEZIRK;01051516904706;381;306;75;0;156;156;0;0;3;153;81;24;16;13;6;0;10;2;;;;;1;;;0;;3;153;87;16;20;14;5;0;7;0;0;0;0;2;0;1;0;1;
0106;51049001;STIMMBEZIRK;01051516904906;1742;1385;357;0;709;709;0;0;5;704;235;76;44;254;51;20;16;7;;;;;1;;;0;;3;706;291;85;77;142;54;7;25;0;2;10;0;5;0;0;7;1;
0106;51052001;STIMMBEZIRK;01051516905206;50;34;16;0;25;25;0;0;0;25;11;0;2;11;1;0;0;0;;;;;0;;;0;;0;25;10;1;1;11;1;0;1;0;0;0;0;0;0;0;0;0;
0106;51053001;STIMMBEZIRK;01051516905306;263;223;40;0;124;124;0;0;2;122;66;10;11;19;10;0;4;2;;;;;0;;;0;;1;123;61;16;14;12;12;0;4;1;2;1;0;0;0;0;0;0;
0106;51058001;STIMMBEZIRK;01051516905806;116;97;19;0;66;66;0;0;1;65;47;6;1;4;2;2;1;2;;;;;0;;;0;;0;66;40;4;3;10;3;0;2;1;0;1;0;2;0;0;0;0;
0106;51060001;STIMMBEZIRK;01051516906006;350;293;57;0;192;192;0;0;2;190;98;18;7;34;9;2;20;1;;;;;1;;;0;;1;191;109;19;13;15;9;1;22;0;0;1;0;0;0;0;2;0;
0106;51061001;STIMMBEZIRK;01051516906106;522;437;85;0;231;231;0;0;7;224;80;67;17;25;12;3;18;2;;;;;0;;;0;;4;227;88;60;20;22;14;2;18;1;0;0;0;0;0;0;2;0;
0106;51065001;STIMMBEZIRK;01051516906506;915;744;171;0;394;394;0;0;6;388;164;88;35;22;23;8;43;4;;;;;0;;;1;;6;388;169;71;35;18;20;6;51;1;3;2;0;6;0;1;5;0;
0106;51068001;STIMMBEZIRK;01051516906806;719;559;160;0;332;332;0;0;4;328;178;30;22;51;30;4;13;0;;;;;0;;;0;;4;328;171;29;33;40;30;4;16;0;1;2;1;0;0;0;1;0;
0106;51071001;STIMMBEZIRK;01051516907106;1327;1105;222;0;363;363;0;0;10;353;147;102;37;13;24;2;25;3;;;;;0;;;0;;6;357;158;83;41;6;23;4;33;2;0;4;0;2;0;0;1;0;
0106;51080001;STIMMBEZIRK;01051516908006;116;101;15;0;57;57;0;0;2;55;37;9;4;2;3;0;0;0;;;;;0;;;0;;2;55;34;7;6;4;3;0;1;0;0;0;0;0;0;0;0;0;
0106;51088001;STIMMBEZIRK;01051516908806;981;805;176;0;430;430;0;0;5;425;251;44;30;43;26;9;19;1;;;;;2;;;0;;3;427;239;38;31;38;28;4;35;1;0;5;0;4;2;0;2;0;
0106;51092001;STIMMBEZIRK;01051516909206;454;367;87;0;215;215;0;0;0;215;98;35;19;23;24;5;9;2;;;;;0;;;0;;0;215;92;36;17;17;21;8;17;0;0;1;0;0;0;0;6;0;
0106;51096001;STIMMBEZIRK;01051516909606;260;214;46;0;146;146;0;0;0;146;72;20;23;10;9;2;10;0;;;;;0;;;0;;0;146;71;19;20;13;6;0;13;0;1;1;0;1;0;0;1;0;
0106;51100001;STIMMBEZIRK;01051516910006;514;426;88;0;248;248;0;0;6;242;146;26;22;23;11;2;10;2;;;;;0;;;0;;3;245;138;29;24;21;11;1;12;0;0;1;0;6;0;1;1;0;
0106;51102001;STIMMBEZIRK;01051516910206;193;154;39;0;91;91;0;0;0;91;49;7;6;20;7;0;1;0;;;;;1;;;0;;0;91;54;10;3;10;6;1;5;0;0;1;0;0;0;0;0;1;
0106;51114001;STIMMBEZIRK;01051516911406;2106;1652;454;0;898;898;0;0;13;885;497;117;72;87;44;5;46;13;;;;;4;;;0;;10;888;476;117;83;68;45;4;53;4;5;9;0;13;2;0;7;2;
0106;51114002;STIMMBEZIRK;01051516911406;96;87;9;0;54;54;0;0;0;54;38;5;0;9;1;0;1;0;;;;;0;;;0;;0;54;36;4;0;11;1;0;2;0;0;0;0;0;0;0;0;0;
0106;51117001;STIMMBEZIRK;01051516911706;138;94;44;0;71;71;0;0;3;68;35;10;5;9;3;2;4;0;;;;;0;;;0;;2;69;35;9;6;7;3;0;7;0;0;0;1;1;0;0;0;0;
0106;51120001;STIMMBEZIRK;01051516912006;32;28;4;0;24;24;0;0;0;24;6;5;7;3;0;2;1;0;;;;;0;;;0;;1;23;6;4;7;2;0;0;0;0;0;2;0;1;1;0;0;0;
0106;51125001;STIMMBEZIRK;01051516912506;344;270;74;0;152;152;0;0;3;149;70;21;10;17;11;3;10;5;;;;;1;;;1;;3;149;72;16;17;17;9;3;7;1;2;0;0;3;1;0;1;0;
0106;51131001;STIMMBEZIRK;01051516913106;98;75;23;0;60;60;0;0;0;60;39;7;7;4;1;0;2;0;;;;;0;;;0;;0;60;37;5;6;7;1;0;1;0;0;2;0;1;0;0;0;0;
0106;51133001;STIMMBEZIRK;01051516913306;134;106;28;0;73;73;0;0;2;71;42;5;5;7;8;1;3;0;;;;;0;;;0;;2;71;38;5;6;7;7;0;6;0;1;0;0;0;0;1;0;0;
0106;51136001;STIMMBEZIRK;01051516913606;616;532;84;0;334;334;0;0;8;326;213;30;19;23;23;2;10;6;;;;;0;;;0;;2;332;206;23;20;34;22;1;15;0;2;1;0;5;0;1;2;0;
0106;51139001;STIMMBEZIRK;01051516913906;282;245;37;0;152;152;0;0;2;150;100;12;9;19;2;1;5;1;;;;;1;;;0;;2;150;97;9;10;14;4;1;8;1;0;1;0;3;0;0;1;1;
0106;51141001;STIMMBEZIRK;01051516914106;441;353;88;0;209;209;0;0;0;209;107;22;21;32;16;3;6;1;;;;;1;;;0;;1;208;104;25;24;22;14;1;6;1;2;0;3;0;0;0;4;2;
0106;51048001;STIMMBEZIRK;01051517204806;866;712;154;0;373;373;0;0;4;369;201;59;30;31;19;7;15;6;;;;;0;;;1;;2;371;194;58;27;31;23;5;18;3;4;4;1;0;0;0;2;1;
0106;51048002;STIMMBEZIRK;01051517204806;728;587;141;0;287;287;0;0;4;283;122;70;18;29;19;5;18;2;;;;;0;;;0;;3;284;133;64;10;28;17;5;18;0;1;2;0;2;0;0;2;2;
0106;51048003;STIMMBEZIRK;01051517204806;751;608;143;0;324;324;0;0;2;322;136;68;18;40;26;6;19;9;;;;;0;;;0;;0;324;143;61;22;34;26;3;21;0;8;1;1;1;0;0;3;0;
0106;51067001;STIMMBEZIRK;01051517206706;341;297;44;0;175;175;0;0;4;171;99;20;13;12;11;2;12;2;;;;;0;;;0;;4;171;99;15;14;15;12;2;9;0;2;2;0;0;0;0;1;0;
0106;51069001;STIMMBEZIRK;01051517206906;907;725;182;0;430;430;0;0;4;426;181;89;64;36;25;6;16;4;;;;;4;;;1;;1;429;198;68;65;30;28;5;22;2;2;3;0;2;0;0;3;1;
0106;51069002;STIMMBEZIRK;01051517206906;842;649;193;0;446;446;0;0;8;438;226;86;52;42;8;7;11;4;;;;;1;;;1;;8;438;223;65;61;46;10;7;9;0;4;5;1;2;0;0;0;5;
0106;51075001;STIMMBEZIRK;01051517207506;792;660;132;0;360;360;0;0;5;355;168;64;31;36;29;2;16;6;;;;;1;;;2;;5;355;169;55;36;25;33;4;17;0;2;5;0;6;0;0;2;1;
0106;51081001;STIMMBEZIRK;01051517208106;203;159;44;0;92;92;0;0;2;90;54;9;7;10;4;1;2;3;;;;;0;;;0;;1;91;50;10;5;15;4;1;1;1;2;0;1;1;0;0;0;0;
0106;51082001;STIMMBEZIRK;01051517208206;846;672;174;0;368;368;0;0;3;365;170;70;39;20;30;10;19;5;;;;;2;;;0;;3;365;175;59;51;14;26;7;20;0;2;5;1;4;0;0;1;0;
0106;51082002;STIMMBEZIRK;01051517208206;830;647;183;0;427;427;0;0;10;417;230;67;40;39;21;1;14;4;;;;;1;;;0;;5;422;218;62;47;42;24;5;13;2;1;2;0;2;0;0;3;1;
0106;51082003;STIMMBEZIRK;01051517208206;624;517;107;0;302;302;0;0;3;299;145;52;37;15;17;8;19;5;;;;;0;;;1;;4;298;146;46;29;17;15;6;22;0;3;3;2;3;1;1;3;1;
0106;51087001;STIMMBEZIRK;01051517208706;775;618;157;0;400;400;0;0;2;398;196;62;37;51;29;7;12;3;;;;;1;;;0;;3;397;210;54;31;32;32;6;20;0;0;5;0;2;0;1;2;2;
0106;51107001;STIMMBEZIRK;01051517210706;388;341;47;0;152;152;0;0;2;150;77;17;8;23;12;2;9;2;;;;;0;;;0;;2;150;78;18;13;14;13;2;7;1;1;0;1;0;0;0;2;0;
0106;51113001;STIMMBEZIRK;01051517211306;942;732;210;0;409;409;0;0;3;406;213;67;28;26;23;6;33;9;;;;;1;;;0;;4;405;213;57;31;36;26;6;25;0;6;1;0;2;0;0;1;1;
0106;51122001;STIMMBEZIRK;01051517212206;993;810;183;0;427;427;0;0;4;423;225;64;48;46;18;11;8;2;;;;;1;;;0;;2;425;229;54;59;38;18;6;10;1;2;2;0;3;0;0;3;0;
0106;51122002;STIMMBEZIRK;01051517212206;931;707;224;0;404;404;0;0;1;403;196;70;48;43;12;5;20;8;;;;;1;;;0;;2;402;201;55;44;44;13;6;29;0;3;1;2;3;0;0;1;0;
0106;51130001;STIMMBEZIRK;01051517213006;1157;910;247;0;569;569;0;0;7;562;275;105;62;52;25;15;22;4;;;;;1;;;1;;2;567;276;94;68;51;33;6;23;0;5;5;3;2;0;0;0;1;
0106;59010001;STIMMBEZIRK;01059599301006;582;486;96;0;429;341;2;86;6;423;207;34;80;17;20;10;46;9;;;;;0;;;0;;2;427;207;42;79;16;25;4;40;1;3;1;0;6;0;0;3;0;
0106;59010002;STIMMBEZIRK;01059599301006;609;487;122;0;404;287;0;117;4;400;182;40;42;25;21;4;73;10;;;;;3;;;0;;2;402;206;29;40;18;21;5;68;0;2;1;0;5;2;0;5;0;
0106;59023001;STIMMBEZIRK;01059599302306;629;516;113;0;442;336;0;106;5;437;187;59;75;18;20;4;66;4;;;;;1;;;3;;2;440;205;57;56;23;17;3;65;0;0;3;1;1;0;1;7;1;
0106;59039001;STIMMBEZIRK;01059599303906;801;673;128;0;507;400;0;107;9;498;259;45;57;17;23;6;72;15;;;;;4;;;0;;6;501;266;36;63;19;23;2;63;4;5;3;7;6;1;2;1;0;
0106;59041001;STIMMBEZIRK;01059599304106;643;515;128;0;452;327;0;125;10;442;195;71;75;20;8;0;65;6;;;;;1;;;1;;11;441;212;43;79;23;10;1;59;2;3;0;0;2;0;0;6;1;
0106;59044001;STIMMBEZIRK;01059599304406;364;313;51;0;230;182;0;48;1;229;117;23;29;10;11;5;25;8;;;;;1;;;0;;1;229;108;25;24;16;9;2;28;1;4;0;0;8;0;0;3;1;
0106;59044002;STIMMBEZIRK;01059599304406;876;702;174;0;579;412;0;167;7;572;283;84;61;36;20;4;59;23;;;;;1;;;1;;3;576;292;76;60;34;19;5;56;1;15;3;3;7;0;2;1;2;
0106;59044003;STIMMBEZIRK;01059599304406;972;820;152;0;598;453;0;145;6;592;268;96;67;25;34;10;74;17;;;;;0;;;1;;4;594;298;82;62;23;34;10;66;1;7;3;3;2;0;0;2;1;
0106;59057001;STIMMBEZIRK;01059599305706;909;723;186;0;641;470;3;168;17;624;274;79;94;39;31;5;91;10;;;;;0;;;1;;6;635;297;69;93;38;28;3;83;2;4;1;1;10;0;0;6;0;
0106;59077001;STIMMBEZIRK;01059599307706;729;547;182;0;524;359;0;165;6;518;253;97;64;12;18;4;65;2;;;;;2;;;1;;4;520;259;83;61;19;20;2;63;1;2;5;0;0;0;0;4;1;
0106;59077002;STIMMBEZIRK;01059599307706;706;584;122;0;417;300;0;117;2;415;190;62;52;25;13;9;55;8;;;;;1;;;0;;2;415;223;47;42;21;11;11;48;1;3;0;0;2;0;1;3;2;
0106;59077003;STIMMBEZIRK;01059599307706;822;650;172;0;575;411;2;162;6;569;217;132;70;34;9;12;80;12;;;;;1;;;2;;2;573;257;100;63;42;11;9;70;1;5;1;2;7;1;0;2;2;
0106;59079001;STIMMBEZIRK;01059599307906;1574;1294;280;0;1008;745;0;263;18;990;461;141;110;61;65;16;114;18;;;;;2;;;2;;10;998;484;123;101;68;61;7;107;7;10;5;4;11;0;2;7;1;
0106;59079002;STIMMBEZIRK;01059599307906;371;334;37;0;222;187;0;35;2;220;118;22;20;11;16;1;25;7;;;;;0;;;0;;1;221;114;19;19;19;14;1;25;0;4;1;0;3;0;1;1;0;
0106;59092001;STIMMBEZIRK;01059599309206;1305;1037;268;0;851;629;0;222;12;839;444;102;96;35;39;13;95;15;;;;;0;;;0;;6;845;469;89;84;56;39;8;74;1;7;1;2;12;0;0;2;1;
0106;59001001;STIMMBEZIRK;01059599600106;274;243;31;0;149;149;0;0;3;146;73;22;19;10;3;1;18;0;;;;;0;;;0;;2;147;74;17;17;8;4;0;23;0;0;2;0;0;0;0;1;1;
0106;59005001;STIMMBEZIRK;01059599600506;609;528;81;0;342;342;0;0;3;339;184;46;48;5;25;5;20;6;;;;;0;;;0;;2;340;186;32;49;8;25;3;20;0;1;2;2;7;0;0;4;1;
0106;59009001;STIMMBEZIRK;01059599600906;636;547;89;0;325;325;0;0;4;321;176;36;46;13;13;5;28;1;;;;;1;;;2;;1;324;175;31;39;21;12;5;30;0;0;1;1;5;1;1;2;0;
0106;59020001;STIMMBEZIRK;01059599602006;473;396;77;0;212;212;0;0;1;211;118;23;20;9;12;1;22;4;;;;;0;;;2;;2;210;110;21;15;18;10;1;29;0;1;0;0;3;0;0;2;0;
0106;59024001;STIMMBEZIRK;01059599602406;1705;1432;273;0;825;825;0;0;10;815;483;121;67;36;37;7;57;7;;;;;0;;;0;;7;818;476;111;68;45;38;2;58;1;3;7;0;3;1;0;3;2;
0106;59035001;STIMMBEZIRK;01059599603506;787;695;92;0;384;384;0;0;6;378;191;49;45;18;18;2;42;4;;;;;0;;;9;;7;377;193;42;41;22;18;2;50;0;1;1;1;4;0;1;1;0;
0106;59050001;STIMMBEZIRK;01059599605006;442;375;67;0;237;237;0;0;2;235;115;35;24;9;8;1;35;6;;;;;1;;;1;;3;234;130;26;22;9;10;0;28;1;5;0;0;0;0;0;2;1;
0106;59051001;STIMMBEZIRK;01059599605106;280;237;43;0;153;153;0;0;3;150;82;16;15;6;8;0;19;3;;;;;0;;;1;;1;152;79;13;17;12;7;0;22;0;1;1;0;0;0;0;0;0;
0106;59053001;STIMMBEZIRK;01059599605306;1904;1569;335;0;573;573;0;0;6;567;291;97;60;28;26;13;38;11;;;;;1;;;2;;2;571;292;74;61;40;31;13;41;1;2;4;0;6;1;0;5;0;
0106;59053002;STIMMBEZIRK;01059599605306;1781;1388;393;0;659;659;0;0;4;655;344;102;83;24;34;6;46;11;;;;;4;;;1;;3;656;357;90;72;32;29;6;50;1;5;3;1;9;0;0;1;0;
0106;59053003;STIMMBEZIRK;01059599605306;1743;1351;392;0;734;734;0;0;5;729;343;113;104;39;38;11;65;9;;;;;3;;;4;;3;731;345;104;90;43;37;10;77;2;3;3;1;6;1;0;8;1;
0106;59058001;STIMMBEZIRK;01059599605806;575;510;65;0;319;319;0;0;0;319;210;22;29;22;6;8;22;0;;;;;0;;;0;;2;317;204;21;26;30;6;7;20;1;1;1;0;0;0;0;0;0;
0106;59087001;STIMMBEZIRK;01059599608706;783;657;126;0;429;429;0;0;4;425;248;51;47;19;25;4;25;6;;;;;0;;;0;;2;427;253;43;41;19;25;7;26;0;4;6;0;1;0;0;2;0;
0106;59088001;STIMMBEZIRK;01059599608806;243;221;22;0;163;163;0;0;7;156;80;15;3;17;16;2;18;5;;;;;0;;;0;;5;158;76;16;3;9;21;2;17;1;4;4;1;3;0;0;1;0;
0106;59096001;STIMMBEZIRK;01059599609606;407;368;39;0;236;236;0;0;8;228;112;30;28;7;18;4;26;3;;;;;0;;;0;;5;231;115;26;22;8;16;3;32;1;1;0;0;6;0;0;1;0;
0106;59188001;STIMMBEZIRK;01059599618806;950;779;171;0;424;424;0;0;5;419;190;73;64;24;16;3;42;5;;;;;2;;;0;;3;421;191;59;59;26;15;7;46;2;0;3;2;5;0;0;4;2;
0106;59188002;STIMMBEZIRK;01059599618806;612;501;111;0;272;272;0;0;2;270;157;53;20;7;4;1;26;1;;;;;0;;;1;;1;271;164;44;18;15;3;1;22;1;0;1;1;0;0;0;1;0;
0107;51003001;STIMMBEZIRK;01051516300307;493;411;82;0;204;204;0;0;2;202;109;42;6;19;21;1;;;;;2;;;;;2;;0;204;100;36;6;14;20;1;13;2;1;3;3;0;0;0;4;1;
0107;51010001;STIMMBEZIRK;01051516301007;173;137;36;0;70;70;0;0;1;69;43;9;7;3;5;1;;;;;1;;;;;0;;1;69;43;10;6;2;5;0;0;0;1;0;2;0;0;0;0;0;
0107;51012001;STIMMBEZIRK;01051516301207;847;739;108;0;411;411;0;0;5;406;229;61;23;61;24;3;;;;;3;;;;;2;;2;409;214;58;25;46;30;1;12;2;5;8;1;3;0;1;2;1;
0107;51016001;STIMMBEZIRK;01051516301607;1074;902;172;0;442;442;0;0;5;437;214;76;49;46;34;13;;;;;3;;;;;2;;7;435;208;67;51;32;34;7;21;2;2;7;1;3;0;0;0;0;
0107;51016002;STIMMBEZIRK;01051516301607;1236;989;247;0;491;491;0;0;10;481;247;65;55;69;29;8;;;;;7;;;;;1;;4;487;253;64;39;50;35;6;24;3;1;2;0;6;1;1;2;0;
0107;51016003;STIMMBEZIRK;01051516301607;1256;1053;203;0;492;492;0;0;11;481;236;80;56;66;34;7;;;;;0;;;;;2;;5;487;234;75;48;48;38;10;18;5;3;2;1;1;0;0;2;2;
0107;51022001;STIMMBEZIRK;01051516302207;541;479;62;0;276;276;0;0;4;272;120;78;19;31;16;8;;;;;0;;;;;0;;5;271;116;63;22;29;15;2;13;2;0;6;0;1;0;0;2;0;
0107;51024001;STIMMBEZIRK;01051516302407;1136;900;236;0;467;467;0;0;7;460;261;47;36;53;40;14;;;;;7;;;;;2;;8;459;249;48;29;41;44;3;25;5;2;3;0;4;0;0;5;1;
0107;51026001;STIMMBEZIRK;01051516302607;666;566;100;0;330;330;0;0;5;325;191;48;27;26;23;5;;;;;5;;;;;0;;3;327;181;37;26;22;23;4;24;1;2;0;0;3;0;0;3;1;
0107;51032001;STIMMBEZIRK;01051516303207;304;272;32;0;166;166;0;0;6;160;92;22;13;21;7;2;;;;;2;;;;;1;;3;163;90;16;14;19;7;2;5;1;3;1;0;1;1;0;2;1;
0107;51037001;STIMMBEZIRK;01051516303707;390;333;57;0;204;204;0;0;5;199;101;34;26;23;7;6;;;;;1;;;;;1;;3;201;105;26;21;17;7;5;11;1;1;2;0;2;0;0;3;0;
0107;51051001;STIMMBEZIRK;01051516305107;979;812;167;0;428;428;0;0;4;424;213;60;47;31;49;17;;;;;6;;;;;1;;2;426;207;58;32;36;45;12;23;1;0;5;0;3;0;1;3;0;
0107;51064001;STIMMBEZIRK;01051516306407;512;439;73;0;265;265;0;0;3;262;128;41;25;35;18;8;;;;;6;;;;;1;;4;261;130;37;23;21;16;4;12;1;5;3;1;5;1;0;1;1;
0107;51089001;STIMMBEZIRK;01051516308907;156;127;29;0;82;82;0;0;1;81;36;11;5;14;9;1;;;;;5;;;;;0;;2;80;31;10;7;9;10;1;3;0;3;2;0;4;0;0;0;0;
0107;51097001;STIMMBEZIRK;01051516309707;882;738;144;0;332;332;0;0;11;321;190;53;20;32;20;3;;;;;3;;;;;0;;9;323;181;40;25;22;26;3;14;0;1;3;1;4;0;2;0;1;
0107;51097002;STIMMBEZIRK;01051516309707;1021;822;199;0;379;379;0;0;5;374;207;56;36;30;34;5;;;;;5;;;;;1;;4;375;196;52;31;18;32;3;25;0;4;7;1;1;0;1;1;3;
0107;51097003;STIMMBEZIRK;01051516309707;1048;827;221;0;454;454;0;0;2;452;281;69;35;39;19;6;;;;;2;;;;;1;;0;454;253;62;45;32;26;3;19;3;4;2;0;1;0;0;3;1;
0107;51110001;STIMMBEZIRK;01051516311007;625;534;91;0;338;338;0;0;4;334;207;43;19;31;18;12;;;;;3;;;;;1;;1;337;202;43;14;27;21;4;16;0;2;2;0;3;0;0;3;0;
0107;51013001;STIMMBEZIRK;01051517801307;1311;916;395;0;449;449;0;0;10;439;240;70;49;40;19;11;;;;;8;;;;;2;;2;447;240;61;45;37;16;7;20;2;3;3;0;7;2;1;2;1;
0107;51013002;STIMMBEZIRK;01051517801307;1325;960;365;0;495;495;0;0;12;483;262;94;66;25;27;4;;;;;5;;;;;0;;6;489;273;68;54;34;21;5;21;1;2;3;0;3;0;0;3;1;
0107;51013003;STIMMBEZIRK;01051517801307;1537;1175;362;0;590;590;0;0;18;572;281;133;70;43;34;5;;;;;6;;;;;0;;10;580;295;102;62;36;28;2;37;1;4;4;0;3;0;0;4;2;
0107;51014001;STIMMBEZIRK;01051517801407;316;245;71;0;160;160;0;0;4;156;68;36;20;17;4;6;;;;;4;;;;;1;;4;156;75;30;15;14;4;5;6;3;0;0;0;1;0;0;3;0;
0107;51033001;STIMMBEZIRK;01051517803307;41;28;13;0;22;22;0;0;0;22;10;3;6;0;3;0;;;;;0;;;;;0;;0;22;7;3;8;0;3;0;0;1;0;0;0;0;0;0;0;0;
0107;51043001;STIMMBEZIRK;01051517804307;164;138;26;0;97;97;0;0;3;94;55;11;14;14;0;0;;;;;0;;;;;0;;1;96;55;12;11;10;0;0;6;0;0;0;0;0;0;0;2;0;
0107;51045001;STIMMBEZIRK;01051517804507;136;118;18;0;81;81;0;0;1;80;37;10;11;12;10;0;;;;;0;;;;;0;;1;80;37;7;16;8;6;0;3;0;3;0;0;0;0;0;0;0;
0107;51050001;STIMMBEZIRK;01051517805007;54;44;10;0;26;26;0;0;0;26;15;3;4;3;0;1;;;;;0;;;;;0;;0;26;18;2;3;1;0;0;1;0;0;0;0;0;0;0;1;0;
0107;51079001;STIMMBEZIRK;01051517807907;343;305;38;0;171;171;0;0;5;166;87;31;22;15;7;3;;;;;0;;;;;1;;1;170;89;24;22;11;10;2;10;0;0;1;0;0;0;0;1;0;
0107;51084001;STIMMBEZIRK;01051517808407;194;172;22;0;102;102;0;0;0;102;66;16;7;9;1;1;;;;;1;;;;;1;;0;102;67;10;8;7;1;0;9;0;0;0;0;0;0;0;0;0;
0107;51093001;STIMMBEZIRK;01051517809307;331;273;58;0;169;169;0;0;5;164;79;32;20;21;9;1;;;;;1;;;;;1;;1;168;75;31;15;20;9;1;14;0;1;0;0;1;0;0;1;0;
0107;51105001;STIMMBEZIRK;01051517810507;323;275;48;0;163;163;0;0;2;161;78;35;20;9;14;3;;;;;2;;;;;0;;0;163;72;29;20;13;13;2;9;0;0;2;1;2;0;0;0;0;
0107;51108001;STIMMBEZIRK;01051517810807;87;76;11;0;59;59;0;0;2;57;31;7;11;7;0;0;;;;;0;;;;;1;;0;59;28;6;9;6;1;0;7;0;0;0;0;0;0;0;1;1;
0107;51109001;STIMMBEZIRK;01051517810907;374;302;72;0;170;170;0;0;6;164;82;34;23;12;6;4;;;;;3;;;;;0;;3;167;84;23;28;12;7;4;5;0;2;0;0;1;0;1;0;0;
0107;51121001;STIMMBEZIRK;01051517812107;221;159;62;0;89;89;0;0;3;86;42;12;11;9;10;1;;;;;1;;;;;0;;2;87;43;15;9;5;9;1;2;1;1;1;0;0;0;0;0;0;
0107;51127001;STIMMBEZIRK;01051517812707;819;690;129;0;304;304;0;0;6;298;155;51;28;40;17;1;;;;;3;;;;;3;;2;302;172;38;16;33;15;1;20;0;0;2;0;3;0;0;1;1;
0107;51127002;STIMMBEZIRK;01051517812707;762;678;84;0;293;293;0;0;9;284;131;62;37;25;23;0;;;;;5;;;;;1;;7;286;130;53;24;23;18;1;22;1;3;3;2;2;0;0;1;3;
0107;51127003;STIMMBEZIRK;01051517812707;803;678;125;0;282;282;0;0;4;278;123;71;31;32;20;0;;;;;0;;;;;1;;4;278;133;57;20;32;16;3;14;0;1;0;0;1;0;0;1;0;
0107;51128001;STIMMBEZIRK;01051517812807;102;82;20;0;51;51;0;0;1;50;22;5;11;5;6;0;;;;;0;;;;;1;;0;51;23;7;11;1;3;0;2;1;0;1;0;2;0;0;0;0;
0107;51129001;STIMMBEZIRK;01051517812907;150;130;20;0;72;72;0;0;1;71;40;13;11;2;2;2;;;;;1;;;;;0;;1;71;32;12;7;7;2;2;8;1;0;0;0;0;0;0;0;0;
0107;51132001;STIMMBEZIRK;01051517813207;734;591;143;0;331;331;0;0;4;327;170;84;24;24;15;5;;;;;4;;;;;1;;4;327;165;56;22;30;16;2;27;0;0;1;0;3;0;0;5;0;
0107;51140001;STIMMBEZIRK;01051517814007;218;174;44;0;109;109;0;0;2;107;47;13;12;20;11;0;;;;;1;;;;;3;;1;108;46;13;11;13;11;0;7;0;3;0;0;2;0;1;1;0;
0107;51021001;STIMMBEZIRK;01051516602107;576;478;98;0;250;250;0;0;3;247;125;49;30;30;8;4;;;;;0;;;;;1;;4;246;123;47;24;22;9;3;10;4;0;0;0;1;0;0;2;1;
0107;51034001;STIMMBEZIRK;01051516603407;754;619;135;0;329;329;0;0;4;325;163;72;20;32;28;6;;;;;1;;;;;3;;2;327;158;60;18;26;26;5;15;4;3;5;1;1;0;0;4;1;
0107;51034002;STIMMBEZIRK;01051516603407;768;613;155;0;310;310;0;0;6;304;165;59;23;30;21;4;;;;;2;;;;;0;;6;304;165;55;20;28;25;3;5;0;0;1;0;0;0;0;2;0;
0107;51034003;STIMMBEZIRK;01051516603407;300;244;56;0;120;120;0;0;1;119;52;27;10;11;13;5;;;;;1;;;;;0;;3;117;55;20;9;5;13;2;9;0;1;1;0;1;0;0;1;0;
0107;51034004;STIMMBEZIRK;01051516603407;248;200;48;0;118;118;0;0;0;118;66;12;11;17;9;2;;;;;0;;;;;1;;0;118;66;10;10;11;9;3;6;1;0;0;0;0;0;0;2;0;
0107;51046001;STIMMBEZIRK;01051516604607;698;595;103;0;326;326;0;0;6;320;134;74;26;55;17;4;;;;;8;;;;;2;;4;322;151;60;26;39;17;1;12;2;1;4;0;5;1;0;3;0;
0107;51057001;STIMMBEZIRK;01051516605707;277;228;49;0;149;149;0;0;5;144;61;26;16;22;11;3;;;;;3;;;;;2;;2;147;65;24;14;19;9;3;7;0;0;0;0;2;0;0;4;0;
0107;51062001;STIMMBEZIRK;01051516606207;177;155;22;0;75;75;0;0;2;73;32;14;5;10;8;1;;;;;3;;;;;0;;0;75;34;12;2;4;7;1;6;0;2;1;0;3;0;0;0;3;
0107;51062002;STIMMBEZIRK;01051516606207;505;421;84;0;234;234;0;0;1;233;99;49;26;25;18;5;;;;;9;;;;;2;;0;234;103;45;22;26;17;3;8;2;1;1;1;5;0;0;0;0;
0107;51072001;STIMMBEZIRK;01051516607207;876;729;147;0;300;300;0;0;2;298;103;80;35;40;23;12;;;;;2;;;;;3;;1;299;109;73;33;28;21;9;15;0;3;2;2;1;1;0;2;0;
0107;51072002;STIMMBEZIRK;01051516607207;899;773;126;0;345;345;0;0;8;337;162;61;32;52;20;3;;;;;3;;;;;4;;6;339;163;60;29;32;20;2;22;0;4;2;0;2;0;1;2;0;
0107;51072003;STIMMBEZIRK;01051516607207;934;779;155;0;363;363;0;0;10;353;149;79;30;55;26;11;;;;;2;;;;;1;;7;356;164;65;25;47;24;9;11;3;0;2;2;3;0;1;0;0;
0107;51072004;STIMMBEZIRK;01051516607207;995;760;235;0;372;372;0;0;1;371;164;70;31;76;19;4;;;;;5;;;;;2;;1;371;168;53;32;59;24;5;13;1;3;1;3;5;0;1;2;1;
0107;51072005;STIMMBEZIRK;01051516607207;1073;897;176;0;481;481;0;0;12;469;222;77;46;92;22;3;;;;;4;;;;;3;;3;478;255;69;45;60;21;5;9;2;1;2;0;2;0;1;3;3;
0107;51073001;STIMMBEZIRK;01051516607307;320;265;55;0;139;139;0;0;0;139;64;21;17;23;11;2;;;;;0;;;;;1;;0;139;64;21;16;13;10;5;8;0;1;1;0;0;0;0;0;0;
0107;51076001;STIMMBEZIRK;01051516607607;494;419;75;0;259;259;0;0;4;255;132;40;25;44;8;4;;;;;0;;;;;2;;4;255;141;35;26;25;11;1;14;0;0;1;0;0;0;0;0;1;
0107;51077001;STIMMBEZIRK;01051516607707;107;100;7;0;84;84;0;0;1;83;50;2;5;21;4;0;;;;;0;;;;;1;;0;84;54;2;4;11;6;0;6;0;0;0;1;0;0;0;0;0;
0107;51090001;STIMMBEZIRK;01051516609007;128;109;19;0;66;66;0;0;1;65;34;7;2;9;9;1;;;;;1;;;;;2;;2;64;35;7;1;6;8;1;5;1;0;0;0;0;0;0;0;0;
0107;51103001;STIMMBEZIRK;01051516610307;148;125;23;0;97;97;0;0;3;94;55;11;5;17;2;3;;;;;1;;;;;0;;4;93;56;10;9;9;4;0;3;1;0;0;0;0;1;0;0;0;
0107;51118001;STIMMBEZIRK;01051516611807;201;176;25;0;107;107;0;0;4;103;46;20;10;20;3;1;;;;;3;;;;;0;;1;106;55;17;14;12;3;0;4;0;0;0;0;0;0;1;0;0;
0107;51119001;STIMMBEZIRK;01051516611907;281;228;53;0;137;137;0;0;3;134;57;20;22;19;11;1;;;;;2;;;;;2;;3;134;62;13;15;13;11;1;10;2;1;2;1;1;1;0;0;1;
0107;51001001;STIMMBEZIRK;01051517500107;1026;832;194;0;511;511;0;0;6;505;257;99;41;55;31;11;;;;;11;;;;;0;;4;507;265;74;46;28;29;6;35;3;5;4;0;5;1;1;2;3;
0107;51001002;STIMMBEZIRK;01051517500107;931;790;141;0;331;331;0;0;8;323;179;48;30;25;29;7;;;;;5;;;;;0;;3;328;172;37;30;25;31;5;16;1;0;0;2;5;0;1;2;1;
0107;51001003;STIMMBEZIRK;01051517500107;903;754;149;0;376;376;0;0;4;372;161;70;56;42;27;10;;;;;5;;;;;1;;0;376;163;68;52;25;25;6;17;0;5;5;0;5;1;0;4;0;
0107;51002001;STIMMBEZIRK;01051517500207;239;196;43;0;128;128;0;0;0;128;73;11;16;13;10;3;;;;;1;;;;;1;;1;127;73;3;14;11;12;1;11;0;1;0;0;1;0;0;0;0;
0107;51004001;STIMMBEZIRK;01051517500407;776;630;146;0;385;385;0;0;5;380;205;63;32;43;21;7;;;;;7;;;;;2;;1;384;210;51;35;35;20;2;16;1;5;4;1;3;0;0;1;0;
0107;51006001;STIMMBEZIRK;01051517500607;621;530;91;0;350;350;0;0;5;345;191;58;25;39;19;7;;;;;5;;;;;1;;2;348;184;50;32;32;23;4;10;0;4;5;0;3;0;0;0;1;
0107;51015001;STIMMBEZIRK;01051517501507;659;529;130;0;321;321;0;0;10;311;158;53;39;33;9;10;;;;;7;;;;;2;;6;315;156;43;32;24;6;2;29;4;3;6;1;5;0;0;4;0;
0107;51017001;STIMMBEZIRK;01051517501707;253;208;45;0;122;122;0;0;0;122;71;21;12;7;9;0;;;;;1;;;;;1;;0;122;63;16;10;12;7;1;4;3;2;2;0;0;1;0;0;1;
0107;51027001;STIMMBEZIRK;01051517502707;725;592;133;0;364;364;0;0;12;352;197;55;33;36;22;4;;;;;4;;;;;1;;5;359;193;47;31;31;21;3;13;1;2;10;0;5;0;1;1;0;
0107;51028001;STIMMBEZIRK;01051517502807;615;540;75;0;297;297;0;0;7;290;125;71;27;32;19;7;;;;;6;;;;;3;;6;291;122;51;23;33;21;2;27;0;0;2;0;4;0;0;6;0;
0107;51039001;STIMMBEZIRK;01051517503907;319;261;58;0;182;182;0;0;4;178;89;41;20;15;6;3;;;;;4;;;;;0;;2;180;86;38;16;14;7;2;4;1;4;5;0;2;0;0;1;0;
0107;51054001;STIMMBEZIRK;01051517505407;89;71;18;0;47;47;0;0;0;47;25;3;2;15;1;0;;;;;0;;;;;1;;0;47;29;4;2;8;1;0;3;0;0;0;0;0;0;0;0;0;
0107;51063001;STIMMBEZIRK;01051517506307;430;362;68;0;246;246;0;0;3;243;122;36;26;33;18;6;;;;;1;;;;;1;;0;246;119;31;30;27;16;3;13;0;0;4;0;1;0;0;2;0;
0107;51074001;STIMMBEZIRK;01051517507407;1341;1071;270;0;579;579;0;0;13;566;230;123;100;64;29;17;;;;;3;;;;;0;;11;568;247;95;99;43;29;6;36;2;0;3;0;4;0;0;3;1;
0107;51074002;STIMMBEZIRK;01051517507407;1113;902;211;0;377;377;0;0;11;366;164;86;51;30;25;4;;;;;6;;;;;0;;5;372;167;60;60;26;24;3;18;1;1;3;1;7;0;0;1;0;
0107;51074003;STIMMBEZIRK;01051517507407;1089;869;220;0;398;398;0;0;7;391;167;83;63;23;30;18;;;;;4;;;;;3;;3;395;150;73;71;23;28;12;19;1;1;7;2;2;0;1;4;1;
0107;51074004;STIMMBEZIRK;01051517507407;1299;959;340;0;513;513;0;0;4;509;219;102;81;63;24;13;;;;;7;;;;;0;;3;510;225;86;84;41;27;6;24;1;6;3;0;3;1;0;2;1;
0107;51074005;STIMMBEZIRK;01051517507407;1087;885;202;0;453;453;0;0;14;439;171;110;67;33;28;19;;;;;6;;;;;5;;5;448;174;86;61;21;24;24;34;0;3;4;2;9;2;0;3;1;
0107;51078001;STIMMBEZIRK;01051517507807;763;616;147;0;369;369;0;0;9;360;161;68;56;45;24;4;;;;;2;;;;;0;;4;365;168;56;56;27;21;4;23;0;3;1;1;2;0;0;2;1;
0107;51078002;STIMMBEZIRK;01051517507807;177;140;37;0;91;91;0;0;3;88;49;18;2;10;5;1;;;;;1;;;;;2;;0;91;44;12;5;11;6;2;8;0;0;0;0;3;0;0;0;0;
0107;51083001;STIMMBEZIRK;01051517508307;272;227;45;0;157;157;0;0;7;150;74;31;8;15;13;4;;;;;3;;;;;2;;1;156;74;27;9;15;17;2;6;0;0;3;0;2;0;0;1;0;
0107;51085001;STIMMBEZIRK;01051517508507;216;185;31;0;141;141;0;0;3;138;81;12;21;9;10;2;;;;;1;;;;;2;;2;139;71;11;18;12;9;1;11;1;1;1;0;1;0;0;1;1;
0107;51086001;STIMMBEZIRK;01051517508607;356;274;82;0;167;167;0;0;2;165;94;31;18;11;7;2;;;;;0;;;;;2;;2;165;91;30;19;8;7;1;1;1;0;1;0;1;1;1;1;2;
0107;51098001;STIMMBEZIRK;01051517509807;621;508;113;0;302;302;0;0;3;299;143;72;32;27;17;4;;;;;3;;;;;1;;4;298;146;55;33;20;18;2;14;2;1;1;0;3;1;0;1;1;
0107;51099001;STIMMBEZIRK;01051517509907;1101;945;156;0;595;595;0;0;3;592;311;90;53;62;51;9;;;;;15;;;;;1;;1;594;309;72;50;48;45;6;33;5;4;4;0;11;0;0;5;2;
0107;51126001;STIMMBEZIRK;01051517512607;73;51;22;0;42;42;0;0;1;41;15;6;5;7;6;2;;;;;0;;;;;0;;1;41;15;6;4;5;6;3;0;0;0;1;0;0;0;1;0;0;
0107;51134001;STIMMBEZIRK;01051517513407;651;543;108;0;322;322;0;0;5;317;192;36;26;27;28;7;;;;;1;;;;;0;;2;320;171;34;33;24;27;4;14;4;3;1;1;1;1;0;2;0;
0107;51135001;STIMMBEZIRK;01051517513507;277;233;44;0;178;178;0;0;5;173;72;19;28;37;14;2;;;;;0;;;;;1;;1;177;76;16;25;35;12;2;6;1;2;0;0;0;0;1;1;0;
0107;51137001;STIMMBEZIRK;01051517513707;485;392;93;0;250;250;0;0;4;246;144;32;30;19;15;5;;;;;1;;;;;0;;1;249;138;22;26;24;14;1;18;1;0;1;0;1;0;0;1;2;
0107;51138001;STIMMBEZIRK;01051517513807;561;489;72;0;318;318;0;0;3;315;169;44;30;50;10;4;;;;;8;;;;;0;;1;317;159;31;30;46;8;4;21;1;4;2;2;5;0;0;1;3;
0108;58037001;STIMMBEZIRK;01058582203708;1627;1130;497;0;1317;836;0;481;0;1317;751;171;227;61;34;8;49;2;;0;14;;;;;;;0;1317;476;166;356;161;37;5;81;0;4;9;0;10;2;0;7;3;
0108;58037002;STIMMBEZIRK;01058582203708;1520;1082;438;0;1199;779;1;419;6;1193;657;195;189;46;32;12;43;2;;0;17;;;;;;;7;1192;417;173;311;132;39;14;72;2;3;10;0;14;0;0;3;2;
0108;58116001;STIMMBEZIRK;01058582211608;746;570;176;0;600;430;0;170;3;597;352;90;55;19;35;7;24;2;;1;12;;;;;;;3;597;255;93;85;35;40;7;53;0;3;6;0;12;0;1;7;0;
0108;58150001;STIMMBEZIRK;01058582215008;965;639;326;0;730;439;0;291;0;730;381;126;123;22;18;10;35;1;;1;13;;;;;;;0;730;244;116;186;65;24;11;53;3;2;5;0;14;2;1;4;0;
0108;58150002;STIMMBEZIRK;01058582215008;1397;1063;334;0;995;675;0;320;9;986;555;154;148;26;30;15;40;2;;1;15;;;;;;;6;989;356;131;234;92;37;15;84;4;5;4;2;17;0;0;6;2;
0108;58157001;STIMMBEZIRK;01058582215708;1205;736;469;0;1013;558;3;452;6;1007;587;110;152;83;22;6;22;2;;1;22;;;;;;;6;1007;385;94;235;186;25;7;36;2;2;5;0;22;0;2;6;0;
0108;58051001;STIMMBEZIRK;01058582405108;932;714;218;0;482;482;0;0;4;478;281;67;69;14;18;3;22;0;;0;4;;;;;;;6;476;187;51;111;37;22;4;47;1;0;3;0;4;2;0;6;1;
0108;58058001;STIMMBEZIRK;01058582405808;1224;841;383;0;571;551;20;0;5;566;337;90;89;18;7;8;16;0;;1;0;;;;;;;5;566;211;89;136;52;12;13;38;4;2;0;1;0;1;0;7;0;
0108;58058002;STIMMBEZIRK;01058582405808;1282;943;339;0;548;548;0;0;6;542;300;106;65;28;13;3;26;1;;0;0;;;;;;;6;542;201;116;104;51;15;4;38;3;3;0;0;1;2;0;4;0;
0108;58058003;STIMMBEZIRK;01058582405808;1300;952;348;0;588;588;0;0;3;585;366;59;68;46;14;4;22;1;;0;5;;;;;;;5;583;256;59;106;78;23;7;40;2;2;1;0;6;0;0;3;0;
0108;58058004;STIMMBEZIRK;01058582405808;1302;927;375;0;617;617;0;0;12;605;340;110;80;18;14;9;26;3;;0;5;;;;;;;10;607;218;103;139;56;16;11;46;1;3;4;0;5;2;0;2;1;
0108;58058005;STIMMBEZIRK;01058582405808;1134;789;345;0;593;593;0;0;3;590;364;87;60;27;15;2;28;3;;1;3;;;;;;;4;589;233;86;125;62;17;3;48;0;4;5;1;1;0;0;3;1;
0108;58096001;STIMMBEZIRK;01058582409608;882;682;200;0;491;491;0;0;2;489;326;56;52;12;13;2;22;5;;0;1;;;;;;;3;488;233;54;89;33;15;5;44;3;6;0;0;2;0;1;2;1;
0108;58096002;STIMMBEZIRK;01058582409608;211;175;36;0;141;141;0;0;0;141;94;24;6;5;1;2;9;0;;0;0;;;;;;;1;140;67;28;10;12;2;1;19;0;0;1;0;0;0;0;0;0;
0108;58110001;STIMMBEZIRK;01058582411008;600;473;127;0;314;313;1;0;0;314;184;42;45;8;14;3;14;1;;0;3;;;;;;;0;314;134;48;63;25;19;3;14;0;1;2;1;2;0;0;2;0;
0108;58110002;STIMMBEZIRK;01058582411008;287;234;53;0;160;160;0;0;0;160;91;21;12;5;6;3;16;1;;0;5;;;;;;;0;160;65;19;20;12;6;5;22;2;1;1;0;5;0;0;2;0;
0108;58112001;STIMMBEZIRK;01058582411208;906;675;231;0;518;518;0;0;9;509;279;85;86;11;7;1;24;1;;2;13;;;;;;;11;507;189;79;131;31;10;5;37;2;0;2;0;13;1;1;5;1;
0108;58121001;STIMMBEZIRK;01058582412108;1091;854;237;0;582;582;0;0;2;580;366;108;55;6;16;3;20;3;;1;2;;;;;;;3;579;256;124;102;25;19;5;35;0;0;1;2;4;1;1;3;1;
0108;58121002;STIMMBEZIRK;01058582412108;973;697;276;0;501;495;6;0;3;498;268;104;58;9;23;3;23;1;;1;8;;;;;;;3;498;190;96;98;19;26;5;41;2;2;2;4;9;1;0;3;0;
0108;58142001;STIMMBEZIRK;01058582414208;824;617;207;0;427;427;0;0;4;423;278;51;65;6;8;4;8;1;;0;2;;;;;;;3;424;193;51;103;21;10;10;25;1;1;4;0;1;0;0;3;1;
0108;58165001;STIMMBEZIRK;01058582416508;517;402;115;0;280;280;0;0;0;280;157;42;35;12;4;10;13;0;;0;7;;;;;;;0;280;113;35;55;23;8;11;18;2;1;2;0;8;1;0;3;0;
0108;58165002;STIMMBEZIRK;01058582416508;486;372;114;0;255;254;1;0;0;255;146;34;31;9;13;3;17;1;;0;1;;;;;;;0;255;100;38;46;17;18;1;26;2;2;0;0;1;0;2;2;0;
0108;58008001;STIMMBEZIRK;01058589000808;824;631;193;0;559;380;0;179;2;557;341;68;73;12;13;2;43;1;;0;4;;;;;;;4;555;232;65;107;41;18;2;74;2;1;4;0;4;1;0;3;1;
0108;58024001;STIMMBEZIRK;01058589002408;1466;1148;318;0;973;689;1;283;7;966;598;123;65;44;45;10;66;5;;0;10;;;;;;;8;965;415;141;119;81;50;9;97;5;5;8;1;8;0;2;23;1;
0108;58030001;STIMMBEZIRK;01058589003008;843;688;155;0;589;449;0;140;3;586;356;63;53;12;30;5;56;1;;0;10;;;;;;;5;584;250;57;94;33;34;9;78;0;4;5;2;11;0;1;5;1;
0108;58035001;STIMMBEZIRK;01058589003508;487;352;135;0;376;252;0;124;2;374;227;49;36;10;19;7;19;2;;0;5;;;;;;;2;374;151;40;69;32;21;9;39;0;1;4;0;3;0;0;3;2;
0108;58039001;STIMMBEZIRK;01058589003908;356;299;57;0;251;194;0;57;1;250;138;44;29;8;9;4;13;1;;1;3;;;;;;;0;251;88;41;53;17;8;6;28;1;0;2;0;3;1;0;3;0;
0108;58066001;STIMMBEZIRK;01058589006608;1054;838;216;0;782;571;0;211;5;777;496;116;75;23;13;9;38;1;;0;6;;;;;;;5;777;341;114;137;55;14;10;84;2;3;5;0;4;0;3;5;0;
0108;58069001;STIMMBEZIRK;01058589006908;471;358;113;0;352;246;0;106;3;349;210;40;62;4;7;2;17;1;;2;4;;;;;;;4;348;170;33;79;14;8;4;24;0;3;6;1;5;0;0;1;0;
0108;58080001;STIMMBEZIRK;01058589008008;1047;755;292;0;786;518;0;268;1;785;528;106;65;18;20;4;25;3;;0;16;;;;;;;2;784;398;115;114;46;24;7;39;4;8;4;0;13;2;0;7;3;
0108;58081001;STIMMBEZIRK;01058589008108;291;213;78;0;236;165;1;70;3;233;133;23;46;5;4;1;15;0;;0;6;;;;;;;2;234;90;28;58;16;7;0;23;1;0;3;0;7;0;0;1;0;
0108;58083001;STIMMBEZIRK;01058589008308;188;140;48;0;144;103;41;0;0;144;74;15;31;1;4;4;9;1;;2;3;;;;;;;0;144;62;10;35;6;5;6;16;0;1;1;0;1;0;0;1;0;
0108;58088001;STIMMBEZIRK;01058589008808;198;153;45;0;138;98;40;0;1;137;75;25;16;4;7;1;3;1;;1;4;;;;;;;1;137;67;13;28;5;9;1;6;0;1;3;0;4;0;0;0;0;
0108;58111001;STIMMBEZIRK;01058589011108;102;70;32;0;77;51;0;26;0;77;49;4;7;2;7;1;4;1;;1;1;;;;;;;0;77;35;1;10;8;6;1;9;2;1;0;0;3;0;0;1;0;
0108;58123001;STIMMBEZIRK;01058589012308;855;665;190;0;669;487;3;179;3;666;373;107;98;13;23;5;35;5;;0;7;;;;;;;3;666;245;107;145;37;30;6;77;2;4;5;0;7;0;0;1;0;
0108;58127001;STIMMBEZIRK;01058589012708;938;742;196;0;580;410;0;170;6;574;344;105;42;11;17;3;43;2;;0;7;;;;;;;4;576;244;94;81;28;20;5;79;2;1;5;3;8;2;1;2;1;
0108;58127002;STIMMBEZIRK;01058589012708;975;795;180;0;640;485;0;155;7;633;387;80;58;12;42;12;28;6;;2;6;;;;;;;6;634;262;81;109;38;41;10;63;1;7;9;0;4;0;0;9;0;
0108;58127003;STIMMBEZIRK;01058589012708;1106;875;231;0;748;541;1;206;4;744;499;96;54;21;21;2;40;3;;2;6;;;;;;;3;745;332;111;99;63;24;2;92;1;3;4;1;5;0;1;7;0;
0108;58152001;STIMMBEZIRK;01058589015208;710;534;176;0;541;388;0;153;5;536;311;96;59;11;25;7;20;0;;7;0;;;;;;;5;536;214;90;103;32;31;7;40;1;0;8;0;6;1;0;3;0;
0108;58175001;STIMMBEZIRK;01058589017508;412;319;93;0;335;235;0;100;2;333;167;104;27;3;13;2;11;0;;1;5;;;;;;;2;333;110;71;67;23;14;1;33;0;0;5;1;6;0;0;2;0;
0108;58004001;STIMMBEZIRK;01058589300408;251;169;82;0;121;121;0;0;1;120;63;18;20;6;1;1;7;1;;0;3;;;;;;;1;120;45;18;25;11;1;1;13;1;0;0;0;3;0;0;1;1;
0108;58012001;STIMMBEZIRK;01058589301208;1266;996;270;0;676;676;0;0;1;675;390;110;82;12;26;12;32;3;;0;8;;;;;;;5;671;255;115;134;33;31;7;63;0;3;3;1;10;0;1;14;1;
0108;58032001;STIMMBEZIRK;01058589303208;604;407;197;0;249;247;2;0;2;247;153;31;28;9;6;2;11;1;;0;6;;;;;;;1;248;113;33;44;9;9;3;22;0;4;2;0;6;0;1;2;0;
0108;58040001;STIMMBEZIRK;01058589304008;1162;901;261;0;503;503;0;0;1;502;282;78;49;11;29;11;35;1;;1;5;;;;;;;1;502;199;81;73;30;34;10;60;2;2;1;1;4;0;2;3;0;
0108;58042001;STIMMBEZIRK;01058589304208;608;488;120;0;267;267;0;0;3;264;154;37;28;3;10;2;19;1;;1;9;;;;;;;2;265;116;37;40;14;11;3;28;1;0;1;0;9;0;1;1;3;
0108;58052001;STIMMBEZIRK;01058589305208;1774;1358;416;0;934;934;0;0;9;925;517;144;102;26;42;12;67;4;;0;11;;;;;;;11;923;353;126;159;58;45;15;122;0;6;16;0;12;1;0;8;2;
0108;58057001;STIMMBEZIRK;01058589305708;446;374;72;0;258;258;0;0;3;255;148;43;30;6;5;0;16;0;;0;7;;;;;;;2;256;118;37;47;7;7;3;26;1;0;1;1;6;0;0;2;0;
0108;58067001;STIMMBEZIRK;01058589306708;508;411;97;0;247;244;3;0;0;247;130;37;40;10;3;5;18;1;;0;3;;;;;;;0;247;98;32;49;17;4;7;26;1;2;3;0;3;0;0;3;2;
0108;58082001;STIMMBEZIRK;01058589308208;703;517;186;0;315;315;0;0;4;311;183;41;34;9;13;4;19;3;;0;5;;;;;;;2;313;125;39;56;18;15;5;37;1;5;2;1;4;0;0;4;1;
0108;58084001;STIMMBEZIRK;01058589308408;230;204;26;0;141;141;0;0;3;138;80;12;16;5;2;9;12;0;;0;2;;;;;;;3;138;62;10;24;8;2;5;17;0;1;4;0;2;1;0;2;0;
0108;58087001;STIMMBEZIRK;01058589308708;480;380;100;0;239;239;0;0;6;233;136;32;29;3;9;2;19;2;;0;1;;;;;;;6;233;101;35;33;12;12;2;29;0;3;0;0;2;0;1;0;3;
0108;58090001;STIMMBEZIRK;01058589309008;934;712;222;0;479;479;0;0;4;475;278;65;42;10;27;1;27;4;;2;19;;;;;;;2;477;188;54;82;36;35;0;48;0;5;4;3;18;0;0;4;0;
0108;58090002;STIMMBEZIRK;01058589309008;246;206;40;0;161;161;0;0;1;160;112;7;15;7;7;2;4;2;;0;4;;;;;;;0;161;83;7;20;16;7;2;17;0;2;2;0;4;0;0;1;0;
0108;58099001;STIMMBEZIRK;01058589309908;658;524;134;0;283;281;2;0;3;280;175;41;12;7;16;2;18;1;;1;7;;;;;;;2;281;129;46;23;18;16;3;31;2;2;2;1;6;0;0;2;0;
0108;58102001;STIMMBEZIRK;01058589310208;615;469;146;0;313;313;0;0;1;312;188;56;18;9;9;2;24;1;;0;5;;;;;;;1;312;114;56;47;26;13;2;37;1;0;6;0;5;0;0;3;2;
0108;58137001;STIMMBEZIRK;01058589313708;1104;845;259;0;556;555;1;0;2;554;328;78;61;11;17;10;39;2;;0;8;;;;;;;3;553;223;89;97;35;21;9;47;0;5;3;0;13;1;0;7;3;
0108;58137002;STIMMBEZIRK;01058589313708;1124;900;224;0;507;506;1;0;4;503;294;90;43;10;23;6;27;3;;2;5;;;;;;;3;504;197;92;78;27;31;6;58;1;3;1;0;4;0;2;4;0;
0108;58162001;STIMMBEZIRK;01058589316208;312;240;72;0;158;158;0;0;1;157;93;21;22;5;3;3;6;2;;0;2;;;;;;;2;156;76;21;27;10;5;6;6;0;2;0;0;2;0;0;1;0;
0108;58166001;STIMMBEZIRK;01058589316608;1203;901;302;0;548;544;4;0;4;544;290;87;52;16;28;15;35;13;;0;8;;;;;;;4;544;226;88;71;38;31;10;47;0;12;2;0;7;4;1;5;2;
0108;58173001;STIMMBEZIRK;01058589317308;862;663;199;0;437;437;0;0;2;435;238;77;51;9;11;3;31;4;;0;11;;;;;;;2;435;169;72;80;18;13;2;54;2;9;1;0;11;0;0;3;1;
0108;58174001;STIMMBEZIRK;01058589317408;434;331;103;0;199;199;0;0;0;199;116;30;22;4;8;2;13;0;;1;3;;;;;;;0;199;85;35;40;8;9;3;14;0;0;2;1;0;0;0;1;1;
0109;58001001;STIMMBEZIRK;01058580300109;601;387;214;0;499;289;0;210;5;494;209;81;131;26;10;5;30;1;;;;;1;;;;;3;496;224;64;133;37;11;5;21;0;1;0;0;0;0;0;0;0;
0109;58001002;STIMMBEZIRK;01058580300109;215;157;58;0;166;114;0;52;2;164;61;34;39;12;3;4;7;4;;;;;0;;;;;0;166;62;22;43;16;5;2;7;0;0;7;0;0;0;0;1;1;
0109;58028001;STIMMBEZIRK;01058580302809;1236;971;265;0;910;661;0;249;11;899;385;192;152;56;18;8;72;13;;;;;3;;;;;5;905;414;140;168;65;14;5;58;4;9;6;1;11;1;0;7;2;
0109;58050001;STIMMBEZIRK;01058580305009;790;537;253;0;607;362;0;245;6;601;218;93;161;38;15;16;55;0;;;;;5;;;;;3;604;229;67;172;51;17;12;37;0;0;5;0;6;2;0;2;4;
0109;58050002;STIMMBEZIRK;01058580305009;896;589;307;0;692;421;0;271;10;682;234;115;189;33;24;17;61;5;;;;;4;;;;;3;689;260;70;195;43;26;13;49;1;4;7;0;12;1;6;2;0;
0109;58093001;STIMMBEZIRK;01058580309309;588;450;138;0;427;294;0;133;0;427;157;62;116;28;15;8;34;5;;;;;2;;;;;0;427;156;39;112;47;10;5;30;3;3;5;1;12;0;0;3;1;
0109;58104001;STIMMBEZIRK;01058580310409;1509;1140;369;0;1097;765;0;332;9;1088;464;210;238;55;19;16;73;7;;;;;6;;;;;4;1093;486;152;250;66;23;19;59;1;3;11;1;8;2;0;5;7;
0109;58126001;STIMMBEZIRK;01058580312609;759;522;237;0;561;338;0;223;4;557;237;106;137;31;10;8;22;5;;;;;1;;;;;2;559;239;64;157;44;8;7;20;2;2;4;0;8;0;1;2;1;
0109;58130001;STIMMBEZIRK;01058580313009;1433;990;443;0;1085;661;0;424;7;1078;396;217;275;43;18;14;102;10;;;;;3;;;;;2;1083;412;156;291;73;16;12;78;2;4;10;1;12;2;0;11;3;
0109;58171001;STIMMBEZIRK;01058580317109;825;637;188;0;614;431;0;183;6;608;192;117;174;26;27;14;50;8;;;;;0;;;;;7;607;215;81;177;36;21;12;30;3;0;6;2;22;0;0;1;1;
0109;58171002;STIMMBEZIRK;01058580317109;305;224;81;0;222;142;0;80;1;221;93;40;56;13;8;4;7;0;;;;;0;;;;;1;221;95;39;41;17;7;4;7;1;0;3;1;2;1;0;3;0;
0109;58171003;STIMMBEZIRK;01058580317109;131;97;34;0;103;74;0;29;3;100;50;10;25;4;4;0;6;1;;;;;0;;;;;3;100;49;8;28;5;3;0;1;1;1;1;0;2;0;0;0;1;
0109;58016001;STIMMBEZIRK;01058588901609;139;109;30;0;90;90;0;0;3;87;49;6;11;12;2;0;6;1;;;;;0;;;;;1;89;46;7;9;14;4;0;5;0;0;1;0;2;0;0;1;0;
0109;58022001;STIMMBEZIRK;01058588902209;1266;919;347;0;685;654;31;0;9;676;258;109;169;61;18;7;45;5;;;;;4;;;;;6;679;263;89;176;59;23;4;39;1;3;2;1;11;1;0;3;4;
0109;58022002;STIMMBEZIRK;01058588902209;1275;954;321;0;634;634;0;0;12;622;248;127;117;64;15;10;36;3;;;;;2;;;;;8;626;261;104;103;63;17;7;52;0;2;1;1;6;2;0;6;1;
0109;58022003;STIMMBEZIRK;01058588902209;1385;1028;357;0;622;621;1;0;6;616;227;105;148;57;27;9;39;4;;;;;0;;;;;3;619;236;78;170;41;28;3;39;0;1;5;1;12;0;1;3;1;
0109;58022004;STIMMBEZIRK;01058588902209;1394;975;419;0;557;557;0;0;11;546;187;121;125;43;24;11;31;3;;;;;1;;;;;7;550;190;105;128;40;23;12;36;1;2;1;1;4;0;1;6;0;
0109;58022005;STIMMBEZIRK;01058588902209;1216;969;247;0;547;547;0;0;11;536;190;125;115;36;22;1;41;5;;;;;1;;;;;9;538;199;101;103;36;22;6;39;5;1;5;0;12;1;0;6;2;
0109;58033001;STIMMBEZIRK;01058588903309;888;670;218;0;476;476;0;0;5;471;196;85;98;35;18;11;22;2;;;;;4;;;;;3;473;188;75;104;34;17;8;25;2;3;1;1;6;1;0;7;1;
0109;58063001;STIMMBEZIRK;01058588906309;193;157;36;0;80;80;0;0;0;80;33;11;14;8;5;1;8;0;;;;;0;;;;;0;80;33;12;13;5;5;2;3;0;0;4;0;2;0;0;1;0;
0109;58064001;STIMMBEZIRK;01058588906409;302;248;54;0;184;184;0;0;1;183;77;21;37;15;12;2;11;8;;;;;0;;;;;1;183;68;19;36;15;14;2;17;1;3;3;0;5;0;0;0;0;
0109;58076001;STIMMBEZIRK;01058588907609;139;105;34;0;90;89;1;0;0;90;39;13;14;15;4;1;4;0;;;;;0;;;;;0;90;36;8;17;14;3;3;5;0;1;0;0;2;0;0;0;1;
0109;58098001;STIMMBEZIRK;01058588909809;166;151;15;0;113;113;0;0;3;110;63;15;17;4;7;2;2;0;;;;;0;;;;;2;111;61;13;15;8;8;1;5;0;0;0;0;0;0;0;0;0;
0109;58108001;STIMMBEZIRK;01058588910809;460;368;92;0;259;258;1;0;1;258;96;50;54;22;9;5;19;3;;;;;0;;;;;1;258;95;34;55;32;7;5;15;1;1;1;0;6;2;0;4;0;
0109;58109001;STIMMBEZIRK;01058588910909;302;232;70;0;173;173;0;0;1;172;88;18;23;16;9;1;15;2;;;;;0;;;;;1;172;83;19;21;15;10;1;14;0;0;2;0;2;0;0;4;1;
0109;58133001;STIMMBEZIRK;01058588913309;122;106;16;0;80;80;0;0;2;78;25;15;27;7;0;0;4;0;;;;;0;;;;;1;79;32;8;27;4;0;0;6;0;0;2;0;0;0;0;0;0;
0109;58143001;STIMMBEZIRK;01058588914309;223;179;44;0;111;111;0;0;1;110;54;15;15;16;4;0;6;0;;;;;0;;;;;2;109;57;9;17;13;5;0;6;0;0;0;0;1;0;0;1;0;
0109;58144001;STIMMBEZIRK;01058588914409;177;155;22;0;111;110;1;0;1;110;51;7;16;14;3;0;16;3;;;;;0;;;;;0;111;52;6;17;9;3;0;16;0;1;3;0;4;0;0;0;0;
0109;58153001;STIMMBEZIRK;01058588915309;155;115;40;0;87;84;3;0;1;86;29;10;19;15;6;2;5;0;;;;;0;;;;;0;87;29;8;21;10;4;2;6;0;1;0;0;5;0;1;0;0;
0109;58170001;STIMMBEZIRK;01058588917009;1132;902;230;0;572;572;0;0;2;570;245;95;102;41;33;14;33;6;;;;;1;;;;;3;569;246;74;116;40;31;12;29;6;2;3;0;5;0;1;4;0;
0109;58170002;STIMMBEZIRK;01058588917009;1201;899;302;0;591;576;15;0;9;582;226;116;118;47;31;10;30;4;;;;;0;;;;;5;586;246;85;135;36;29;9;28;1;2;7;0;6;0;0;1;1;
0109;58019001;STIMMBEZIRK;01058583001909;252;193;59;0;127;127;0;0;0;127;57;19;21;8;9;0;8;4;;;;;1;;;;;1;126;45;18;28;8;10;0;12;0;1;0;0;1;0;1;0;2;
0109;58053001;STIMMBEZIRK;01058583005309;1031;780;251;0;449;446;3;0;7;442;146;102;107;27;18;10;22;3;;;;;7;;;;;2;447;148;80;112;31;18;6;25;0;0;7;0;8;1;0;4;7;
0109;58053002;STIMMBEZIRK;01058583005309;882;621;261;0;385;385;0;0;2;383;146;86;84;18;15;4;27;1;;;;;2;;;;;0;385;153;66;85;19;14;6;25;2;2;6;0;1;0;0;4;2;
0109;58053003;STIMMBEZIRK;01058583005309;393;290;103;0;219;219;0;0;6;213;71;42;37;18;18;6;19;2;;;;;0;;;;;3;216;72;36;35;18;22;5;22;0;1;0;0;3;0;0;1;1;
0109;58053004;STIMMBEZIRK;01058583005309;1159;830;329;0;467;465;2;0;2;465;169;115;89;26;19;9;36;1;;;;;1;;;;;4;463;171;87;111;31;15;3;32;0;3;2;0;5;0;1;0;2;
0109;58053005;STIMMBEZIRK;01058583005309;1409;997;412;0;669;669;0;0;4;665;274;150;120;34;38;4;41;2;;;;;2;;;;;1;668;287;121;125;32;34;2;37;1;4;9;0;8;4;1;3;0;
0109;58053006;STIMMBEZIRK;01058583005309;1318;1051;267;0;577;577;0;0;5;572;188;143;136;21;26;9;41;7;;;;;1;;;;;6;571;201;123;122;22;25;9;43;0;4;2;0;8;0;0;7;5;
0109;58145001;STIMMBEZIRK;01058583014509;259;199;60;0;128;128;0;0;2;126;53;23;15;5;7;6;17;0;;;;;0;;;;;2;126;55;18;17;5;8;3;14;0;0;3;0;2;1;0;0;0;
0109;58160001;STIMMBEZIRK;01058583016009;122;97;25;0;77;77;0;0;1;76;38;12;8;3;5;3;6;0;;;;;1;;;;;1;76;36;11;7;9;4;2;3;1;0;0;0;0;1;0;2;0;
0109;58018001;STIMMBEZIRK;01058585901809;549;425;124;0;293;293;0;0;6;287;99;62;64;20;11;9;18;2;;;;;2;;;;;4;289;96;51;58;22;12;6;20;2;0;5;1;13;0;0;2;1;
0109;58105001;STIMMBEZIRK;01058585910509;1102;859;243;0;513;513;0;0;6;507;187;111;106;30;32;6;29;5;;;;;1;;;;;4;509;187;76;108;45;32;8;25;1;4;4;3;12;0;1;3;0;
0109;58107001;STIMMBEZIRK;01058585910709;1270;857;413;0;595;595;0;0;9;586;255;107;128;41;18;7;29;0;;;;;1;;;;;4;591;234;83;136;58;15;8;36;0;0;5;1;11;1;0;1;2;
0109;58107002;STIMMBEZIRK;01058585910709;1394;981;413;0;684;684;0;0;8;676;304;138;129;38;19;12;34;2;;;;;0;;;;;10;674;301;98;142;48;23;11;35;0;1;8;0;2;0;0;5;0;
0109;58107003;STIMMBEZIRK;01058585910709;1471;1001;470;0;693;693;0;0;9;684;292;112;166;51;12;10;36;3;;;;;2;;;;;5;688;280;71;184;71;12;8;39;1;2;6;0;8;0;1;3;2;
0109;58138001;STIMMBEZIRK;01058585913809;390;285;105;0;225;225;0;0;1;224;88;31;53;19;10;1;20;1;;;;;1;;;;;1;224;96;21;40;25;11;1;14;2;0;3;1;6;1;0;1;2;
0109;58139001;STIMMBEZIRK;01058585913909;720;599;121;0;377;375;2;0;2;375;168;68;55;33;18;3;24;5;;;;;1;;;;;1;376;160;59;54;39;15;5;27;1;1;6;1;2;0;1;4;1;
0109;58141001;STIMMBEZIRK;01058585914109;311;229;82;0;140;140;0;0;3;137;55;18;39;9;7;2;5;1;;;;;1;;;;;2;138;48;16;40;10;8;3;5;1;0;4;0;1;1;0;1;0;
0109;58011001;STIMMBEZIRK;01058586401109;599;493;106;0;334;334;0;0;5;329;199;46;38;13;15;0;15;1;;;;;2;;;;;4;330;195;46;40;15;14;3;10;0;0;1;0;2;0;0;1;3;
0109;58021001;STIMMBEZIRK;01058586402109;502;417;85;0;270;270;0;0;2;268;123;32;53;9;12;11;27;1;;;;;0;;;;;2;268;113;29;45;14;12;11;25;2;0;4;0;10;1;0;2;0;
0109;58023001;STIMMBEZIRK;01058586402309;428;311;117;0;198;198;0;0;2;196;81;34;41;7;11;3;17;2;;;;;0;;;;;1;197;84;25;44;7;10;1;17;0;1;3;1;2;0;0;2;0;
0109;58027001;STIMMBEZIRK;01058586402709;296;259;37;0;181;181;0;0;3;178;110;20;18;7;6;3;11;2;;;;;1;;;;;2;179;105;15;19;11;4;3;13;2;1;2;0;3;0;1;0;0;
0109;58038001;STIMMBEZIRK;01058586403809;446;369;77;0;235;235;0;0;4;231;119;26;32;19;14;1;16;4;;;;;0;;;;;3;232;105;21;40;29;9;0;11;3;3;0;1;7;0;0;2;1;
0109;58045001;STIMMBEZIRK;01058586404509;251;192;59;0;135;135;0;0;2;133;58;39;17;3;1;4;7;4;;;;;0;;;;;2;133;64;20;19;7;4;4;11;0;1;0;0;0;0;0;3;0;
0109;58046001;STIMMBEZIRK;01058586404609;404;323;81;0;216;216;0;0;4;212;104;29;33;10;14;6;16;0;;;;;0;;;;;1;215;97;29;33;11;14;2;19;5;0;2;0;2;0;0;1;0;
0109;58049001;STIMMBEZIRK;01058586404909;426;347;79;0;217;217;0;0;6;211;90;35;30;9;25;4;16;2;;;;;0;;;;;4;213;91;23;30;12;23;2;18;2;1;3;0;8;0;0;0;0;
0109;58049002;STIMMBEZIRK;01058586404909;736;628;108;0;389;389;0;0;6;383;195;73;46;23;20;2;20;4;;;;;0;;;;;4;385;196;64;50;27;15;3;13;2;1;1;0;9;0;0;3;1;
0109;58059001;STIMMBEZIRK;01058586405909;1007;824;183;0;479;479;0;0;8;471;273;51;73;23;16;4;25;6;;;;;0;;;;;6;473;256;51;65;39;17;5;25;0;1;4;1;4;0;1;3;1;
0109;58065001;STIMMBEZIRK;01058586406509;835;691;144;0;490;490;0;0;7;483;227;96;64;26;26;6;30;8;;;;;0;;;;;5;485;235;84;60;25;23;1;32;2;5;8;1;2;2;1;3;1;
0109;58091001;STIMMBEZIRK;01058586409109;367;296;71;0;204;204;0;0;1;203;114;35;18;11;10;4;10;1;;;;;0;;;;;2;202;109;30;13;17;11;1;14;2;1;2;0;2;0;0;0;0;
0109;58094001;STIMMBEZIRK;01058586409409;1320;1028;292;0;695;692;3;0;9;686;290;105;149;42;36;11;43;9;;;;;1;;;;;3;692;264;87;163;50;37;9;40;2;6;6;0;20;2;0;6;0;
0109;58117001;STIMMBEZIRK;01058586411709;1084;894;190;0;453;453;0;0;5;448;237;74;52;14;27;7;34;3;;;;;0;;;;;2;451;238;67;51;26;25;6;25;4;1;0;1;4;0;0;3;0;
0109;58117002;STIMMBEZIRK;01058586411709;1120;898;222;0;469;469;0;0;10;459;190;93;62;35;29;14;28;8;;;;;0;;;;;8;461;199;61;70;22;34;9;38;4;4;3;2;11;0;2;2;0;
0109;58117003;STIMMBEZIRK;01058586411709;1202;990;212;0;438;438;0;0;8;430;200;87;62;24;20;7;27;3;;;;;0;;;;;4;434;215;80;58;26;22;8;14;0;0;4;0;4;2;0;1;0;
0109;58117004;STIMMBEZIRK;01058586411709;1192;1009;183;0;558;558;0;0;9;549;296;78;84;16;24;8;39;3;;;;;1;;;;;2;556;308;72;69;17;22;4;32;5;2;5;1;9;0;0;7;3;
0109;58117005;STIMMBEZIRK;01058586411709;1071;827;244;0;493;493;0;0;3;490;237;92;66;18;23;11;37;4;;;;;2;;;;;3;490;249;77;58;24;24;9;32;2;1;8;0;0;0;0;5;1;
0109;58120001;STIMMBEZIRK;01058586412009;126;119;7;0;85;85;0;0;1;84;44;17;6;5;3;1;8;0;;;;;0;;;;;0;85;41;16;6;5;2;1;7;2;1;1;0;3;0;0;0;0;
0109;58147001;STIMMBEZIRK;01058586414709;652;519;133;0;331;331;0;0;2;329;182;42;53;11;14;4;21;2;;;;;0;;;;;2;329;177;34;50;18;15;4;22;0;2;1;0;4;0;1;1;0;
0109;58163001;STIMMBEZIRK;01058586416309;910;745;165;0;463;463;0;0;9;454;210;77;66;27;19;7;45;3;;;;;0;;;;;4;459;208;59;71;30;17;4;44;2;2;8;0;12;0;0;0;2;
0109;58168001;STIMMBEZIRK;01058586416809;599;454;145;0;271;271;0;0;4;267;124;44;42;15;17;3;15;7;;;;;0;;;;;1;270;124;29;52;19;14;0;15;1;3;0;0;9;0;0;3;1;
0109;58007001;STIMMBEZIRK;01058589500709;249;193;56;0;141;141;0;0;3;138;73;21;15;12;12;0;5;0;;;;;0;;;;;2;139;67;20;18;14;12;0;7;0;1;0;0;0;0;0;0;0;
0109;58009001;STIMMBEZIRK;01058589500909;270;211;59;0;161;161;0;0;2;159;67;16;43;13;7;2;10;1;;;;;0;;;;;1;160;59;21;47;18;6;1;5;0;0;0;1;2;0;0;0;0;
0109;58009002;STIMMBEZIRK;01058589500909;627;494;133;0;336;336;0;0;3;333;176;38;37;12;31;7;27;3;;;;;2;;;;;2;334;161;38;42;22;30;7;16;0;3;5;1;4;1;0;4;0;
0109;58009003;STIMMBEZIRK;01058589500909;609;488;121;0;327;327;0;0;2;325;156;41;67;21;16;1;21;2;;;;;0;;;;;0;327;160;45;66;18;14;2;18;0;0;0;0;3;0;0;1;0;
0109;58009004;STIMMBEZIRK;01058589500909;322;278;44;0;194;194;0;0;0;194;88;39;34;13;9;2;8;1;;;;;0;;;;;0;194;84;31;34;15;12;2;7;0;1;3;1;2;0;0;2;0;
0109;58009005;STIMMBEZIRK;01058589500909;1368;1059;309;0;572;569;3;0;4;568;275;106;99;30;23;6;23;5;;;;;1;;;;;1;571;279;66;112;34;21;4;32;4;2;2;2;5;0;0;4;4;
0109;58044001;STIMMBEZIRK;01058589504409;520;430;90;0;301;301;0;0;4;297;173;31;36;15;24;3;12;2;;;;;1;;;;;3;298;140;36;50;9;28;5;19;1;0;2;0;2;0;0;5;1;
0109;58128001;STIMMBEZIRK;01058589512809;1486;1221;265;0;710;709;1;0;4;706;382;104;87;42;45;11;26;9;;;;;0;;;;;6;704;363;84;106;55;42;3;25;4;5;5;1;4;2;0;4;1;
0110;58003001;STIMMBEZIRK;01058583300310;1540;1290;250;0;820;819;1;0;12;808;391;146;77;42;46;14;78;5;;1;8;;;;;;;9;811;406;121;83;51;41;8;79;0;1;6;0;8;0;0;7;0;
0110;58054001;STIMMBEZIRK;01058583305410;1034;836;198;0;502;502;0;0;11;491;241;102;40;23;23;11;47;2;;0;2;;;;;;;6;496;266;95;34;23;24;9;34;1;2;4;0;2;0;0;2;0;
0110;58054002;STIMMBEZIRK;01058583305410;1205;939;266;0;457;457;0;0;4;453;215;86;55;21;27;11;27;5;;0;6;;;;;;;2;455;223;67;58;24;29;7;35;1;0;5;0;4;0;0;0;2;
0110;58054003;STIMMBEZIRK;01058583305410;1218;999;219;0;608;608;0;0;8;600;276;114;81;25;25;13;56;4;;1;5;;;;;;;5;603;286;92;81;29;23;13;60;0;2;4;1;7;1;0;3;1;
0110;58054004;STIMMBEZIRK;01058583305410;1067;842;225;0;489;489;0;0;4;485;238;102;67;14;20;2;32;4;;2;4;;;;;;;2;487;249;83;57;21;23;5;37;5;2;1;0;1;2;0;0;1;
0110;58054005;STIMMBEZIRK;01058583305410;1009;680;329;0;442;442;0;0;5;437;217;79;65;26;11;4;32;0;;0;3;;;;;;;3;439;234;60;74;35;11;1;19;0;0;0;1;2;1;0;1;0;
0110;58118001;STIMMBEZIRK;01058583311810;1303;1064;239;0;697;697;0;0;14;683;334;120;89;28;35;6;54;3;;3;11;;;;;;;11;686;338;99;94;34;40;4;50;3;1;6;3;8;1;1;2;2;
0110;58136001;STIMMBEZIRK;01058583313610;879;703;176;0;468;468;0;0;4;464;211;91;57;27;23;6;46;1;;1;1;;;;;;;3;465;223;81;49;35;23;2;41;0;2;5;0;1;0;0;2;1;
0110;58026001;STIMMBEZIRK;01058588802610;888;716;172;0;491;488;3;0;3;488;228;82;80;29;12;6;32;7;;1;11;;;;;;;2;489;250;53;75;36;14;8;27;1;4;3;2;10;0;2;2;2;
0110;58073001;STIMMBEZIRK;01058588807310;222;178;44;0;140;139;1;0;2;138;54;20;27;4;10;0;9;6;;0;8;;;;;;;0;140;55;16;24;9;12;0;14;1;0;0;0;6;0;0;3;0;
0110;58122001;STIMMBEZIRK;01058588812210;489;409;80;0;282;281;1;0;2;280;147;32;39;18;11;6;25;0;;1;1;;;;;;;0;282;151;26;32;22;12;4;28;0;0;1;1;2;0;0;2;1;
0110;58124001;STIMMBEZIRK;01058588812410;1320;1032;288;0;622;622;0;0;8;614;273;127;74;31;24;18;47;11;;3;6;;;;;;;5;617;300;92;70;34;26;18;50;3;4;8;1;5;1;1;3;1;
0110;58124002;STIMMBEZIRK;01058588812410;1425;1140;285;0;717;717;0;0;1;716;306;145;122;33;26;14;55;7;;1;7;;;;;;;3;714;324;92;127;52;26;7;63;1;5;6;1;6;1;1;1;1;
0110;58124003;STIMMBEZIRK;01058588812410;1446;1172;274;0;742;742;0;0;2;740;314;151;120;35;35;8;62;3;;4;8;;;;;;;2;740;349;111;123;41;36;6;55;0;4;2;0;9;0;1;1;2;
0110;58132001;STIMMBEZIRK;01058588813210;174;139;35;0;96;96;0;0;4;92;44;17;11;3;2;0;14;1;;0;0;;;;;;;2;94;50;12;10;6;2;1;10;0;0;1;0;0;0;0;2;0;
0110;58140001;STIMMBEZIRK;01058588814010;1878;1532;346;0;813;812;1;0;8;805;345;182;99;25;44;23;65;9;;1;12;;;;;;;4;809;386;149;87;32;41;7;75;3;6;7;0;12;0;0;2;2;
0110;58140002;STIMMBEZIRK;01058588814010;1925;1593;332;0;865;865;0;0;10;855;353;223;107;27;45;16;67;4;;5;8;;;;;;;7;858;379;188;108;36;41;8;75;3;1;2;5;7;0;1;4;0;
0110;58146001;STIMMBEZIRK;01058588814610;577;448;129;0;287;287;0;0;3;284;142;40;51;11;13;11;12;0;;0;4;;;;;;;2;285;150;29;49;10;14;6;14;0;2;3;0;5;0;0;3;0;
0110;58010001;STIMMBEZIRK;01058584701010;134;118;16;0;84;84;0;0;3;81;50;8;6;3;4;2;6;1;;0;1;;;;;;;0;84;48;7;6;3;7;2;7;0;1;0;0;2;0;0;1;0;
0110;58029001;STIMMBEZIRK;01058584702910;1173;972;201;0;605;605;0;0;6;599;328;100;62;23;16;16;40;6;;2;6;;;;;;;7;598;329;93;58;32;18;8;38;1;4;7;1;8;0;0;1;0;
0110;58036001;STIMMBEZIRK;01058584703610;194;178;16;0;105;105;0;0;0;105;65;15;5;2;9;1;8;0;;0;0;;;;;;;0;105;61;14;5;5;11;0;6;1;0;1;1;0;0;0;0;0;
0110;58047001;STIMMBEZIRK;01058584704710;1326;1093;233;0;640;639;1;0;9;631;318;99;52;27;37;7;64;18;;1;8;;;;;;;7;633;301;93;46;41;41;3;70;4;8;4;0;12;1;1;6;2;
0110;58055001;STIMMBEZIRK;01058584705510;47;37;10;0;32;32;0;0;3;29;20;2;3;0;1;1;1;1;;0;0;;;;;;;3;29;17;2;2;0;2;0;5;0;0;0;0;1;0;0;0;0;
0110;58056001;STIMMBEZIRK;01058584705610;326;294;32;0;171;171;0;0;2;169;101;17;6;6;13;0;23;2;;0;1;;;;;;;2;169;91;14;11;11;13;0;24;2;0;1;0;0;0;1;1;0;
0110;58070001;STIMMBEZIRK;01058584707010;1135;943;192;0;590;590;0;0;6;584;303;90;57;32;25;4;44;14;;1;14;;;;;;;2;588;302;83;54;44;25;5;53;0;1;5;1;10;2;1;1;1;
0110;58078001;STIMMBEZIRK;01058584707810;1008;873;135;0;483;483;0;0;9;474;246;72;47;22;38;8;31;2;;3;5;;;;;;;6;477;263;64;38;24;40;4;28;2;1;2;0;6;3;1;1;0;
0110;58078002;STIMMBEZIRK;01058584707810;1046;867;179;0;537;537;0;0;6;531;279;72;60;23;34;5;43;11;;3;1;;;;;;;3;534;282;62;58;33;35;5;45;1;5;2;0;2;0;0;4;0;
0110;58089001;STIMMBEZIRK;01058584708910;143;112;31;0;80;80;0;0;1;79;45;5;7;4;8;1;8;1;;0;0;;;;;;;1;79;46;4;4;3;9;0;8;0;1;2;0;0;0;0;2;0;
0110;58097001;STIMMBEZIRK;01058584709710;396;324;72;0;173;173;0;0;4;169;92;20;12;7;10;2;18;4;;0;4;;;;;;;3;170;111;16;10;3;10;0;14;0;1;0;0;5;0;0;0;0;
0110;58129001;STIMMBEZIRK;01058584712910;134;121;13;0;81;81;0;0;3;78;45;12;5;5;3;3;5;0;;0;0;;;;;;;1;80;40;12;6;10;4;2;3;1;0;2;0;0;0;0;0;0;
0110;58154001;STIMMBEZIRK;01058584715410;269;234;35;0;145;145;0;0;3;142;70;13;14;2;12;1;24;2;;0;4;;;;;;;2;143;63;14;14;4;15;1;23;0;1;4;0;2;0;0;2;0;
0110;58031001;STIMMBEZIRK;01058585303110;96;84;12;0;58;58;0;0;0;58;32;9;5;4;2;0;6;0;;0;0;;;;;;;0;58;32;8;5;7;4;0;2;0;0;0;0;0;0;0;0;0;
0110;58048001;STIMMBEZIRK;01058585304810;176;158;18;0;122;122;0;0;2;120;62;20;19;2;4;1;4;0;;0;8;;;;;;;0;122;55;22;21;6;3;1;4;0;0;1;0;7;0;0;1;1;
0110;58068001;STIMMBEZIRK;01058585306810;421;347;74;0;237;237;0;0;6;231;118;33;42;6;10;4;18;0;;0;0;;;;;;;3;234;120;33;37;15;12;3;13;0;0;1;0;0;0;0;0;0;
0110;58071001;STIMMBEZIRK;01058585307110;384;318;66;0;201;201;0;0;5;196;101;30;16;18;11;2;14;0;;0;4;;;;;;;4;197;101;28;22;17;11;1;9;1;3;2;0;1;0;0;1;0;
0110;58075001;STIMMBEZIRK;01058585307510;51;39;12;0;27;27;0;0;0;27;20;4;1;0;1;1;0;0;;0;0;;;;;;;0;27;18;2;3;1;1;0;1;0;0;0;0;1;0;0;0;0;
0110;58086001;STIMMBEZIRK;01058585308610;998;829;169;0;518;518;0;0;2;516;253;89;61;30;35;8;26;1;;3;10;;;;;;;0;518;282;59;64;28;33;5;24;1;1;7;2;7;0;0;5;0;
0110;58086002;STIMMBEZIRK;01058585308610;795;652;143;0;380;380;0;0;2;378;198;55;45;24;16;3;30;4;;1;2;;;;;;;1;379;208;38;42;29;16;2;28;2;3;3;1;2;0;0;5;0;
0110;58086003;STIMMBEZIRK;01058585308610;996;815;181;0;450;450;0;0;3;447;230;80;46;18;25;9;34;0;;0;5;;;;;;;1;449;230;64;55;30;26;6;25;2;0;2;1;6;0;1;0;1;
0110;58101001;STIMMBEZIRK;01058585310110;320;268;52;0;176;176;0;0;2;174;99;25;24;5;7;1;11;1;;0;1;;;;;;;0;176;102;18;24;5;5;2;10;1;1;5;1;0;0;0;2;0;
0110;58148001;STIMMBEZIRK;01058585314810;906;720;186;0;476;476;0;0;1;475;242;83;80;26;2;6;21;3;;0;12;;;;;;;0;476;237;86;71;36;4;5;22;2;1;5;0;3;0;0;4;0;
0110;58155001;STIMMBEZIRK;01058585315510;299;263;36;0;179;179;0;0;2;177;107;17;24;10;7;0;10;2;;0;0;;;;;;;1;178;103;15;20;19;8;0;8;0;2;2;0;0;0;0;0;1;
0110;58172001;STIMMBEZIRK;01058585317210;1373;1096;277;0;640;640;0;0;7;633;313;104;92;23;33;12;49;2;;1;4;;;;;;;4;636;312;85;94;35;43;4;42;1;2;6;0;3;1;0;6;2;
0110;58172002;STIMMBEZIRK;01058585317210;1333;1065;268;0;584;584;0;0;5;579;309;77;90;20;28;6;44;3;;0;2;;;;;;;5;579;307;70;83;27;27;7;49;1;2;2;0;2;0;0;0;2;
0110;58172003;STIMMBEZIRK;01058585317210;1417;1077;340;0;724;724;0;0;10;714;372;103;119;29;26;17;41;2;;1;4;;;;;;;4;720;379;81;121;39;30;11;35;1;6;4;2;4;1;0;3;3;
0111;60011001;STIMMBEZIRK;01060506301111;1256;935;321;0;542;540;2;0;9;533;271;88;94;28;30;9;;4;;;8;;;;;1;;5;537;272;64;89;32;30;9;30;3;2;0;0;5;0;0;1;0;
0111;60011002;STIMMBEZIRK;01060506301111;1271;1057;214;0;608;606;2;0;7;601;294;114;93;47;37;6;;4;;;6;;;;;0;;5;603;300;90;81;51;31;4;25;3;4;4;1;6;0;0;3;0;
0111;60011003;STIMMBEZIRK;01060506301111;1333;988;345;0;528;528;0;0;7;521;277;76;88;33;19;8;;7;;;13;;;;;0;;5;523;276;62;88;31;18;4;20;2;2;3;1;13;1;0;2;0;
0111;60963002;BRIEFWAHLBEZIRK;01060506301111;0;0;0;0;838;0;0;0;7;831;405;180;149;38;29;7;;19;;;3;;;;;1;;5;833;454;139;98;53;28;9;36;4;5;0;0;1;1;1;3;1;
0115;57004001;STIMMBEZIRK;01057572700415;536;408;128;0;257;257;0;0;5;252;135;56;35;7;8;7;;;;;4;;0;;;;;5;252;131;49;35;10;8;3;9;0;0;1;0;3;0;0;3;0;
0115;57007001;STIMMBEZIRK;01057572700715;675;540;135;0;314;314;0;0;3;311;163;85;23;24;10;1;;;;;5;;0;;;;;0;314;186;58;19;19;8;1;10;0;0;4;0;8;0;0;1;0;
0115;57007002;STIMMBEZIRK;01057572700715;575;414;161;0;251;251;0;0;8;243;126;48;35;10;12;12;;;;;0;;0;;;;;5;246;124;39;34;13;15;6;12;0;0;3;0;0;0;0;0;0;
0115;57007003;STIMMBEZIRK;01057572700715;193;157;36;0;94;93;1;0;5;89;49;19;11;4;3;1;;;;;2;;0;;;;;1;93;52;14;11;6;3;0;4;0;0;1;0;2;0;0;0;0;
0115;57013001;STIMMBEZIRK;01057572701315;497;404;93;0;271;271;0;0;7;264;102;57;61;12;12;12;;;;;8;;0;;;;;3;268;104;42;51;18;14;9;14;0;1;2;1;10;0;0;2;0;
0115;57021001;STIMMBEZIRK;01057572702115;568;458;110;0;301;300;1;0;9;292;139;78;40;14;13;3;;;;;3;;2;;;;;3;298;158;54;36;13;11;2;9;0;1;2;1;3;3;0;1;4;
0115;57021002;STIMMBEZIRK;01057572702115;322;274;48;0;182;182;0;0;4;178;83;35;29;13;8;6;;;;;3;;1;;;;;0;182;88;25;26;10;8;4;4;0;4;6;1;5;0;0;1;0;
0115;57026001;STIMMBEZIRK;01057572702615;268;227;41;0;144;144;0;0;0;144;79;29;18;9;2;4;;;;;3;;0;;;;;0;144;73;23;19;13;4;3;6;0;0;0;0;2;0;0;1;0;
0115;57027001;STIMMBEZIRK;01057572702715;352;274;78;0;162;160;2;0;5;157;80;41;15;8;10;0;;;;;3;;0;;;;;2;160;82;33;17;11;10;0;4;0;0;1;0;1;0;0;1;0;
0115;57029001;STIMMBEZIRK;01057572702915;894;727;167;0;393;393;0;0;10;383;150;125;56;19;16;5;;;;;9;;3;;;;;5;388;168;99;46;21;15;1;16;1;0;5;0;9;1;0;5;1;
0115;57030001;STIMMBEZIRK;01057572703015;699;490;209;0;292;290;2;0;4;288;112;64;62;29;8;9;;;;;3;;1;;;;;2;290;127;44;56;28;10;5;8;1;2;2;0;1;0;0;5;1;
0115;57034001;STIMMBEZIRK;01057572703415;154;128;26;0;90;89;1;0;2;88;42;13;21;2;5;1;;;;;3;;1;;;;;1;89;41;11;17;4;7;1;3;0;1;0;0;3;0;0;1;0;
0115;57035001;STIMMBEZIRK;01057572703515;567;463;104;0;299;299;0;0;7;292;136;86;39;8;7;6;;;;;5;;5;;;;;4;295;143;71;29;9;6;5;13;1;4;6;2;4;0;0;2;0;
0115;57038001;STIMMBEZIRK;01057572703815;76;65;11;0;41;41;0;0;0;41;18;5;12;1;3;2;;;;;0;;0;;;;;0;41;17;5;11;0;5;2;1;0;0;0;0;0;0;0;0;0;
0115;57048001;STIMMBEZIRK;01057572704815;892;734;158;0;350;350;0;0;7;343;144;92;51;19;24;6;;;;;6;;1;;;;;4;346;151;69;39;25;24;3;12;3;1;11;1;5;0;0;2;0;
0115;57048002;STIMMBEZIRK;01057572704815;843;711;132;0;283;283;0;0;5;278;122;63;27;15;24;19;;;;;5;;3;;;;;2;281;123;48;23;15;23;12;17;2;2;9;1;4;0;0;2;0;
0115;57048003;STIMMBEZIRK;01057572704815;992;789;203;0;312;312;0;0;9;303;143;56;47;16;18;17;;;;;3;;3;;;;;6;306;151;45;37;18;16;12;13;0;0;7;0;4;0;1;0;2;
0115;57048004;STIMMBEZIRK;01057572704815;769;594;175;0;297;297;0;0;7;290;119;88;51;11;9;11;;;;;0;;1;;;;;6;291;123;64;42;22;10;11;12;1;0;2;0;0;0;1;3;0;
0115;57048005;STIMMBEZIRK;01057572704815;862;657;205;0;397;397;0;0;10;387;167;98;70;20;23;8;;;;;1;;0;;;;;0;397;186;79;66;19;17;5;16;1;3;2;0;3;0;0;0;0;
0115;57055001;STIMMBEZIRK;01057572705515;581;450;131;0;278;271;7;0;9;269;121;66;38;12;20;8;;;;;3;;1;;;;;6;272;126;45;39;14;18;6;10;3;4;4;0;1;0;0;1;1;
0115;57055002;STIMMBEZIRK;01057572705515;614;506;108;0;304;304;0;0;5;299;154;64;47;12;12;6;;;;;3;;1;;;;;1;303;154;50;35;20;13;5;17;1;0;3;1;2;0;0;2;0;
0115;57076001;STIMMBEZIRK;01057572707615;661;534;127;0;315;315;0;0;8;307;122;91;47;24;12;6;;;;;5;;0;;;;;3;312;136;64;51;24;9;2;8;1;1;5;0;8;1;0;1;1;
0115;57082001;STIMMBEZIRK;01057572708215;320;270;50;0;194;194;0;0;6;188;93;40;39;4;6;5;;;;;1;;0;;;;;2;192;91;31;38;12;6;1;7;1;2;1;0;2;0;0;0;0;
0115;57003001;STIMMBEZIRK;01057575500315;486;383;103;0;269;269;0;0;7;262;119;61;44;22;10;4;;;;;1;;1;;;;;1;268;127;44;36;23;9;1;20;0;1;1;1;4;0;0;1;0;
0115;57006001;STIMMBEZIRK;01057575500615;162;129;33;0;101;101;0;0;2;99;37;28;22;5;1;1;;;;;3;;2;;;;;0;101;39;21;20;7;1;1;3;1;2;2;1;3;0;0;0;0;
0115;57012001;STIMMBEZIRK;01057575501215;319;239;80;0;183;183;0;0;1;182;70;36;54;9;10;2;;;;;0;;1;;;;;0;183;83;29;42;8;9;2;4;0;0;4;0;0;0;0;1;1;
0115;57018001;STIMMBEZIRK;01057575501815;116;94;22;0;73;73;0;0;3;70;26;13;26;3;0;2;;;;;0;;0;;;;;1;72;26;9;23;5;0;2;5;0;0;1;0;0;0;0;1;0;
0115;57020001;STIMMBEZIRK;01057575502015;470;409;61;0;269;269;0;0;3;266;96;70;62;10;8;10;;;;;9;;1;;;;;0;269;101;51;56;7;11;3;19;0;0;5;0;12;1;1;1;1;
0115;57028001;STIMMBEZIRK;01057575502815;362;302;60;0;196;196;0;0;2;194;101;36;25;17;10;2;;;;;0;;3;;;;;0;196;103;30;22;14;10;1;8;0;0;2;0;0;1;0;2;3;
0115;57039001;STIMMBEZIRK;01057575503915;677;562;115;0;372;372;0;0;6;366;155;72;80;24;22;8;;;;;3;;2;;;;;4;368;174;45;74;15;19;7;20;1;4;2;1;4;2;0;0;0;
0115;57040001;STIMMBEZIRK;01057575504015;357;299;58;0;187;187;0;0;3;184;70;44;34;16;11;1;;;;;4;;4;;;;;1;186;71;30;31;13;11;1;14;0;3;3;0;5;0;0;3;1;
0115;57041001;STIMMBEZIRK;01057575504115;332;280;52;0;181;181;0;0;3;178;91;32;29;9;12;4;;;;;0;;1;;;;;0;181;91;28;23;8;12;4;13;0;1;1;0;0;0;0;0;0;
0115;57043001;STIMMBEZIRK;01057575504315;1490;1088;402;0;684;684;0;0;11;673;275;140;161;35;40;9;;;;;5;;8;;;;;5;679;306;103;138;43;39;5;22;0;0;4;0;5;0;1;8;5;
0115;57043002;STIMMBEZIRK;01057575504315;1527;1059;468;0;635;629;6;0;9;626;251;127;142;41;39;14;;;;;5;;7;;;;;1;634;263;97;127;49;35;6;33;1;1;6;0;8;0;0;3;5;
0115;57043003;STIMMBEZIRK;01057575504315;1583;1248;335;0;704;699;5;0;17;687;265;173;126;53;46;16;;;;;0;;8;;;;;11;693;291;129;120;55;39;6;28;1;1;9;0;3;1;2;5;3;
0115;57049001;STIMMBEZIRK;01057575504915;284;222;62;0;168;168;0;0;2;166;67;32;45;12;4;3;;;;;2;;1;;;;;1;167;66;27;38;13;5;1;8;1;1;2;0;2;0;0;3;0;
0115;57056001;STIMMBEZIRK;01057575505615;286;237;49;0;175;172;3;0;7;168;53;50;48;7;3;2;;;;;5;;0;;;;;1;174;67;22;50;14;4;0;11;0;1;0;0;5;0;0;0;0;
0115;57060001;STIMMBEZIRK;01057575506015;365;286;79;0;204;204;0;0;5;199;84;38;42;12;13;7;;;;;2;;1;;;;;3;201;80;24;45;13;13;4;6;1;1;2;0;3;1;3;5;0;
0115;57063001;STIMMBEZIRK;01057575506315;1860;1487;373;0;940;937;3;0;20;920;411;197;161;57;43;21;;;;;26;;4;;;;;26;914;451;142;145;58;39;12;13;0;3;12;1;25;1;0;11;1;
0115;57073001;STIMMBEZIRK;01057575507315;1790;1304;486;0;666;665;1;0;19;647;266;180;122;33;28;11;;;;;6;;1;;;;;8;658;302;117;119;35;26;6;30;0;3;6;1;7;1;0;5;0;
0115;57073002;STIMMBEZIRK;01057575507315;1741;1351;390;0;710;710;0;0;16;694;265;193;115;44;44;13;;;;;14;;6;;;;;4;706;313;135;112;32;42;10;36;6;3;0;0;7;0;1;7;2;
0115;57073003;STIMMBEZIRK;01057575507315;1621;1165;456;0;605;605;0;0;13;592;264;129;118;37;23;10;;;;;11;;0;;;;;4;601;296;73;111;36;22;7;31;0;0;5;0;11;0;0;8;1;
0115;57078001;STIMMBEZIRK;01057575507815;390;312;78;0;238;238;0;0;5;233;115;41;33;12;13;7;;;;;7;;5;;;;;2;236;123;35;27;13;10;6;6;1;1;2;0;8;0;0;3;1;
0115;57079001;STIMMBEZIRK;01057575507915;663;505;158;0;364;363;1;0;6;358;189;65;63;17;13;9;;;;;1;;1;;;;;2;362;188;46;66;20;11;7;13;0;2;3;2;3;0;0;1;0;
0115;57081001;STIMMBEZIRK;01057575508115;262;215;47;0;167;167;0;0;3;164;67;56;23;7;6;4;;;;;1;;0;;;;;4;163;71;40;21;11;5;4;7;0;0;1;1;1;0;0;0;1;
0115;57087001;STIMMBEZIRK;01057575508715;834;632;202;0;427;427;0;0;7;420;161;116;79;23;23;6;;;;;11;;1;;;;;0;427;165;87;86;30;23;2;17;0;1;3;0;8;0;0;4;1;
0115;57088001;STIMMBEZIRK;01057575508815;592;460;132;0;317;317;0;0;2;315;141;78;54;11;14;3;;;;;14;;0;;;;;3;314;149;57;41;15;12;0;17;0;1;4;0;15;0;0;2;1;
0115;57025001;STIMMBEZIRK;01057578202515;1452;1000;452;0;658;658;0;0;6;652;256;93;202;60;30;6;;;;;5;;0;;;;;5;653;253;60;182;79;29;5;27;1;1;8;0;4;1;1;1;1;
0115;57025002;STIMMBEZIRK;01057578202515;1425;1122;303;0;729;729;0;0;12;717;296;173;177;29;22;8;;;;;9;;3;;;;;6;723;324;125;156;32;24;7;29;4;3;3;0;10;1;0;2;3;
0115;57025003;STIMMBEZIRK;01057578202515;1527;1085;442;0;712;712;0;0;9;703;284;131;199;37;32;12;;;;;4;;4;;;;;4;708;304;92;187;46;28;10;21;0;1;4;1;5;0;0;6;3;
0115;57025004;STIMMBEZIRK;01057578202515;1355;1018;337;0;676;676;0;0;7;669;259;132;162;38;49;12;;;;;11;;6;;;;;2;674;270;86;148;52;43;12;32;2;1;4;0;13;0;2;1;8;
0115;57025005;STIMMBEZIRK;01057578202515;1364;1068;296;0;751;751;0;0;7;744;315;136;209;44;19;9;;;;;7;;5;;;;;2;749;302;105;207;64;21;3;23;1;3;9;0;9;0;0;1;1;
0115;57051001;STIMMBEZIRK;01057578205115;1202;945;257;0;574;574;0;0;6;568;225;115;130;49;26;15;;;;;3;;5;;;;;3;571;232;87;118;47;23;11;33;3;2;5;1;4;0;0;1;4;
0115;57051002;STIMMBEZIRK;01057578205115;1246;951;295;0;568;567;1;0;11;557;211;141;117;47;22;13;;;;;4;;2;;;;;6;562;236;110;106;46;17;9;23;1;2;6;0;2;0;0;4;0;
0115;57051003;STIMMBEZIRK;01057578205115;941;629;312;0;460;460;0;0;7;453;150;99;128;47;14;8;;;;;4;;3;;;;;4;456;182;75;109;48;11;5;15;0;0;4;1;2;0;0;1;3;
0115;57074001;STIMMBEZIRK;01057578207415;1094;879;215;0;511;511;0;0;16;495;198;99;118;29;34;5;;;;;7;;5;;;;;6;505;225;71;86;30;31;6;34;3;3;7;0;4;2;0;3;0;
0115;57074002;STIMMBEZIRK;01057578207415;1222;927;295;0;571;571;0;0;11;560;218;120;136;42;20;13;;;;;4;;7;;;;;8;563;250;80;130;42;16;6;24;1;0;4;0;4;0;0;3;3;
0115;57074003;STIMMBEZIRK;01057578207415;992;835;157;0;494;494;0;0;10;484;206;131;73;30;25;14;;;;;3;;2;;;;;4;490;219;96;75;28;17;9;21;1;2;9;1;3;1;1;4;3;
0115;57074004;STIMMBEZIRK;01057578207415;1146;925;221;0;573;573;0;0;17;556;216;161;109;30;22;7;;;;;6;;5;;;;;12;561;223;133;101;42;18;4;23;1;4;3;0;5;0;0;4;0;
0115;57074005;STIMMBEZIRK;01057578207415;668;557;111;0;317;317;0;0;7;310;116;84;63;19;21;4;;;;;1;;2;;;;;5;312;122;65;52;18;21;6;20;0;0;3;0;2;0;2;1;0;
0115;57074006;STIMMBEZIRK;01057578207415;358;299;59;0;216;216;0;0;9;207;79;41;48;18;16;4;;;;;0;;1;;;;;4;212;95;34;38;11;11;1;17;0;1;2;0;1;0;1;0;0;
0115;57016001;STIMMBEZIRK;01057577501615;928;706;222;0;478;476;2;0;13;465;174;100;116;36;29;5;;;;;5;;0;;;;;4;474;199;74;88;34;23;7;21;1;2;14;0;10;0;1;0;0;
0115;57044001;STIMMBEZIRK;01057577504415;218;162;56;0;105;105;0;0;2;103;20;27;28;5;4;9;;;;;9;;1;;;;;1;104;22;24;25;4;4;4;6;0;0;6;0;9;0;0;0;0;
0115;57050001;STIMMBEZIRK;01057577505015;795;654;141;0;404;404;0;0;12;392;181;70;72;21;25;12;;;;;7;;4;;;;;8;396;191;49;67;20;22;7;17;2;1;5;1;9;0;1;2;2;
0115;57052001;STIMMBEZIRK;01057577505215;497;418;79;0;262;260;2;0;4;258;115;53;41;20;11;3;;;;;15;;0;;;;;4;258;121;32;40;17;9;4;11;1;4;5;0;11;0;0;3;0;
0115;57072001;STIMMBEZIRK;01057577507215;477;398;79;0;241;241;0;0;3;238;97;78;29;19;11;2;;;;;2;;0;;;;;2;239;98;59;34;13;11;0;14;1;1;2;0;4;0;0;2;0;
0115;57077001;STIMMBEZIRK;01057577507715;1316;1050;266;0;574;574;0;0;13;561;204;143;104;47;28;19;;;;;11;;5;;;;;3;571;245;90;90;53;27;14;21;4;1;6;1;10;0;1;7;1;
0115;57090001;STIMMBEZIRK;01057577509015;650;491;159;0;288;288;0;0;9;279;117;52;50;20;17;9;;;;;10;;4;;;;;5;283;127;31;48;20;16;7;18;2;1;1;0;9;0;0;1;2;
0116;57057001;STIMMBEZIRK;01057005705716;1657;1250;407;0;701;701;0;0;16;685;296;128;162;27;30;8;;9;16;;9;;;;;;;8;693;284;89;160;45;27;9;48;1;1;17;1;5;0;1;4;1;
0116;57057002;STIMMBEZIRK;01057005705716;1477;1119;358;0;572;572;0;0;4;568;244;101;133;21;26;9;;6;17;;11;;;;;;;2;570;240;75;129;41;28;8;20;2;2;8;0;11;1;0;4;1;
0116;57057003;STIMMBEZIRK;01057005705716;1553;1187;366;0;693;693;0;0;10;683;293;127;139;26;38;32;;4;13;;11;;;;;;;8;685;278;88;150;41;39;23;39;3;3;7;0;9;0;0;3;2;
0116;57057004;STIMMBEZIRK;01057005705716;1207;990;217;0;395;395;0;0;10;385;178;88;42;5;32;17;;7;12;;4;;;;;;;6;389;193;60;45;6;31;16;9;1;2;10;3;6;0;0;7;0;
0116;57057005;STIMMBEZIRK;01057005705716;1450;1109;341;0;572;572;0;0;6;566;262;106;87;43;29;17;;4;12;;6;;;;;;;1;571;262;85;91;49;31;10;23;1;4;8;0;4;1;0;2;0;
0116;57943001;BRIEFWAHLBEZIRK;01057005705716;0;0;0;0;725;0;0;0;15;710;318;160;154;28;20;11;;12;4;;3;;;;;;;1;724;333;111;143;49;25;7;27;3;6;4;0;10;1;0;1;4;
0116;57943002;BRIEFWAHLBEZIRK;01057005705716;0;0;0;0;854;0;0;0;8;846;379;156;173;50;31;26;;11;14;;6;;;;;;;2;852;393;118;151;76;31;22;30;3;5;8;0;10;0;0;5;0;
0116;57009001;STIMMBEZIRK;01057000900916;1125;863;262;0;494;494;0;0;10;484;274;84;73;14;17;6;;5;7;;4;;;;;;;2;492;259;70;71;31;19;5;19;2;3;4;0;5;0;0;4;0;
0116;57991001;BRIEFWAHLBEZIRK;01057000900916;0;0;0;0;233;0;0;0;5;228;115;47;45;9;6;2;;1;2;;1;;;;;;;0;233;109;40;40;17;8;2;7;0;5;1;1;3;0;0;0;0;
0116;57005001;STIMMBEZIRK;01057578500516;323;244;79;0;157;157;0;0;0;157;90;12;31;6;5;3;;1;3;;6;;;;;;;0;157;81;14;25;15;4;2;7;1;1;1;0;4;0;0;2;0;
0116;57024001;STIMMBEZIRK;01057578502416;423;377;46;0;266;266;0;0;3;263;132;29;58;21;12;1;;3;2;;5;;;;;;;1;265;143;28;34;25;10;1;17;1;0;1;0;5;0;0;0;0;
0116;57068001;STIMMBEZIRK;01057578506816;650;544;106;0;418;418;0;0;4;414;270;36;55;19;15;2;;8;2;;7;;;;;;;2;416;254;27;43;37;15;3;16;1;4;1;2;9;0;0;4;0;
0116;57069001;STIMMBEZIRK;01057578506916;804;669;135;0;430;430;0;0;7;423;232;52;68;21;22;6;;9;9;;4;;;;;;;4;426;234;42;57;22;24;5;19;2;6;6;0;5;0;1;2;1;
0116;57071001;STIMMBEZIRK;01057578507116;728;606;122;0;387;387;0;0;3;384;212;47;63;28;21;1;;3;4;;5;;;;;;;2;385;197;40;56;34;20;2;25;0;2;2;0;5;0;0;2;0;
0116;57080001;STIMMBEZIRK;01057578508016;1087;881;206;0;530;530;0;0;8;522;257;81;97;26;24;13;;6;12;;6;;;;;;;4;526;240;70;88;34;27;13;38;2;1;3;0;6;1;1;2;0;
0116;57083001;STIMMBEZIRK;01057578508316;290;230;60;0;160;159;1;0;5;155;82;22;24;11;6;1;;3;2;;4;;;;;;;0;160;85;20;17;14;9;1;6;0;3;1;0;3;0;0;1;0;
0116;57085001;STIMMBEZIRK;01057578508516;1193;991;202;0;539;539;0;0;4;535;260;105;91;29;20;7;;6;8;;9;;;;;;;5;534;257;74;93;32;19;7;20;3;5;3;1;11;2;0;7;0;
0116;57085002;STIMMBEZIRK;01057578508516;1201;1008;193;0;476;476;0;0;8;468;233;78;60;27;42;5;;7;2;;14;;;;;;;2;474;215;75;60;34;42;3;20;1;4;1;1;13;0;0;5;0;
0116;57002001;STIMMBEZIRK;01057574700216;143;120;23;0;87;87;0;0;1;86;44;11;18;6;2;3;;0;2;;0;;;;;;;0;87;48;5;19;6;1;2;5;0;0;0;0;1;0;0;0;0;
0116;57010001;STIMMBEZIRK;01057574701016;413;346;67;0;226;226;0;0;4;222;83;50;51;11;12;7;;2;3;;3;;;;;;;2;224;90;43;50;11;12;1;9;0;1;0;1;3;0;0;3;0;
0116;57011001;STIMMBEZIRK;01057574701116;217;183;34;0;135;135;0;0;2;133;77;22;16;6;7;0;;1;3;;1;;;;;;;1;134;76;14;17;12;8;0;2;0;1;2;1;1;0;0;0;0;
0116;57023001;STIMMBEZIRK;01057574702316;182;151;31;0;104;104;0;0;2;102;27;23;39;1;6;3;;0;2;;1;;;;;;;2;102;35;14;36;2;6;3;2;0;1;1;0;2;0;0;0;0;
0116;57031001;STIMMBEZIRK;01057574703116;370;300;70;0;200;197;3;0;2;198;71;38;46;12;12;3;;0;12;;4;;;;;;;2;198;68;31;43;5;11;5;20;2;0;5;1;4;0;2;1;0;
0116;57033001;STIMMBEZIRK;01057574703316;664;540;124;0;370;367;3;0;10;360;154;57;95;13;9;16;;3;9;;4;;;;;;;4;366;154;45;87;25;8;14;17;2;3;4;1;4;0;0;2;0;
0116;57037001;STIMMBEZIRK;01057574703716;222;180;42;0;143;143;0;0;0;143;76;22;25;7;3;6;;2;0;;2;;;;;;;0;143;69;16;28;13;5;4;3;0;1;0;0;2;1;1;0;0;
0116;57042001;STIMMBEZIRK;01057574704216;520;410;110;0;239;230;9;0;4;235;101;45;40;7;23;4;;3;5;;7;;;;;;;1;238;92;33;44;11;21;5;15;1;1;1;0;9;0;0;3;2;
0116;57046001;STIMMBEZIRK;01057574704616;442;352;90;0;225;225;0;0;6;219;113;35;35;13;9;0;;2;3;;9;;;;;;;4;221;111;35;28;14;6;0;13;0;0;1;0;11;0;0;1;1;
0116;57046002;STIMMBEZIRK;01057574704616;634;522;112;0;332;332;0;0;10;322;173;59;48;11;12;5;;5;8;;1;;;;;;;5;327;159;42;50;24;13;7;14;2;4;3;0;3;0;0;5;1;
0116;57047001;STIMMBEZIRK;01057574704716;236;196;40;0;119;119;0;0;4;115;68;13;18;5;4;3;;1;2;;1;;;;;;;0;119;63;9;19;5;5;2;10;1;1;0;0;3;0;0;1;0;
0116;57054001;STIMMBEZIRK;01057574705416;344;284;60;0;188;188;0;0;5;183;86;25;29;13;12;2;;5;7;;4;;;;;;;4;184;75;21;35;13;13;2;9;1;0;3;0;5;0;0;7;0;
0116;57058001;STIMMBEZIRK;01057574705816;335;271;64;0;177;177;0;0;1;176;87;22;40;7;7;3;;1;5;;4;;;;;;;0;177;72;22;40;8;9;2;10;1;2;5;0;4;0;0;2;0;
0116;57059001;STIMMBEZIRK;01057574705916;367;267;100;0;191;191;0;0;1;190;77;30;48;15;9;4;;2;2;;3;;;;;;;0;191;69;22;51;15;12;3;9;2;2;1;0;3;1;0;1;0;
0116;57066001;STIMMBEZIRK;01057574706616;674;543;131;0;362;362;0;0;6;356;151;56;89;28;15;2;;1;5;;9;;;;;;;4;358;158;39;83;24;14;3;22;1;1;0;0;8;2;1;1;1;
0116;57070001;STIMMBEZIRK;01057574707016;1269;921;348;0;591;591;0;0;8;583;232;120;144;26;17;10;;8;14;;12;;;;;;;4;587;227;90;146;33;17;7;31;1;5;14;1;12;0;0;2;1;
0116;57084001;STIMMBEZIRK;01057574708416;386;295;91;0;227;227;0;0;5;222;102;36;49;17;7;4;;1;3;;3;;;;;;;2;225;105;29;46;14;8;3;10;2;0;2;1;3;0;0;1;1;
0116;57086001;STIMMBEZIRK;01057574708616;316;261;55;0;178;178;0;0;4;174;51;39;48;12;6;7;;0;4;;7;;;;;;;2;176;50;25;41;15;10;7;10;2;0;6;0;5;0;0;2;3;
0116;57015001;STIMMBEZIRK;01057573901516;769;643;126;0;425;424;1;0;3;422;196;83;66;28;20;5;;4;10;;10;;;;;;;3;422;197;53;63;35;21;6;23;1;1;4;1;12;0;0;4;1;
0116;57017001;STIMMBEZIRK;01057573901716;218;173;45;0;114;114;0;0;0;114;68;16;18;7;0;0;;1;3;;1;;;;;;;1;113;54;11;22;19;0;0;2;1;1;1;1;1;0;0;0;0;
0116;57022001;STIMMBEZIRK;01057573902216;838;701;137;0;491;491;0;0;4;487;217;82;96;20;31;10;;11;8;;12;;;;;;;0;491;209;62;98;32;27;10;19;2;7;8;0;13;0;1;1;2;
0116;57032001;STIMMBEZIRK;01057573903216;480;395;85;0;266;266;0;0;3;263;157;28;35;12;17;3;;5;3;;3;;;;;;;2;264;140;24;38;20;17;3;7;1;2;6;1;4;0;1;0;0;
0116;57045001;STIMMBEZIRK;01057573904516;483;402;81;0;286;285;1;0;8;278;106;71;52;5;13;5;;5;9;;12;;;;;;;3;283;99;61;58;11;12;2;10;0;2;5;1;17;0;0;3;2;
0116;57053001;STIMMBEZIRK;01057573905316;245;189;56;0;130;129;1;0;3;127;57;25;29;3;4;1;;2;3;;3;;;;;;;1;129;47;16;34;12;4;1;6;0;1;2;0;3;0;1;2;0;
0116;57065001;STIMMBEZIRK;01057573906516;286;223;63;0;124;124;0;0;3;121;48;28;18;15;4;4;;4;0;;0;;;;;;;1;123;43;27;17;15;4;4;6;1;4;1;0;1;0;0;0;0;
0116;57067001;STIMMBEZIRK;01057573906716;402;333;69;0;249;249;0;0;1;248;129;49;43;7;8;2;;4;3;;3;;;;;;;0;249;122;33;43;16;9;3;16;1;0;2;0;3;0;0;1;0;
0116;57089001;STIMMBEZIRK;01057573908916;150;113;37;0;84;84;0;0;4;80;29;28;16;2;0;4;;0;1;;0;;;;;;;2;82;28;22;20;3;0;2;3;2;0;0;0;0;0;0;2;0;
0116;55007001;STIMMBEZIRK;01057573900716;900;669;231;0;414;414;0;0;1;413;191;76;80;28;15;5;;4;3;;11;;;;;;;0;414;180;57;75;41;15;6;23;0;2;3;0;11;0;0;1;0;
0116;55007002;STIMMBEZIRK;01057573900716;1084;871;213;0;481;481;0;0;9;472;237;90;76;19;28;7;;6;3;;6;;;;;;;3;478;245;66;68;31;28;5;14;2;2;1;2;8;0;1;3;2;
0116;55007003;STIMMBEZIRK;01057573900716;572;468;104;0;194;194;0;0;2;192;98;27;27;10;10;2;;8;4;;6;;;;;;;2;192;100;22;26;12;10;2;8;1;2;3;0;4;0;0;0;2;
0116;55007004;STIMMBEZIRK;01057573900716;381;310;71;0;193;193;0;0;5;188;92;35;25;11;11;2;;1;5;;6;;;;;;;0;193;97;22;27;13;11;2;8;0;1;4;1;6;0;0;0;1;
0117;55006001;STIMMBEZIRK;01055554600617;441;372;69;0;220;220;0;0;5;215;93;38;53;5;11;7;;;;;;;;;;;8;3;217;94;29;55;7;12;3;9;0;1;2;0;1;0;0;4;0;
0117;55011001;STIMMBEZIRK;01055554601117;540;441;99;0;272;272;0;0;3;269;113;76;41;18;16;3;;;;;;;;;;;2;2;270;112;62;43;15;14;4;12;0;2;2;0;1;0;0;2;1;
0117;55020001;STIMMBEZIRK;01055554602017;548;452;96;0;262;262;0;0;5;257;127;62;33;13;10;6;;;;;;;;;;;6;4;258;128;45;24;12;10;6;15;0;3;0;2;10;0;0;2;1;
0117;55023001;STIMMBEZIRK;01055554602317;358;294;64;0;154;154;0;0;0;154;70;46;16;10;4;4;;;;;;;;;;;4;0;154;74;39;19;9;8;2;1;0;0;0;1;0;0;1;0;0;
0117;55027001;STIMMBEZIRK;01055554602717;206;173;33;0;105;104;1;0;1;104;47;33;8;4;8;2;;;;;;;;;;;2;0;105;51;27;6;5;10;1;2;2;0;0;0;0;0;0;1;0;
0117;55027002;STIMMBEZIRK;01055554602717;698;588;110;0;264;264;0;0;4;260;135;53;44;10;8;7;;;;;;;;;;;3;2;262;146;39;33;15;10;3;8;1;4;1;0;1;0;0;1;0;
0117;55027003;STIMMBEZIRK;01055554602717;777;656;121;0;270;270;0;0;4;266;129;61;36;13;18;5;;;;;;;;;;;4;2;268;132;46;33;14;19;3;10;0;4;0;1;4;0;0;0;2;
0117;55027004;STIMMBEZIRK;01055554602717;838;708;130;0;320;320;0;0;3;317;127;91;49;15;16;15;;;;;;;;;;;4;1;319;142;65;47;16;14;10;12;1;0;2;1;1;0;1;7;0;
0117;55027005;STIMMBEZIRK;01055554602717;642;530;112;0;224;224;0;0;9;215;113;53;21;5;13;7;;;;;;;;;;;3;8;216;108;37;24;6;9;7;14;1;1;1;1;2;0;1;4;0;
0117;55027006;STIMMBEZIRK;01055554602717;1021;814;207;0;426;426;0;0;4;422;209;95;53;21;25;15;;;;;;;;;;;4;3;423;212;70;53;32;22;8;9;2;2;4;1;4;0;1;3;0;
0117;55029001;STIMMBEZIRK;01055554602917;317;283;34;0;163;163;0;0;2;161;80;41;13;4;13;4;;;;;;;;;;;6;0;163;73;31;16;9;16;4;6;0;0;1;0;1;0;0;5;1;
0117;55036001;STIMMBEZIRK;01055554603617;464;372;92;0;204;204;0;0;6;198;94;37;28;18;11;5;;;;;;;;;;;5;3;201;97;33;22;20;8;1;10;0;2;1;1;3;0;0;3;0;
0117;55036002;STIMMBEZIRK;01055554603617;373;314;59;0;201;201;0;0;2;199;93;46;26;8;16;6;;;;;;;;;;;4;0;201;89;34;29;8;16;2;13;1;4;1;0;1;0;2;0;1;
0117;55014001;STIMMBEZIRK;01055554301417;922;700;222;0;389;387;2;0;7;382;165;111;51;23;18;11;;;;;;;;;;;3;3;386;162;87;57;28;16;9;9;2;9;2;1;1;0;1;2;0;
0117;55015001;STIMMBEZIRK;01055554301517;569;449;120;0;235;235;0;0;1;234;134;46;13;11;20;4;;;;;;;;;;;6;0;235;128;39;16;12;25;3;2;0;3;1;1;4;0;0;1;0;
0117;55015002;STIMMBEZIRK;01055554301517;301;235;66;0;156;156;0;0;2;154;84;25;16;5;20;2;;;;;;;;;;;2;1;155;81;20;18;7;19;0;5;0;1;1;0;0;1;0;2;0;
0117;55015003;STIMMBEZIRK;01055554301517;368;303;65;0;173;173;0;0;2;171;121;22;16;4;4;2;;;;;;;;;;;2;1;172;112;18;15;9;3;1;8;1;0;2;0;1;0;0;2;0;
0117;55017001;STIMMBEZIRK;01055554301717;1964;1481;483;0;759;755;4;0;17;742;386;146;88;45;43;19;;;;;;;;;;;15;10;749;372;131;95;42;42;15;35;2;5;4;0;3;0;1;2;0;
0117;55022001;STIMMBEZIRK;01055554302217;522;410;112;0;227;227;0;0;8;219;92;64;36;6;11;5;;;;;;;;;;;5;6;221;94;55;40;8;8;5;6;0;0;2;0;1;1;0;1;0;
0117;55022002;STIMMBEZIRK;01055554302217;423;338;85;0;207;207;0;0;8;199;123;34;21;8;6;7;;;;;;;;;;;0;5;202;120;20;30;12;6;5;5;0;1;1;0;0;0;0;2;0;
0117;55031001;STIMMBEZIRK;01055554303117;1010;791;219;0;405;405;0;0;5;400;194;96;47;15;30;8;;;;;;;;;;;10;1;404;191;78;56;16;25;7;21;2;2;1;1;0;1;0;3;0;
0117;55043001;STIMMBEZIRK;01055554304317;283;231;52;0;152;152;0;0;2;150;59;39;22;12;11;2;;;;;;;;;;;5;2;150;59;34;24;7;8;3;7;1;2;1;0;3;0;0;0;1;
0117;55043002;STIMMBEZIRK;01055554304317;238;191;47;0;103;103;0;0;4;99;47;11;9;5;10;4;;;;;;;;;;;13;3;100;46;12;14;5;11;2;7;1;0;1;0;1;0;0;0;0;
0117;55043003;STIMMBEZIRK;01055554304317;907;707;200;0;428;428;0;0;6;422;183;112;60;17;34;11;;;;;;;;;;;5;3;425;190;83;63;16;27;3;20;2;4;6;2;5;0;0;4;0;
0117;55043004;STIMMBEZIRK;01055554304317;417;303;114;0;188;188;0;0;4;184;85;43;14;20;14;5;;;;;;;;;;;3;0;188;76;39;13;27;11;1;6;1;1;2;0;6;0;0;5;0;
0117;55002001;STIMMBEZIRK;01055559100217;593;472;121;0;266;266;0;0;3;263;151;57;24;6;16;7;;;;;;;;;;;2;2;264;143;44;25;16;14;4;10;1;0;0;1;2;1;1;1;1;
0117;55002002;STIMMBEZIRK;01055559100217;352;266;86;0;151;151;0;0;0;151;71;32;33;7;3;4;;;;;;;;;;;1;0;151;72;30;24;8;3;2;6;0;0;4;0;1;0;0;1;0;
0117;55024001;STIMMBEZIRK;01055559102417;651;525;126;0;300;300;0;0;3;297;129;72;44;17;20;13;;;;;;;;;;;2;2;298;141;48;41;26;22;6;8;0;0;1;2;3;0;0;0;0;
0117;55024002;STIMMBEZIRK;01055559102417;320;237;83;0;157;157;0;0;1;156;84;29;18;7;7;11;;;;;;;;;;;0;0;157;88;24;17;7;8;6;4;0;0;2;0;1;0;0;0;0;
0117;55024003;STIMMBEZIRK;01055559102417;246;201;45;0;124;124;0;0;2;122;54;35;20;4;4;2;;;;;;;;;;;3;0;124;53;26;23;4;3;1;10;0;0;1;0;2;0;0;1;0;
0117;55037001;STIMMBEZIRK;01055559103717;1075;837;238;0;429;429;0;0;12;417;196;93;54;20;43;7;;;;;;;;;;;4;9;420;198;78;54;22;40;5;10;0;5;0;1;3;1;0;3;0;
0117;55037002;STIMMBEZIRK;01055559103717;670;493;177;0;315;315;0;0;8;307;140;72;42;18;14;10;;;;;;;;;;;11;4;311;144;60;38;24;12;5;13;1;5;3;0;1;0;0;3;2;
0117;55038001;STIMMBEZIRK;01055559103817;1530;1219;311;0;640;640;0;0;14;626;316;140;65;27;53;19;;;;;;;;;;;6;7;633;336;103;64;31;53;9;25;1;2;3;0;4;0;0;2;0;
0117;55038002;STIMMBEZIRK;01055559103817;594;501;93;0;264;264;0;0;7;257;138;42;20;19;20;12;;;;;;;;;;;6;5;259;123;41;18;29;19;5;7;0;4;3;0;7;0;1;1;1;
0117;55039001;STIMMBEZIRK;01055559103917;1340;1014;326;0;514;514;0;0;7;507;240;123;79;27;22;13;;;;;;;;;;;3;5;509;254;91;82;19;19;4;18;2;3;2;1;7;1;0;6;0;
0117;55010001;STIMMBEZIRK;01055001001017;1022;789;233;0;417;417;0;0;5;412;209;75;59;16;35;10;;;;;;;;;;;8;1;416;226;63;49;23;26;8;6;2;2;2;1;6;0;0;2;0;
0117;55016001;STIMMBEZIRK;01055001601617;2005;1548;457;0;705;705;0;0;20;685;390;126;67;38;48;13;;;;;;;;;;;3;9;696;381;100;76;47;48;6;18;1;10;0;1;3;0;0;5;0;
0117;55016002;STIMMBEZIRK;01055001601617;2011;1431;580;0;619;619;0;0;5;614;346;109;66;27;49;13;;;;;;;;;;;4;4;615;354;85;70;35;43;5;13;3;5;0;0;2;0;0;0;0;
0117;55016003;STIMMBEZIRK;01055001601617;540;456;84;0;238;238;0;0;2;236;137;43;17;14;20;4;;;;;;;;;;;1;0;238;135;31;22;12;21;0;11;0;4;0;0;0;0;1;1;0;
0117;55016004;STIMMBEZIRK;01055001601617;1342;1057;285;0;519;519;0;0;6;513;264;98;71;35;26;13;;;;;;;;;;;6;5;514;258;75;71;41;29;7;19;0;4;2;0;5;0;0;3;0;
0117;55018001;STIMMBEZIRK;01055001801817;872;749;123;0;466;466;0;0;2;464;256;91;45;22;36;6;;;;;;;;;;;8;7;459;262;71;50;15;38;4;12;1;1;1;1;1;0;0;2;0;
0117;55025001;STIMMBEZIRK;01055002502517;990;679;311;0;392;392;0;0;6;386;202;74;66;13;18;10;;;;;;;;;;;3;3;389;219;53;63;17;14;2;10;1;5;2;0;1;0;0;2;0;
0119;61004001;STIMMBEZIRK;01061513400419;192;157;35;0;123;123;0;0;1;122;68;17;19;3;2;4;;1;;;8;;0;;;;;2;121;65;11;23;4;3;4;5;0;1;0;0;3;0;0;1;1;
0119;61012001;STIMMBEZIRK;01061513401219;547;433;114;0;280;279;1;0;4;276;148;38;49;18;7;3;;6;;;5;;2;;;;;1;279;150;33;44;18;7;2;10;2;6;1;0;4;0;0;1;1;
0119;61015001;STIMMBEZIRK;01061513401519;620;496;124;0;288;287;1;0;2;286;141;57;46;15;17;3;;3;;;1;;3;;;;;0;288;126;51;37;23;20;3;16;1;1;1;2;2;1;0;4;0;
0119;61027001;STIMMBEZIRK;01061513402719;721;589;132;0;321;321;0;0;2;319;145;52;63;31;10;6;;7;;;5;;0;;;;;2;319;159;40;57;28;11;3;10;2;2;1;0;4;0;0;1;1;
0119;61037001;STIMMBEZIRK;01061513403719;933;746;187;0;464;463;1;0;2;462;201;90;84;18;23;8;;18;;;6;;14;;;;;0;464;200;83;79;23;21;6;24;3;8;1;0;6;0;0;4;6;
0119;61041001;STIMMBEZIRK;01061513404119;751;622;129;0;336;334;2;0;8;328;170;45;59;19;18;4;;11;;;1;;1;;;;;3;333;155;36;67;28;20;4;11;2;7;1;0;0;0;0;2;0;
0119;61044001;STIMMBEZIRK;01061513404419;1548;1198;350;0;638;635;3;0;13;625;298;123;98;30;30;12;;21;;;11;;2;;;;;8;630;296;100;94;34;33;8;27;3;10;6;2;11;0;0;5;1;
0119;61044002;STIMMBEZIRK;01061513404419;1229;951;278;0;576;575;1;0;9;567;285;106;99;34;23;2;;9;;;6;;3;;;;;4;572;281;96;97;32;26;2;20;2;4;2;2;5;0;0;1;2;
0119;61044003;STIMMBEZIRK;01061513404419;578;452;126;0;241;240;1;0;1;240;105;38;52;9;22;1;;6;;;5;;2;;;;;2;239;99;33;43;11;20;1;14;1;2;3;0;3;1;0;7;1;
0119;61044004;STIMMBEZIRK;01061513404419;1126;866;260;0;497;496;1;0;6;491;222;82;109;30;17;7;;16;;;6;;2;;;;;3;494;220;68;94;39;20;9;24;2;7;2;1;5;0;0;3;0;
0119;61050001;STIMMBEZIRK;01061513405019;946;754;192;0;453;452;1;0;8;445;213;87;75;20;24;11;;8;;;5;;2;;;;;2;451;224;81;66;18;22;11;14;0;4;5;0;2;1;0;3;0;
0119;61050002;STIMMBEZIRK;01061513405019;885;712;173;0;424;424;0;0;4;420;202;90;66;22;18;10;;6;;;3;;3;;;;;2;422;215;65;60;21;22;7;12;0;3;5;0;5;0;1;3;3;
0119;61054001;STIMMBEZIRK;01061513405419;192;139;53;0;91;91;0;0;0;91;51;9;5;9;4;7;;3;;;3;;0;;;;;0;91;48;8;8;9;5;6;2;1;1;0;0;2;0;1;0;0;
0119;61074001;STIMMBEZIRK;01061513407419;706;595;111;0;423;423;0;0;7;416;208;67;79;26;16;12;;1;;;7;;0;;;;;4;419;206;54;69;32;18;9;17;5;2;0;0;7;0;0;0;0;
0119;61101001;STIMMBEZIRK;01061513410119;398;294;104;0;175;175;0;0;2;173;82;19;36;12;11;6;;3;;;3;;1;;;;;1;174;77;15;29;22;12;7;7;0;0;0;2;1;0;0;1;1;
0119;61101002;STIMMBEZIRK;01061513410119;242;200;42;0;139;139;0;0;3;136;47;19;53;6;5;1;;4;;;1;;0;;;;;2;137;48;17;43;10;4;0;5;3;1;0;0;3;0;0;3;0;
0119;61118001;STIMMBEZIRK;01061513411819;1370;1037;333;0;645;643;2;0;10;635;290;120;128;28;24;14;;16;;;10;;5;;;;;5;640;289;110;113;45;28;12;18;4;6;5;1;7;0;1;0;1;
0119;61008001;STIMMBEZIRK;01061513800819;85;70;15;0;53;53;0;0;2;51;29;11;2;5;3;0;;1;;;0;;0;;;;;3;50;30;7;3;4;3;0;3;0;0;0;0;0;0;0;0;0;
0119;61010001;STIMMBEZIRK;01061513801019;124;106;18;0;77;77;0;0;2;75;42;16;8;4;2;1;;0;;;2;;0;;;;;0;77;42;13;9;3;5;0;3;0;0;0;0;2;0;0;0;0;
0119;61024001;STIMMBEZIRK;01061513802419;192;152;40;0;104;104;0;0;3;101;58;16;14;6;6;1;;0;;;0;;0;;;;;2;102;49;19;14;11;5;2;1;1;0;0;0;0;0;0;0;0;
0119;61034001;STIMMBEZIRK;01061513803419;1256;1007;249;0;604;604;0;0;7;597;319;102;101;33;15;7;;7;;;11;;2;;;;;3;601;333;79;81;31;16;7;28;2;2;7;3;6;1;0;3;2;
0119;61035001;STIMMBEZIRK;01061513803519;619;531;88;0;346;346;0;0;0;346;187;71;48;13;13;3;;3;;;7;;1;;;;;1;345;177;63;39;19;12;2;18;3;3;0;2;3;0;0;4;0;
0119;61039001;STIMMBEZIRK;01061513803919;167;143;24;0;89;89;0;0;0;89;52;19;9;2;7;0;;0;;;0;;0;;;;;0;89;40;15;11;10;7;0;2;0;0;1;0;0;0;0;3;0;
0119;61040001;STIMMBEZIRK;01061513804019;1605;1330;275;0;836;836;0;0;13;823;483;105;120;49;27;13;;13;;;10;;3;;;;;10;826;467;88;96;63;32;9;37;3;5;5;3;8;0;0;10;0;
0119;61045001;STIMMBEZIRK;01061513804519;237;198;39;0;150;150;0;0;2;148;81;22;18;4;14;2;;4;;;1;;2;;;;;0;150;80;19;15;6;13;2;10;0;1;0;0;1;0;1;1;1;
0119;61047001;STIMMBEZIRK;01061513804719;342;292;50;0;203;203;0;0;6;197;105;25;37;15;5;5;;4;;;0;;1;;;;;4;199;95;19;42;24;4;5;3;1;2;1;1;0;0;0;1;1;
0119;61052001;STIMMBEZIRK;01061513805219;481;390;91;0;256;255;1;0;3;253;135;45;27;12;15;4;;4;;;9;;2;;;;;2;254;126;44;21;14;18;3;14;0;3;1;1;8;0;0;1;0;
0119;61059001;STIMMBEZIRK;01061513805919;62;51;11;0;38;38;0;0;0;38;23;6;3;4;0;1;;0;;;0;;1;;;;;0;38;19;6;3;5;0;1;3;0;1;0;0;0;0;0;0;0;
0119;61065001;STIMMBEZIRK;01061513806519;642;519;123;0;296;296;0;0;1;295;154;52;35;20;21;1;;6;;;6;;0;;;;;0;296;138;47;36;27;20;0;10;2;4;3;0;4;0;1;4;0;
0119;61067001;STIMMBEZIRK;01061513806719;353;309;44;0;205;205;0;0;7;198;115;30;17;11;11;5;;5;;;4;;0;;;;;4;201;109;20;23;17;13;2;7;3;1;2;0;2;0;0;2;0;
0119;61070001;STIMMBEZIRK;01061513807019;59;54;5;0;26;26;0;0;0;26;12;4;2;5;3;0;;0;;;0;;0;;;;;0;26;11;4;1;4;2;0;3;0;0;1;0;0;0;0;0;0;
0119;61082001;STIMMBEZIRK;01061513808219;907;710;197;0;484;482;2;0;8;476;224;94;90;28;11;6;;13;;;7;;3;;;;;4;480;210;80;90;42;12;4;23;2;7;4;0;2;1;0;2;1;
0119;61083001;STIMMBEZIRK;01061513808319;626;538;88;0;359;359;0;0;5;354;189;48;50;32;16;9;;7;;;2;;1;;;;;5;354;183;45;45;32;18;2;21;0;1;0;0;1;1;0;4;1;
0119;61084001;STIMMBEZIRK;01061513808419;219;193;26;0;137;137;0;0;0;137;87;26;13;5;2;1;;1;;;1;;1;;;;;0;137;76;25;9;12;2;0;8;0;1;1;1;1;0;0;1;0;
0119;61098001;STIMMBEZIRK;01061513809819;191;152;39;0;101;101;0;0;0;101;51;9;26;6;5;0;;1;;;3;;0;;;;;1;100;52;7;16;10;4;0;6;0;2;0;0;2;0;0;1;0;
0119;61100001;STIMMBEZIRK;01061513810019;134;116;18;0;76;76;0;0;0;76;50;6;8;7;4;0;;0;;;0;;1;;;;;0;76;42;5;8;13;5;0;2;0;0;0;0;1;0;0;0;0;
0119;61114001;STIMMBEZIRK;01061513811419;271;236;35;0;138;138;0;0;2;136;76;19;21;5;6;3;;3;;;2;;1;;;;;1;137;68;12;28;10;5;2;3;1;3;0;0;3;0;0;2;0;
0119;61001001;STIMMBEZIRK;01061516800119;117;107;10;0;77;77;0;0;0;77;44;6;11;4;0;4;;5;;;3;;0;;;;;0;77;39;7;8;7;0;4;7;0;1;1;0;3;0;0;0;0;
0119;61003001;STIMMBEZIRK;01061516800319;170;135;35;0;88;88;0;0;2;86;56;10;5;6;7;0;;1;;;1;;0;;;;;0;88;54;4;11;5;7;0;4;0;0;1;0;0;1;0;0;1;
0119;61011001;STIMMBEZIRK;01061516801119;192;167;25;0;119;119;0;0;4;115;75;12;15;5;4;0;;0;;;3;;1;;;;;1;118;74;9;18;4;5;0;2;1;0;1;0;3;0;0;0;1;
0119;61013001;STIMMBEZIRK;01061516801319;130;111;19;0;76;76;0;0;1;75;44;7;11;4;2;4;;3;;;0;;0;;;;;0;76;46;5;11;4;2;3;4;0;1;0;0;0;0;0;0;0;
0119;61014001;STIMMBEZIRK;01061516801419;123;102;21;0;90;90;0;0;1;89;52;12;8;3;8;5;;0;;;1;;0;;;;;1;89;51;8;8;4;9;3;6;0;0;0;0;0;0;0;0;0;
0119;61021001;STIMMBEZIRK;01061516802119;53;52;1;0;34;34;0;0;2;32;20;3;1;4;4;0;;0;;;0;;0;;;;;0;34;20;1;1;5;4;0;3;0;0;0;0;0;0;0;0;0;
0119;61031001;STIMMBEZIRK;01061516803119;356;318;38;0;181;181;0;0;3;178;86;32;14;6;21;8;;2;;;8;;1;;;;;1;180;75;29;14;7;21;3;13;1;1;4;3;7;1;0;1;0;
0119;61033001;STIMMBEZIRK;01061516803319;118;108;10;0;81;81;0;0;0;81;41;13;10;5;3;1;;6;;;2;;0;;;;;0;81;39;9;11;9;3;0;6;1;3;0;0;0;0;0;0;0;
0119;61043001;STIMMBEZIRK;01061516804319;355;319;36;0;195;195;0;0;0;195;126;26;18;7;6;4;;7;;;1;;0;;;;;0;195;115;25;19;13;6;0;5;1;4;3;0;1;2;0;1;0;
0119;61048001;STIMMBEZIRK;01061516804819;61;41;20;0;25;25;0;0;0;25;8;5;2;7;0;0;;0;;;3;;0;;;;;0;25;9;2;5;2;0;0;1;0;1;1;0;2;0;2;0;0;
0119;61066001;STIMMBEZIRK;01061516806619;321;247;74;0;173;173;0;0;3;170;113;16;14;15;6;0;;2;;;3;;1;;;;;1;172;117;12;10;18;4;0;6;0;0;2;0;2;0;0;1;0;
0119;61076001;STIMMBEZIRK;01061516807619;105;92;13;0;55;55;0;0;0;55;22;11;16;3;0;1;;1;;;1;;0;;;;;0;55;23;13;12;3;0;0;1;0;0;2;0;0;0;0;1;0;
0119;61078001;STIMMBEZIRK;01061516807819;222;177;45;0;136;136;0;0;0;136;67;30;18;11;4;0;;2;;;4;;0;;;;;1;135;63;24;19;12;2;0;7;1;1;2;0;3;0;0;1;0;
0119;61081001;STIMMBEZIRK;01061516808119;102;90;12;0;74;74;0;0;0;74;40;10;9;5;4;4;;1;;;1;;0;;;;;0;74;37;13;6;6;5;2;3;0;0;2;0;0;0;0;0;0;
0119;61085001;STIMMBEZIRK;01061516808519;219;200;19;0;122;122;0;0;1;121;69;11;12;17;8;0;;2;;;2;;0;;;;;2;120;72;5;13;14;8;0;4;0;0;1;1;0;1;1;0;0;
0119;61087001;STIMMBEZIRK;01061516808719;458;386;72;0;242;242;0;0;3;239;159;21;23;15;9;5;;6;;;1;;0;;;;;4;238;134;25;24;23;12;4;7;0;3;0;0;1;0;0;5;0;
0119;61091001;STIMMBEZIRK;01061516809119;619;521;98;0;332;332;0;0;7;325;230;31;14;24;15;3;;6;;;2;;0;;;;;6;326;217;28;11;28;15;2;17;1;2;1;1;3;0;0;0;0;
0119;61097001;STIMMBEZIRK;01061516809719;2218;1768;450;0;930;930;0;0;9;921;514;162;117;50;29;28;;14;;;5;;2;;;;;7;923;499;130;111;58;26;18;53;2;8;6;0;3;4;0;3;2;
0119;61105001;STIMMBEZIRK;01061516810519;1055;861;194;0;458;458;0;0;6;452;249;65;42;22;40;12;;14;;;7;;1;;;;;3;455;220;55;38;41;43;7;21;3;7;9;0;6;0;0;4;1;
0119;61106001;STIMMBEZIRK;01061516810619;124;110;14;0;69;69;0;0;0;69;43;7;8;2;5;0;;1;;;3;;0;;;;;0;69;42;4;7;3;6;0;1;1;0;1;0;1;0;0;2;1;
0119;61107001;STIMMBEZIRK;01061516810719;1662;1405;257;0;820;820;0;0;4;816;459;133;103;34;35;14;;18;;;13;;7;;;;;2;818;438;107;102;45;40;8;36;2;8;4;3;14;0;2;6;3;
0119;61108001;STIMMBEZIRK;01061516810819;242;210;32;0;137;137;0;0;0;137;85;16;10;9;3;5;;6;;;2;;1;;;;;0;137;79;7;11;13;4;1;12;1;2;1;0;2;0;1;3;0;
0119;61002001;STIMMBEZIRK;01061517900219;47;41;6;0;24;24;0;0;2;22;10;0;2;0;3;2;;4;;;1;;0;;;;;1;23;11;1;2;0;0;2;4;1;1;1;0;0;0;0;0;0;
0119;61007001;STIMMBEZIRK;01061517900719;696;591;105;0;403;403;0;0;8;395;229;80;36;15;23;6;;2;;;4;;0;;;;;8;395;216;66;35;21;24;3;22;0;0;1;0;3;0;0;3;1;
0119;61018001;STIMMBEZIRK;01061517901819;839;694;145;0;411;411;0;0;4;407;260;52;42;24;13;8;;7;;;0;;1;;;;;4;407;253;49;23;30;16;7;16;0;0;0;3;0;2;1;5;2;
0119;61023001;STIMMBEZIRK;01061517902319;226;179;47;0;123;123;0;0;2;121;67;17;21;6;5;2;;1;;;1;;1;;;;;1;122;67;15;18;5;6;2;5;0;1;1;0;1;0;0;1;0;
0119;61025001;STIMMBEZIRK;01061517902519;255;214;41;0;159;159;0;0;3;156;89;14;22;9;10;2;;4;;;6;;0;;;;;2;157;85;15;21;10;10;1;5;0;2;0;0;6;0;0;1;1;
0119;61060001;STIMMBEZIRK;01061517906019;102;86;16;0;69;69;0;0;2;67;40;4;4;3;7;1;;1;;;6;;1;;;;;1;68;34;5;5;2;7;1;7;0;0;1;0;4;0;0;2;0;
0119;61062001;STIMMBEZIRK;01061517906219;104;78;26;0;52;52;0;0;1;51;27;10;6;5;0;0;;2;;;0;;1;;;;;1;51;30;6;6;2;1;1;3;0;0;0;0;0;0;0;1;1;
0119;61063001;STIMMBEZIRK;01061517906319;211;195;16;0;111;111;0;0;0;111;57;11;16;8;7;5;;3;;;4;;0;;;;;0;111;56;8;11;7;5;5;10;1;3;0;0;3;0;0;2;0;
0119;61077001;STIMMBEZIRK;01061517907719;707;547;160;0;360;360;0;0;4;356;184;69;56;16;17;8;;3;;;3;;0;;;;;1;359;173;61;52;23;20;6;12;2;4;2;0;1;0;0;1;2;
0119;61095001;STIMMBEZIRK;01061517909519;712;633;79;0;389;389;0;0;4;385;182;71;43;30;35;13;;8;;;3;;0;;;;;4;385;186;57;33;39;34;9;14;1;4;2;2;2;0;0;2;0;
0119;61102001;STIMMBEZIRK;01061517910219;113;95;18;0;65;65;0;0;1;64;44;6;12;2;0;0;;0;;;0;;0;;;;;0;65;37;7;10;8;0;0;2;0;0;1;0;0;0;0;0;0;
0119;61110001;STIMMBEZIRK;01061517911019;1141;970;171;0;616;616;0;0;8;608;318;111;111;24;21;4;;15;;;2;;2;;;;;7;609;319;107;75;28;22;4;38;3;1;2;0;0;0;3;2;5;
0119;61119001;STIMMBEZIRK;01061517911919;365;305;60;0;196;196;0;0;3;193;113;20;25;10;16;2;;2;;;5;;0;;;;;0;196;114;11;25;13;21;1;3;1;2;0;0;3;0;0;2;0;
0119;58013001;STIMMBEZIRK;01058589501319;238;215;23;0;146;145;1;0;2;144;76;18;16;13;13;1;;6;;;1;;0;;;;;0;146;64;16;16;15;16;1;11;0;5;1;0;1;0;0;0;0;
0119;58014001;STIMMBEZIRK;01058589501419;358;300;58;0;189;188;1;0;3;186;134;24;8;10;6;2;;1;;;1;;0;;;;;4;185;114;20;11;12;11;1;12;0;1;0;0;1;1;0;1;0;
0119;58015001;STIMMBEZIRK;01058589501519;582;479;103;0;297;296;1;0;8;289;166;37;42;25;11;2;;4;;;2;;0;;;;;4;293;166;29;34;27;8;0;20;0;0;2;1;3;0;0;2;1;
0119;58025001;STIMMBEZIRK;01058589502519;163;146;17;0;90;90;0;0;0;90;67;2;5;4;6;0;;3;;;3;;0;;;;;0;90;58;4;5;4;5;1;3;0;3;2;0;5;0;0;0;0;
0119;58061001;STIMMBEZIRK;01058589506119;480;397;83;0;229;229;0;0;2;227;127;35;29;10;8;14;;1;;;3;;0;;;;;3;226;111;33;23;13;11;8;24;0;0;0;0;1;0;0;2;0;
0119;58062001;STIMMBEZIRK;01058589506219;222;185;37;0;120;120;0;0;2;118;59;21;20;8;1;4;;1;;;4;;0;;;;;0;120;61;14;19;10;1;2;6;1;0;2;1;3;0;0;0;0;
0119;58072001;STIMMBEZIRK;01058589507219;824;663;161;0;369;369;0;0;9;360;191;67;30;21;20;5;;17;;;7;;2;;;;;6;363;188;56;28;20;22;3;19;5;8;1;1;5;0;1;5;1;
0119;58072002;STIMMBEZIRK;01058589507219;860;690;170;0;339;339;0;0;9;330;183;68;34;11;20;8;;2;;;4;;0;;;;;2;337;180;54;32;17;22;3;17;3;1;1;1;2;0;0;4;0;
0119;58072003;STIMMBEZIRK;01058589507219;771;597;174;0;294;293;1;0;4;290;141;51;36;25;19;2;;6;;;8;;2;;;;;2;292;131;37;39;21;20;6;18;1;4;3;1;8;1;0;1;1;
0119;58074001;STIMMBEZIRK;01058589507419;115;100;15;0;75;75;0;0;2;73;46;9;8;4;3;1;;1;;;1;;0;;;;;0;75;44;8;8;4;4;1;3;0;0;0;0;2;1;0;0;0;
0119;58077001;STIMMBEZIRK;01058589507719;1513;1155;358;0;619;618;1;0;9;610;340;95;80;33;37;11;;6;;;7;;1;;;;;2;617;305;87;67;43;35;9;45;4;3;2;2;6;0;1;7;1;
0119;58077002;STIMMBEZIRK;01058589507719;1352;1025;327;0;461;461;0;0;3;458;241;89;61;22;23;10;;6;;;6;;0;;;;;2;459;223;66;62;31;22;7;31;3;0;2;1;6;2;0;3;0;
0119;58077003;STIMMBEZIRK;01058589507719;1446;1065;381;0;596;595;1;0;4;592;313;105;79;32;35;11;;5;;;11;;1;;;;;3;593;283;92;80;42;32;8;29;2;3;5;2;12;1;0;2;0;
0119;58085001;STIMMBEZIRK;01058589508519;177;157;20;0;110;110;0;0;0;110;55;20;19;3;8;1;;4;;;0;;0;;;;;0;110;47;17;20;7;8;0;7;0;2;1;0;0;0;0;1;0;
0119;58100001;STIMMBEZIRK;01058589510019;477;415;62;0;278;276;2;0;6;272;145;41;42;19;5;8;;5;;;6;;1;;;;;1;277;135;31;36;26;5;6;22;0;3;2;1;8;0;0;2;0;
0119;58103001;STIMMBEZIRK;01058589510319;317;272;45;0;199;199;0;0;1;198;97;35;26;15;13;2;;6;;;3;;1;;;;;1;198;93;27;24;16;14;1;13;0;2;2;1;2;0;1;2;0;
0119;58106001;STIMMBEZIRK;01058589510619;197;165;32;0;112;112;0;0;2;110;69;10;17;5;3;2;;2;;;1;;1;;;;;2;110;61;5;22;9;3;1;6;0;0;1;0;1;0;0;0;1;
0119;58113001;STIMMBEZIRK;01058589511319;494;421;73;0;245;245;0;0;5;240;122;38;33;13;26;2;;1;;;5;;0;;;;;2;243;119;36;26;15;25;2;8;1;0;2;3;3;1;1;1;0;
0119;58115001;STIMMBEZIRK;01058589511519;530;430;100;0;298;297;1;0;3;295;185;41;38;15;7;1;;4;;;2;;2;;;;;3;295;175;34;35;18;7;3;13;1;1;3;1;2;0;0;1;1;
0119;58119001;STIMMBEZIRK;01058589511919;295;252;43;0;172;172;0;0;3;169;92;23;27;13;4;4;;5;;;0;;1;;;;;2;170;85;22;21;15;3;3;15;1;0;3;0;0;0;0;1;1;
0119;58125001;STIMMBEZIRK;01058589512519;536;458;78;0;255;255;0;0;4;251;178;29;9;13;18;0;;4;;;0;;0;;;;;3;252;152;22;11;26;21;1;14;1;1;0;0;0;0;0;3;0;
0119;58131001;STIMMBEZIRK;01058589513119;75;64;11;0;48;48;0;0;0;48;26;5;5;5;4;1;;2;;;0;;0;;;;;0;48;20;6;4;9;5;1;3;0;0;0;0;0;0;0;0;0;
0119;58134001;STIMMBEZIRK;01058589513419;353;292;61;0;181;181;0;0;2;179;109;31;19;8;1;4;;3;;;4;;0;;;;;1;180;94;22;28;14;2;1;13;0;0;1;0;4;0;0;1;0;
0119;58151001;STIMMBEZIRK;01058589515119;294;253;41;0;165;165;0;0;2;163;91;24;15;5;16;1;;8;;;1;;2;;;;;0;165;85;19;16;6;18;1;13;2;0;2;0;1;0;1;1;0;
0119;58156001;STIMMBEZIRK;01058589515619;285;226;59;0;165;163;2;0;3;162;106;16;16;10;11;0;;3;;;0;;0;;;;;3;162;93;15;14;15;9;0;11;0;1;0;0;1;0;0;3;0;
0119;58159001;STIMMBEZIRK;01058589515919;275;208;67;0;142;142;0;0;5;137;102;10;12;8;5;0;;0;;;0;;0;;;;;6;136;85;13;12;13;5;0;7;0;0;0;0;0;0;0;1;0;
0119;58161001;STIMMBEZIRK;01058589516119;210;181;29;0;137;137;0;0;4;133;67;12;20;15;11;1;;5;;;1;;1;;;;;2;135;66;5;18;16;7;1;12;2;2;0;0;1;0;0;0;5;
0119;58164001;STIMMBEZIRK;01058589516419;876;738;138;0;457;457;0;0;7;450;262;70;51;23;21;5;;8;;;8;;2;;;;;1;456;240;62;51;37;22;4;28;0;3;1;0;4;0;0;3;1;
0119;58167001;STIMMBEZIRK;01058589516719;266;214;52;0;122;122;0;0;3;119;68;21;14;6;9;0;;0;;;0;;1;;;;;0;122;59;13;21;12;6;1;8;1;0;1;0;0;0;0;0;0;
0120;61005001;STIMMBEZIRK;01061510400520;112;102;10;0;75;75;0;0;1;74;45;9;8;4;6;1;;0;;;1;;;;;;;0;75;38;9;6;11;8;0;0;1;0;0;0;1;0;0;1;0;
0120;61016001;STIMMBEZIRK;01061510401620;295;232;63;0;149;149;0;0;4;145;81;28;13;4;11;3;;2;;;3;;;;;;;2;147;72;26;17;3;15;2;5;0;0;3;0;1;1;0;2;0;
0120;61017001;STIMMBEZIRK;01061510401720;984;793;191;0;432;431;1;0;2;430;194;108;66;13;21;13;;8;;;7;;;;;;;2;430;199;85;57;19;19;8;15;2;1;1;2;9;0;0;13;0;
0120;61053001;STIMMBEZIRK;01061510405320;30;27;3;0;23;23;0;0;0;23;12;1;5;5;0;0;;0;;;0;;;;;;;0;23;15;0;4;3;0;0;1;0;0;0;0;0;0;0;0;0;
0120;61058001;STIMMBEZIRK;01061510405820;153;141;12;0;93;93;0;0;1;92;67;6;5;5;5;2;;1;;;1;;;;;;;1;92;50;6;7;19;3;1;4;0;0;1;0;0;1;0;0;0;
0120;61061001;STIMMBEZIRK;01061510406120;1019;870;149;0;381;381;0;0;7;374;146;112;40;17;37;6;;12;;;4;;;;;;;2;379;149;93;38;20;38;4;18;1;6;0;2;3;2;0;5;0;
0120;61061002;STIMMBEZIRK;01061510406120;1088;954;134;0;346;346;0;0;10;336;137;101;40;13;26;3;;11;;;5;;;;;;;6;340;127;78;40;24;25;2;27;3;5;3;1;3;0;1;1;0;
0120;61068001;STIMMBEZIRK;01061510406820;102;91;11;0;70;70;0;0;0;70;49;8;4;4;3;1;;1;;;0;;;;;;;0;70;38;8;6;10;2;0;5;0;1;0;0;0;0;0;0;0;
0120;61072001;STIMMBEZIRK;01061510407220;1602;1251;351;0;825;825;0;0;8;817;388;187;119;40;45;12;;15;;;11;;;;;;;4;821;402;139;117;52;45;8;33;3;5;0;3;7;2;0;3;2;
0120;61079001;STIMMBEZIRK;01061510407920;1276;1048;228;0;607;607;0;0;13;594;274;101;117;34;32;12;;14;;;10;;;;;;;7;600;262;80;120;51;30;13;19;1;4;2;0;11;0;1;5;1;
0120;61109001;STIMMBEZIRK;01061510410920;334;290;44;0;204;204;0;0;3;201;128;28;21;8;7;1;;6;;;2;;;;;;;3;201;114;21;28;11;8;3;10;0;2;0;0;1;0;0;2;1;
0120;61115001;STIMMBEZIRK;01061510411520;138;113;25;0;81;81;0;0;2;79;53;12;6;3;0;1;;1;;;3;;;;;;;3;78;41;9;11;12;0;0;2;0;0;0;0;2;0;0;1;0;
0120;61019001;STIMMBEZIRK;01061518901920;1726;1455;271;0;905;902;3;0;8;897;479;159;143;31;43;16;;11;;;15;;;;;;;4;901;464;119;141;51;35;11;39;0;10;6;10;5;0;1;5;4;
0120;61028001;STIMMBEZIRK;01061518902820;338;274;64;0;176;176;0;0;4;172;108;18;27;3;7;5;;1;;;3;;;;;;;1;175;95;13;30;10;7;5;9;0;1;2;1;1;0;0;1;0;
0120;61036001;STIMMBEZIRK;01061518903620;517;428;89;0;287;285;2;0;1;286;171;46;18;18;21;5;;4;;;3;;;;;;;1;286;153;26;21;35;22;4;15;2;0;1;2;2;0;0;3;0;
0120;61038001;STIMMBEZIRK;01061518903820;62;54;8;0;39;39;0;0;0;39;26;5;2;3;1;0;;2;;;0;;;;;;;1;38;22;5;3;4;2;0;1;0;0;1;0;0;0;0;0;0;
0120;61042001;STIMMBEZIRK;01061518904220;963;780;183;0;382;382;0;0;2;380;216;67;36;14;20;9;;9;;;9;;;;;;;2;380;207;53;40;22;17;7;13;0;7;3;0;7;1;0;3;0;
0120;61042002;STIMMBEZIRK;01061518904220;1000;776;224;0;430;427;3;0;8;422;234;77;52;20;14;9;;7;;;9;;;;;;;5;425;221;65;49;34;12;4;17;1;4;5;0;7;1;0;4;1;
0120;61042003;STIMMBEZIRK;01061518904220;977;847;130;0;306;305;1;0;2;304;128;49;44;14;45;12;;6;;;6;;;;;;;2;304;118;48;38;20;41;11;16;2;1;2;0;4;0;0;2;1;
0120;61042004;STIMMBEZIRK;01061518904220;918;750;168;0;251;251;0;0;3;248;117;47;35;13;22;2;;7;;;5;;;;;;;1;250;110;39;32;17;22;4;11;1;1;6;1;4;0;0;2;0;
0120;61042005;STIMMBEZIRK;01061518904220;984;786;198;0;472;472;0;0;6;466;275;66;61;20;20;7;;11;;;6;;;;;;;2;470;256;57;63;28;19;4;26;1;3;1;0;7;0;0;5;0;
0120;61049001;STIMMBEZIRK;01061518904920;1470;1152;318;0;551;551;0;0;14;537;252;97;87;28;39;14;;16;;;4;;;;;;;8;543;243;75;78;47;40;16;20;1;5;2;2;3;2;0;6;3;
0120;61049002;STIMMBEZIRK;01061518904920;1182;1012;170;0;440;440;0;0;5;435;230;74;58;14;28;15;;11;;;5;;;;;;;5;435;208;62;56;25;28;14;20;3;5;3;1;9;0;0;0;1;
0120;61049003;STIMMBEZIRK;01061518904920;1168;920;248;0;430;429;1;0;9;421;195;70;66;15;46;13;;7;;;9;;;;;;;4;426;178;51;71;28;48;10;16;4;4;3;0;7;0;2;3;1;
0120;61049004;STIMMBEZIRK;01061518904920;1197;987;210;0;433;433;0;0;12;421;206;81;62;20;26;8;;7;;;11;;;;;;;8;425;175;70;63;36;30;5;20;1;2;3;1;12;0;2;3;2;
0120;61049005;STIMMBEZIRK;01061518904920;1181;893;288;0;537;537;0;0;2;535;289;108;66;26;25;8;;8;;;5;;;;;;;0;537;266;96;80;33;21;4;20;4;2;4;0;4;0;0;2;1;
0120;61064001;STIMMBEZIRK;01061518906420;129;118;11;0;82;82;0;0;0;82;50;8;15;3;1;0;;2;;;3;;;;;;;0;82;45;6;13;6;0;0;6;0;2;0;0;4;0;0;0;0;
0120;61071001;STIMMBEZIRK;01061518907120;238;196;42;0;128;127;1;0;2;126;51;25;26;7;6;4;;6;;;1;;;;;;;2;126;49;23;22;12;8;1;6;1;2;1;0;0;0;0;0;1;
0120;61080001;STIMMBEZIRK;01061518908020;155;114;41;0;90;90;0;0;0;90;67;6;10;1;2;1;;0;;;3;;;;;;;0;90;49;10;15;6;3;0;2;0;0;0;0;3;0;0;2;0;
0120;61086001;STIMMBEZIRK;01061518908620;338;295;43;0;194;194;0;0;1;193;123;23;21;7;11;3;;2;;;3;;;;;;;1;193;113;19;23;12;12;0;7;0;0;1;0;2;1;0;3;0;
0120;61088001;STIMMBEZIRK;01061518908820;381;319;62;0;198;198;0;0;2;196;118;19;30;8;11;4;;4;;;2;;;;;;;1;197;113;16;28;13;8;3;7;0;4;2;0;2;0;0;1;0;
0120;61089001;STIMMBEZIRK;01061518908920;77;67;10;0;46;46;0;0;1;45;26;6;7;0;3;1;;0;;;2;;;;;;;0;46;21;10;8;1;4;0;0;1;0;0;0;1;0;0;0;0;
0120;61093001;STIMMBEZIRK;01061518909320;310;257;53;0;172;172;0;0;0;172;100;13;30;10;8;7;;2;;;2;;;;;;;0;172;80;17;29;16;5;6;7;0;3;4;2;2;0;0;1;0;
0120;61096001;STIMMBEZIRK;01061518909620;405;357;48;0;250;249;1;0;2;248;154;24;36;10;11;4;;4;;;5;;;;;;;1;249;137;23;33;16;12;3;12;0;3;2;1;5;0;1;1;0;
0120;61103001;STIMMBEZIRK;01061518910320;75;63;12;0;48;48;0;0;2;46;21;5;7;6;4;2;;1;;;0;;;;;;;1;47;17;6;5;7;4;1;3;2;0;0;0;0;0;0;2;0;
0120;61112001;STIMMBEZIRK;01061518911220;124;117;7;0;79;79;0;0;1;78;49;7;11;0;3;1;;4;;;3;;;;;;;1;78;46;5;11;2;2;1;5;2;2;0;0;2;0;0;0;0;
0120;61116001;STIMMBEZIRK;01061518911620;1923;1567;356;0;884;884;0;0;7;877;412;173;137;43;55;18;;22;;;17;;;;;;;3;881;407;128;131;52;50;9;54;7;11;10;2;8;2;0;9;1;
0120;61117001;STIMMBEZIRK;01061518911720;330;294;36;0;199;199;0;0;3;196;107;27;26;9;8;8;;2;;;9;;;;;;;2;197;95;19;29;12;10;6;11;2;1;1;2;7;1;0;1;0;
0120;61006001;STIMMBEZIRK;01061515300620;470;396;74;0;221;221;0;0;1;220;125;33;25;11;11;7;;8;;;0;;;;;;;1;220;129;19;30;9;12;5;7;3;4;0;0;0;1;0;1;0;
0120;61022001;STIMMBEZIRK;01061515302220;824;706;118;0;429;428;1;0;4;425;237;84;51;13;20;3;;10;;;7;;;;;;;2;427;234;59;56;22;20;3;12;1;3;0;0;8;0;1;8;0;
0120;61026001;STIMMBEZIRK;01061515302620;145;113;32;0;74;74;0;0;1;73;44;7;7;9;4;2;;0;;;0;;;;;;;0;74;45;4;7;8;4;1;2;0;0;1;0;1;0;0;0;1;
0120;61030001;STIMMBEZIRK;01061515303020;263;195;68;0;137;135;2;0;1;136;72;13;26;11;2;4;;6;;;2;;;;;;;0;137;68;8;24;21;2;3;6;0;1;0;0;2;0;0;1;1;
0120;61055001;STIMMBEZIRK;01061515305520;839;660;179;0;330;308;22;0;7;323;124;83;37;18;28;8;;21;;;4;;;;;;;5;325;124;61;37;22;30;9;17;0;13;4;1;1;0;0;5;1;
0120;61055002;STIMMBEZIRK;01061515305520;1064;847;217;0;437;437;0;0;8;429;174;90;79;20;29;9;;25;;;3;;;;;;;5;432;184;65;78;25;32;9;13;2;10;6;0;1;0;1;6;0;
0120;61056001;STIMMBEZIRK;01061515305620;845;705;140;0;377;376;1;0;7;370;187;74;51;14;26;6;;5;;;7;;;;;;;8;369;190;55;47;21;21;6;18;3;3;1;0;3;0;0;1;0;
0120;61056002;STIMMBEZIRK;01061515305620;1150;902;248;0;519;519;0;0;8;511;267;106;77;21;22;7;;7;;;4;;;;;;;4;515;262;88;72;27;22;4;18;3;7;3;1;5;0;0;3;0;
0120;61057001;STIMMBEZIRK;01061515305720;440;360;80;0;196;196;0;0;2;194;108;45;18;11;8;0;;3;;;1;;;;;;;1;195;100;29;20;17;11;0;8;1;3;2;0;2;0;0;2;0;
0120;61073001;STIMMBEZIRK;01061515307320;545;485;60;0;262;262;0;0;8;254;166;26;30;4;19;1;;6;;;2;;;;;;;3;259;147;21;30;11;22;3;14;1;2;0;1;5;1;0;1;0;
0120;61092001;STIMMBEZIRK;01061515309220;473;394;79;0;205;205;0;0;3;202;103;38;21;9;17;1;;11;;;2;;;;;;;4;201;105;28;26;10;14;0;8;1;5;1;0;2;0;0;1;0;
0120;61104001;STIMMBEZIRK;01061515310420;344;293;51;0;150;150;0;0;3;147;73;30;23;7;8;1;;5;;;0;;;;;;;2;148;74;27;24;8;8;2;4;0;0;0;0;0;1;0;0;0;
0120;61104002;STIMMBEZIRK;01061515310420;269;224;45;0;131;131;0;0;1;130;66;20;6;13;17;1;;4;;;3;;;;;;;0;131;59;18;9;18;16;3;2;0;1;2;0;2;0;0;1;0;
0121;56029001;STIMMBEZIRK;01056561602921;1455;1113;342;0;683;680;3;0;5;678;298;160;135;26;26;14;;;;;19;;;;;;;4;679;301;106;142;34;25;13;21;1;7;5;0;15;0;0;7;2;
0121;56029002;STIMMBEZIRK;01056561602921;1324;994;330;0;677;675;2;0;5;672;323;162;103;40;27;4;;;;;13;;;;;;;2;675;332;111;118;49;26;6;14;1;2;2;0;9;0;1;3;1;
0121;56030001;STIMMBEZIRK;01056561603021;1199;935;264;0;554;551;3;0;5;549;256;116;80;45;43;4;;;;;5;;;;;;;4;550;279;77;61;35;34;5;23;5;13;5;0;7;0;0;5;1;
0121;56030002;STIMMBEZIRK;01056561603021;1314;1008;306;0;671;671;0;0;7;664;312;128;127;54;26;6;;;;;11;;;;;;;2;669;332;88;113;52;22;6;22;3;13;1;0;7;0;0;9;1;
0121;56031001;STIMMBEZIRK;01056561603121;1228;1004;224;0;685;682;3;0;9;676;298;182;115;33;20;17;;;;;11;;;;;;;4;681;321;116;128;29;21;10;30;5;5;5;0;6;1;0;4;0;
0121;56031002;STIMMBEZIRK;01056561603121;1435;1101;334;0;676;676;0;0;3;673;313;148;126;37;20;15;;;;;14;;;;;;;0;676;315;116;128;47;21;8;10;1;7;4;1;11;4;0;3;0;
0121;56033001;STIMMBEZIRK;01056561603321;827;678;149;0;473;472;1;0;7;466;251;88;72;29;16;3;;;;;7;;;;;;;3;470;223;72;81;34;15;1;21;1;7;3;0;8;0;0;3;1;
0121;56042001;STIMMBEZIRK;01056561604221;434;355;79;0;244;244;0;0;2;242;117;47;40;23;9;4;;;;;2;;;;;;;1;243;107;36;45;28;9;4;6;2;2;3;0;1;0;0;0;0;
0121;56045001;STIMMBEZIRK;01056561604521;743;569;174;0;414;413;1;0;3;411;188;109;66;16;20;9;;;;;3;;;;;;;3;411;176;89;74;18;22;5;19;0;0;3;0;1;0;0;3;1;
0121;56046001;STIMMBEZIRK;01056561604621;732;578;154;0;389;386;3;0;6;383;207;68;58;22;20;4;;;;;4;;;;;;;2;387;196;49;64;14;37;4;6;1;4;2;1;3;1;0;5;0;
0122;56006001;STIMMBEZIRK;01056563600622;517;430;87;0;360;279;0;81;2;358;135;56;83;33;18;2;25;5;;;;;;1;;;;2;358;154;39;83;26;18;0;19;2;3;3;0;3;0;1;4;3;
0122;56010001;STIMMBEZIRK;01056563601022;1361;1110;251;0;910;674;0;236;5;905;443;134;119;57;60;22;52;18;;;;;;0;;;;2;908;468;103;110;56;58;14;45;6;10;6;3;16;2;0;10;1;
0122;56038001;STIMMBEZIRK;01056563603822;324;254;70;0;212;144;0;68;1;211;106;24;35;21;18;0;6;1;;;;;;0;;;;1;211;109;27;33;13;17;1;6;2;0;1;0;2;0;0;0;0;
0122;56051001;STIMMBEZIRK;01056563605122;1081;894;187;0;714;541;0;173;6;708;360;111;106;32;42;14;28;15;;;;;;0;;;;1;713;363;89;102;42;40;11;26;4;10;3;0;13;2;0;6;2;
0122;56009001;STIMMBEZIRK;01056568700922;1990;1549;441;0;1004;1004;0;0;9;995;449;164;236;47;43;7;27;22;;;;;;0;;;;9;995;481;157;181;60;49;8;29;1;14;1;0;2;1;0;6;5;
0122;56013001;STIMMBEZIRK;01056568701322;1108;898;210;0;566;566;0;0;4;562;292;79;100;53;24;2;8;4;;;;;;0;;;;3;563;283;65;100;68;25;1;5;0;4;2;0;5;0;1;4;0;
0122;56013002;STIMMBEZIRK;01056568701322;1126;808;318;0;443;443;0;0;5;438;200;97;77;32;13;9;5;4;;;;;;1;;;;3;440;195;77;86;31;15;4;9;2;2;4;2;4;0;1;6;2;
0122;56013003;STIMMBEZIRK;01056568701322;1080;804;276;0;526;526;0;0;5;521;214;95;129;51;19;2;8;3;;;;;;0;;;;2;524;217;78;137;47;17;1;9;1;2;1;0;6;0;0;4;4;
0122;56032001;STIMMBEZIRK;01056568703222;1774;1371;403;0;852;852;0;0;3;849;350;166;183;26;51;8;25;40;;;;;;0;;;;2;850;395;134;161;40;47;6;32;1;10;3;0;9;1;3;5;3;
0122;56040001;STIMMBEZIRK;01056568704022;1784;1349;435;0;855;855;0;0;4;851;359;152;208;44;23;11;27;25;;;;;;2;;;;4;851;385;116;195;45;28;7;27;4;15;7;1;7;0;1;6;7;
0122;56047001;STIMMBEZIRK;01056568704722;1745;1389;356;0;840;840;0;0;9;831;401;126;161;63;38;13;23;0;;;;;;6;;;;3;837;385;103;166;69;38;14;33;1;1;7;4;3;1;1;6;5;
0122;56003001;STIMMBEZIRK;01056566000322;499;411;88;0;371;286;0;85;1;370;202;41;52;34;18;4;16;3;;;;;;0;;;;1;370;215;26;45;31;17;4;21;1;2;2;0;0;0;0;4;2;
0122;56004001;STIMMBEZIRK;01056566000422;640;500;140;0;434;303;0;131;10;424;233;75;28;26;32;5;21;4;;;;;;0;;;;6;428;240;60;32;15;30;4;19;2;5;0;0;9;1;1;8;2;
0122;56008001;STIMMBEZIRK;01056566000822;1074;838;236;0;769;552;0;217;7;762;372;111;132;51;30;18;31;17;;;;;;0;;;;6;763;372;93;112;75;30;11;32;4;12;6;0;12;1;1;1;1;
0122;56011001;STIMMBEZIRK;01056566001122;317;266;51;0;241;182;8;51;1;240;114;34;30;14;19;9;16;3;;;;;;1;;;;0;241;113;36;23;19;18;10;11;0;2;0;0;5;1;0;2;1;
0122;56014001;STIMMBEZIRK;01056566001422;1211;926;285;0;861;597;0;264;16;845;461;118;123;44;36;8;30;24;;;;;;1;;;;11;850;477;97;115;46;42;4;23;4;21;6;1;3;0;0;7;4;
0122;56017001;STIMMBEZIRK;01056566001722;367;300;67;0;220;147;6;67;6;214;89;25;34;17;23;4;13;9;;;;;;0;;;;4;216;100;20;27;13;27;3;9;2;6;2;1;3;1;1;0;1;
0122;56022001;STIMMBEZIRK;01056566002222;637;558;79;0;436;359;0;77;6;430;259;55;38;25;24;5;17;7;;;;;;0;;;;1;435;268;38;40;30;18;3;21;2;0;3;1;6;0;0;2;3;
0122;56026001;STIMMBEZIRK;01056566002622;1382;1103;279;0;1002;733;0;269;5;997;425;286;108;59;51;14;38;15;;;;;;1;;;;5;997;504;163;136;52;44;10;45;5;8;8;1;11;0;1;8;1;
0122;56034001;STIMMBEZIRK;01056566003422;472;399;73;0;328;262;0;66;3;325;159;56;36;21;27;3;15;7;;;;;;1;;;;2;326;171;44;31;16;24;3;11;3;8;4;0;5;0;0;5;1;
0122;56035001;STIMMBEZIRK;01056566003522;665;580;85;0;472;392;0;80;8;464;225;62;69;40;23;6;28;11;;;;;;0;;;;4;468;229;53;72;38;27;2;23;3;6;1;2;5;0;1;4;2;
0123;56001001;STIMMBEZIRK;01056569000123;1388;1119;269;0;628;628;0;0;7;621;291;103;113;56;37;12;;9;;;;;;;;;;5;623;300;72;109;61;31;7;17;2;6;6;1;5;0;0;5;1;
0123;56001002;STIMMBEZIRK;01056569000123;1331;1003;328;0;579;579;0;0;6;573;252;126;118;28;31;10;;8;;;;;;;;;;3;576;269;90;113;27;30;10;12;1;5;2;1;4;0;1;9;2;
0123;56001003;STIMMBEZIRK;01056569000123;1178;921;257;0;480;480;0;0;5;475;210;102;83;29;38;8;;5;;;;;;;;;;3;477;218;84;63;38;33;7;14;0;2;4;0;4;0;0;8;2;
0123;56016001;STIMMBEZIRK;01056569001623;638;532;106;0;309;309;0;0;2;307;138;72;43;17;23;7;;7;;;;;;;;;;2;307;133;44;47;23;19;5;18;1;2;4;0;4;0;1;4;2;
0123;56019001;STIMMBEZIRK;01056569001923;905;651;254;0;383;382;1;0;5;378;206;65;57;17;21;6;;6;;;;;;;;;;2;381;206;49;57;22;20;6;11;1;3;3;0;0;0;0;2;1;
0123;56020001;STIMMBEZIRK;01056569002023;1473;1115;358;0;678;678;0;0;11;667;323;151;88;35;31;9;;30;;;;;;;;;;11;667;355;81;94;36;34;5;24;4;14;9;0;4;1;0;5;1;
0123;56023001;STIMMBEZIRK;01056569002323;828;650;178;0;369;369;0;0;1;368;160;100;55;31;14;5;;3;;;;;;;;;;1;368;157;78;56;37;11;6;12;2;1;1;1;5;0;0;1;0;
0123;56023002;STIMMBEZIRK;01056569002323;636;492;144;0;324;324;0;0;3;321;154;65;63;18;13;4;;4;;;;;;;;;;1;323;161;53;53;24;13;4;6;2;3;2;0;0;0;0;2;0;
0123;56023003;STIMMBEZIRK;01056569002323;706;545;161;0;330;330;0;0;2;328;154;63;69;19;15;5;;3;;;;;;;;;;0;330;152;47;64;25;16;5;15;2;0;2;0;1;0;0;0;1;
0123;56024001;STIMMBEZIRK;01056569002423;741;583;158;0;309;308;1;0;2;307;150;77;31;18;15;2;;14;;;;;;;;;;1;308;149;58;41;19;12;2;9;1;7;1;1;5;0;0;3;0;
0123;56024002;STIMMBEZIRK;01056569002423;826;633;193;0;360;360;0;0;5;355;168;74;64;19;14;9;;7;;;;;;;;;;4;356;167;50;64;26;16;3;20;0;3;4;2;1;0;0;0;0;
0123;56024003;STIMMBEZIRK;01056569002423;782;627;155;0;373;373;0;0;4;369;179;81;62;19;16;5;;7;;;;;;;;;;4;369;183;59;68;17;14;4;11;4;4;2;1;2;0;0;0;0;
0123;56027001;STIMMBEZIRK;01056569002723;1170;907;263;0;595;595;0;0;3;592;273;144;99;30;27;7;;12;;;;;;;;;;4;591;272;115;113;36;29;7;7;1;5;3;0;3;0;0;0;0;
0123;56028001;STIMMBEZIRK;01056569002823;938;762;176;0;443;443;0;0;4;439;213;78;88;30;19;4;;7;;;;;;;;;;1;442;216;60;89;26;18;2;17;0;0;0;1;4;0;0;4;5;
0123;56028002;STIMMBEZIRK;01056569002823;855;689;166;0;425;425;0;0;8;417;213;76;73;24;18;3;;10;;;;;;;;;;6;419;210;67;71;24;17;1;10;1;6;2;1;4;0;1;3;1;
0123;56028003;STIMMBEZIRK;01056569002823;867;701;166;0;471;471;0;0;3;468;246;74;81;22;31;7;;7;;;;;;;;;;1;470;231;58;90;25;31;3;16;0;2;5;0;3;0;0;6;0;
0123;56036001;STIMMBEZIRK;01056569003623;1220;898;322;0;548;548;0;0;5;543;300;95;97;19;18;8;;6;;;;;;;;;;2;546;271;87;96;22;22;10;20;0;5;3;2;5;0;1;2;0;
0123;56036002;STIMMBEZIRK;01056569003623;1231;976;255;0;583;583;0;0;4;579;307;107;79;42;31;5;;8;;;;;;;;;;4;579;299;84;84;34;35;2;17;1;1;4;3;7;1;0;5;2;
0123;56036003;STIMMBEZIRK;01056569003623;1208;920;288;0;500;500;0;0;3;497;228;108;78;34;29;12;;8;;;;;;;;;;3;497;224;90;74;28;34;8;17;0;5;3;1;5;0;1;5;2;
0123;56037001;STIMMBEZIRK;01056569003723;418;327;91;0;242;242;0;0;1;241;123;51;40;14;9;3;;1;;;;;;;;;;0;242;131;37;34;12;9;1;6;1;0;2;0;5;1;1;2;0;
0125;60002001;STIMMBEZIRK;01060504300225;1052;847;205;0;444;444;0;0;8;436;196;100;66;34;23;8;;9;;;;;;;0;;;5;439;185;81;75;39;20;2;17;0;4;2;0;9;0;0;5;0;
0125;60002002;STIMMBEZIRK;01060504300225;1083;877;206;0;468;468;0;0;6;462;235;87;74;25;24;8;;7;;;;;;;2;;;6;462;233;69;76;23;20;4;21;1;0;5;1;4;0;0;4;1;
0125;60034001;STIMMBEZIRK;01060504303425;1579;1273;306;0;697;697;0;0;6;691;310;153;100;39;46;9;;30;;;;;;;4;;;5;692;309;106;127;42;44;9;28;0;8;5;0;10;0;0;4;0;
0125;60036001;STIMMBEZIRK;01060504303625;601;520;81;0;279;278;1;0;3;276;166;21;41;14;25;0;;9;;;;;;;0;;;2;277;154;21;36;24;23;0;9;0;1;3;1;1;0;0;4;0;
0125;60054001;STIMMBEZIRK;01060504305425;1040;875;165;0;505;505;0;0;13;492;213;89;77;38;42;13;;17;;;;;;;3;;;8;497;206;75;73;37;41;12;26;1;5;7;0;8;0;0;5;1;
0125;60054002;STIMMBEZIRK;01060504305425;976;770;206;0;305;304;1;0;5;300;135;55;20;43;30;7;;8;;;;;;;2;;;2;303;137;39;43;16;31;5;17;1;2;2;0;6;1;0;3;0;
0125;60064001;STIMMBEZIRK;01060504306425;982;867;115;0;512;512;0;0;10;502;242;84;55;32;64;6;;16;;;;;;;3;;;8;504;232;54;54;43;56;4;32;1;2;6;1;9;1;3;5;1;
0125;60073001;STIMMBEZIRK;01060504307325;1594;1317;277;0;760;760;0;0;7;753;346;149;130;47;51;16;;12;;;;;;;2;;;3;757;345;122;123;45;46;8;37;0;7;12;1;7;0;0;2;2;
0125;60003001;STIMMBEZIRK;01060500500325;332;290;42;0;202;202;0;0;4;198;113;26;25;14;11;5;;4;;;;;;;0;;;1;201;106;19;33;17;10;3;1;1;3;0;0;7;0;0;1;0;
0125;60009001;STIMMBEZIRK;01060500500925;829;717;112;0;331;331;0;0;12;319;164;39;56;23;26;3;;6;;;;;;;2;;;5;326;168;34;56;21;21;4;9;0;2;1;1;5;1;0;3;0;
0125;60013001;STIMMBEZIRK;01060500501325;105;94;11;0;68;68;0;0;0;68;37;8;9;5;5;2;;2;;;;;;;0;;;1;67;39;3;9;3;2;2;4;1;1;0;0;2;0;0;1;0;
0125;60021001;STIMMBEZIRK;01060500502125;244;214;30;0;138;138;0;0;0;138;84;15;14;10;11;2;;2;;;;;;;0;;;0;138;83;10;15;10;8;1;5;0;0;0;1;5;0;0;0;0;
0125;60023001;STIMMBEZIRK;01060500502325;331;286;45;0;185;185;0;0;3;182;100;23;22;19;11;1;;6;;;;;;;0;;;2;183;88;18;22;29;7;4;6;1;0;0;2;1;0;0;4;1;
0125;60031001;STIMMBEZIRK;01060500503125;400;301;99;0;173;173;0;0;3;170;80;28;18;18;19;4;;3;;;;;;;0;;;2;171;80;20;18;9;17;1;8;2;2;2;1;4;0;0;7;0;
0125;60033001;STIMMBEZIRK;01060500503325;386;326;60;0;206;206;0;0;8;198;101;29;27;17;16;1;;7;;;;;;;0;;;2;204;96;22;32;13;14;1;7;0;0;3;0;12;1;0;3;0;
0125;60035001;STIMMBEZIRK;01060500503525;307;254;53;0;174;174;0;0;3;171;101;26;19;8;9;3;;5;;;;;;;0;;;3;171;96;25;16;5;9;2;10;0;3;2;0;2;0;0;1;0;
0125;60037001;STIMMBEZIRK;01060500503725;254;199;55;0;122;122;0;0;1;121;75;10;10;10;9;3;;4;;;;;;;0;;;0;122;71;6;14;9;11;2;2;0;1;2;0;3;0;0;1;0;
0125;60040001;STIMMBEZIRK;01060500504025;1040;836;204;0;565;564;1;0;7;558;309;75;98;37;25;5;;8;;;;;;;1;;;4;561;289;59;99;41;26;3;19;3;3;2;1;7;2;0;5;2;
0125;60056001;STIMMBEZIRK;01060500505625;213;189;24;0;131;130;1;0;3;128;72;16;21;12;6;0;;1;;;;;;;0;;;1;130;64;13;23;14;5;0;8;2;0;0;0;0;0;0;1;0;
0125;60095001;STIMMBEZIRK;01060500509525;845;715;130;0;450;450;0;0;4;446;233;65;85;29;21;5;;6;;;;;;;2;;;4;446;220;48;77;46;21;3;11;2;1;5;1;3;0;0;5;3;
0125;60099001;STIMMBEZIRK;01060500509925;1327;1100;227;0;639;638;1;0;5;634;372;81;87;34;45;5;;8;;;;;;;2;;;4;635;358;63;85;41;37;1;25;1;4;9;1;8;0;0;2;0;
0125;60042001;STIMMBEZIRK;01060504804225;330;255;75;0;233;166;0;67;5;228;103;43;38;20;17;3;;2;;;;;;;2;;;2;231;101;35;43;19;15;2;5;0;0;5;0;5;0;0;0;1;
0125;60077001;STIMMBEZIRK;01060504807725;923;761;162;0;592;443;0;149;12;580;248;187;65;18;33;8;;21;;;;;;;0;;;7;585;270;120;71;36;32;6;24;3;4;3;0;7;0;2;7;0;
0125;60082001;STIMMBEZIRK;01060504808225;856;718;138;0;531;413;0;118;9;522;282;94;62;28;30;12;;13;;;;;;;1;;;5;526;255;67;68;41;24;6;39;1;3;8;0;10;0;0;4;0;
0125;60084001;STIMMBEZIRK;01060504808425;690;538;152;0;450;302;0;148;5;445;213;103;48;36;28;9;;7;;;;;;;1;;;0;450;223;61;52;38;26;9;22;2;3;8;0;4;0;1;1;0;
0126;60012001;STIMMBEZIRK;01060502401226;1495;1253;242;0;606;606;0;0;6;600;322;120;66;37;29;11;;15;;;;;;;;;;3;603;291;91;80;41;23;7;42;2;4;5;1;8;0;0;7;1;
0126;60012002;STIMMBEZIRK;01060502401226;1302;1081;221;0;562;562;0;0;5;557;292;101;74;28;36;14;;12;;;;;;;;;;2;560;265;89;73;30;35;8;32;3;3;8;1;5;0;0;5;3;
0126;60017001;STIMMBEZIRK;01060502401726;178;157;21;0;126;126;0;0;2;124;83;8;20;7;3;1;;2;;;;;;;;;;2;124;66;6;22;10;4;1;8;0;0;1;0;4;0;0;2;0;
0126;60026001;STIMMBEZIRK;01060502402626;405;351;54;0;237;237;0;0;1;236;142;35;19;13;17;5;;5;;;;;;;;;;0;237;132;23;25;17;12;3;10;2;1;4;0;3;0;1;3;1;
0126;60072001;STIMMBEZIRK;01060502407226;416;329;87;0;223;223;0;0;5;218;141;32;26;5;5;6;;3;;;;;;;;;;0;223;123;23;32;17;7;4;11;1;1;3;0;1;0;0;0;0;
0126;60080001;STIMMBEZIRK;01060502408026;345;288;57;0;185;185;0;0;4;181;82;28;43;8;7;9;;4;;;;;;;;;;3;182;64;23;41;14;9;9;8;2;2;1;0;6;0;0;3;0;
0126;60086001;STIMMBEZIRK;01060502408626;133;115;18;0;74;74;0;0;3;71;34;10;10;5;10;2;;0;;;;;;;;;;0;74;30;7;12;4;12;0;4;0;0;0;0;5;0;0;0;0;
0126;60087001;STIMMBEZIRK;01060502408726;584;499;85;0;261;261;0;0;6;255;139;38;33;12;15;11;;7;;;;;;;;;;5;256;122;28;28;20;15;4;18;4;0;4;0;8;1;1;3;0;
0126;60089001;STIMMBEZIRK;01060502408926;1949;1623;326;0;628;628;0;0;17;611;305;151;60;28;41;15;;11;;;;;;;;;;9;619;301;119;56;28;44;15;33;3;2;1;1;10;0;1;5;0;
0126;60089002;STIMMBEZIRK;01060502408926;2089;1779;310;0;603;603;0;0;12;591;256;152;37;36;72;23;;15;;;;;;;;;;8;595;248;111;38;50;69;12;47;4;3;5;0;4;0;1;2;1;
0126;60007001;STIMMBEZIRK;01060505300726;421;355;66;0;282;223;0;59;6;276;160;34;45;11;18;3;;5;;;;;;;;;;1;281;147;26;38;25;14;1;19;3;2;2;0;3;0;0;1;0;
0126;60007002;STIMMBEZIRK;01060505300726;405;341;64;0;216;159;0;57;5;211;118;35;20;13;21;2;;2;;;;;;;;;;4;212;109;33;18;9;24;1;15;0;0;0;0;2;0;0;1;0;
0126;60008001;STIMMBEZIRK;01060505300826;533;435;98;0;372;275;0;97;3;369;186;63;63;17;27;6;;7;;;;;;;;;;2;370;183;56;57;23;22;2;14;1;2;1;0;4;0;0;4;1;
0126;60022001;STIMMBEZIRK;01060505302226;321;293;28;0;212;184;0;28;5;207;115;27;20;19;13;5;;8;;;;;;;;;;2;210;111;27;18;20;10;4;7;1;5;1;1;1;0;0;3;1;
0126;60029001;STIMMBEZIRK;01060505302926;549;449;100;0;335;240;0;95;8;327;168;68;37;18;24;6;;6;;;;;;;;;;4;331;173;56;37;10;25;2;19;0;0;5;0;3;0;0;1;0;
0126;60041001;STIMMBEZIRK;01060505304126;333;302;31;0;199;168;0;31;2;197;91;42;33;8;10;8;;5;;;;;;;;;;1;198;92;28;38;9;14;3;8;2;0;2;0;1;0;0;0;1;
0126;60051001;STIMMBEZIRK;01060505305126;374;314;60;0;272;215;0;57;4;268;139;64;32;12;15;1;;5;;;;;;;;;;2;270;137;51;34;15;11;2;8;2;1;4;0;5;0;0;0;0;
0126;60053001;STIMMBEZIRK;01060505305326;1353;1069;284;0;873;601;0;272;8;865;469;157;118;53;34;15;;19;;;;;;;;;;3;870;477;119;97;59;28;9;43;6;6;9;3;6;0;1;4;3;
0126;60053002;STIMMBEZIRK;01060505305326;107;95;12;0;81;69;0;12;1;80;42;9;19;3;5;2;;0;;;;;;;;;;1;80;45;7;15;2;2;1;4;1;0;0;0;3;0;0;0;0;
0126;60057001;STIMMBEZIRK;01060505305726;391;344;47;0;267;222;0;45;2;265;142;39;33;17;21;7;;6;;;;;;;;;;1;266;140;29;32;19;18;3;13;1;2;0;2;4;2;1;0;0;
0126;60062001;STIMMBEZIRK;01060505306226;582;447;135;0;415;287;0;128;3;412;184;86;78;33;15;9;;7;;;;;;;;;;1;414;179;70;68;34;10;6;19;3;4;3;1;11;1;0;2;3;
0126;60074001;STIMMBEZIRK;01060505307426;216;171;45;0;141;99;0;42;0;141;75;31;9;13;9;3;;1;;;;;;;;;;0;141;71;26;11;11;9;3;6;0;1;0;1;0;0;0;2;0;
0126;60088001;STIMMBEZIRK;01060505308826;864;727;137;0;534;410;0;124;5;529;258;89;87;22;43;16;;14;;;;;;;;;;7;527;254;55;73;35;38;12;30;0;4;7;0;8;0;0;10;1;
0126;60101001;STIMMBEZIRK;01060505310126;820;711;109;0;488;386;0;102;12;476;223;96;72;31;35;11;;8;;;;;;;;;;3;485;243;73;61;23;38;9;14;5;2;3;1;10;0;0;3;0;
0126;60006001;STIMMBEZIRK;01060508600626;182;157;25;0;91;91;0;0;4;87;38;10;28;2;5;3;;1;;;;;;;;;;1;90;40;8;29;1;5;0;1;0;0;1;0;5;0;0;0;0;
0126;60010001;STIMMBEZIRK;01060508601026;504;458;46;0;294;294;0;0;0;294;160;57;39;21;9;6;;2;;;;;;;;;;0;294;142;35;42;27;12;5;21;1;3;1;0;3;0;0;2;0;
0126;60015001;STIMMBEZIRK;01060508601526;291;232;59;0;159;158;1;0;3;156;79;35;22;12;6;2;;0;;;;;;;;;;1;158;77;23;23;15;5;2;5;0;0;2;0;5;0;0;0;1;
0126;60018001;STIMMBEZIRK;01060508601826;29;23;6;0;11;11;0;0;0;11;7;1;1;1;1;0;;0;;;;;;;;;;0;11;6;1;1;2;1;0;0;0;0;0;0;0;0;0;0;0;
0126;60020001;STIMMBEZIRK;01060508602026;1301;1079;222;0;621;621;0;0;12;609;320;121;85;37;27;9;;10;;;;;;;;;;5;616;325;78;84;46;24;2;37;2;3;2;1;5;0;1;6;0;
0126;60024001;STIMMBEZIRK;01060508602426;447;380;67;0;249;249;0;0;2;247;136;38;45;10;9;5;;4;;;;;;;;;;0;249;122;22;39;24;11;5;16;3;0;4;0;1;1;1;0;0;
0126;60025001;STIMMBEZIRK;01060508602526;726;595;131;0;354;354;0;0;5;349;181;63;58;14;15;9;;9;;;;;;;;;;3;351;191;51;54;14;11;1;12;2;3;5;0;2;0;0;4;1;
0126;60030001;STIMMBEZIRK;01060508603026;453;368;85;0;252;252;0;0;4;248;129;35;48;15;13;4;;4;;;;;;;;;;2;250;131;33;44;17;13;1;3;2;3;0;0;0;0;0;3;0;
0126;60048001;STIMMBEZIRK;01060508604826;454;377;77;0;216;216;0;0;6;210;107;36;34;5;18;6;;4;;;;;;;;;;1;215;101;32;31;11;16;4;8;0;3;4;0;3;0;0;2;0;
0126;60049001;STIMMBEZIRK;01060508604926;1570;1231;339;0;702;702;0;0;6;696;359;113;124;44;32;9;;15;;;;;;;;;;4;698;346;84;121;60;28;7;31;4;2;2;0;8;1;0;4;0;
0126;60050001;STIMMBEZIRK;01060508605026;332;276;56;0;182;182;0;0;5;177;89;35;24;18;8;2;;1;;;;;;;;;;2;180;88;20;25;22;8;3;8;1;1;1;0;2;0;0;1;0;
0126;60059001;STIMMBEZIRK;01060508605926;624;525;99;0;314;314;0;0;1;313;144;61;48;18;32;7;;3;;;;;;;;;;0;314;148;43;41;16;29;2;23;1;1;3;0;3;0;1;3;0;
0126;60059002;STIMMBEZIRK;01060508605926;217;184;33;0;99;97;2;0;1;98;41;24;18;4;9;2;;0;;;;;;;;;;0;99;38;21;20;6;9;0;2;0;0;3;0;0;0;0;0;0;
0126;60060001;STIMMBEZIRK;01060508606026;493;403;90;0;254;254;0;0;4;250;145;35;26;19;18;4;;3;;;;;;;;;;2;252;132;28;25;27;12;1;20;1;0;1;0;4;0;0;1;0;
0126;60061001;STIMMBEZIRK;01060508606126;276;218;58;0;140;140;0;0;1;139;69;25;21;9;9;5;;1;;;;;;;;;;1;139;61;15;22;13;8;5;10;1;1;1;0;1;0;0;0;1;
0126;60061002;STIMMBEZIRK;01060508606126;226;188;38;0;133;133;0;0;3;130;64;19;26;11;5;3;;2;;;;;;;;;;0;133;63;23;17;15;5;1;6;0;1;0;0;0;0;0;1;1;
0126;60061003;STIMMBEZIRK;01060508606126;134;104;30;0;82;82;0;0;1;81;27;21;21;9;2;1;;0;;;;;;;;;;0;82;26;16;20;9;2;1;7;0;0;0;0;0;1;0;0;0;
0126;60067001;STIMMBEZIRK;01060508606726;303;255;48;0;144;144;0;0;1;143;80;17;18;17;8;1;;2;;;;;;;;;;0;144;78;11;18;18;9;2;5;0;1;0;0;1;0;0;0;1;
0126;60067002;STIMMBEZIRK;01060508606726;593;483;110;0;232;232;0;0;3;229;122;41;28;16;12;9;;1;;;;;;;;;;2;230;122;30;28;13;12;4;12;2;1;1;2;2;0;0;1;0;
0126;60067003;STIMMBEZIRK;01060508606726;460;366;94;0;190;190;0;0;4;186;113;26;22;12;9;1;;3;;;;;;;;;;2;188;105;20;29;13;8;0;4;0;2;1;0;2;0;0;3;1;
0126;60069001;STIMMBEZIRK;01060508606926;927;753;174;0;445;445;0;0;6;439;218;89;72;28;19;6;;7;;;;;;;;;;4;441;215;61;58;39;20;5;33;0;0;3;0;3;0;1;2;1;
0126;60070001;STIMMBEZIRK;01060508607026;655;523;132;0;310;310;0;0;5;305;167;55;43;17;10;3;;10;;;;;;;;;;1;309;162;41;44;16;17;2;15;1;4;3;0;1;0;0;2;1;
0126;60071001;STIMMBEZIRK;01060508607126;224;200;24;0;143;143;0;0;0;143;80;23;17;15;5;3;;0;;;;;;;;;;0;143;86;20;15;13;5;1;2;0;0;0;0;0;0;0;1;0;
0126;60075001;STIMMBEZIRK;01060508607526;534;462;72;0;294;294;0;0;8;286;165;47;36;24;5;4;;5;;;;;;;;;;3;291;147;38;42;27;8;2;16;0;2;2;1;4;1;0;1;0;
0126;60075002;STIMMBEZIRK;01060508607526;552;464;88;0;274;274;0;0;4;270;144;44;45;14;14;6;;3;;;;;;;;;;0;274;131;38;46;19;10;0;17;1;2;2;0;4;0;0;4;0;
0126;60075003;STIMMBEZIRK;01060508607526;697;589;108;0;323;323;0;0;6;317;171;62;38;12;23;3;;8;;;;;;;;;;3;320;166;45;35;19;22;0;16;5;3;2;1;2;0;1;3;0;
0126;60079001;STIMMBEZIRK;01060508607926;183;150;33;0;99;99;0;0;0;99;44;12;30;5;4;2;;2;;;;;;;;;;0;99;47;9;20;8;4;2;4;2;1;1;0;0;0;0;1;0;
0126;60081001;STIMMBEZIRK;01060508608126;214;145;69;0;108;108;0;0;3;105;60;20;10;5;3;2;;5;;;;;;;;;;1;107;52;14;11;11;2;1;7;0;0;2;1;1;1;2;2;0;
0126;60090001;STIMMBEZIRK;01060508609026;164;137;27;0;61;61;0;0;0;61;20;8;22;2;5;1;;3;;;;;;;;;;1;60;17;9;19;2;5;0;2;0;2;2;0;2;0;0;0;0;
0126;60091001;STIMMBEZIRK;01060508609126;426;355;71;0;190;190;0;0;3;187;65;60;32;11;14;3;;2;;;;;;;;;;0;190;63;38;43;11;14;1;11;1;2;1;1;1;0;0;1;2;
0126;60093001;STIMMBEZIRK;01060508609326;392;353;39;0;198;198;0;0;4;194;94;36;42;10;9;3;;0;;;;;;;;;;5;193;85;29;43;9;9;2;8;1;1;2;1;2;0;0;1;0;
0126;60096001;STIMMBEZIRK;01060508609626;847;694;153;0;398;398;0;0;2;396;196;65;72;22;24;11;;6;;;;;;;;;;1;397;207;34;76;24;20;7;12;4;1;4;1;4;1;1;1;0;
0126;60097001;STIMMBEZIRK;01060508609726;722;603;119;0;366;366;0;0;5;361;194;65;53;13;22;10;;4;;;;;;;;;;2;364;184;57;51;17;17;10;19;0;2;1;0;3;0;0;2;1;
0126;60098001;STIMMBEZIRK;01060508609826;378;345;33;0;224;224;0;0;2;222;113;41;37;8;10;7;;6;;;;;;;;;;3;221;112;32;31;9;11;7;8;0;5;1;1;0;0;0;3;1;
0126;60016001;STIMMBEZIRK;01060506301626;547;462;85;0;242;242;0;0;4;238;128;31;32;12;16;12;;7;;;;;;;;;;1;241;124;27;29;8;16;6;16;2;0;1;1;3;0;0;6;2;
0126;60028001;STIMMBEZIRK;01060506302826;711;586;125;0;377;377;0;0;7;370;187;79;48;25;14;5;;12;;;;;;;;;;4;373;175;68;46;33;12;2;24;0;2;1;0;6;0;1;3;0;
0126;60028002;STIMMBEZIRK;01060506302826;475;410;65;0;233;233;0;0;4;229;129;32;28;13;15;5;;7;;;;;;;;;;3;230;124;29;29;14;13;6;4;1;4;2;1;1;0;0;2;0;
0126;60028003;STIMMBEZIRK;01060506302826;404;336;68;0;218;218;0;0;4;214;115;27;22;23;23;1;;3;;;;;;;;;;1;217;116;19;26;18;18;2;7;2;1;2;1;3;0;0;2;0;
0126;60038001;STIMMBEZIRK;01060506303826;594;492;102;0;319;319;0;0;5;314;177;44;47;18;17;6;;5;;;;;;;;;;2;317;180;39;42;16;14;3;16;1;0;1;0;3;0;0;1;1;
0126;60052001;STIMMBEZIRK;01060506305226;522;403;119;0;260;260;0;0;3;257;149;38;28;16;18;3;;5;;;;;;;;;;0;260;152;26;26;17;16;3;11;0;1;1;1;4;0;0;2;0;
0126;60068001;STIMMBEZIRK;01060506306826;984;797;187;0;379;379;0;0;7;372;185;74;67;20;12;9;;5;;;;;;;;;;3;376;175;54;66;24;12;5;21;2;2;3;0;5;0;0;6;1;
0126;60068002;STIMMBEZIRK;01060506306826;1203;972;231;0;313;313;0;0;4;309;162;58;49;14;12;8;;6;;;;;;;;;;5;308;151;41;58;18;13;4;11;3;2;2;0;1;0;0;3;1;
0126;60068003;STIMMBEZIRK;01060506306826;532;450;82;0;252;252;0;0;3;249;150;36;26;9;17;3;;8;;;;;;;;;;0;252;148;32;26;8;17;1;12;0;3;3;0;1;0;0;1;0;
0126;60043001;STIMMBEZIRK;01060503404326;668;523;145;0;328;328;0;0;3;325;146;60;56;27;26;9;;1;;;;;;;;;;4;324;151;43;46;29;27;5;12;4;0;3;1;1;0;0;2;0;
0126;60043002;STIMMBEZIRK;01060503404326;796;644;152;0;363;363;0;0;7;356;155;83;51;17;23;19;;8;;;;;;;;;;4;359;166;62;43;28;23;5;16;5;3;3;1;1;0;0;1;2;
0126;60043003;STIMMBEZIRK;01060503404326;630;496;134;0;238;238;0;0;2;236;118;40;30;15;20;9;;4;;;;;;;;;;3;235;110;31;25;22;15;4;12;4;1;2;2;2;0;0;3;2;
0126;60046001;STIMMBEZIRK;01060503404626;971;795;176;0;466;466;0;0;4;462;237;53;78;34;29;23;;8;;;;;;;;;;1;465;248;42;79;31;27;13;10;0;6;2;0;4;1;1;1;0;
0126;60058001;STIMMBEZIRK;01060503405826;679;552;127;0;284;284;0;0;8;276;138;42;44;15;21;10;;6;;;;;;;;;;2;282;140;37;41;14;18;5;12;2;1;4;1;3;0;0;2;2;
0126;60058002;STIMMBEZIRK;01060503405826;550;419;131;0;246;246;0;0;4;242;103;65;27;15;24;6;;2;;;;;;;;;;2;244;123;34;32;18;20;3;7;2;1;0;0;2;0;0;2;0;
0126;60058003;STIMMBEZIRK;01060503405826;820;644;176;0;390;390;0;0;2;388;207;60;48;17;36;17;;3;;;;;;;;;;2;388;200;52;46;29;34;7;10;1;1;2;0;5;0;0;1;0;
0126;60065001;STIMMBEZIRK;01060503406526;602;509;93;0;309;308;1;0;8;301;126;54;39;32;27;10;;13;;;;;;;;;;4;305;130;40;34;38;20;5;15;1;6;3;1;7;1;0;4;0;
0126;60065002;STIMMBEZIRK;01060503406526;511;412;99;0;244;243;1;0;1;243;128;35;29;16;25;7;;3;;;;;;;;;;0;244;132;23;29;19;23;2;5;0;3;1;0;5;0;0;2;0;
0126;60076001;STIMMBEZIRK;01060503407626;822;725;97;0;417;417;0;0;6;411;199;95;48;23;26;11;;9;;;;;;;;;;0;417;198;70;47;36;26;6;14;4;5;5;0;3;2;1;0;0;
0126;60076002;STIMMBEZIRK;01060503407626;762;625;137;0;363;363;0;0;8;355;164;105;33;26;13;4;;10;;;;;;;;;;8;355;166;85;27;31;14;2;17;0;6;3;0;2;0;0;1;1;
0126;60085001;STIMMBEZIRK;01060503408526;992;810;182;0;459;457;2;0;10;449;189;87;107;24;22;7;;13;;;;;;;;;;7;452;182;72;104;22;22;4;19;4;6;10;0;4;0;0;3;0;
0126;60085002;STIMMBEZIRK;01060503408526;780;610;170;0;386;384;2;0;6;380;166;90;77;21;10;5;;11;;;;;;;;;;4;382;174;70;72;16;14;5;16;2;4;1;0;6;0;1;1;0;
0126;60085003;STIMMBEZIRK;01060503408526;532;452;80;0;272;270;2;0;3;269;125;50;43;18;18;8;;7;;;;;;;;;;2;270;130;36;45;18;14;5;8;2;2;3;0;7;0;0;0;0;
0126;60085004;STIMMBEZIRK;01060503408526;389;312;77;0;231;231;0;0;12;219;105;34;34;17;17;5;;7;;;;;;;;;;5;226;108;22;33;18;16;4;11;3;5;1;0;3;0;0;1;1;
0126;60027001;STIMMBEZIRK;01060500502726;1379;1193;186;0;680;680;0;0;9;671;395;97;87;36;37;10;;9;;;;;;;;;;7;673;383;74;81;42;32;6;39;3;4;2;1;3;1;0;2;0;
0126;60027002;STIMMBEZIRK;01060500502726;1029;854;175;0;508;508;0;0;5;503;269;73;83;30;25;15;;8;;;;;;;;;;3;505;267;49;72;40;29;7;22;6;4;4;0;2;1;0;2;0;
0127;60045001;STIMMBEZIRK;01060504804527;710;569;141;0;491;361;1;129;9;482;207;92;97;15;37;18;;2;;;11;;;0;;;3;3;488;207;71;101;21;41;11;14;1;1;3;0;11;1;1;3;1;
0127;60047001;STIMMBEZIRK;01060504804727;1405;1089;316;0;911;618;2;291;11;900;435;154;157;83;32;8;;14;;;15;;;0;;;2;5;906;462;127;132;81;35;2;26;1;5;8;0;12;0;1;8;6;
0127;60047002;STIMMBEZIRK;01060504804727;1333;1045;288;0;805;547;3;255;17;788;362;141;158;38;44;13;;13;;;10;;;1;;;8;5;800;366;109;156;37;41;12;34;3;2;12;2;13;0;4;8;1;
0127;60047003;STIMMBEZIRK;01060504804727;340;284;56;0;227;174;1;52;3;224;109;29;31;19;13;6;;5;;;11;;;0;;;1;2;225;113;22;32;16;12;6;6;0;2;5;0;9;0;0;2;0;
0127;60066001;STIMMBEZIRK;01060504806627;733;572;161;0;525;372;0;153;5;520;219;91;112;34;32;11;;2;;;15;;;1;;;3;2;523;220;61;113;46;31;6;18;1;2;2;0;16;0;0;3;4;
0127;60094001;STIMMBEZIRK;01060504809427;1115;903;212;0;716;527;1;188;8;708;362;93;133;38;44;14;;11;;;10;;;1;;;2;2;714;381;74;122;37;44;10;23;0;4;6;0;6;1;0;3;3;
0127;60100001;STIMMBEZIRK;01060504810027;342;287;55;0;262;210;0;52;2;260;105;53;53;22;7;9;;4;;;7;;;0;;;0;2;260;98;51;55;15;7;3;12;0;1;4;1;9;0;1;2;1;
0127;62076001;STIMMBEZIRK;01062007607627;1047;796;251;0;499;499;0;0;6;493;202;90;114;41;27;8;;2;;;5;;;0;;;4;3;496;191;82;113;50;31;10;4;2;1;2;1;5;1;1;2;0;
0127;62076002;STIMMBEZIRK;01062007607627;866;668;198;0;390;390;0;0;8;382;178;60;83;31;16;7;;2;;;3;;;0;;;2;6;384;189;58;72;26;16;4;8;3;0;0;0;2;0;1;2;3;
0127;62076003;STIMMBEZIRK;01062007607627;2229;1764;465;0;1056;1053;3;0;15;1041;494;170;189;75;56;16;;29;;;9;;;0;;;3;5;1051;502;125;184;96;58;13;32;2;12;5;4;6;2;0;7;3;
0127;62076004;STIMMBEZIRK;01062007607627;1028;763;265;0;462;462;0;0;2;460;179;115;77;34;28;12;;7;;;7;;;0;;;1;3;459;191;86;80;44;27;4;7;1;3;3;1;6;1;0;4;1;
0127;62966001;BRIEFWAHLBEZIRK;01062007607627;0;0;0;0;1080;0;0;0;10;1070;457;235;203;85;41;8;;16;;;15;;;0;;;10;3;1077;489;195;185;85;47;7;19;1;9;5;0;14;0;0;20;1;
0128;62019001;STIMMBEZIRK;01062520701928;641;529;112;0;327;327;0;0;7;320;160;69;41;22;17;3;;;;;8;;;;;;;4;323;175;63;30;15;15;3;8;3;0;0;0;9;0;0;1;1;
0128;62046001;STIMMBEZIRK;01062520704628;705;594;111;0;359;359;0;0;5;354;180;69;66;20;13;2;;;;;4;;;;;;;3;356;180;48;66;25;14;0;14;1;2;2;0;4;0;0;0;0;
0128;62050001;STIMMBEZIRK;01062520705028;287;248;39;0;158;158;0;0;4;154;91;30;17;5;7;3;;;;;1;;;;;;;3;155;90;27;16;4;6;0;8;0;0;1;0;2;0;0;1;0;
0128;62056001;STIMMBEZIRK;01062520705628;544;455;89;0;270;270;0;0;3;267;158;45;26;13;16;7;;;;;2;;;;;;;3;267;143;31;32;16;16;5;14;2;0;0;0;2;0;0;5;1;
0128;62056002;STIMMBEZIRK;01062520705628;419;328;91;0;194;194;0;0;8;186;90;31;25;8;18;3;;;;;11;;;;;;;1;193;87;26;26;10;19;3;8;0;1;1;0;10;0;0;2;0;
0128;62062001;STIMMBEZIRK;01062520706228;693;571;122;0;352;352;0;0;2;350;196;61;49;20;10;8;;;;;6;;;;;;;0;352;191;46;55;16;12;5;18;1;0;2;1;4;0;1;0;0;
0128;62062002;STIMMBEZIRK;01062520706228;277;219;58;0;142;142;0;0;1;141;68;24;21;15;6;5;;;;;2;;;;;;;1;141;64;22;22;10;6;2;7;2;2;2;0;1;1;0;0;0;
0128;62065001;STIMMBEZIRK;01062520706528;256;209;47;0;119;119;0;0;1;118;54;32;16;9;6;1;;;;;0;;;;;;;2;117;60;19;18;3;6;1;10;0;0;0;0;0;0;0;0;0;
0128;62065002;STIMMBEZIRK;01062520706528;806;652;154;0;386;386;0;0;4;382;182;77;70;20;15;15;;;;;3;;;;;;;2;384;184;66;64;23;12;9;8;5;2;3;0;2;1;0;4;1;
0128;62089001;STIMMBEZIRK;01062520708928;1063;849;214;0;490;488;2;0;4;486;261;80;74;27;32;11;;;;;1;;;;;;;1;489;258;72;64;33;29;11;14;0;1;3;2;0;0;0;2;0;
0128;62091001;STIMMBEZIRK;01062520709128;1078;903;175;0;498;498;0;0;9;489;256;106;66;19;30;8;;;;;4;;;;;;;6;492;247;88;56;24;32;7;17;4;2;3;0;4;0;1;3;4;
0128;62091002;STIMMBEZIRK;01062520709128;706;568;138;0;355;354;1;0;6;349;192;64;43;27;19;2;;;;;2;;;;;;;4;351;197;56;41;23;16;0;13;0;3;0;0;0;0;0;2;0;
0128;62091003;STIMMBEZIRK;01062520709128;503;417;86;0;258;258;0;0;1;257;137;52;33;8;19;7;;;;;1;;;;;;;1;257;124;45;33;18;17;5;6;2;1;1;0;2;0;0;1;2;
0128;62092001;STIMMBEZIRK;01062520709228;908;730;178;0;427;427;0;0;14;413;201;68;77;24;27;11;;;;;5;;;;;;;10;417;192;57;81;25;20;7;19;3;0;5;0;7;0;0;0;1;
0128;62092002;STIMMBEZIRK;01062520709228;292;260;32;0;183;183;0;0;3;180;102;24;31;9;10;3;;;;;1;;;;;;;3;180;103;25;26;6;10;3;4;0;1;0;0;1;0;0;1;0;
0128;62092003;STIMMBEZIRK;01062520709228;253;212;41;0;128;128;0;0;1;127;57;31;22;5;7;2;;;;;3;;;;;;;1;127;56;21;20;8;5;3;6;0;1;2;1;1;0;1;2;0;
0128;62005001;STIMMBEZIRK;01062521800528;1165;917;248;0;567;566;1;0;4;563;252;122;99;49;18;17;;;;;6;;;;;;;0;567;245;88;122;43;20;10;21;3;1;3;0;4;0;1;3;3;
0128;62005002;STIMMBEZIRK;01062521800528;1257;1005;252;0;605;604;1;0;8;597;243;129;110;60;34;16;;;;;5;;;;;;;7;598;221;95;127;71;33;16;14;1;4;3;0;8;0;1;2;2;
0128;62014001;STIMMBEZIRK;01062521801428;1771;1397;374;0;834;834;0;0;8;826;358;202;160;38;37;25;;;;;6;;;;;;;4;830;345;153;176;49;34;19;33;4;5;4;0;4;0;1;3;0;
0128;62016001;STIMMBEZIRK;01062521801628;1644;1376;268;0;848;848;0;0;4;844;425;153;127;63;51;20;;;;;5;;;;;;;2;846;417;117;130;60;46;15;36;8;3;3;0;3;2;0;4;2;
0128;62016002;STIMMBEZIRK;01062521801628;524;428;96;0;263;263;0;0;1;262;136;51;35;16;13;7;;;;;4;;;;;;;1;262;119;40;42;20;13;5;11;2;1;3;0;2;0;0;3;1;
0128;62027001;STIMMBEZIRK;01062521802728;974;801;173;0;490;490;0;0;3;487;249;106;72;31;15;9;;;;;5;;;;;;;4;486;235;86;80;36;15;5;11;2;5;4;1;4;0;0;1;1;
0128;62036001;STIMMBEZIRK;01062521803628;654;510;144;0;315;315;0;0;8;307;139;57;70;24;7;8;;;;;2;;;;;;;5;310;134;40;70;39;8;5;6;0;1;2;0;2;1;0;1;1;
0128;62036002;STIMMBEZIRK;01062521803628;807;629;178;0;393;393;0;0;1;392;194;82;51;31;19;7;;;;;8;;;;;;;0;393;178;65;56;39;18;5;8;2;7;2;0;8;1;1;2;1;
0128;62051001;STIMMBEZIRK;01062521805128;407;330;77;0;207;207;0;0;5;202;98;53;27;7;6;3;;;;;8;;;;;;;4;203;85;33;36;12;8;6;6;0;0;2;0;9;1;2;3;0;
0128;62078001;STIMMBEZIRK;01062521807828;1016;819;197;0;460;460;0;0;4;456;242;71;68;26;30;6;;;;;13;;;;;;;1;459;213;62;73;37;31;4;11;3;6;2;0;13;0;2;2;0;
0128;62081001;STIMMBEZIRK;01062521808128;1541;1176;365;0;738;731;7;0;7;731;334;154;122;59;26;24;;;;;12;;;;;;;3;735;324;100;153;69;26;14;22;5;3;3;0;9;0;0;6;1;
0128;62003001;STIMMBEZIRK;01062524400328;733;616;117;0;384;384;0;0;1;383;196;79;56;26;17;6;;;;;3;;;;;;;1;383;181;58;67;23;14;4;20;2;3;1;1;5;1;0;3;0;
0128;62008001;STIMMBEZIRK;01062524400828;704;556;148;0;311;311;0;0;2;309;153;57;66;17;9;5;;;;;2;;;;;;;1;310;154;38;64;20;11;3;15;0;0;0;0;4;0;0;1;0;
0128;62025001;STIMMBEZIRK;01062524402528;608;493;115;0;277;277;0;0;3;274;160;38;37;16;19;3;;;;;1;;;;;;;5;272;136;31;44;18;16;2;17;4;0;1;0;2;0;0;1;0;
0128;62025002;STIMMBEZIRK;01062524402528;768;638;130;0;371;371;0;0;1;370;200;69;57;24;14;4;;;;;2;;;;;;;1;370;189;48;58;38;17;1;10;2;2;1;0;2;0;0;2;0;
0128;62031001;STIMMBEZIRK;01062524403128;396;326;70;0;203;203;0;0;3;200;74;58;45;7;9;4;;;;;3;;;;;;;0;203;70;45;46;11;10;2;10;1;0;2;2;3;0;0;1;0;
0128;62032001;STIMMBEZIRK;01062524403228;470;397;73;0;249;248;1;0;5;244;125;54;22;17;23;2;;;;;1;;;;;;;6;243;124;40;26;16;16;1;9;2;1;1;0;3;0;0;3;1;
0128;62039001;STIMMBEZIRK;01062524403928;634;516;118;0;349;349;0;0;4;345;177;71;44;24;18;6;;;;;5;;;;;;;2;347;146;68;46;26;20;5;15;4;5;0;4;6;0;1;1;0;
0128;62048001;STIMMBEZIRK;01062524404828;531;441;90;0;223;223;0;0;2;221;121;43;21;17;14;1;;;;;4;;;;;;;2;221;118;31;18;21;14;0;10;0;0;0;0;4;3;0;1;1;
0128;62059001;STIMMBEZIRK;01062524405928;625;535;90;0;337;337;0;0;2;335;156;84;47;19;17;8;;;;;4;;;;;;;0;337;151;61;49;22;24;7;13;0;1;3;0;3;0;0;2;1;
0128;62083001;STIMMBEZIRK;01062524408328;617;496;121;0;300;300;0;0;5;295;141;55;54;19;23;1;;;;;2;;;;;;;1;299;148;38;49;22;21;1;7;5;0;1;0;3;0;0;3;1;
0128;62087001;STIMMBEZIRK;01062524408728;1162;947;215;0;548;548;0;0;3;545;228;136;106;32;34;3;;;;;6;;;;;;;2;546;237;108;95;37;33;8;12;0;2;2;0;6;0;2;3;1;
0128;62093001;STIMMBEZIRK;01062524409328;465;373;92;0;246;246;0;0;5;241;111;35;42;26;11;11;;;;;5;;;;;;;4;242;110;25;45;24;13;3;16;1;3;0;0;0;0;0;0;2;
0128;62094001;STIMMBEZIRK;01062524409428;1314;1086;228;0;612;612;0;0;4;608;320;114;91;36;31;16;;;;;0;;;;;;;4;608;303;85;89;46;33;10;26;7;0;4;0;1;0;1;1;2;
0129;62011001;STIMMBEZIRK;01062526201129;767;621;146;0;323;321;2;0;3;320;171;55;40;29;17;3;;;;;5;;;;;;;2;321;176;37;35;33;18;0;8;0;1;2;1;6;0;2;2;0;
0129;62035001;STIMMBEZIRK;01062526203529;684;565;119;0;313;312;1;0;3;310;135;62;57;24;17;11;;;;;4;;;;;;;1;312;122;43;66;33;18;3;12;6;0;5;0;2;0;0;1;1;
0129;62035002;STIMMBEZIRK;01062526203529;962;748;214;0;487;484;3;0;4;483;200;92;117;47;19;6;;;;;2;;;;;;;5;482;195;75;111;40;23;6;19;3;5;1;1;1;0;0;2;0;
0129;62035003;STIMMBEZIRK;01062526203529;969;767;202;0;498;498;0;0;7;491;213;83;112;50;28;2;;;;;3;;;;;;;3;495;228;52;113;45;20;4;19;4;3;0;0;4;1;1;1;0;
0129;62035004;STIMMBEZIRK;01062526203529;248;207;41;0;119;118;1;0;3;116;62;18;18;9;8;1;;;;;0;;;;;;;1;118;61;17;19;11;8;0;1;0;0;0;1;0;0;0;0;0;
0129;62069001;STIMMBEZIRK;01062526206929;703;564;139;0;309;309;0;0;5;304;139;66;54;20;20;3;;;;;2;;;;;;;4;305;144;62;45;21;21;3;1;2;1;1;0;1;0;1;1;1;
0129;62069002;STIMMBEZIRK;01062526206929;778;587;191;0;395;395;0;0;5;390;180;70;80;34;15;7;;;;;4;;;;;;;5;390;176;44;86;41;16;4;15;1;3;0;1;1;0;0;2;0;
0129;62069003;STIMMBEZIRK;01062526206929;396;320;76;0;207;207;0;0;1;206;110;36;36;11;8;4;;;;;1;;;;;;;1;206;111;25;41;10;9;2;3;1;0;0;0;2;0;0;2;0;
0129;62071001;STIMMBEZIRK;01062526207129;664;530;134;0;287;287;0;0;5;282;136;55;56;12;14;5;;;;;4;;;;;;;3;284;137;47;48;14;15;3;8;5;1;2;0;4;0;0;0;0;
0129;62071002;STIMMBEZIRK;01062526207129;751;615;136;0;313;311;2;0;4;309;126;65;52;33;22;5;;;;;6;;;;;;;3;310;119;51;52;36;23;3;18;1;1;0;0;4;0;0;2;0;
0129;62088001;STIMMBEZIRK;01062526208829;481;388;93;0;222;222;0;0;2;220;100;42;34;16;19;6;;;;;3;;;;;;;1;221;98;30;30;18;20;4;11;2;0;2;0;4;0;0;1;1;
0129;62088002;STIMMBEZIRK;01062526208829;445;374;71;0;210;210;0;0;1;209;111;30;22;20;21;1;;;;;4;;;;;;;1;209;109;19;22;20;22;0;8;2;2;0;0;2;0;0;2;1;
0129;62088003;STIMMBEZIRK;01062526208829;462;362;100;0;261;260;1;0;2;259;135;40;47;13;13;2;;;;;9;;;;;;;1;260;145;30;40;11;13;3;3;1;1;1;0;10;1;0;1;0;
0129;62020001;STIMMBEZIRK;01062527002029;540;383;157;0;364;212;7;145;7;357;173;78;47;29;21;2;;;;;7;;;;;;;5;359;186;58;45;23;19;4;7;3;2;1;0;3;3;0;2;3;
0129;62021001;STIMMBEZIRK;01062527002129;1159;896;263;0;784;536;0;248;16;768;349;182;127;63;22;16;;;;;9;;;;;;;2;782;359;149;133;60;25;8;21;3;5;3;0;8;1;0;4;3;
0129;62022001;STIMMBEZIRK;01062527002229;788;614;174;0;512;343;0;169;6;506;206;111;107;43;19;15;;;;;5;;;;;;;1;511;217;83;103;44;17;10;13;5;3;2;1;6;0;0;7;0;
0129;62022002;STIMMBEZIRK;01062527002229;688;495;193;0;471;297;0;174;3;468;197;98;99;35;18;13;;;;;8;;;;;;;2;469;216;84;80;30;16;9;13;1;0;2;1;11;0;0;5;1;
0129;62026001;STIMMBEZIRK;01062527002629;400;343;57;0;254;200;1;53;4;250;95;61;55;19;13;4;;;;;3;;;;;;;1;253;104;45;59;20;11;3;3;3;0;0;0;3;0;1;1;0;
0129;62033001;STIMMBEZIRK;01062527003329;40;28;12;0;34;22;0;12;1;33;15;11;6;1;0;0;;;;;0;;;;;;;0;34;10;9;10;3;0;0;2;0;0;0;0;0;0;0;0;0;
0129;62040001;STIMMBEZIRK;01062527004029;287;227;60;0;214;155;1;58;4;210;74;39;54;20;12;9;;;;;2;;;;;;;1;213;91;32;48;12;10;8;4;0;0;2;0;3;0;0;3;0;
0129;62045001;STIMMBEZIRK;01062527004529;830;615;215;0;575;369;0;206;4;571;290;81;96;55;24;12;;;;;13;;;;;;;3;572;273;55;106;64;26;4;17;4;3;4;2;10;0;0;4;0;
0129;62045002;STIMMBEZIRK;01062527004529;831;622;209;0;545;354;1;190;6;539;229;87;121;58;28;7;;;;;9;;;;;;;2;543;230;61;132;47;30;2;17;2;4;2;0;9;1;0;2;4;
0129;62045003;STIMMBEZIRK;01062527004529;997;726;271;0;589;350;53;186;6;583;303;111;103;38;6;11;;;;;11;;;;;;;2;587;310;85;96;41;10;8;15;2;1;1;0;8;0;0;5;5;
0129;62058001;STIMMBEZIRK;01062527005829;184;146;38;0;140;103;0;37;2;138;58;18;32;11;14;1;;;;;4;;;;;;;0;140;54;17;33;13;12;1;2;0;2;1;0;2;1;0;2;0;
0129;62082001;STIMMBEZIRK;01062527008229;1320;974;346;0;782;467;50;265;7;775;340;179;133;65;25;22;;;;;11;;;;;;;4;778;367;149;119;58;21;16;18;1;6;1;0;9;1;2;9;1;
0129;62082002;STIMMBEZIRK;01062527008229;1209;935;274;0;665;412;1;252;5;660;288;164;126;35;27;15;;;;;5;;;;;;;4;661;319;118;122;28;26;10;24;0;2;1;0;4;2;0;5;0;
0129;62082003;STIMMBEZIRK;01062527008229;1755;1278;477;0;1056;613;4;439;11;1045;470;257;177;69;40;10;;;;;22;;;;;;;2;1054;553;171;153;53;41;13;30;0;4;3;1;18;0;1;9;4;
0129;62082004;STIMMBEZIRK;01062527008229;1468;1119;349;0;865;548;0;317;7;858;375;184;163;56;56;17;;;;;7;;;;;;;0;865;413;120;157;44;52;10;37;3;4;2;0;8;0;2;11;2;
0129;62082005;STIMMBEZIRK;01062527008229;1347;1068;279;0;764;503;0;261;7;757;312;195;130;42;48;15;;;;;15;;;;;;;2;762;321;151;132;37;42;10;26;3;6;2;1;18;0;1;11;1;
0129;62086001;STIMMBEZIRK;01062527008629;623;489;134;0;419;296;1;122;6;413;171;95;77;31;25;10;;;;;4;;;;;;;0;419;192;65;72;28;31;5;18;1;4;1;1;1;0;0;0;0;
0129;62086002;STIMMBEZIRK;01062527008629;638;500;138;0;387;253;0;134;6;381;178;83;57;42;14;3;;;;;4;;;;;;;4;383;185;69;62;29;16;2;9;1;2;0;1;3;1;0;3;0;
0134;53008001;STIMMBEZIRK;01053530800834;334;283;51;0;211;211;0;0;3;208;76;35;66;15;8;1;;7;;;;;;;;;;0;211;86;28;61;13;7;2;1;0;2;3;0;5;0;0;2;1;
0134;53009001;STIMMBEZIRK;01053530800934;1742;1373;369;0;698;698;0;0;10;688;273;187;106;52;40;12;;18;;;;;;;;;;3;695;315;138;105;46;38;9;21;1;10;2;0;1;0;0;3;6;
0134;53011001;STIMMBEZIRK;01053530801134;513;411;102;0;280;280;0;0;4;276;105;67;60;15;9;14;;6;;;;;;;;;;2;278;106;44;60;20;10;6;9;1;1;7;0;10;2;0;2;0;
0134;53024001;STIMMBEZIRK;01053530802434;129;112;17;0;65;65;0;0;1;64;30;14;10;3;4;3;;0;;;;;;;;;;1;64;33;14;7;6;2;0;0;0;0;1;0;0;0;0;1;0;
0134;53034001;STIMMBEZIRK;01053530803434;191;160;31;0;117;117;0;0;2;115;63;14;16;17;3;0;;2;;;;;;;;;;1;116;72;11;8;13;3;1;4;0;2;0;0;2;0;0;0;0;
0134;53061001;STIMMBEZIRK;01053530806134;948;768;180;0;430;430;0;0;7;423;157;113;61;41;29;7;;15;;;;;;;;;;4;426;173;88;59;36;26;7;11;0;5;3;1;9;2;0;4;2;
0134;53067001;STIMMBEZIRK;01053530806734;511;425;86;0;272;272;0;0;2;270;108;63;51;20;9;8;;11;;;;;;;;;;1;271;118;43;53;21;12;5;8;0;3;1;1;2;0;0;2;2;
0134;53075001;STIMMBEZIRK;01053530807534;1347;1048;299;0;699;699;0;0;10;689;280;148;176;33;26;8;;18;;;;;;;;;;3;696;285;126;156;46;23;3;33;0;8;5;1;5;1;0;3;1;
0134;53094001;STIMMBEZIRK;01053530809434;161;130;31;0;81;81;0;0;0;81;30;13;16;13;4;2;;3;;;;;;;;;;0;81;37;12;12;7;3;2;1;0;1;1;1;2;1;0;1;0;
0134;53103001;STIMMBEZIRK;01053530810334;646;540;106;0;313;313;0;0;4;309;123;65;58;30;16;6;;11;;;;;;;;;;1;312;128;55;55;26;14;0;8;1;3;2;1;11;1;1;4;2;
0134;53120001;STIMMBEZIRK;01053530812034;295;254;41;0;134;134;0;0;3;131;55;26;18;8;18;2;;4;;;;;;;;;;0;134;65;16;18;10;11;1;3;1;3;1;0;2;0;0;3;0;
0134;53002001;STIMMBEZIRK;01053531300234;652;519;133;0;430;311;0;119;7;423;171;84;56;54;38;10;;10;;;;;;;;;;4;426;202;67;53;36;33;8;7;0;4;5;1;3;0;0;5;2;
0134;53005001;STIMMBEZIRK;01053531300534;189;154;35;0;111;79;0;32;3;108;50;17;13;18;6;2;;2;;;;;;;;;;1;110;60;13;13;7;8;1;5;0;2;0;0;0;0;0;1;0;
0134;53013001;STIMMBEZIRK;01053531301334;270;236;34;0;190;159;0;31;2;188;92;28;31;15;16;3;;3;;;;;;;;;;1;189;99;17;32;15;11;3;1;0;3;3;1;1;0;1;2;0;
0134;53014001;STIMMBEZIRK;01053531301434;1637;1344;293;0;1055;774;0;281;24;1031;396;246;125;127;79;18;;40;;;;;;;;;;6;1049;486;194;121;86;74;13;25;3;8;1;2;24;4;0;6;2;
0134;53037001;STIMMBEZIRK;01053531303734;417;354;63;0;297;234;3;60;3;294;127;55;48;30;17;4;;13;;;;;;;;;;3;294;135;55;41;29;16;1;3;2;5;0;0;4;0;1;2;0;
0134;53056001;STIMMBEZIRK;01053531305634;172;146;26;0;107;83;0;24;1;106;35;27;20;7;8;0;;9;;;;;;;;;;0;107;41;25;17;9;7;0;0;0;2;2;0;1;0;1;2;0;
0134;53084001;STIMMBEZIRK;01053531308434;483;429;54;0;271;220;0;51;5;266;114;46;42;27;23;3;;11;;;;;;;;;;2;269;114;39;46;18;20;4;12;1;5;0;0;10;0;0;0;0;
0134;53095001;STIMMBEZIRK;01053531309534;548;468;80;0;370;293;3;74;4;366;130;80;86;28;27;5;;10;;;;;;;;;;2;368;148;67;74;21;23;5;7;3;6;2;0;5;0;0;7;0;
0134;53113001;STIMMBEZIRK;01053531311334;432;372;60;0;268;212;0;56;3;265;101;65;42;23;26;2;;6;;;;;;;;;;1;267;118;56;38;14;23;0;3;0;4;0;1;6;0;0;3;1;
0134;53125001;STIMMBEZIRK;01053531312534;438;350;88;0;282;202;0;80;1;281;115;61;48;23;23;6;;5;;;;;;;;;;0;282;129;48;39;19;21;6;8;2;2;1;0;3;0;1;3;0;
0134;53134001;STIMMBEZIRK;01053531313434;278;244;34;0;165;136;0;29;3;162;70;29;23;17;16;2;;5;;;;;;;;;;2;163;80;20;14;20;17;2;0;0;3;0;0;2;0;0;5;0;
0134;53010001;STIMMBEZIRK;01053531801034;74;70;4;0;53;53;0;0;1;52;38;4;2;3;5;0;;0;;;;;;;;;;1;52;35;3;2;6;5;0;0;0;1;0;0;0;0;0;0;0;
0134;53015001;STIMMBEZIRK;01053531801534;266;208;58;0;126;126;0;0;1;125;39;21;32;13;15;3;;2;;;;;;;;;;1;125;46;12;31;12;14;2;0;0;2;0;0;4;0;0;1;1;
0134;53020001;STIMMBEZIRK;01053531802034;846;688;158;0;339;339;0;0;7;332;135;75;60;18;28;4;;12;;;;;;;;;;3;336;136;60;60;23;29;5;8;2;3;2;0;4;0;0;3;1;
0134;53020002;STIMMBEZIRK;01053531802034;439;348;91;0;162;162;0;0;0;162;59;35;39;14;9;3;;3;;;;;;;;;;0;162;69;33;29;8;6;5;1;0;2;0;0;3;0;2;4;0;
0134;53020003;STIMMBEZIRK;01053531802034;905;694;211;0;326;326;0;0;2;324;134;67;57;17;25;9;;15;;;;;;;;;;1;325;145;59;44;13;24;6;12;0;6;2;0;8;1;1;4;0;
0134;53020004;STIMMBEZIRK;01053531802034;565;429;136;0;183;183;0;0;4;179;61;32;41;9;21;10;;5;;;;;;;;;;4;179;67;25;33;9;20;5;11;0;1;1;0;2;1;1;2;1;
0134;53020005;STIMMBEZIRK;01053531802034;582;438;144;0;211;211;0;0;2;209;71;58;53;2;10;9;;6;;;;;;;;;;0;211;82;40;41;7;9;7;4;0;2;4;2;5;1;0;6;1;
0134;53020006;STIMMBEZIRK;01053531802034;915;757;158;0;387;387;0;0;10;377;140;89;69;31;30;8;;10;;;;;;;;;;6;381;166;67;73;23;27;4;6;0;4;1;0;3;1;2;1;3;
0134;53020007;STIMMBEZIRK;01053531802034;841;687;154;0;359;358;1;0;11;348;128;97;55;19;28;10;;11;;;;;;;;;;6;353;148;77;42;17;29;13;17;0;0;1;0;6;0;0;0;3;
0134;53029001;STIMMBEZIRK;01053531802934;303;265;38;0;170;170;0;0;2;168;76;34;31;7;11;6;;3;;;;;;;;;;2;168;79;30;29;8;10;4;1;0;2;1;0;2;0;0;2;0;
0134;53035001;STIMMBEZIRK;01053531803534;54;47;7;0;40;40;0;0;1;39;8;12;12;0;5;0;;2;;;;;;;;;;1;39;11;5;11;0;5;1;2;0;1;2;0;0;0;0;1;0;
0134;53046001;STIMMBEZIRK;01053531804634;1129;941;188;0;480;478;2;0;11;469;230;87;68;39;29;5;;11;;;;;;;;;;5;475;253;67;64;29;31;3;16;0;3;1;0;5;0;1;2;0;
0134;53046002;STIMMBEZIRK;01053531804634;335;287;48;0;167;167;0;0;2;165;92;31;10;7;13;6;;6;;;;;;;;;;3;164;97;21;11;7;12;3;2;0;0;1;3;3;0;0;2;2;
0134;53048001;STIMMBEZIRK;01053531804834;1114;854;260;0;496;496;0;0;7;489;199;105;88;44;20;16;;17;;;;;;;;;;6;490;235;77;77;37;17;4;10;6;6;3;0;9;1;0;6;2;
0134;53064001;STIMMBEZIRK;01053531806434;545;463;82;0;274;274;0;0;9;265;117;52;53;7;22;4;;10;;;;;;;;;;5;269;118;47;43;14;22;4;7;2;5;1;0;5;0;0;1;0;
0134;53080001;STIMMBEZIRK;01053531808034;132;107;25;0;64;64;0;0;3;61;34;6;11;6;3;0;;1;;;;;;;;;;1;63;31;4;13;5;5;0;2;0;0;1;0;1;0;0;1;0;
0134;53092001;STIMMBEZIRK;01053531809234;949;799;150;0;475;473;2;0;5;470;210;85;91;28;35;8;;13;;;;;;;;;;2;473;210;46;92;35;34;6;24;2;6;7;1;5;0;0;5;0;
0134;53104001;STIMMBEZIRK;01053531810434;451;381;70;0;252;252;0;0;6;246;89;66;37;19;11;5;;19;;;;;;;;;;3;249;99;54;41;15;13;2;8;1;6;2;1;3;0;1;3;0;
0134;53115001;STIMMBEZIRK;01053531811534;365;300;65;0;203;203;0;0;4;199;100;24;28;20;21;1;;5;;;;;;;;;;3;200;100;20;34;15;21;1;6;1;0;0;0;1;0;0;1;0;
0134;53119001;STIMMBEZIRK;01053531811934;215;176;39;0;119;119;0;0;3;116;52;33;18;6;4;2;;1;;;;;;;;;;2;117;50;22;21;8;7;0;1;0;3;1;0;0;0;0;3;1;
0134;53126001;STIMMBEZIRK;01053531812634;295;249;46;0;169;169;0;0;2;167;76;35;18;16;12;2;;8;;;;;;;;;;3;166;81;19;23;14;12;2;5;1;4;2;1;2;0;0;0;0;
0134;53132001;STIMMBEZIRK;01053531813234;769;670;99;0;348;348;0;0;7;341;168;62;59;14;16;2;;20;;;;;;;;;;1;347;185;56;46;15;14;0;19;1;9;0;0;1;0;0;1;0;
0134;53001001;STIMMBEZIRK;01053535800134;63;59;4;0;45;45;0;0;0;45;20;4;13;7;0;1;;0;;;;;;;;;;0;45;23;3;13;3;0;1;0;0;1;1;0;0;0;0;0;0;
0134;53004001;STIMMBEZIRK;01053535800434;723;560;163;0;348;348;0;0;4;344;167;57;57;36;17;3;;7;;;;;;;;;;2;346;177;38;57;36;14;2;9;1;4;0;1;5;0;1;1;0;
0134;53016001;STIMMBEZIRK;01053535801634;134;113;21;0;73;73;0;0;2;71;28;21;6;5;4;3;;4;;;;;;;;;;1;72;29;14;6;5;1;2;7;0;0;0;0;6;0;0;2;0;
0134;53018001;STIMMBEZIRK;01053535801834;194;149;45;0;138;138;0;0;2;136;36;20;66;10;4;0;;0;;;;;;;;;;0;138;38;11;61;14;2;0;3;0;1;1;0;4;0;0;2;1;
0134;53026001;STIMMBEZIRK;01053535802634;334;262;72;0;183;183;0;0;3;180;58;35;60;12;9;3;;3;;;;;;;;;;1;182;71;32;49;7;7;3;2;0;2;3;3;2;0;0;1;0;
0134;53030001;STIMMBEZIRK;01053535803034;508;429;79;0;268;268;0;0;8;260;131;44;40;20;18;5;;2;;;;;;;;;;4;264;135;34;34;18;19;5;10;2;1;1;0;2;0;0;1;2;
0134;53033001;STIMMBEZIRK;01053535803334;115;96;19;0;58;58;0;0;0;58;26;11;9;7;3;1;;1;;;;;;;;;;0;58;28;10;8;7;3;0;0;0;0;0;0;1;0;0;1;0;
0134;53040001;STIMMBEZIRK;01053535804034;72;60;12;0;41;41;0;0;2;39;23;2;5;4;3;0;;2;;;;;;;;;;1;40;26;2;5;2;3;0;0;0;1;0;0;1;0;0;0;0;
0134;53041001;STIMMBEZIRK;01053535804134;1101;913;188;0;557;556;1;0;2;555;236;136;103;33;30;10;;7;;;;;;;;;;4;553;246;103;103;37;32;8;11;1;3;2;0;1;1;0;4;1;
0134;53041002;STIMMBEZIRK;01053535804134;974;789;185;0;538;538;0;0;3;535;251;116;111;25;22;2;;8;;;;;;;;;;4;534;265;91;107;25;19;4;11;0;5;3;0;3;0;1;0;0;
0134;53041003;STIMMBEZIRK;01053535804134;963;763;200;0;541;541;0;0;3;538;233;120;118;32;25;4;;6;;;;;;;;;;0;541;236;96;117;40;26;6;6;2;2;4;0;3;0;0;1;2;
0134;53043001;STIMMBEZIRK;01053535804334;780;617;163;0;422;422;0;0;3;419;175;68;91;34;33;5;;13;;;;;;;;;;1;421;183;58;79;35;30;5;12;2;2;2;0;10;1;0;1;1;
0134;53051001;STIMMBEZIRK;01053535805134;247;203;44;0;146;146;0;0;0;146;88;28;15;5;8;1;;1;;;;;;;;;;0;146;86;19;15;7;8;0;2;1;1;2;0;5;0;0;0;0;
0134;53054001;STIMMBEZIRK;01053535805434;394;323;71;0;183;183;0;0;0;183;69;52;30;10;15;4;;3;;;;;;;;;;1;182;69;43;29;13;12;3;5;0;0;2;0;6;0;0;0;0;
0134;53057001;STIMMBEZIRK;01053535805734;212;173;39;0;110;110;0;0;0;110;54;29;11;7;1;5;;3;;;;;;;;;;0;110;56;21;12;5;1;5;4;0;2;0;0;4;0;0;0;0;
0134;53062001;STIMMBEZIRK;01053535806234;219;183;36;0;121;121;0;0;7;114;48;26;14;12;10;2;;2;;;;;;;;;;3;118;48;25;11;16;12;2;1;0;0;0;0;3;0;0;0;0;
0134;53066001;STIMMBEZIRK;01053535806634;208;189;19;0;120;120;0;0;3;117;50;20;23;9;9;4;;2;;;;;;;;;;1;119;49;16;26;13;10;2;2;1;0;0;0;0;0;0;0;0;
0134;53078001;STIMMBEZIRK;01053535807834;162;128;34;0;88;88;0;0;1;87;38;9;14;13;7;3;;3;;;;;;;;;;0;88;37;6;16;11;7;3;1;0;0;0;0;5;0;0;1;1;
0134;53088001;STIMMBEZIRK;01053535808834;109;95;14;0;85;85;0;0;0;85;29;20;17;10;6;1;;2;;;;;;;;;;0;85;40;14;20;2;4;1;0;0;0;0;0;3;0;0;0;1;
0134;53093001;STIMMBEZIRK;01053535809334;609;484;125;0;305;304;1;0;5;300;135;60;47;26;13;5;;14;;;;;;;;;;3;302;153;35;50;19;14;2;11;0;4;5;0;6;0;0;3;0;
0134;53098001;STIMMBEZIRK;01053535809834;382;311;71;0;205;205;0;0;1;204;90;37;47;10;13;5;;2;;;;;;;;;;1;204;100;28;42;7;8;3;6;1;2;2;1;3;0;0;1;0;
0134;53102001;STIMMBEZIRK;01053535810234;43;28;15;0;18;18;0;0;0;18;12;4;2;0;0;0;;0;;;;;;;;;;0;18;12;4;1;0;0;0;1;0;0;0;0;0;0;0;0;0;
0134;53107001;STIMMBEZIRK;01053535810734;347;285;62;0;191;189;2;0;6;185;74;47;34;14;9;2;;5;;;;;;;;;;3;188;79;35;30;15;6;3;6;1;3;1;0;5;2;0;1;1;
0134;53107002;STIMMBEZIRK;01053535810734;155;100;55;0;54;54;0;0;1;53;27;1;16;2;4;2;;1;;;;;;;;;;0;54;22;0;15;6;2;1;1;1;0;0;1;5;0;0;0;0;
0134;53117001;STIMMBEZIRK;01053535811734;335;263;72;0;170;170;0;0;1;169;92;29;27;13;4;1;;3;;;;;;;;;;1;169;92;28;25;11;3;1;3;1;2;1;0;2;0;0;0;0;
0134;53117002;STIMMBEZIRK;01053535811734;114;92;22;0;67;67;0;0;0;67;38;16;8;4;1;0;;0;;;;;;;;;;0;67;39;13;6;6;2;0;1;0;0;0;0;0;0;0;0;0;
0134;53123001;STIMMBEZIRK;01053535812334;766;674;92;0;374;374;0;0;7;367;163;75;68;27;12;9;;13;;;;;;;;;;4;370;176;61;61;23;8;6;10;2;8;4;2;5;0;0;2;2;
0134;53136001;STIMMBEZIRK;01053535813634;908;753;155;0;411;411;0;0;9;402;197;58;56;49;19;7;;16;;;;;;;;;;2;409;228;36;58;35;14;3;9;1;4;3;0;14;1;1;2;0;
0134;53025001;STIMMBEZIRK;01053539102534;452;389;63;0;297;235;0;62;6;291;113;42;56;42;26;5;;7;;;;;;;;;;2;295;133;40;46;27;27;4;6;1;1;2;0;3;0;0;5;0;
0134;53038001;STIMMBEZIRK;01053539103834;262;221;41;0;137;97;0;40;3;134;55;33;23;12;8;2;;1;;;;;;;;;;0;137;64;22;19;10;9;1;5;0;1;0;1;1;0;0;4;0;
0134;53039001;STIMMBEZIRK;01053539103934;171;135;36;0;121;85;0;36;1;120;45;23;28;8;9;6;;1;;;;;;;;;;0;121;50;20;24;3;7;3;5;1;3;0;1;3;0;0;0;1;
0134;53044001;STIMMBEZIRK;01053539104434;458;399;59;0;297;242;0;55;8;289;99;66;68;24;16;10;;6;;;;;;;;;;3;294;110;50;64;17;15;3;16;1;2;3;1;5;1;0;6;0;
0134;53068001;STIMMBEZIRK;01053539106834;482;433;49;0;322;276;0;46;3;319;109;62;90;24;19;11;;4;;;;;;;;;;1;321;128;65;53;24;16;15;4;2;2;1;0;5;1;0;5;0;
0134;53069001;STIMMBEZIRK;01053539106934;669;585;84;0;386;311;2;73;5;381;169;66;80;33;21;5;;7;;;;;;;;;;2;384;190;52;66;20;24;4;13;1;5;2;0;2;0;1;2;2;
0134;53077001;STIMMBEZIRK;01053539107734;293;257;36;0;180;147;0;33;1;179;60;44;35;29;6;3;;2;;;;;;;;;;1;179;75;40;23;23;7;3;5;0;2;0;0;0;0;1;0;0;
0134;53079001;STIMMBEZIRK;01053539107934;743;645;98;0;483;396;1;86;9;474;165;107;101;59;26;12;;4;;;;;;;;;;1;482;184;104;94;44;23;7;12;3;3;1;2;1;0;0;2;2;
0134;53081001;STIMMBEZIRK;01053539108134;381;305;76;0;248;178;0;70;2;246;94;39;58;36;14;3;;2;;;;;;;;;;0;248;119;34;45;20;12;1;9;0;2;1;0;4;0;0;1;0;
0134;53085001;STIMMBEZIRK;01053539108534;975;843;132;0;626;509;0;117;4;622;322;129;76;47;27;5;;16;;;;;;;;;;6;620;345;90;77;47;22;7;10;0;6;4;1;5;1;0;4;1;
0134;53086001;STIMMBEZIRK;01053539108634;242;214;28;0;131;104;0;27;2;129;57;27;21;11;11;0;;2;;;;;;;;;;1;130;64;23;11;10;11;1;5;1;1;0;0;2;0;1;0;0;
0134;53096001;STIMMBEZIRK;01053539109634;910;798;112;0;489;383;0;106;6;483;142;94;70;136;21;8;;12;;;;;;;;;;0;489;207;75;68;74;20;9;17;0;6;4;0;3;0;0;5;1;
0134;53097001;STIMMBEZIRK;01053539109734;538;468;70;0;300;237;0;63;5;295;97;75;46;41;22;6;;8;;;;;;;;;;2;298;123;56;43;19;21;4;7;1;9;2;0;5;0;1;6;1;
0134;53099001;STIMMBEZIRK;01053539109934;303;276;27;0;190;163;2;25;2;188;58;37;45;25;8;6;;9;;;;;;;;;;1;189;76;37;35;13;8;6;7;0;3;2;0;2;0;0;0;0;
0134;53101001;STIMMBEZIRK;01053539110134;255;222;33;0;165;132;0;33;2;163;56;28;33;24;13;4;;5;;;;;;;;;;2;163;60;21;36;18;12;2;4;2;0;1;0;5;0;0;1;1;
0134;53108001;STIMMBEZIRK;01053539110834;1486;1221;265;0;884;634;0;250;14;870;376;169;164;74;54;11;;22;;;;;;;;;;2;882;421;120;145;72;41;6;29;5;2;3;3;17;3;2;7;6;
0134;53109001;STIMMBEZIRK;01053539110934;550;474;76;0;318;249;0;69;1;317;137;55;59;33;18;3;;12;;;;;;;;;;2;316;151;47;49;19;16;3;9;1;6;1;3;5;1;0;4;1;
0134;53112001;STIMMBEZIRK;01053539111234;1158;971;187;0;723;542;0;181;4;719;319;127;125;74;39;16;;19;;;;;;;;;;0;723;359;95;91;54;41;17;26;3;8;6;0;11;2;0;9;1;
0134;53114001;STIMMBEZIRK;01053539111434;143;129;14;0;107;94;0;13;1;106;45;30;17;7;6;0;;1;;;;;;;;;;0;107;41;27;18;11;6;1;2;0;0;0;0;1;0;0;0;0;
0134;53118001;STIMMBEZIRK;01053539111834;495;417;78;0;333;259;0;74;11;322;115;106;52;20;16;2;;11;;;;;;;;;;3;330;124;78;48;34;15;2;15;0;4;4;0;3;1;0;1;1;
0134;53121001;STIMMBEZIRK;01053539112134;259;215;44;0;162;122;1;39;2;160;58;33;44;12;8;2;;3;;;;;;;;;;2;160;64;29;40;11;7;4;2;1;0;0;0;0;0;0;2;0;
0134;53122001;STIMMBEZIRK;01053539112234;468;394;74;0;295;224;0;71;2;293;125;62;47;30;14;7;;8;;;;;;;;;;0;295;131;51;44;23;15;3;12;0;1;3;0;3;1;2;5;1;
0134;53124001;STIMMBEZIRK;01053539112434;326;266;60;0;212;162;0;50;4;208;78;51;41;13;12;4;;9;;;;;;;;;;3;209;94;39;32;14;12;1;5;0;2;3;0;5;0;1;1;0;
0134;53127001;STIMMBEZIRK;01053539112734;162;127;35;0;117;85;0;32;0;117;40;22;26;20;8;0;;1;;;;;;;;;;2;115;45;15;21;12;10;0;2;2;1;1;0;4;0;0;2;0;
0134;53130001;STIMMBEZIRK;01053539113034;622;481;141;0;394;260;0;134;17;377;128;99;79;40;11;10;;10;;;;;;;;;;8;386;154;82;68;31;9;12;13;1;7;0;0;3;0;2;3;1;
0135;53003001;STIMMBEZIRK;01053532300335;885;588;297;0;611;352;0;259;6;605;248;87;209;29;21;4;;7;;;;;;;;;;3;608;260;89;150;54;19;8;7;0;3;3;0;6;1;1;7;0;
0135;53003002;STIMMBEZIRK;01053532300335;838;558;280;0;570;328;0;242;10;560;257;73;157;39;19;11;;4;;;;;;;;;;3;567;283;67;112;45;20;9;8;1;2;3;1;6;3;0;5;2;
0135;53003003;STIMMBEZIRK;01053532300335;819;580;239;0;617;416;0;201;2;615;248;64;209;47;23;15;;9;;;;;;;;;;1;616;272;49;175;52;21;13;9;4;4;2;0;8;1;1;3;2;
0135;53012001;STIMMBEZIRK;01053532301235;1501;1216;285;0;925;685;0;240;7;918;346;241;192;54;54;12;;19;;;;;;;;;;3;922;374;184;170;66;49;15;29;3;4;5;0;16;0;0;7;0;
0135;53012002;STIMMBEZIRK;01053532301235;1148;871;277;0;755;523;0;232;11;744;283;189;180;51;22;8;;11;;;;;;;;;;6;749;324;141;175;43;15;11;15;1;3;1;0;12;0;0;7;1;
0135;53012003;STIMMBEZIRK;01053532301235;1043;881;162;0;531;383;2;146;10;521;187;146;87;34;49;11;;7;;;;;;;;;;7;524;208;122;82;24;40;9;16;0;2;7;0;4;0;0;5;5;
0135;53023001;STIMMBEZIRK;01053532302335;1017;780;237;0;671;462;0;209;6;665;284;149;145;37;29;8;;13;;;;;;;;;;4;667;295;110;144;40;29;8;16;0;7;9;0;3;1;0;4;1;
0135;53023002;STIMMBEZIRK;01053532302335;855;675;180;0;505;352;0;153;10;495;238;100;70;32;31;13;;11;;;;;;;;;;2;503;246;80;71;28;30;10;10;0;4;8;1;4;1;3;4;3;
0135;53023003;STIMMBEZIRK;01053532302335;873;628;245;0;619;380;15;224;9;610;275;138;101;46;25;13;;12;;;;;;;;;;4;615;287;102;93;60;20;10;10;1;4;12;1;7;1;0;4;3;
0135;53028001;STIMMBEZIRK;01053532302835;919;749;170;0;451;321;2;128;6;445;177;91;100;25;30;11;;11;;;;;;;;;;3;448;195;78;84;25;31;9;7;2;2;2;0;5;0;1;4;3;
0135;53028002;STIMMBEZIRK;01053532302835;1006;845;161;0;635;494;0;141;5;630;222;167;139;47;30;11;;14;;;;;;;;;;2;633;250;125;120;45;28;15;20;2;5;2;1;7;3;0;8;2;
0135;53028003;STIMMBEZIRK;01053532302835;875;681;194;0;585;415;0;170;5;580;207;131;151;44;28;7;;12;;;;;;;;;;2;583;230;101;143;39;26;7;15;3;5;1;0;9;1;0;2;1;
0135;53050001;STIMMBEZIRK;01053532305035;685;558;127;0;453;333;0;120;8;445;226;99;50;29;26;5;;10;;;;;;;;;;2;451;246;74;46;23;25;3;16;2;4;1;0;2;1;1;5;2;
0135;53053001;STIMMBEZIRK;01053532305335;421;339;82;0;292;219;0;73;4;288;141;48;52;14;26;4;;3;;;;;;;;;;2;290;147;38;42;17;21;5;9;1;1;1;1;4;0;0;2;1;
0135;53072001;STIMMBEZIRK;01053532307235;1055;809;246;0;713;496;0;217;7;706;335;134;118;39;41;13;;26;;;;;;;;;;6;707;352;106;98;48;39;14;12;6;12;4;0;2;1;0;13;0;
0135;53131001;STIMMBEZIRK;01053532313135;160;136;24;0;105;86;0;19;2;103;56;16;18;8;3;1;;1;;;;;;;;;;2;103;51;15;19;12;3;1;0;0;0;0;1;0;0;0;1;0;
0135;53133001;STIMMBEZIRK;01053532313335;621;443;178;0;453;300;0;153;6;447;178;73;134;32;16;2;;12;;;;;;;;;;0;453;197;59;109;39;12;4;11;0;5;2;2;5;0;1;6;1;
0135;53133002;STIMMBEZIRK;01053532313335;685;491;194;0;456;295;1;160;3;453;204;54;115;54;8;9;;9;;;;;;;;;;2;454;215;51;88;56;6;6;11;0;3;5;0;10;1;0;2;0;
0135;53133003;STIMMBEZIRK;01053532313335;635;449;186;0;484;317;0;167;7;477;211;72;127;41;15;3;;8;;;;;;;;;;5;479;216;61;114;50;16;2;4;0;4;2;1;7;0;0;2;0;
0135;53135001;STIMMBEZIRK;01053532313535;139;120;19;0;96;80;0;16;1;95;69;11;5;7;2;0;;1;;;;;;;;;;1;95;68;8;5;8;4;1;1;0;0;0;0;0;0;0;0;0;
0135;53006001;STIMMBEZIRK;01053534300635;564;452;112;0;228;228;0;0;8;220;74;40;35;15;33;3;;20;;;;;;;;;;4;224;77;34;35;18;29;3;10;1;8;2;1;6;0;0;0;0;
0135;53019001;STIMMBEZIRK;01053534301935;132;110;22;0;69;69;0;0;1;68;24;20;8;6;9;1;;0;;;;;;;;;;0;69;27;18;8;5;7;1;1;0;0;2;0;0;0;0;0;0;
0135;53022001;STIMMBEZIRK;01053534302235;294;235;59;0;146;146;0;0;2;144;67;11;14;12;18;6;;16;;;;;;;;;;2;144;62;13;10;5;18;3;9;1;7;1;1;5;1;0;6;2;
0135;53058001;STIMMBEZIRK;01053534305835;151;127;24;0;77;77;0;0;0;77;32;15;7;13;9;1;;0;;;;;;;;;;0;77;35;13;6;7;8;0;2;0;1;0;0;1;0;0;4;0;
0135;53073001;STIMMBEZIRK;01053534307335;290;246;44;0;156;156;0;0;1;155;79;23;11;15;18;1;;8;;;;;;;;;;1;155;72;21;10;19;18;1;3;0;1;2;0;4;0;0;2;2;
0135;53074001;STIMMBEZIRK;01053534307435;138;110;28;0;82;82;0;0;1;81;38;12;16;4;9;0;;2;;;;;;;;;;0;82;38;7;18;5;10;2;0;1;1;0;0;0;0;0;0;0;
0135;53082001;STIMMBEZIRK;01053534308235;231;201;30;0;118;118;0;0;0;118;64;16;12;7;15;2;;2;;;;;;;;;;0;118;60;14;10;12;15;1;1;0;0;0;0;5;0;0;0;0;
0135;53087001;STIMMBEZIRK;01053534308735;574;503;71;0;306;306;0;0;5;301;160;61;30;15;18;6;;11;;;;;;;;;;5;301;155;42;36;26;17;2;9;2;5;0;0;4;1;0;1;1;
0135;53111001;STIMMBEZIRK;01053534311135;722;575;147;0;327;327;0;0;5;322;158;62;46;17;24;4;;11;;;;;;;;;;2;325;159;52;40;24;24;1;7;0;4;1;0;4;1;0;5;3;
0135;53128001;STIMMBEZIRK;01053534312835;171;147;24;0;103;103;0;0;1;102;48;18;12;10;7;0;;7;;;;;;;;;;1;102;43;13;12;14;7;0;3;0;5;0;1;2;0;0;2;0;
0135;53007001;STIMMBEZIRK;01053537300735;327;248;79;0;164;164;0;0;2;162;77;21;38;14;7;1;;4;;;;;;;;;;1;163;72;18;37;17;6;0;5;0;2;2;0;2;0;0;2;0;
0135;53017001;STIMMBEZIRK;01053537301735;578;460;118;0;220;220;0;0;2;218;100;48;26;13;16;3;;12;;;;;;;;;;0;220;98;41;23;18;14;4;5;0;4;3;0;6;0;0;3;1;
0135;53021001;STIMMBEZIRK;01053537302135;130;107;23;0;89;89;0;0;3;86;49;8;11;8;7;1;;2;;;;;;;;;;2;87;52;4;13;6;7;1;1;0;0;0;0;2;1;0;0;0;
0135;53027001;STIMMBEZIRK;01053537302735;627;530;97;0;287;286;1;0;5;282;132;59;34;18;12;10;;17;;;;;;;;;;1;286;138;49;32;22;13;7;10;0;4;0;0;9;0;0;1;1;
0135;53031001;STIMMBEZIRK;01053537303135;302;256;46;0;192;186;6;0;0;192;105;35;33;10;6;0;;3;;;;;;;;;;1;191;100;23;37;11;7;0;4;0;1;1;0;3;0;0;4;0;
0135;53036001;STIMMBEZIRK;01053537303635;285;237;48;0;152;152;0;0;0;152;82;24;23;10;4;4;;5;;;;;;;;;;0;152;82;15;27;13;1;3;4;0;1;1;0;2;1;1;1;0;
0135;53042001;STIMMBEZIRK;01053537304235;127;111;16;0;82;82;0;0;1;81;52;10;8;4;0;0;;7;;;;;;;;;;1;81;52;6;5;8;1;0;0;0;3;2;0;2;0;1;1;0;
0135;53045001;STIMMBEZIRK;01053537304535;227;190;37;0;130;130;0;0;2;128;59;19;20;6;12;3;;9;;;;;;;;;;1;129;57;18;20;8;13;2;2;0;4;0;0;1;0;0;4;0;
0135;53047001;STIMMBEZIRK;01053537304735;1050;913;137;0;532;523;9;0;9;523;256;117;55;32;43;9;;11;;;;;;;;;;6;526;258;97;52;36;38;6;15;2;4;4;0;9;0;2;2;1;
0135;53049001;STIMMBEZIRK;01053537304935;402;336;66;0;219;214;5;0;5;214;98;39;52;9;11;0;;5;;;;;;;;;;5;214;94;35;45;21;10;1;0;0;1;1;0;4;0;0;2;0;
0135;53052001;STIMMBEZIRK;01053537305235;142;123;19;0;79;79;0;0;1;78;44;16;6;6;5;1;;0;;;;;;;;;;0;79;46;13;6;6;4;0;0;0;1;0;1;0;0;0;1;1;
0135;53059001;STIMMBEZIRK;01053537305935;178;141;37;0;105;105;0;0;0;105;45;15;27;2;7;1;;8;;;;;;;;;;0;105;47;13;19;1;5;1;9;1;2;3;0;3;0;0;1;0;
0135;53060001;STIMMBEZIRK;01053537306035;483;395;88;0;219;217;2;0;2;217;123;27;33;18;11;1;;4;;;;;;;;;;2;217;124;26;30;17;10;1;3;0;2;0;0;1;0;0;2;1;
0135;53070001;STIMMBEZIRK;01053537307035;250;190;60;0;132;131;1;0;3;129;38;34;37;7;5;3;;5;;;;;;;;;;2;130;36;26;39;5;6;2;3;0;4;2;0;4;1;0;1;1;
0135;53071001;STIMMBEZIRK;01053537307135;498;400;98;0;261;261;0;0;4;257;106;51;61;11;7;6;;15;;;;;;;;;;4;257;111;48;52;14;6;4;7;2;4;3;1;2;0;0;1;2;
0135;53076001;STIMMBEZIRK;01053537307635;1206;889;317;0;517;511;6;0;5;512;254;79;102;44;17;9;;7;;;;;;;;;;4;513;254;57;100;50;11;2;13;1;2;3;0;15;0;0;5;0;
0135;53089001;STIMMBEZIRK;01053537308935;422;360;62;0;229;228;0;1;7;222;116;32;28;10;19;5;;12;;;;;;;;;;4;225;119;27;28;10;15;1;9;1;2;2;1;10;0;0;0;0;
0135;53091001;STIMMBEZIRK;01053537309135;149;135;14;0;92;92;0;0;1;91;49;18;5;8;10;0;;1;;;;;;;;;;1;91;47;14;5;8;11;0;0;1;1;1;0;1;0;0;2;0;
0135;53106001;STIMMBEZIRK;01053537310635;348;290;58;0;193;192;1;0;2;191;112;26;28;12;4;4;;5;;;;;;;;;;0;193;118;15;32;12;4;1;1;2;1;2;0;3;0;0;0;2;
0101;54002001;STIMMBEZIRK;01054549400201;434;360;74;0;247;247;0;0;4;243;127;28;29;11;15;1;32;;;0;;;;;;;;2;245;144;16;24;12;15;0;27;1;2;0;0;0;1;0;2;1;
0101;54006001;STIMMBEZIRK;01054549400601;453;369;84;0;225;225;0;0;4;221;99;24;29;13;8;4;44;;;0;;;;;;;;4;221;114;21;24;11;8;1;35;0;1;3;0;2;0;0;1;0;
0101;54010001;STIMMBEZIRK;01054549401001;527;459;68;0;301;301;0;0;6;295;140;47;42;19;5;4;38;;;0;;;;;;;;2;299;159;33;36;20;6;0;36;2;2;3;0;0;0;0;1;1;
0101;54012001;STIMMBEZIRK;01054549401201;641;571;70;0;333;333;0;0;10;323;154;39;56;12;14;3;44;;;1;;;;;;;;2;331;158;37;58;17;13;3;33;3;0;4;1;3;0;0;1;0;
0101;54014001;STIMMBEZIRK;01054549401401;668;504;164;0;338;337;1;0;5;333;153;47;62;15;4;3;49;;;0;;;;;;;;4;334;141;40;56;25;6;3;46;3;0;6;1;2;0;1;4;0;
0101;54014002;STIMMBEZIRK;01054549401401;620;488;132;0;277;277;0;0;5;272;126;40;40;12;13;1;39;;;1;;;;;;;;1;276;130;30;41;19;9;2;36;1;0;0;2;6;0;0;0;0;
0101;54014003;STIMMBEZIRK;01054549401401;402;347;55;0;228;228;0;0;2;226;108;33;31;7;18;2;25;;;2;;;;;;;;2;226;115;28;21;9;17;2;26;1;0;1;2;2;1;0;1;0;
0101;54019001;STIMMBEZIRK;01054549401901;1521;1223;298;0;531;531;0;0;11;520;191;94;88;20;25;14;86;;;2;;;;;;;;7;524;213;74;78;20;20;18;77;3;1;5;1;8;1;0;4;1;
0101;54019002;STIMMBEZIRK;01054549401901;1365;1119;246;0;424;424;0;0;12;412;156;74;75;11;21;3;71;;;1;;;;;;;;9;415;146;68;69;20;22;8;66;1;0;2;1;6;0;1;3;2;
0101;54019003;STIMMBEZIRK;01054549401901;1506;1132;374;0;554;554;0;0;11;543;231;104;94;16;27;8;61;;;2;;;;;;;;5;549;250;107;63;25;20;3;58;4;1;3;2;11;0;0;1;1;
0101;54020001;STIMMBEZIRK;01054549402001;1890;1518;372;0;904;904;0;0;10;894;403;148;143;49;32;9;109;;;1;;;;;;;;9;895;435;135;120;52;30;2;94;5;3;5;0;11;1;0;2;0;
0101;54024001;STIMMBEZIRK;01054549402401;1048;888;160;0;537;535;2;0;7;530;255;68;85;23;14;10;73;;;2;;;;;;;;1;536;270;63;73;35;10;6;61;3;0;2;0;8;1;2;2;0;
0101;54037001;STIMMBEZIRK;01054549403701;293;263;30;0;176;176;0;0;3;173;73;37;12;7;12;4;27;;;1;;;;;;;;2;174;76;30;15;7;12;1;26;1;0;1;0;3;0;0;2;0;
0101;54038001;STIMMBEZIRK;01054549403801;348;296;52;0;196;196;0;0;2;194;86;30;30;8;8;4;27;;;1;;;;;;;;0;196;89;26;24;18;8;2;25;2;0;0;1;1;0;0;0;0;
0101;54045001;STIMMBEZIRK;01054549404501;362;314;48;0;185;184;1;0;1;184;99;20;27;4;8;3;23;;;0;;;;;;;;1;184;92;16;21;6;7;3;29;1;0;3;0;2;0;0;3;1;
0101;54059001;STIMMBEZIRK;01054549405901;614;544;70;0;334;334;0;0;4;330;157;50;46;11;13;3;49;;;1;;;;;;;;1;333;166;46;39;10;12;2;46;1;1;1;3;3;0;0;3;0;
0101;54071001;STIMMBEZIRK;01054549407101;47;43;4;0;29;29;0;0;2;27;19;0;1;3;2;0;2;;;0;;;;;;;;0;29;18;1;0;5;1;0;2;0;0;1;0;1;0;0;0;0;
0101;54075001;STIMMBEZIRK;01054549407501;955;763;192;0;404;404;0;0;4;400;185;61;48;16;10;8;72;;;0;;;;;;;;1;403;195;47;52;24;14;1;56;1;1;2;2;7;0;0;1;0;
0101;54075002;STIMMBEZIRK;01054549407501;1008;827;181;0;443;443;0;0;12;431;190;72;56;17;21;11;61;;;3;;;;;;;;5;438;185;59;55;27;20;8;66;2;0;1;2;10;0;0;3;0;
0101;54075003;STIMMBEZIRK;01054549407501;807;660;147;0;391;390;1;0;4;387;199;47;58;13;15;1;53;;;1;;;;;;;;2;389;206;36;53;19;11;1;54;2;0;0;1;2;2;0;1;1;
0101;54080001;STIMMBEZIRK;01054549408001;277;243;34;0;177;177;0;0;2;175;74;21;25;9;11;7;28;;;0;;;;;;;;1;176;79;18;28;8;8;3;23;1;1;1;0;6;0;0;0;0;
0101;54093001;STIMMBEZIRK;01054549409301;251;210;41;0;147;147;0;0;1;146;64;23;23;10;5;3;18;;;0;;;;;;;;0;147;71;19;17;10;3;2;21;0;0;0;0;3;0;0;1;0;
0101;54121001;STIMMBEZIRK;01054549412101;217;190;27;0;121;121;0;0;3;118;62;16;14;6;3;0;17;;;0;;;;;;;;0;121;65;14;16;8;2;0;15;0;1;0;0;0;0;0;0;0;
0101;54128001;STIMMBEZIRK;01054549412801;829;668;161;0;397;397;0;0;9;388;155;76;59;23;13;4;56;;;2;;;;;;;;2;395;172;61;54;25;13;3;53;4;1;0;0;4;0;2;3;0;
0101;54146001;STIMMBEZIRK;01054549414601;145;127;18;0;85;85;0;0;0;85;35;13;17;1;2;3;13;;;1;;;;;;;;0;85;35;8;17;4;3;6;8;2;0;0;1;1;0;0;0;0;
0101;54046001;STIMMBEZIRK;01054543904601;693;502;191;0;230;230;0;0;3;227;111;29;33;12;6;7;29;;;0;;;;;;;;1;229;104;27;33;13;8;4;27;2;4;2;1;0;1;0;3;0;
0101;54061001;STIMMBEZIRK;01054543906101;415;278;137;0;126;125;1;0;1;125;77;9;23;9;1;2;4;;;0;;;;;;;;0;126;79;11;11;9;2;1;9;0;1;0;1;1;0;0;1;0;
0101;54078001;STIMMBEZIRK;01054543907801;1044;764;280;0;350;350;0;0;7;343;153;48;64;14;10;7;45;;;2;;;;;;;;3;347;147;53;56;21;13;2;40;0;2;3;1;8;0;0;0;1;
0101;54149001;STIMMBEZIRK;01054543914901;1139;761;378;0;342;341;1;0;6;336;153;46;60;14;9;4;37;;;13;;;;;;;;2;340;142;37;65;22;11;6;40;0;1;2;7;2;0;0;5;0;
0102;54035001;STIMMBEZIRK;01054541703502;296;205;91;0;189;100;0;89;2;187;74;16;44;14;4;2;33;;;;;;;;;;;1;188;80;15;36;18;4;2;29;0;0;1;0;1;1;0;1;0;
0102;54036001;STIMMBEZIRK;01054541703602;1020;817;203;0;424;422;2;0;7;417;186;69;52;26;6;14;64;;;;;;;;;;;2;422;184;59;56;34;8;8;58;2;0;4;2;1;2;1;2;1;
0102;54036002;STIMMBEZIRK;01054541703602;1206;911;295;0;386;385;1;0;2;384;172;62;54;13;14;7;62;;;;;;;;;;;1;385;189;49;54;22;11;3;45;0;2;3;0;0;0;0;4;3;
0102;54917002;BRIEFWAHLBEZIRK;01054541703602;0;0;0;0;457;0;0;0;5;452;191;75;70;29;10;10;67;;;;;;;;;;;0;457;234;63;55;27;10;4;52;1;0;3;2;1;0;0;4;1;
0102;54040001;STIMMBEZIRK;01054541704002;20;13;7;0;18;11;0;7;2;16;6;3;4;1;1;0;1;;;;;;;;;;;2;16;4;4;4;2;1;0;0;0;0;0;0;0;0;0;0;1;
0102;54063001;STIMMBEZIRK;01054541706302;146;113;33;0;113;84;0;29;0;113;50;11;25;3;3;2;19;;;;;;;;;;;1;112;48;11;20;12;3;1;13;0;0;1;0;2;0;0;1;0;
0102;54072001;STIMMBEZIRK;01054541707202;157;119;38;0;107;72;0;35;5;102;35;28;16;5;1;3;14;;;;;;;;;;;2;105;50;20;15;5;1;1;8;0;0;3;0;0;0;0;1;1;
0102;54090001;STIMMBEZIRK;01054541709002;30;26;4;0;30;26;0;4;0;30;16;1;1;3;6;0;3;;;;;;;;;;;0;30;19;1;1;3;5;0;0;0;1;0;0;0;0;0;0;0;
0102;54095001;STIMMBEZIRK;01054541709502;1069;856;213;0;696;503;0;193;3;693;279;134;88;38;29;17;108;;;;;;;;;;;2;694;314;124;70;48;25;12;79;2;5;3;0;4;5;1;1;1;
0102;54100001;STIMMBEZIRK;01054541710002;191;142;49;0;128;82;1;45;2;126;47;14;19;17;3;4;22;;;;;;;;;;;1;127;59;12;16;21;4;2;9;1;0;0;0;3;0;0;0;0;
0102;54104001;STIMMBEZIRK;01054541710402;193;127;66;0;136;73;0;63;2;134;40;19;34;17;3;5;16;;;;;;;;;;;0;136;48;16;27;18;5;2;14;4;0;0;0;2;0;0;0;0;
0102;54113001;STIMMBEZIRK;01054541711302;998;686;312;0;383;383;0;0;2;381;167;59;91;20;11;5;28;;;;;;;;;;;1;382;182;54;85;22;10;3;18;1;0;2;1;2;0;0;2;0;
0102;54113002;STIMMBEZIRK;01054541711302;1020;752;268;0;375;375;0;0;2;373;150;53;76;30;17;6;41;;;;;;;;;;;3;372;173;42;70;31;14;3;26;0;0;0;0;7;1;0;4;1;
0102;54113003;STIMMBEZIRK;01054541711302;969;680;289;0;384;383;1;0;7;377;159;66;82;16;13;7;34;;;;;;;;;;;6;378;172;57;72;27;12;3;22;4;0;3;1;1;2;0;2;0;
0102;54917001;BRIEFWAHLBEZIRK;01054541711302;0;0;0;0;803;0;0;0;7;796;366;110;159;54;10;21;76;;;;;;;;;;;4;799;413;99;132;61;11;6;55;2;0;2;2;6;0;1;8;1;
0102;54134001;STIMMBEZIRK;01054541713402;759;567;192;0;505;322;0;183;4;501;237;60;85;37;13;8;61;;;;;;;;;;;3;502;250;60;74;47;15;5;42;2;0;3;0;0;0;1;3;0;
0102;54135001;STIMMBEZIRK;01054541713502;543;395;148;0;378;236;8;134;7;371;150;48;101;19;9;5;39;;;;;;;;;;;2;376;177;38;83;26;9;4;33;1;0;1;0;0;0;0;4;0;
0102;54140001;STIMMBEZIRK;01054541714002;91;61;30;0;63;37;0;26;0;63;30;7;8;8;2;2;6;;;;;;;;;;;0;63;40;4;4;4;4;1;2;0;1;0;0;0;3;0;0;0;
0102;54145001;STIMMBEZIRK;01054541714502;183;138;45;0;137;96;0;41;1;136;69;18;17;9;5;2;16;;;;;;;;;;;1;136;78;14;18;5;4;2;9;0;1;2;0;1;0;1;1;0;
0102;54148001;STIMMBEZIRK;01054541714802;167;131;36;0;134;100;0;34;0;134;72;16;20;5;3;3;15;;;;;;;;;;;0;134;74;15;17;9;3;2;9;0;2;0;0;0;0;0;3;0;
0102;54150001;STIMMBEZIRK;01054541715002;88;72;16;0;62;48;0;14;0;62;24;8;11;8;4;2;5;;;;;;;;;;;0;62;21;10;10;10;4;1;5;1;0;0;0;0;0;0;0;0;
0102;54007001;STIMMBEZIRK;01054549200702;286;239;47;0;162;162;0;0;4;158;77;19;15;19;5;2;21;;;;;;;;;;;1;161;99;13;10;13;6;0;15;2;0;1;0;0;1;0;1;0;
0102;54023001;STIMMBEZIRK;01054549202302;535;431;104;0;274;272;2;0;6;268;109;34;35;18;11;2;59;;;;;;;;;;;5;269;121;33;31;13;10;2;50;2;2;1;1;1;0;0;2;0;
0102;54026001;STIMMBEZIRK;01054549202602;50;35;15;0;32;32;0;0;0;32;23;3;3;0;1;1;1;;;;;;;;;;;0;32;21;2;4;0;2;1;2;0;0;0;0;0;0;0;0;0;
0102;54032001;STIMMBEZIRK;01054549203202;77;64;13;0;56;56;0;0;1;55;21;9;7;5;2;1;10;;;;;;;;;;;0;56;20;7;10;5;2;1;10;0;0;0;0;0;0;0;0;1;
0102;54042001;STIMMBEZIRK;01054549204202;1081;831;250;0;460;460;0;0;2;458;175;101;62;16;16;4;84;;;;;;;;;;;0;460;207;82;52;16;17;4;68;1;1;1;2;2;1;1;4;1;
0102;54042002;STIMMBEZIRK;01054549204202;1088;818;270;0;489;488;1;0;3;486;211;80;75;25;22;8;65;;;;;;;;;;;1;488;233;72;60;24;28;8;50;2;0;4;0;3;1;0;3;0;
0102;54043001;STIMMBEZIRK;01054549204302;220;175;45;0;114;114;0;0;0;114;63;5;16;8;3;4;15;;;;;;;;;;;0;114;64;3;20;7;3;3;12;0;0;0;0;2;0;0;0;0;
0102;54052001;STIMMBEZIRK;01054549205202;663;591;72;0;389;389;0;0;4;385;184;51;43;26;17;2;62;;;;;;;;;;;2;387;208;39;47;20;16;6;37;4;3;3;3;0;0;0;1;0;
0102;54054001;STIMMBEZIRK;01054549205402;156;113;43;0;81;81;0;0;1;80;30;8;19;3;5;2;13;;;;;;;;;;;1;80;39;9;16;3;5;1;4;0;0;1;0;1;0;0;1;0;
0102;54070001;STIMMBEZIRK;01054549207002;757;624;133;0;407;407;0;0;10;397;168;51;66;18;8;1;85;;;;;;;;;;;3;404;204;45;67;21;11;0;44;3;2;4;0;3;0;0;0;0;
0102;54084001;STIMMBEZIRK;01054549208402;1031;785;246;0;505;505;0;0;4;501;202;104;59;46;24;2;64;;;;;;;;;;;2;503;226;81;64;45;19;1;50;4;1;3;0;4;1;0;3;1;
0102;54084002;STIMMBEZIRK;01054549208402;1093;809;284;0;417;417;0;0;5;412;158;102;47;28;28;3;46;;;;;;;;;;;5;412;164;85;51;29;25;2;48;0;0;3;0;2;0;0;2;1;
0102;54084003;STIMMBEZIRK;01054549208402;1167;869;298;0;505;504;1;0;6;499;211;107;67;39;20;4;51;;;;;;;;;;;2;503;239;81;78;40;21;1;30;2;0;2;0;7;0;0;2;0;
0102;54091001;STIMMBEZIRK;01054549209102;928;665;263;0;408;408;0;0;9;399;201;74;53;15;19;3;34;;;;;;;;;;;3;405;221;62;45;19;15;4;24;1;2;2;0;8;0;0;2;0;
0102;54091002;STIMMBEZIRK;01054549209102;1012;678;334;0;392;391;1;0;7;385;168;75;50;28;16;8;40;;;;;;;;;;;5;387;189;63;42;35;14;1;32;0;1;0;0;7;0;0;3;0;
0102;54096001;STIMMBEZIRK;01054549209602;584;499;85;0;261;261;0;0;1;260;133;36;19;25;6;4;37;;;;;;;;;;;0;261;141;36;17;20;6;3;27;1;1;1;0;2;0;1;5;0;
0102;54097001;STIMMBEZIRK;01054549209702;361;323;38;0;210;210;0;0;9;201;122;21;19;12;4;3;20;;;;;;;;;;;10;200;112;21;18;12;4;1;23;0;3;2;1;2;0;0;1;0;
0102;54099001;STIMMBEZIRK;01054549209902;1320;1005;315;0;600;600;0;0;5;595;283;80;97;39;19;8;69;;;;;;;;;;;2;598;299;73;89;41;25;3;52;4;5;1;1;1;1;1;2;0;
0102;54105001;STIMMBEZIRK;01054549210502;380;321;59;0;212;212;0;0;2;210;100;44;17;4;12;3;30;;;;;;;;;;;1;211;101;42;13;9;9;3;29;0;0;0;1;2;0;0;2;0;
0102;54106001;STIMMBEZIRK;01054549210602;1560;1207;353;0;666;666;0;0;4;662;313;97;60;45;42;11;94;;;;;;;;;;;3;663;351;75;60;35;43;5;62;4;1;3;0;13;0;4;4;3;
0102;54116001;STIMMBEZIRK;01054549211602;1125;874;251;0;509;509;0;0;7;502;207;78;86;20;28;14;69;;;;;;;;;;;6;503;229;76;65;30;25;11;41;1;2;5;0;14;3;0;1;0;
0102;54119001;STIMMBEZIRK;01054549211902;506;406;100;0;246;246;0;0;1;245;123;34;36;6;4;1;41;;;;;;;;;;;0;246;115;32;32;11;6;1;45;2;0;0;0;0;0;0;2;0;
0102;54120001;STIMMBEZIRK;01054549212002;682;511;171;0;292;292;0;0;3;289;133;38;45;27;14;2;30;;;;;;;;;;;2;290;138;30;45;20;14;1;29;1;1;1;1;5;0;1;2;1;
0102;54130001;STIMMBEZIRK;01054549213002;19;16;3;0;11;11;0;0;0;11;3;4;2;0;0;2;0;;;;;;;;;;;0;11;4;3;1;0;0;1;0;2;0;0;0;0;0;0;0;0;
0102;54132001;STIMMBEZIRK;01054549213202;121;98;23;0;73;73;0;0;1;72;43;7;7;0;5;1;9;;;;;;;;;;;1;72;37;5;10;4;5;0;10;0;0;0;0;1;0;0;0;0;
0102;54141001;STIMMBEZIRK;01054549214102;240;191;49;0;125;124;1;0;5;120;46;13;23;7;10;3;18;;;;;;;;;;;2;123;52;12;17;10;10;4;15;0;0;2;1;0;0;0;0;0;
0102;54156001;STIMMBEZIRK;01054549215602;598;520;78;0;303;303;0;0;2;301;124;40;29;16;36;5;51;;;;;;;;;;;0;303;142;35;22;25;35;4;32;1;1;3;0;2;0;0;1;0;
0102;54157001;STIMMBEZIRK;01054549215702;90;74;16;0;41;41;0;0;0;41;15;4;7;2;4;0;9;;;;;;;;;;;0;41;16;5;4;2;5;0;5;0;2;0;1;0;0;0;0;1;
0102;54159001;STIMMBEZIRK;01054549215902;674;534;140;0;310;310;0;0;1;309;185;36;27;8;13;2;38;;;;;;;;;;;0;310;183;33;28;6;17;4;33;0;0;0;3;1;0;1;1;0;
0102;54161001;STIMMBEZIRK;01054549216102;853;661;192;0;373;373;0;0;4;369;139;73;48;23;16;8;62;;;;;;;;;;;2;371;169;62;53;22;14;6;36;3;1;1;0;2;1;1;0;0;
0102;54162001;STIMMBEZIRK;01054549216202;394;290;104;0;224;224;0;0;4;220;76;45;51;14;5;4;25;;;;;;;;;;;2;222;77;51;41;17;7;4;20;2;1;1;0;0;0;0;1;0;
